is_female,study_hours_per_day,attendance_percentage,assignment_score,midterm_score,final_exam_score,participation_score,sleep_hours,target
0,4.54,69.98,36.47,70.7,53.1,17.96,08.09,52.348
1,5.26,84.8,34.25,27.92,87.17,11.29,4.73,53.948
0,8.69,73.76,72.29,70.92,99.61,76.1,8.73,8.203
0,04.06,45.0,97.63,31.73,88.85,33.55,8.22,66.411
0,8.83,51.13,65.19,78.28,54.23,88.99,8.59,6.560
1,1.79,53.16,33.61,54.26,79.79,58.23,5.43,593.525
0,7.99,55.47,45.49,87.83,67.37,53.07,5.68,65.489
0,8.63,73.92,47.14,95.69,85.06,79.55,6.35,7.846
0,2.64,70.24,53.65,56.28,40.72,76.7,5.12,53.746
1,4.87,52.19,33.05,59.54,74.67,73.38,6.33,60.186
0,2.49,44.05,93.34,69.26,84.16,72.09,04.05,77.053
0,7.36,50.29,66.09,39.78,83.29,56.39,8.39,629.825
0,5.82,99.06,76.97,94.55,97.45,93.38,4.81,9.238
0,6.72,68.11,34.7,57.47,34.09,90.16,6.5,49.066
1,2.77,92.04,33.79,37.51,54.2,39.65,8.64,48.274
0,2.91,90.93,71.05,82.2,63.36,82.42,8.1,7.427
1,1.37,70.69,92.11,41.44,51.68,90.2,7.88,62.959
1,3.9,82.4,66.99,35.76,51.69,65.64,07.03,552.335
1,06.04,51.57,91.45,67.22,42.33,60.0,6.18,61.67
0,8.72,81.3,86.77,75.36,86.91,70.47,6.23,8.178
1,7.0,56.34,35.31,67.72,93.56,24.68,4.43,64.84
0,4.92,89.92,44.14,74.24,35.76,17.86,4.32,50.682
1,9.58,45.02,76.04,33.66,40.84,83.81,8.22,50.800
1,7.47,86.39,61.05,60.7,45.99,61.6,06.04,58.280
1,9.37,46.0,50.35,51.78,65.63,21.03,4.27,52.688
1,5.75,92.87,59.3,98.0,85.38,47.47,7.32,80.277
1,3.33,58.25,61.16,28.72,35.0,36.84,7.42,41.171
1,1.48,79.26,93.74,47.37,74.58,88.79,5.14,734.985
1,7.53,69.25,37.24,95.64,40.45,55.65,06.05,580.055
1,02.09,61.98,49.58,98.76,98.0,61.98,6.87,8.130
0,3.72,78.73,67.63,86.87,92.91,31.18,6.98,78.753
0,5.79,96.85,78.88,30.7,96.47,81.92,6.56,750.925
1,06.08,42.48,74.14,67.1,37.43,93.71,5.82,583.225
1,6.41,95.13,95.91,55.01,64.16,81.32,4.34,730.355
1,2.5,76.54,85.69,85.48,41.57,54.36,4.11,6.614
0,4.42,88.44,69.0,29.13,72.02,85.16,6.3,63.649
1,6.55,63.03,45.03,39.78,46.29,26.92,05.01,4.414
0,9.73,68.31,61.56,61.69,83.94,20.21,8.69,659.655
0,7.55,92.13,78.54,36.82,75.08,49.44,7.2,65.348
0,9.3,64.89,88.66,76.95,70.01,26.34,6.93,70.596
0,7.86,72.08,97.18,86.56,87.77,33.32,06.03,823.355
0,6.33,41.21,72.38,77.84,65.02,62.66,5.65,67.08
1,2.73,49.52,66.88,58.02,48.89,46.35,4.9,54.579
1,7.0,78.5,31.24,90.88,73.45,87.93,4.3,713.185
1,6.61,83.02,35.05,35.33,96.99,30.31,7.17,6.112
1,6.42,74.96,40.93,44.53,72.08,99.71,7.9,620.135
1,5.41,48.6,33.83,61.72,74.07,42.35,8.29,5.721
0,5.76,66.72,58.06,29.6,95.43,56.39,7.62,647.235
1,04.01,61.31,53.58,32.18,66.07,21.91,8.48,502.075
1,5.67,69.74,74.61,54.81,99.75,62.14,8.91,76.725
0,2.78,92.22,67.5,95.79,41.18,96.52,8.81,707.345
1,8.25,86.55,71.72,93.13,67.59,77.45,6.96,77.683
0,2.67,45.04,63.04,59.95,44.9,31.96,5.12,5.101
1,1.76,93.42,49.44,35.66,61.73,49.84,4.53,547.345
0,4.93,68.31,96.7,38.36,41.94,48.29,8.97,55.269
1,6.92,84.63,36.05,53.32,45.58,18.82,5.54,46.837
1,4.94,48.4,95.72,40.76,44.76,89.73,4.17,58.813
0,3.49,80.24,51.79,31.22,52.4,44.33,5.96,48.96
0,06.02,54.18,65.89,75.53,39.42,54.48,7.74,567.235
0,4.12,66.3,37.62,68.61,86.65,36.21,8.45,6.525
0,9.4,41.01,34.97,46.85,45.45,23.72,6.39,41.86
0,9.3,49.1,60.07,83.42,59.16,91.19,5.47,67.604
0,5.52,45.52,81.92,83.2,31.12,13.37,7.89,53.964
0,3.95,54.38,48.86,61.83,37.34,45.99,6.52,4.833
0,7.63,46.0,69.36,32.24,92.74,75.76,4.43,66.567
1,1.33,81.51,49.51,93.89,88.6,37.8,8.44,7.631
1,5.27,41.74,57.2,75.15,88.86,50.14,7.28,7.51
0,04.03,77.06,93.45,43.53,58.79,60.8,4.18,63.935
1,9.28,48.44,89.91,70.78,39.91,99.56,04.05,644.455
1,1.11,96.71,66.12,55.38,37.55,78.25,4.44,577.075
1,5.98,95.99,46.67,72.65,72.39,97.04,8.11,72.136
1,7.67,53.53,43.52,60.54,87.97,72.38,6.41,672.195
0,5.37,76.87,96.79,61.41,93.01,34.21,5.68,7.837
1,1.77,41.68,44.19,80.19,50.21,35.87,5.25,54.214
0,9.75,95.91,86.57,71.03,52.47,84.02,6.53,71.429
1,5.66,71.38,55.83,31.0,37.06,48.49,4.42,43.874
1,6.53,42.59,99.0,29.9,84.21,43.32,07.09,6.533
1,3.13,60.55,55.77,47.88,49.3,95.06,5.9,55.940
0,5.35,44.61,54.61,57.27,63.67,11.19,8.29,53.104
1,4.86,63.58,74.62,45.64,95.02,57.25,7.77,71.674
0,1.67,80.2,97.31,73.86,82.66,79.76,04.09,82.854
1,1.96,68.19,98.33,39.63,33.69,76.26,4.83,55.81
0,8.54,63.02,79.5,77.81,30.57,43.08,6.37,56.662
1,3.16,47.15,82.82,82.99,85.12,58.21,7.29,776.395
0,2.75,54.7,69.44,34.32,68.68,10.5,7.58,53.25
0,5.54,46.01,82.9,73.81,80.42,58.13,08.08,7.359
1,7.92,88.45,90.18,97.11,40.98,63.14,4.25,718.155
0,1.56,48.11,64.03,39.46,91.04,88.73,04.09,68.219
1,6.19,75.72,73.39,93.2,84.13,28.97,7.0,778.925
1,02.07,60.56,67.61,70.45,92.36,84.26,7.62,779.425
1,1.33,53.56,69.37,69.32,53.88,74.63,7.93,62.881
1,1.47,78.37,92.3,28.89,49.3,69.94,4.78,577.685
1,8.51,67.42,54.89,81.12,40.62,45.49,8.84,56.766
1,02.06,64.01,44.57,60.87,95.11,43.07,5.15,68.128
1,1.41,75.57,61.94,79.09,42.38,73.29,5.25,618.795
1,4.94,69.48,44.57,85.69,38.35,99.12,4.77,60.619
1,8.6,58.21,64.89,64.28,43.49,46.48,4.22,547.385
1,3.36,73.54,93.25,44.77,84.0,92.67,08.05,758.635
1,4.8,80.17,73.22,35.62,92.27,62.79,04.03,701.395
0,1.36,41.6,89.88,37.04,86.76,88.13,6.32,7.57
0,05.04,67.95,41.63,90.02,69.43,29.55,4.46,648.815
1,6.2,43.46,93.06,34.27,99.57,78.6,4.22,74.235
1,6.14,51.18,72.13,53.85,34.82,85.14,8.67,537.075
1,3.99,73.63,32.22,50.07,90.7,84.9,8.13,665.595
1,3.84,91.97,74.32,89.91,59.94,80.62,5.97,755.795
1,1.96,92.97,96.6,60.83,61.86,37.38,6.29,692.135
1,4.3,44.2,35.54,99.73,38.93,56.98,8.34,55.784
1,1.9,65.15,70.77,80.28,32.34,36.97,7.98,5.575
1,7.9,74.98,94.08,88.82,52.16,40.87,7.46,7.86
0,9.7,48.82,30.68,32.4,42.24,37.11,6.68,37.613
1,9.73,85.93,74.16,43.98,63.83,35.58,07.04,603.185
0,8.79,84.65,63.24,35.16,40.31,72.41,5.97,51.252
1,6.41,94.2,54.29,59.77,39.65,68.52,6.64,55.95
1,7.31,40.51,73.93,78.87,91.39,28.38,6.7,73.379
0,3.57,53.0,33.69,37.68,94.49,72.24,8.32,6.175
1,6.68,89.63,82.71,34.76,97.5,36.2,05.09,71.94
0,5.1,80.23,30.31,71.1,77.64,28.15,5.23,61.849
1,5.34,93.66,51.49,42.27,83.97,77.25,05.05,67.346
1,7.82,43.43,65.28,60.95,88.5,42.66,6.9,678.775
0,3.54,75.82,56.39,28.83,76.12,61.24,7.48,588.335
1,3.86,74.14,51.52,76.05,53.12,28.01,5.19,5.812
0,9.32,42.14,88.16,65.6,40.95,65.23,7.38,59.101
1,1.51,70.81,95.44,73.56,46.61,28.72,7.14,637.445
0,5.37,76.57,91.16,45.66,88.83,25.02,5.61,708.965
0,9.22,51.48,66.57,45.9,78.73,44.79,5.15,6.197
1,6.49,56.4,91.89,85.1,61.91,81.11,8.41,750.725
1,5.92,78.42,94.46,78.89,32.06,25.89,6.85,6.26
0,3.25,68.1,58.65,68.48,48.63,20.53,7.52,547.335
1,04.09,91.48,49.84,72.11,81.02,12.85,8.63,6.678
1,8.67,60.54,36.88,32.05,65.87,47.44,05.03,49.241
1,06.03,56.0,63.54,89.21,60.49,35.38,5.75,65.32
0,5.63,99.09,96.24,82.74,51.96,36.29,6.17,71.657
0,1.9,94.67,69.26,69.29,72.49,98.37,5.16,75.85
0,1.14,41.74,76.73,93.89,97.65,27.47,8.2,7.991
0,9.67,86.24,37.9,37.65,93.08,51.26,4.42,63.320
0,4.39,46.62,40.05,76.5,32.13,98.77,5.2,529.195
0,6.43,41.65,62.51,97.22,63.67,12.76,4.96,645.325
0,1.72,56.42,96.59,48.25,53.06,72.7,8.77,628.635
0,7.15,56.16,55.25,26.15,65.74,43.4,7.14,50.552
0,9.39,89.16,91.42,80.12,72.43,91.55,7.58,817.355
1,6.18,82.64,38.42,25.52,44.0,92.07,4.54,46.935
0,2.14,98.9,73.19,90.44,84.71,44.85,4.97,8.127
1,6.24,82.69,72.04,29.22,63.25,29.93,08.05,551.125
1,7.9,65.1,90.19,73.96,99.44,48.52,6.84,82.694
1,4.66,81.94,30.23,53.29,31.76,96.88,4.23,483.665
0,8.92,99.97,43.3,40.25,43.28,35.33,6.83,474.005
0,6.84,82.61,45.38,92.37,78.27,98.32,6.38,77.656
0,09.09,85.7,96.5,80.97,78.66,83.75,4.77,8.401
0,6.61,96.3,40.76,50.53,70.75,34.07,6.96,58.583
1,2.18,46.82,32.59,46.31,98.04,81.2,4.87,652.115
0,3.79,82.29,67.41,80.2,59.07,14.48,08.06,6.388
0,2.82,91.05,67.0,87.74,59.19,59.33,07.09,710.895
0,9.18,97.26,89.08,78.69,93.73,42.16,8.36,84.236
0,7.84,52.66,96.42,73.0,67.69,48.42,6.12,7.133
0,07.09,70.24,67.7,42.09,54.76,52.56,6.56,555.085
1,3.71,80.83,95.1,88.96,80.33,55.24,7.8,8.298
0,2.66,54.85,80.76,81.22,73.38,69.08,6.73,74.533
1,7.81,76.03,48.52,63.8,51.45,72.71,6.86,58.535
0,5.27,55.45,94.99,63.37,50.86,97.81,6.77,6.796
1,03.03,60.01,76.72,67.69,57.69,78.65,6.46,66.324
0,6.55,66.49,58.99,87.12,35.01,71.9,08.03,59.670
0,1.36,71.75,77.62,80.67,95.98,45.32,6.43,809.915
1,3.94,66.96,58.09,89.22,42.81,20.6,8.5,576.625
1,5.22,69.59,37.99,63.05,43.57,15.29,08.04,47.098
1,2.33,57.92,80.33,71.85,75.29,52.99,7.46,71.471
0,9.86,49.54,87.69,89.09,80.7,70.14,8.49,8.2
1,2.88,42.84,81.02,42.42,81.58,68.51,6.69,66.497
0,2.17,51.76,46.04,58.3,56.26,95.76,8.11,58.226
0,2.83,74.92,96.96,71.55,91.13,44.42,5.21,81.109
1,7.92,87.17,31.77,93.64,68.08,66.5,4.36,68.959
1,4.83,50.15,53.29,26.19,60.7,89.91,7.43,52.456
0,06.09,46.51,48.21,40.94,86.73,46.37,5.51,595.205
0,1.19,84.96,33.37,42.58,47.05,53.0,7.17,475.825
1,1.31,58.31,58.4,49.5,90.21,93.07,4.39,707.665
1,05.01,97.09,73.62,46.13,67.72,59.52,8.78,656.195
1,8.35,82.86,91.78,69.26,93.0,81.96,6.58,84.703
0,8.97,59.61,99.28,91.42,44.11,94.21,04.05,735.315
0,1.78,57.37,86.57,72.77,95.52,61.4,6.38,808.155
0,5.85,71.42,62.81,43.11,78.15,19.83,7.95,59.817
0,9.22,44.75,80.66,89.78,73.28,83.95,8.33,7.709
0,4.49,47.06,89.05,72.4,59.54,83.6,6.31,69.815
0,8.47,50.55,62.57,41.42,96.94,20.35,4.63,63.888
1,2.2,86.48,84.95,52.12,61.07,59.33,8.53,659.755
0,9.42,70.83,63.79,84.25,64.9,53.84,8.91,690.025
0,7.76,40.63,57.05,80.42,84.7,86.24,4.32,73.847
0,9.47,80.41,66.83,68.24,49.94,34.72,4.39,59.418
1,07.09,65.42,77.31,35.86,50.4,48.36,6.83,5.344
0,4.27,70.65,80.88,85.25,84.27,64.43,6.67,80.491
0,9.44,52.85,54.97,48.07,39.0,56.55,6.94,476.015
1,3.48,73.11,69.99,82.87,87.61,95.95,5.59,82.285
0,3.99,98.75,93.69,73.57,73.76,96.46,4.25,824.675
0,7.31,44.41,98.34,44.81,67.74,17.34,6.9,607.545
0,7.89,57.04,45.91,40.93,46.04,36.81,4.76,4.491
0,9.36,54.58,43.5,34.82,85.05,10.68,5.71,53.698
0,2.84,54.91,77.37,43.15,86.35,47.61,6.91,6.673
1,8.18,62.72,59.03,36.84,63.81,69.59,05.04,5.658
1,7.65,89.09,31.7,71.28,57.24,52.42,6.71,58.345
1,1.57,94.77,54.28,69.91,47.23,16.05,7.57,55.946
0,4.49,52.13,86.47,68.96,82.8,27.64,4.33,7.149
0,3.54,72.58,85.82,73.14,74.76,25.6,7.1,7.143
0,3.74,78.21,64.63,86.11,44.46,56.0,6.55,634.355
1,9.85,71.31,63.08,93.52,85.61,70.99,4.49,801.895
0,6.78,66.04,70.57,42.28,91.75,38.47,7.53,672.475
0,7.46,51.52,45.36,69.08,34.15,21.74,5.55,456.205
1,9.79,69.29,66.82,30.88,84.07,81.87,4.91,656.245
0,4.39,64.07,30.77,34.01,89.7,87.25,5.41,61.183
1,8.22,87.73,63.29,74.08,99.41,34.88,6.73,7.823
1,4.91,85.82,53.52,61.49,46.63,47.87,6.9,55.766
1,8.83,48.04,77.24,81.87,55.97,17.37,4.85,62.046
0,2.63,45.31,74.68,56.93,97.63,30.49,8.68,7.91
0,9.53,94.49,56.66,34.57,36.58,79.03,5.64,5.12
0,2.97,72.13,30.51,90.4,66.66,42.87,5.34,63.533
0,3.94,91.47,47.66,31.22,65.47,64.42,4.93,5.584
0,7.81,43.49,74.33,39.17,72.46,95.16,4.6,6.388
0,4.54,71.59,35.07,45.77,53.16,75.13,8.91,517.345
0,6.47,72.37,37.53,99.65,94.81,50.81,7.37,77.92
1,5.0,91.64,75.29,56.26,48.9,43.02,7.94,59.704
0,7.68,45.86,82.9,62.63,75.48,27.15,06.01,659.565
1,03.05,54.43,52.51,82.73,64.71,78.05,06.07,67.081
0,1.53,64.39,64.28,72.73,48.67,20.12,8.93,56.524
0,3.7,91.95,96.2,88.11,43.22,15.53,5.0,6.714
0,5.27,96.33,96.19,61.48,96.96,19.43,5.63,8.11
1,2.51,99.56,51.53,97.91,69.29,31.86,4.98,72.177
1,4.19,97.55,86.7,84.76,72.29,66.44,5.41,802.305
1,4.6,40.36,71.58,55.1,84.8,87.52,7.32,70.559
1,1.52,42.86,98.28,53.6,35.69,99.34,5.54,597.675
0,6.25,48.86,63.43,94.71,79.96,75.83,8.38,768.185
1,8.96,60.93,84.23,76.33,41.56,23.14,4.24,588.815
0,2.37,89.8,83.77,71.61,81.83,34.99,5.77,75.776
0,6.38,93.56,64.82,81.84,39.89,21.88,8.3,58.929
1,6.98,51.21,85.69,67.06,88.27,20.4,7.11,719.585
1,4.77,77.18,48.27,36.94,77.67,61.1,7.85,59.901
1,7.31,95.04,38.56,48.94,57.01,91.61,5.62,585.655
1,4.7,67.82,59.76,66.85,55.12,71.59,5.85,61.897
1,5.54,46.21,96.05,26.36,40.43,82.06,8.44,527.775
1,01.07,67.47,65.05,57.8,93.28,55.73,7.75,72.428
1,7.23,62.55,74.47,81.69,38.3,52.78,5.92,6.25
1,6.95,74.66,73.69,37.32,63.05,94.37,05.08,6.303
0,1.35,66.32,39.28,29.84,46.56,74.98,4.53,45.742
1,4.31,41.04,57.32,87.7,99.74,51.34,8.31,77.536
1,9.81,99.64,79.49,71.3,71.01,39.93,7.49,725.335
0,4.79,72.61,98.04,38.24,40.47,18.38,07.04,5.243
1,5.52,68.42,41.76,85.47,76.73,83.89,7.88,71.806
0,9.19,97.28,58.73,74.36,99.41,25.24,8.57,7.738
0,7.46,49.35,36.66,50.06,72.35,56.35,7.81,557.395
1,6.24,51.35,46.97,53.21,62.02,67.36,6.1,56.274
0,8.18,88.48,56.37,36.69,50.53,76.97,4.88,54.677
0,8.78,55.65,67.85,87.64,36.45,17.5,7.57,555.525
0,5.11,87.95,46.14,63.18,45.98,10.96,5.23,51.7
0,5.28,56.29,45.93,66.78,68.75,73.54,7.91,629.265
1,4.47,41.99,84.45,91.26,82.76,50.9,5.69,77.96
0,9.7,71.02,97.38,26.19,91.46,26.3,4.78,677.665
1,7.27,51.8,52.65,30.02,85.56,98.38,5.27,62.998
0,1.75,85.47,78.16,37.12,38.78,81.22,5.33,55.153
0,8.77,78.47,48.07,27.25,84.14,62.07,5.89,59.929
0,5.33,95.42,94.96,74.36,70.71,73.19,5.29,791.915
0,1.62,86.98,77.1,72.54,62.84,23.95,5.13,66.642
1,5.95,50.85,86.19,40.81,70.09,96.6,5.96,6.671
1,4.75,88.01,33.45,36.21,30.57,99.67,8.34,45.21
0,8.9,78.5,71.9,35.93,34.74,68.36,4.35,502.075
0,2.84,80.14,66.93,96.49,66.81,70.15,5.48,7.592
1,8.44,89.94,50.51,77.01,42.15,73.4,6.81,60.441
0,06.02,74.43,48.37,68.91,68.19,69.92,8.37,65.203
0,1.49,67.96,70.6,49.19,54.79,49.47,5.42,57.336
0,9.75,78.2,79.45,57.48,93.52,58.66,5.74,76.678
1,5.61,57.88,32.32,31.71,96.48,35.45,7.99,5.749
1,3.62,50.96,69.72,99.86,98.58,50.22,5.86,8.353
1,5.22,77.0,41.93,81.63,92.93,49.25,8.26,73.944
0,8.72,54.03,39.83,71.61,99.01,35.93,6.28,6.951
0,3.74,44.79,73.62,69.08,79.43,80.8,6.85,723.535
1,2.73,40.03,51.76,62.82,97.24,46.87,6.8,68.781
1,2.16,76.5,60.86,44.31,74.93,59.65,4.6,63.89
1,3.68,61.73,55.2,41.98,86.64,24.05,5.77,60.437
1,08.02,85.14,75.38,66.21,39.23,52.75,5.21,59.147
0,5.24,62.51,62.91,30.27,77.78,78.53,7.42,614.765
1,03.05,69.16,97.44,30.59,95.18,50.01,8.67,723.655
0,2.5,64.43,54.67,67.06,67.8,60.2,05.06,6.389
1,3.99,79.03,81.82,93.99,43.08,73.15,4.46,701.575
0,9.46,61.37,48.01,93.57,66.88,45.01,6.53,6.704
1,04.09,97.83,65.61,25.81,79.49,41.8,5.95,61.359
1,9.89,96.17,68.68,33.05,83.89,17.72,4.18,62.748
1,5.37,90.88,53.04,68.73,66.66,62.4,8.61,664.495
1,2.61,95.22,63.02,88.64,45.22,73.63,8.7,67.476
0,09.02,66.95,49.55,96.58,94.87,62.31,8.25,8.18
1,5.14,72.19,30.42,89.54,84.15,35.52,5.4,686.925
0,7.39,84.53,45.1,75.82,48.95,33.61,4.61,569.215
0,9.85,81.77,79.0,40.04,86.83,24.35,6.96,668.125
0,1.45,93.44,83.97,30.45,54.35,14.23,5.41,54.196
0,1.87,82.98,49.61,28.56,51.87,48.42,05.01,483.565
1,7.48,99.87,58.56,70.91,90.42,24.45,7.21,735.185
0,3.54,60.91,32.62,27.71,91.13,72.17,7.75,58.654
0,2.66,89.98,46.59,80.44,57.89,96.56,6.64,6.834
0,1.35,81.86,84.55,78.44,30.62,16.61,5.6,57.83
1,1.2,81.48,72.42,30.97,43.06,90.37,6.56,544.825
1,7.97,59.55,44.4,93.0,93.65,69.19,7.0,777.815
1,2.21,87.14,48.02,64.14,92.91,87.43,4.26,7.561
1,5.21,94.02,87.18,92.83,61.73,23.95,6.22,74.046
0,6.45,53.11,44.64,92.62,51.29,91.58,6.99,645.035
0,4.86,77.53,53.39,39.78,51.19,96.21,4.65,55.913
1,1.24,63.53,76.51,53.54,92.8,91.6,6.24,7.667
0,08.05,99.37,69.28,35.1,52.73,80.69,5.73,590.925
0,01.09,68.73,62.26,83.12,65.81,18.13,8.34,6.495
0,7.86,53.7,92.98,62.81,81.17,29.87,6.45,71.065
1,09.04,62.91,45.38,94.66,44.66,92.18,6.13,63.881
1,4.9,79.23,81.9,40.62,47.77,30.65,5.22,5.424
0,5.82,44.57,41.13,76.63,55.06,41.29,8.79,552.405
1,5.29,76.22,73.1,99.19,75.8,14.54,8.81,7.502
1,4.5,95.87,90.94,74.9,87.22,66.53,5.83,83.68
1,8.99,91.02,62.05,30.16,68.27,60.7,8.65,5.901
1,09.05,44.06,80.7,69.13,39.31,96.56,07.09,61.242
1,04.02,99.6,87.43,38.49,61.24,90.31,7.91,675.335
0,6.54,81.92,39.52,27.29,38.94,55.53,4.45,42.100
1,9.34,49.74,79.41,50.12,36.18,64.84,4.11,52.533
0,9.66,40.74,94.39,44.96,71.27,47.19,6.57,638.555
0,5.58,50.28,70.35,84.16,96.93,21.92,4.38,762.555
1,05.08,90.29,43.03,53.03,88.63,88.1,8.46,70.723
0,3.51,41.3,38.89,79.97,84.21,59.46,8.1,67.32
0,9.63,53.99,48.18,26.22,80.89,48.29,7.57,547.305
0,2.29,85.44,37.25,26.11,92.8,16.16,4.16,5.661
1,6.22,75.17,65.94,27.2,82.7,69.88,6.29,63.438
1,3.54,86.96,34.88,41.45,73.88,45.97,4.39,564.895
0,3.51,84.77,45.64,53.05,55.53,32.83,8.64,53.586
1,4.64,43.04,60.79,70.59,37.07,88.91,07.06,55.975
1,9.99,93.55,63.17,98.94,62.27,26.53,4.78,711.715
1,1.49,53.62,69.58,51.58,94.73,56.35,6.8,709.635
1,6.21,73.2,79.39,29.17,70.82,81.62,4.59,63.439
0,1.74,78.66,33.31,39.62,42.92,86.42,4.73,48.097
0,2.39,50.12,35.64,92.34,75.43,83.68,4.4,699.935
1,4.96,98.57,34.26,77.45,62.58,90.7,8.36,670.445
1,5.59,69.29,59.62,84.27,95.2,22.81,6.73,755.215
0,3.33,43.46,32.93,34.31,41.27,94.64,5.64,43.418
0,3.85,96.24,82.23,35.12,79.84,10.97,4.0,63.891
1,1.78,75.18,45.61,33.42,77.71,33.03,6.36,554.965
0,3.73,81.95,95.74,89.29,98.85,17.56,6.56,86.019
1,9.7,71.51,64.05,40.75,69.54,95.1,5.68,639.975
1,9.5,90.08,61.24,73.24,91.01,48.15,6.42,762.345
0,04.01,41.99,84.64,63.71,31.73,38.37,4.5,51.997
0,6.14,56.1,79.92,65.83,38.6,25.04,8.61,540.655
1,9.19,68.18,72.51,39.66,54.22,24.02,5.29,52.614
1,01.06,44.6,95.46,72.64,73.35,65.25,8.74,739.095
0,8.3,82.35,59.56,28.23,61.44,14.24,6.46,501.325
1,9.54,63.62,86.6,99.51,44.19,63.49,8.28,70.375
0,1.82,56.36,56.61,27.01,71.24,79.72,6.89,566.165
1,2.45,40.2,88.68,28.76,69.67,64.09,8.22,5.973
0,9.65,83.19,48.16,49.35,66.71,84.39,04.05,62.076
0,5.84,90.03,50.25,87.37,36.34,33.87,4.93,5.700
0,1.13,63.7,77.45,44.29,94.89,16.95,5.77,67.839
1,3.32,73.85,44.89,60.4,71.46,74.89,5.48,63.963
1,05.05,53.66,46.04,26.35,48.48,84.53,8.73,46.582
0,7.24,77.33,51.37,30.92,78.12,55.15,5.97,5.859
1,7.6,40.73,77.53,70.6,52.25,83.86,8.86,639.025
0,9.96,69.32,92.26,39.58,65.41,51.21,7.26,632.935
0,3.59,78.65,77.22,77.07,53.88,27.87,8.18,642.215
1,5.84,95.09,87.95,83.9,91.63,52.7,5.97,8.541
1,5.8,62.88,68.05,88.78,99.58,29.44,4.95,7.988
0,4.65,85.91,34.82,35.03,41.28,52.48,4.25,440.085
1,2.52,75.86,37.03,59.16,31.65,23.28,7.28,431.875
1,9.8,95.62,68.81,96.03,45.35,26.7,8.86,65.874
0,8.68,63.9,52.95,82.91,71.3,89.46,4.59,716.085
0,5.48,59.15,45.44,33.77,42.18,20.43,7.86,4.25
1,6.43,93.23,62.64,62.69,86.8,30.18,5.82,709.215
0,03.05,42.95,76.65,94.18,58.61,99.6,8.97,736.435
0,5.89,48.18,56.95,58.0,72.74,61.84,8.35,62.351
1,7.25,44.94,86.18,87.81,61.89,62.72,5.15,7.161
0,5.64,90.59,81.7,62.19,93.23,86.05,7.83,82.182
0,9.91,40.64,81.44,33.01,32.46,57.19,7.67,456.845
1,6.5,91.7,98.96,36.09,81.05,29.96,7.82,69.348
1,4.34,67.08,50.67,28.5,75.65,48.02,4.41,552.465
0,7.95,40.24,75.13,39.65,75.47,77.95,08.05,63.172
0,2.53,64.1,89.88,92.02,58.98,88.52,5.31,76.886
1,4.46,51.21,70.57,73.76,31.1,34.59,6.95,52.19
1,4.12,77.46,85.27,80.41,78.25,33.58,4.58,75.648
1,4.89,80.76,59.01,71.62,88.06,39.48,6.79,7.255
1,08.04,69.25,71.33,53.99,35.97,63.66,8.53,53.644
0,5.36,42.43,33.9,41.26,60.91,35.07,4.89,461.635
1,8.15,79.37,99.0,94.42,41.38,90.38,8.28,74.863
1,6.19,90.52,86.0,63.61,72.77,98.02,6.18,7.742
0,04.08,83.22,90.82,61.08,84.99,71.12,5.61,7.861
1,8.29,89.8,78.6,99.71,76.67,97.33,4.29,8.619
0,3.14,52.03,43.02,53.79,52.26,35.91,6.64,49.136
1,03.02,93.33,32.17,89.06,39.78,83.37,5.0,60.292
1,5.54,59.33,90.53,89.68,85.6,71.06,8.7,83.525
1,3.35,40.8,57.74,42.45,52.67,33.69,5.19,48.044
0,01.08,90.6,48.47,32.11,31.55,38.66,6.93,41.69
0,6.83,96.51,69.32,98.17,70.0,53.98,6.79,779.555
1,5.6,79.33,59.46,56.94,47.27,81.25,5.68,587.295
0,05.01,53.89,75.62,25.17,88.88,88.5,8.26,6.676
0,9.7,55.1,63.87,62.43,40.03,67.06,4.92,54.608
0,6.14,68.0,78.81,71.45,60.44,74.94,08.09,6.907
0,8.77,93.87,89.74,83.21,47.72,33.75,05.04,682.145
0,2.26,48.98,43.69,95.72,78.27,76.7,4.2,726.305
0,6.12,89.56,53.06,93.64,68.4,64.45,8.72,7.336
1,8.81,57.48,60.58,95.51,85.37,30.06,7.19,74.627
1,6.25,88.52,97.34,27.41,62.1,95.52,7.15,664.595
0,7.46,95.22,55.57,78.38,30.34,56.16,5.33,56.466
1,4.35,65.65,56.68,41.94,45.06,81.5,4.7,52.307
1,1.83,61.9,75.74,39.07,99.94,57.31,7.53,718.155
1,5.12,88.13,59.34,85.02,58.37,93.96,6.59,717.615
1,4.55,71.77,96.59,56.28,73.42,22.72,5.59,68.534
0,8.8,81.07,92.61,93.75,93.35,59.15,5.58,8.865
1,3.2,77.37,65.94,28.18,31.44,12.26,8.45,40.2
1,9.7,49.17,75.13,85.16,76.17,27.77,8.45,706.695
0,9.62,90.69,34.06,35.26,50.19,35.29,5.37,457.915
0,3.23,51.75,78.7,38.24,49.55,52.53,7.97,53.70
1,4.13,95.94,79.5,60.8,45.74,83.82,5.13,65.085
1,09.06,55.03,55.14,54.67,87.59,52.0,08.04,66.055
1,9.7,84.03,45.38,61.46,56.11,60.51,4.63,585.335
1,4.99,57.08,94.06,95.5,34.7,93.16,7.79,69.856
1,3.89,59.07,59.87,74.3,36.78,78.09,6.78,5.713
1,5.73,58.6,75.76,46.77,40.4,14.52,4.59,482.965
0,7.19,84.87,32.33,37.97,92.92,25.88,07.08,595.555
1,3.46,73.41,58.98,56.5,59.92,13.44,4.96,55.578
1,7.63,92.98,87.21,58.87,94.12,16.22,4.97,760.215
0,1.46,58.44,57.13,70.1,87.22,40.5,6.24,6.937
0,1.44,81.52,72.22,44.95,88.65,75.51,8.82,72.412
0,4.48,85.18,44.69,82.56,50.08,31.99,8.46,58.823
0,4.18,49.09,59.16,32.38,48.99,45.31,8.13,4.651
1,3.84,64.04,94.93,67.03,69.2,45.45,8.26,709.125
1,5.42,68.97,69.65,71.76,59.25,63.13,6.49,6.581
1,3.89,61.34,93.14,40.51,65.63,90.36,5.87,66.896
1,2.73,59.33,93.14,86.95,33.72,98.49,8.42,679.495
1,3.79,81.19,96.09,71.16,98.01,64.41,4.4,858.715
1,9.77,52.95,92.68,73.43,34.07,55.46,8.98,59.659
0,4.7,82.56,30.23,62.33,42.52,71.37,6.76,519.035
1,5.0,96.1,95.38,93.22,77.47,70.12,6.7,8.611
0,6.19,73.91,39.62,77.04,40.89,57.16,5.46,546.025
0,9.85,76.69,32.79,53.64,37.48,76.33,4.85,48.388
1,3.17,44.14,33.88,42.9,40.75,54.21,7.4,415.985
0,7.13,91.87,54.42,30.33,34.33,99.68,5.81,49.637
1,7.44,57.13,73.46,37.4,47.59,14.41,5.51,47.852
0,6.47,76.9,58.16,99.45,48.98,49.89,4.81,663.165
1,1.8,98.75,31.79,55.51,64.9,45.73,6.68,57.398
0,07.09,75.73,63.35,92.4,60.71,79.33,6.94,7.252
1,1.58,83.48,60.95,37.79,63.16,27.17,6.22,54.808
1,6.37,66.72,82.98,56.9,73.12,49.07,04.06,6.799
1,7.66,43.62,49.57,97.04,46.17,72.82,6.46,6.197
1,2.9,87.86,45.23,31.83,39.43,64.29,5.36,46.019
1,8.57,42.1,47.92,69.55,91.52,59.06,4.69,6.911
0,1.27,82.04,51.26,93.94,74.38,49.15,6.89,7.288
0,8.59,41.38,71.94,96.23,34.25,77.68,7.36,62.339
0,5.14,91.74,63.01,88.45,97.27,68.18,6.59,84.751
1,2.96,49.46,53.58,89.2,78.51,88.72,07.07,743.125
0,2.2,70.86,56.2,73.91,40.62,75.97,07.03,586.175
1,9.58,75.83,55.96,41.53,97.84,22.64,4.62,6.566
1,1.65,67.45,98.07,79.8,55.58,65.76,05.08,72.338
0,2.79,60.45,46.31,98.38,98.92,14.01,04.05,75.925
0,4.13,68.07,87.26,64.45,37.23,44.86,8.91,57.888
1,6.58,58.68,79.57,44.55,41.2,47.07,05.06,520.465
0,5.9,66.29,30.39,68.01,76.02,86.94,08.07,6.501
1,2.13,61.53,99.52,76.8,31.55,26.23,7.91,589.225
1,3.61,73.97,82.95,40.62,31.31,67.92,7.53,518.925
1,3.15,54.28,77.77,78.94,85.44,27.31,6.25,7.335
1,2.92,99.32,58.37,69.06,41.74,95.38,6.92,63.018
1,4.7,70.05,68.86,70.93,94.32,57.65,4.93,7.728
0,7.34,51.65,47.73,47.95,59.81,73.74,4.53,55.006
0,2.96,68.62,32.48,36.65,91.16,68.19,5.76,612.455
1,4.3,91.98,88.52,71.76,59.24,37.33,8.13,69.309
1,4.52,41.31,92.75,68.97,67.12,91.11,6.82,7.252
0,9.79,80.77,41.37,50.35,52.16,66.45,7.82,53.839
0,9.59,72.88,85.09,47.19,76.07,55.93,8.45,68.321
1,8.2,50.17,81.88,51.04,52.27,57.55,6.8,5.820
0,3.17,89.05,42.49,61.74,45.62,90.16,5.84,57.821
1,1.61,62.13,59.53,98.11,35.67,15.32,8.28,56.663
0,3.85,57.63,59.59,82.27,34.04,45.02,5.15,54.664
1,3.4,89.69,83.2,88.88,51.42,85.75,4.12,74.401
0,5.55,78.31,88.64,62.92,81.55,13.38,4.25,711.695
1,8.0,93.9,36.63,64.46,44.39,67.53,6.91,551.205
0,8.72,77.79,69.41,40.32,50.95,46.29,8.46,542.025
0,8.6,84.45,83.32,79.08,93.36,28.41,6.82,8.39
1,4.24,90.19,85.03,56.62,74.74,65.03,06.05,72.842
0,7.19,43.28,40.36,80.68,94.38,84.8,6.89,74.083
1,3.82,86.56,66.79,55.68,93.79,52.06,7.36,7.396
0,1.55,76.82,90.03,33.14,34.44,23.21,7.79,48.348
1,7.31,44.17,52.3,37.98,96.85,37.55,5.74,62.24
0,01.09,70.51,59.76,85.87,33.58,98.32,5.93,620.555
1,4.68,44.95,86.31,44.4,94.79,20.0,4.12,680.335
0,3.96,84.16,36.25,44.83,68.27,24.46,7.25,53.214
1,7.24,72.79,90.16,94.7,67.32,99.12,7.88,8.246
0,7.9,97.21,51.78,74.32,79.93,89.39,6.55,7.557
1,3.74,50.99,30.1,33.57,91.54,73.64,5.88,58.914
1,8.3,76.36,46.39,35.77,73.19,23.59,5.67,5.383
1,3.65,52.69,36.27,45.43,59.78,31.65,7.23,4.796
0,05.02,76.84,36.47,69.55,37.83,26.22,5.65,48.227
1,7.54,83.36,78.5,81.46,85.24,66.79,7.0,80.914
0,7.24,83.34,44.98,45.59,38.98,45.9,8.63,4.696
1,9.89,88.9,95.43,90.3,80.85,14.3,5.65,8.27
0,03.03,91.21,66.15,33.19,66.95,36.22,4.34,5.770
1,6.96,44.64,62.21,40.57,57.01,87.46,8.37,55.748
0,6.49,60.6,60.4,97.78,72.91,81.64,5.37,762.675
0,9.24,81.23,78.48,35.11,84.06,67.87,8.94,688.045
1,2.41,69.92,61.66,91.61,95.88,17.7,8.2,7.755
0,7.77,51.44,39.0,77.8,48.53,89.45,6.13,583.245
0,6.11,73.16,91.61,30.48,96.3,58.11,7.14,72.774
1,3.47,64.45,59.99,61.28,97.27,54.51,5.39,732.585
0,5.27,63.4,35.18,63.92,86.95,94.07,4.42,691.955
0,4.0,88.59,67.06,94.91,91.7,10.8,6.63,7.917
0,6.21,64.46,75.31,56.58,78.47,60.03,6.12,6.912
1,9.0,41.59,49.29,58.51,32.74,81.21,8.85,48.224
0,6.12,43.48,86.02,33.44,70.26,15.73,6.99,56.076
1,6.69,91.37,76.88,72.94,82.3,42.15,7.74,75.768
0,5.67,97.64,75.52,40.82,95.92,97.97,4.68,78.442
0,1.46,81.3,59.46,30.81,69.93,29.06,7.62,55.106
0,3.1,61.86,97.33,99.77,85.59,57.81,4.28,8.633
1,5.43,96.32,49.19,45.22,79.35,77.15,07.07,662.625
0,3.79,79.77,70.44,35.58,49.66,45.13,8.19,52.854
0,2.64,90.66,51.63,77.46,40.83,46.71,6.42,577.185
1,5.54,85.95,82.14,86.63,82.56,15.69,05.08,771.455
0,3.91,62.75,33.35,29.81,46.36,27.11,6.22,393.345
1,3.32,68.72,33.21,32.9,47.13,89.25,8.21,471.595
1,5.18,51.17,86.76,31.76,75.08,83.65,7.57,65.052
0,2.2,57.52,60.4,28.52,85.23,37.42,07.03,585.345
1,9.35,86.69,53.88,74.46,70.76,44.35,7.47,67.261
0,8.81,93.64,72.53,69.12,91.95,49.64,8.17,7.829
1,7.37,83.47,79.13,74.71,44.8,41.13,4.76,626.435
1,1.96,67.91,44.08,62.93,47.67,68.85,8.21,54.909
0,7.98,45.19,42.98,86.31,74.59,11.15,08.03,61.914
1,8.27,43.42,97.07,66.0,88.06,89.22,6.39,79.999
1,7.91,62.46,71.28,93.91,67.75,37.06,06.01,71.398
1,02.03,67.83,57.31,61.42,30.73,88.51,8.66,532.065
1,6.8,76.55,86.1,84.3,77.39,50.89,8.1,781.255
1,8.51,40.39,66.76,55.55,86.95,79.87,8.94,69.698
0,6.2,99.38,46.92,57.64,49.36,84.32,7.21,59.440
1,6.82,61.84,44.47,88.67,33.79,37.12,4.16,52.784
0,5.13,90.89,57.78,33.07,66.26,67.63,4.77,58.866
1,5.76,72.1,90.19,67.37,32.95,64.67,8.1,60.89
0,1.31,47.83,34.3,79.48,59.12,52.84,7.19,57.489
0,6.75,87.85,45.3,81.28,31.25,52.26,4.99,54.328
1,1.73,82.59,92.52,69.36,45.75,37.47,04.06,638.625
1,4.92,71.65,38.52,58.6,57.22,37.92,5.31,53.338
1,3.63,70.87,74.07,44.56,37.82,59.33,4.69,52.211
0,5.91,45.25,44.95,93.21,37.99,12.9,8.38,51.403
1,2.2,79.35,72.41,52.73,87.89,94.03,8.41,75.764
0,7.22,94.67,56.82,84.92,32.9,68.5,8.21,60.426
0,8.16,45.59,37.12,27.37,78.23,49.91,4.47,51.197
0,2.47,55.81,70.77,42.41,87.01,15.56,4.68,62.346
1,1.94,94.14,77.81,50.92,39.15,66.7,4.68,58.78
1,2.31,57.06,77.62,75.37,43.68,11.6,5.29,565.205
0,8.89,79.24,74.59,48.95,74.9,71.19,4.36,684.135
0,5.75,72.09,65.02,28.1,52.1,16.53,8.91,47.126
1,5.21,75.78,66.36,38.04,63.35,69.05,8.28,594.375
0,1.96,64.95,74.49,44.44,88.52,46.53,4.35,6.813
1,6.85,58.0,78.32,38.2,39.66,69.64,4.72,51.858
0,8.81,42.91,75.84,40.28,73.38,22.46,5.31,5.745
1,8.45,84.66,71.09,82.67,95.97,20.56,7.88,7.899
0,6.63,84.77,40.91,55.9,34.02,32.27,7.57,45.768
1,1.68,80.24,44.74,55.39,34.2,47.04,7.15,47.493
0,02.01,78.62,48.22,97.5,68.83,32.77,8.56,6.924
1,1.44,54.62,94.38,58.5,97.21,17.38,4.18,747.245
1,3.32,41.34,83.16,94.57,45.43,39.25,4.81,6.423
0,2.22,88.52,68.7,47.43,53.16,73.52,4.95,6.40
0,3.34,69.47,47.64,55.05,36.91,62.48,4.3,49.404
1,4.47,58.41,37.76,54.72,55.36,96.7,07.09,56.119
0,9.49,46.12,92.91,65.96,33.1,49.23,05.05,5.619
1,6.49,43.76,92.49,68.82,57.24,39.95,6.41,64.108
0,8.51,60.93,37.75,43.61,68.88,72.43,7.43,558.965
1,7.39,88.28,85.81,84.52,98.25,47.08,6.98,8.621
1,02.01,95.12,61.27,62.24,87.29,65.65,5.45,744.425
1,7.62,93.81,52.68,25.53,87.54,95.17,06.07,664.555
1,3.48,95.2,81.74,69.35,45.97,54.93,5.7,64.788
1,6.75,94.46,73.0,84.85,36.11,54.84,8.26,63.381
1,04.07,71.63,84.6,43.79,72.22,79.76,6.1,6.828
0,9.98,53.16,35.2,27.84,66.48,78.05,4.31,50.389
0,3.37,87.88,52.3,85.54,66.16,56.46,7.1,69.435
0,3.51,52.82,52.35,98.22,37.63,15.82,4.99,550.595
1,9.38,56.03,53.08,30.74,64.57,98.27,5.69,56.330
1,1.22,54.0,65.17,95.35,40.52,43.96,5.64,608.495
1,7.27,70.9,49.81,51.95,59.55,38.5,4.36,54.732
1,7.53,59.31,61.11,95.61,34.35,98.34,8.75,63.912
0,8.53,49.25,55.74,73.66,89.98,88.49,6.74,74.83
0,9.77,67.19,81.47,91.77,30.92,39.72,4.78,607.495
1,9.78,92.43,72.25,83.94,95.75,37.75,6.78,8.196
0,1.59,74.23,75.75,27.1,90.4,74.89,6.26,68.477
0,8.4,92.7,44.74,29.91,82.68,40.09,5.72,58.642
1,6.82,51.75,52.79,64.43,98.78,32.63,6.36,696.765
0,6.83,50.02,31.48,34.72,33.77,98.17,7.35,416.145
1,2.16,74.53,37.59,59.58,74.91,60.91,5.0,6.217
0,6.85,67.8,48.55,96.6,89.45,78.62,6.69,7.980
1,9.84,79.61,34.58,47.11,38.86,74.17,08.06,476.725
1,9.21,87.68,72.18,61.67,70.93,78.0,5.11,71.247
1,4.95,85.08,99.87,53.82,57.57,91.31,6.58,712.175
1,1.36,96.54,37.06,72.24,60.51,55.07,8.83,618.115
0,4.26,63.9,87.49,39.54,93.88,77.8,8.0,74.411
1,8.44,52.38,38.32,44.5,67.71,81.71,6.97,55.896
1,7.31,73.05,76.89,89.41,36.53,95.17,7.75,67.338
1,5.13,46.64,75.02,85.85,95.61,74.18,6.63,82.012
0,1.5,57.33,93.19,84.19,42.96,90.34,8.93,694.885
1,4.84,52.47,37.98,82.82,92.48,18.55,4.85,6.777
0,5.22,63.79,52.08,59.46,97.96,21.35,7.6,6.808
1,9.36,46.67,36.35,79.67,91.45,24.25,04.03,6.628
0,6.77,41.91,58.52,54.04,77.4,23.03,4.63,58.798
0,3.8,79.41,93.81,32.55,82.05,17.88,7.61,6.534
1,5.73,76.61,84.71,54.5,78.99,21.03,7.8,6.797
0,1.59,82.5,80.6,36.9,62.24,99.63,4.2,65.342
1,9.75,79.62,67.31,54.31,49.21,34.5,5.67,5.567
1,4.24,46.86,91.84,47.31,49.95,53.02,4.59,57.666
1,5.3,57.46,61.46,69.94,81.18,83.95,8.45,7.233
0,4.2,47.77,40.48,52.12,73.82,20.65,6.27,5.380
0,7.14,90.58,88.63,77.92,70.94,38.56,6.21,7.494
1,6.96,84.81,49.57,63.41,75.68,24.34,8.12,631.695
1,7.44,52.09,33.75,93.96,84.24,15.63,7.48,66.496
0,3.41,60.48,38.82,31.83,82.38,96.47,8.61,6.24
1,3.84,98.0,72.63,76.58,37.38,87.25,8.69,65.279
1,2.13,75.65,72.5,75.43,55.41,89.14,5.57,69.23
1,6.9,88.07,48.21,96.3,48.48,88.18,7.24,68.31
0,1.36,55.88,80.9,52.87,67.68,23.91,6.71,610.645
0,6.38,52.6,84.15,47.91,34.3,80.65,6.98,54.137
0,8.83,87.04,94.44,37.93,83.37,75.51,7.13,73.805
1,09.02,81.15,70.95,44.9,37.46,93.29,4.3,55.97
1,05.04,80.86,84.56,62.64,49.0,29.74,8.48,60.782
1,5.13,73.16,82.72,87.83,84.79,47.26,4.7,80.22
0,1.69,73.81,48.05,46.32,33.61,36.54,6.12,439.885
1,07.04,84.14,51.72,36.83,76.21,33.21,5.46,57.959
1,8.39,56.2,63.49,45.41,94.71,68.71,6.77,69.69
1,3.2,61.17,31.33,32.57,73.23,24.75,8.81,48.631
1,4.79,92.3,50.82,94.5,79.89,51.83,06.06,7.616
0,8.55,58.53,63.17,90.45,85.46,68.2,07.02,7.783
0,8.89,72.78,37.56,48.14,45.56,21.73,4.71,44.944
1,3.19,82.16,38.84,43.52,70.67,33.13,6.32,5.491
0,5.96,100.0,62.43,92.9,51.63,97.06,8.58,734.875
0,2.73,66.12,81.17,25.13,47.46,81.59,8.66,538.985
1,1.92,65.69,88.36,70.04,43.47,70.93,6.73,6.405
1,9.2,90.56,68.24,93.7,70.98,87.04,7.84,79.676
0,8.38,88.33,63.23,63.14,85.62,11.26,04.02,68.357
1,7.84,83.86,56.9,25.22,91.31,10.55,6.66,59.84
0,1.44,67.79,43.51,41.42,60.0,23.86,7.66,4.922
1,8.59,59.44,40.26,94.18,56.1,54.57,5.65,62.633
0,4.94,76.52,85.43,26.28,78.11,61.3,8.51,647.765
1,04.08,92.57,62.55,54.61,84.63,20.23,7.9,67.063
0,5.92,93.03,85.32,84.23,47.73,16.51,7.85,65.781
0,1.82,46.51,79.29,87.86,50.81,84.55,4.11,6.871
0,7.81,65.7,43.57,60.82,67.34,51.8,4.92,59.238
1,6.24,67.88,65.72,42.44,61.11,99.32,7.57,618.625
0,2.68,98.66,61.08,69.98,79.41,30.64,6.81,704.345
0,2.69,80.68,59.67,44.78,65.31,68.25,6.89,608.805
1,2.66,64.43,67.98,44.14,37.81,82.39,04.07,52.546
1,1.51,41.56,98.75,85.57,41.62,88.54,6.21,6.871
0,6.29,73.92,86.9,36.57,93.13,37.57,7.93,70.267
0,8.56,45.76,93.26,25.41,45.92,27.4,7.32,483.925
1,1.16,90.07,32.07,50.26,33.51,30.35,6.86,4.274
1,1.44,85.15,39.82,61.82,81.2,70.01,7.48,67.355
1,6.15,67.63,35.93,77.88,77.88,57.01,8.25,66.378
1,8.38,65.75,48.43,83.58,72.01,63.91,8.25,687.505
1,3.94,93.84,60.93,74.76,65.16,11.85,6.28,64.251
0,4.15,57.31,74.94,71.99,97.87,45.19,5.54,7.749
1,6.37,54.94,65.06,74.93,38.39,37.91,5.83,54.465
0,3.47,96.35,93.22,45.36,65.71,87.74,6.61,7.139
0,1.24,88.55,95.79,53.68,69.48,79.86,4.45,7.373
0,7.62,89.24,41.45,71.23,31.57,48.66,6.95,50.937
1,6.63,51.71,89.7,29.92,58.84,66.75,6.27,5.786
0,6.23,48.6,63.72,47.15,84.8,14.29,7.79,605.005
0,7.68,41.56,61.73,55.48,62.98,67.35,5.37,59.15
1,07.08,54.22,84.95,65.01,91.27,18.75,4.33,7.248
0,2.85,86.45,36.52,61.49,75.14,74.26,8.47,650.465
0,4.17,54.4,91.77,78.86,83.63,61.65,4.34,789.445
1,2.13,83.75,76.96,60.51,86.31,37.04,8.64,7.280
0,2.17,55.11,91.27,92.81,78.27,43.38,6.49,7.869
0,07.09,63.72,99.61,53.52,82.46,18.11,4.28,70.346
0,8.73,98.99,66.26,64.4,78.67,39.05,4.63,706.905
1,9.66,54.69,36.53,25.24,68.53,97.02,6.66,527.725
1,6.66,62.58,41.66,48.29,69.66,53.76,04.08,564.195
1,2.66,58.07,52.65,89.99,43.29,52.68,8.58,59.254
0,1.95,46.58,37.25,50.02,87.92,66.63,7.98,62.048
0,8.32,69.39,87.07,43.99,51.85,53.6,6.52,58.858
1,6.21,62.72,50.78,65.77,67.5,42.0,8.63,606.955
0,6.56,81.69,98.31,30.9,47.47,22.56,5.3,54.426
0,08.03,89.06,79.18,64.87,78.71,66.73,8.27,75.181
1,7.33,72.65,42.14,47.77,98.26,77.4,08.03,6.976
1,8.51,41.93,63.32,53.73,86.14,93.08,6.91,6.974
0,1.51,77.14,62.68,84.35,73.34,10.27,5.59,680.335
0,7.73,43.32,64.48,74.65,69.73,16.0,6.79,61.896
0,8.66,76.98,67.5,58.46,64.28,90.95,8.79,67.406
1,3.58,81.1,32.18,68.31,44.35,66.8,4.42,53.826
1,6.76,51.87,78.04,82.51,54.36,96.21,05.01,7.6
1,3.83,89.16,64.1,80.93,58.45,48.78,7.22,67.304
1,9.62,94.67,85.37,38.9,96.12,47.5,7.39,74.658
0,1.3,88.79,87.07,47.57,59.79,40.98,4.82,63.209
1,6.22,58.31,46.14,51.12,71.03,22.85,08.03,549.845
1,2.5,75.2,33.39,39.07,94.57,44.08,8.64,61.473
1,7.41,94.89,79.23,25.91,66.29,11.32,4.4,56.146
1,2.58,59.24,98.44,38.05,47.6,55.84,8.87,57.368
1,3.12,89.2,61.27,85.62,56.67,86.25,5.41,710.385
0,5.45,40.57,48.17,65.94,56.29,38.91,5.54,53.768
0,9.23,40.22,40.97,50.62,80.03,18.52,4.22,5.473
1,2.91,85.58,50.12,70.63,50.73,97.64,6.49,63.759
0,2.3,85.69,52.95,80.49,81.12,21.61,8.77,698.345
1,7.83,87.34,59.67,51.58,92.25,57.58,4.8,716.085
1,5.51,95.8,75.88,59.96,53.53,82.83,6.88,667.645
0,9.21,47.07,49.12,29.82,39.47,32.71,5.37,390.715
0,2.32,53.92,33.57,69.78,74.7,85.73,04.09,64.269
1,6.81,94.22,56.13,51.73,55.26,60.13,8.94,589.345
1,3.1,50.63,89.89,57.51,67.38,39.87,7.58,649.885
1,2.41,80.93,64.88,56.7,74.39,87.91,7.68,700.715
0,7.15,71.83,97.53,72.43,58.54,65.98,7.31,718.835
1,6.34,44.99,65.25,67.93,94.73,65.38,4.72,74.225
1,7.79,57.12,49.31,56.66,57.97,55.36,05.03,55.564
1,3.79,71.22,43.53,26.27,51.52,34.73,5.93,439.005
0,05.03,91.14,78.62,71.57,92.0,37.44,8.98,786.745
1,4.65,82.45,67.55,90.97,39.54,17.93,7.36,6.12
1,9.86,77.31,72.28,82.72,38.69,31.94,6.21,59.602
0,3.63,69.76,82.86,98.62,95.5,35.0,6.42,85.128
1,3.65,57.92,80.81,35.43,44.63,15.28,8.61,47.96
1,4.19,47.15,33.04,41.69,40.39,19.93,4.98,37.875
0,06.08,64.54,86.18,65.45,67.46,34.32,5.6,670.955
1,3.27,41.71,67.29,42.69,33.28,70.95,5.85,470.445
0,9.24,52.66,57.42,27.59,73.4,26.58,8.49,519.955
0,3.39,65.95,67.63,55.17,61.71,56.97,7.88,61.209
1,09.06,65.12,72.87,46.57,74.83,55.71,6.95,64.49
1,1.93,42.66,40.47,44.78,49.88,85.06,5.57,49.519
1,6.91,75.34,59.22,96.49,93.38,64.82,05.01,826.655
1,9.16,72.98,53.49,42.88,48.94,92.53,5.65,55.098
0,2.52,44.69,54.53,34.71,74.63,66.53,8.65,5.682
1,9.71,96.59,36.39,34.4,96.16,12.3,8.55,60.422
0,05.08,45.96,41.19,85.47,58.06,44.33,6.11,589.555
1,9.51,91.29,41.33,78.61,41.3,72.91,5.63,5.879
1,07.09,40.02,56.13,34.71,34.79,52.76,8.42,41.358
1,3.71,92.94,92.61,41.48,97.41,47.75,6.23,770.545
0,2.69,41.18,44.42,81.05,83.46,70.44,4.19,695.195
1,3.73,85.47,59.13,45.6,94.33,35.72,5.73,683.605
1,1.84,61.7,51.81,98.62,78.92,91.81,07.04,7.799
1,2.29,84.29,85.12,65.54,53.97,47.18,8.72,6.544
1,1.94,64.1,33.51,39.4,38.61,66.81,6.12,43.156
0,4.81,44.25,43.76,89.41,95.05,98.41,5.2,7.863
1,8.16,86.05,44.74,48.96,64.27,80.69,5.92,6.35
0,2.27,44.28,99.51,46.66,57.76,57.85,4.29,61.995
0,2.17,95.33,69.95,49.56,70.45,87.34,8.49,693.045
0,6.79,43.06,39.73,82.61,37.46,60.44,4.17,520.595
0,2.77,68.76,49.05,37.99,51.64,49.75,4.0,492.325
0,1.88,83.38,41.75,53.63,74.65,88.61,07.07,65.084
0,2.5,63.59,38.72,27.31,37.01,12.44,4.77,35.128
1,9.31,53.03,85.8,87.0,39.47,46.67,5.48,6.269
0,8.39,85.55,64.7,50.55,65.74,40.87,6.45,61.228
0,4.19,87.06,74.18,43.61,73.64,74.27,7.96,676.455
0,6.9,95.36,53.19,68.49,43.09,11.13,5.94,53.491
1,5.84,62.57,68.76,77.87,32.32,69.48,8.79,577.365
1,07.09,70.38,48.03,85.97,97.09,41.17,6.27,76.235
0,7.14,61.79,51.56,51.08,31.92,18.81,8.6,4.231
1,6.66,55.42,75.66,85.92,30.14,98.23,6.26,62.526
0,3.39,85.06,40.52,59.87,52.63,29.1,6.58,52.908
0,1.35,60.38,73.21,32.59,45.57,41.42,8.79,48.919
1,5.1,65.69,89.66,88.47,70.15,28.63,7.37,74.034
0,09.02,64.22,38.43,66.07,92.59,69.58,4.75,69.99
1,6.13,82.76,92.82,70.19,63.68,80.43,6.99,747.185
1,8.49,95.07,35.56,95.31,84.13,87.46,5.13,78.638
0,9.92,80.01,54.42,66.94,93.65,37.99,5.55,7.219
0,2.47,68.29,72.74,25.42,43.26,57.21,8.19,48.594
1,7.23,86.75,69.16,90.3,64.18,69.69,7.41,74.514
0,07.07,78.46,36.75,46.36,74.94,66.66,5.43,59.681
0,9.82,43.64,85.92,62.63,53.23,74.44,04.02,63.28
0,9.87,45.74,98.12,40.37,81.78,79.28,6.66,708.415
1,7.18,42.28,42.69,47.27,79.37,18.77,5.25,54.24
1,3.19,67.41,92.66,76.5,59.48,25.15,4.14,67.731
0,8.19,89.55,68.98,57.22,36.16,76.09,4.32,57.321
1,1.96,58.78,95.52,72.03,30.81,52.9,7.37,59.62
1,08.03,63.05,42.33,86.77,55.85,48.43,06.07,6.85
1,9.19,94.57,85.44,50.56,35.74,50.99,5.31,56.793
1,4.45,90.21,34.18,67.63,84.71,43.48,8.4,66.761
1,6.68,79.9,91.82,83.32,53.4,63.2,8.13,72.194
0,4.87,56.01,77.19,78.63,76.63,39.1,6.33,7.142
0,4.94,47.02,55.92,65.49,54.25,67.31,5.38,57.977
0,3.79,40.96,43.33,53.75,85.72,28.24,6.54,59.25
1,7.86,46.42,87.16,55.56,92.19,78.19,7.76,760.495
1,9.43,57.56,72.23,57.49,88.63,80.34,04.05,73.629
0,9.47,73.11,55.23,51.16,63.91,62.07,07.06,597.225
1,2.57,43.84,61.07,77.43,35.88,43.24,7.55,528.375
0,8.87,48.17,87.86,34.41,56.02,11.3,08.08,517.285
0,7.64,50.86,53.72,97.56,59.71,20.94,05.08,632.125
0,3.28,77.92,36.27,83.42,97.22,17.17,05.02,71.645
1,1.61,76.95,93.79,47.36,69.58,10.92,05.08,63.738
1,3.41,73.05,57.11,28.19,74.86,75.0,8.66,594.755
0,9.21,55.03,54.39,78.35,84.74,96.05,4.7,752.325
0,6.7,62.27,44.31,80.08,69.77,11.01,7.82,6.62
0,7.49,45.8,92.82,97.27,71.89,20.14,8.93,74.637
0,3.31,53.59,45.23,44.03,47.17,87.46,8.73,50.668
1,7.47,93.86,74.57,31.2,34.12,71.97,06.05,51.239
1,1.25,98.78,91.65,93.64,80.5,46.42,8.2,8.443
0,4.38,78.86,32.44,44.4,89.41,99.35,7.35,667.025
0,6.64,95.01,88.02,79.11,58.84,61.63,8.34,7.363
1,2.31,78.56,58.74,29.55,68.42,70.26,4.81,579.645
1,8.41,41.99,76.06,82.04,51.51,68.79,7.82,648.285
0,3.12,99.81,56.07,34.53,61.52,30.04,6.93,543.635
0,6.87,45.94,78.69,77.17,44.62,53.93,6.7,606.345
0,4.65,80.96,47.8,64.93,83.19,29.48,7.64,65.953
1,6.36,55.17,31.54,96.66,64.43,55.85,5.37,641.255
1,1.97,63.52,96.35,27.77,68.3,12.77,4.37,577.465
1,1.15,78.76,31.15,46.9,32.6,44.38,6.51,41.679
0,9.19,66.19,87.69,30.21,73.57,43.5,5.51,61.809
0,3.43,55.03,41.84,90.94,44.19,36.25,5.28,556.975
1,8.38,60.07,57.46,69.54,56.84,17.13,8.99,56.491
1,9.99,60.49,87.57,65.12,58.89,79.39,4.99,683.935
0,2.9,97.56,44.42,34.86,61.41,47.84,5.18,536.325
1,3.39,87.92,90.6,61.68,45.92,83.26,5.67,6.672
1,6.97,67.51,64.84,54.9,89.51,85.22,6.49,7.329
0,9.69,51.99,55.63,48.68,59.95,29.22,8.35,5.239
1,9.24,88.66,76.37,82.91,72.85,47.92,4.88,75.157
0,5.53,49.43,53.9,29.6,72.98,74.89,07.08,56.155
0,8.16,52.63,54.31,73.5,72.49,54.95,5.84,653.665
0,2.22,61.96,81.35,86.72,69.15,86.96,7.98,770.445
0,9.8,92.82,51.69,93.05,87.58,61.44,07.01,796.795
0,9.68,47.91,44.05,80.94,86.88,66.66,7.98,70.91
0,2.47,47.33,86.54,46.18,59.2,80.83,8.28,62.388
0,3.69,69.64,86.38,70.04,74.51,21.0,8.56,6.992
1,1.9,56.58,64.83,35.61,37.2,62.58,8.98,46.804
0,3.45,74.12,66.87,33.78,36.35,17.69,07.09,437.225
0,8.34,67.1,78.73,72.9,63.59,33.45,7.19,662.825
1,4.4,66.1,65.65,88.83,93.01,29.13,4.7,77.414
1,1.8,46.72,59.19,30.04,75.5,61.04,4.53,5.654
1,04.08,48.46,99.64,32.95,76.85,85.95,6.44,68.504
0,9.83,89.26,40.33,67.42,41.04,21.95,7.47,50.406
1,6.67,93.15,71.49,41.37,61.73,79.16,5.24,6.347
0,4.75,54.08,92.01,70.89,58.06,22.88,5.64,641.415
0,2.5,46.81,78.11,41.09,84.81,27.07,7.5,62.966
0,9.88,43.21,91.66,33.74,39.65,92.52,05.06,542.175
0,8.39,76.5,53.54,65.92,67.74,10.88,6.61,59.635
1,3.53,82.92,49.04,89.66,93.79,27.74,6.69,761.155
1,1.63,62.37,89.59,76.38,92.47,29.4,8.58,7.855
0,1.51,80.78,57.59,86.4,89.66,35.37,06.01,76.114
0,02.08,82.78,79.68,44.98,56.25,42.71,05.05,594.175
0,6.23,96.12,40.34,91.45,95.88,19.29,4.87,7.602
1,9.36,43.89,82.91,53.28,86.37,52.16,5.47,6.973
0,5.47,51.54,68.43,88.93,89.58,45.94,5.39,770.195
0,8.59,44.11,48.8,60.34,95.26,66.24,7.75,69.221
1,05.01,92.08,64.62,45.09,95.59,88.08,6.97,75.669
1,7.38,87.56,78.79,44.52,46.8,36.79,7.41,55.703
0,7.59,74.48,30.83,67.58,38.94,59.18,7.15,50.056
1,2.57,45.02,74.62,30.93,78.36,43.42,6.41,589.265
1,4.25,56.4,67.91,94.75,69.42,13.62,8.64,685.685
0,6.74,57.86,45.42,45.36,52.92,83.9,08.09,53.122
1,1.64,73.64,82.71,50.17,77.91,67.08,05.05,70.425
0,4.25,55.48,51.24,42.5,34.34,10.2,6.12,3.946
1,5.81,44.38,49.38,25.23,33.3,32.46,5.44,355.225
0,9.97,83.85,62.99,76.94,54.8,37.81,7.73,6.317
0,5.27,57.94,77.33,69.29,43.57,83.04,5.72,62.135
0,8.34,67.14,95.02,85.72,80.3,78.46,7.2,8.309
1,4.89,47.66,39.9,28.08,96.36,45.65,5.46,58.56
0,8.17,88.15,57.75,94.65,76.31,24.16,4.86,73.152
1,6.36,73.93,34.69,49.82,75.83,44.74,04.05,578.005
0,8.98,94.1,83.1,93.48,30.46,82.91,8.97,68.352
0,4.7,69.73,61.34,33.03,65.86,50.72,5.1,556.215
1,6.44,96.49,79.49,80.79,87.2,20.43,8.16,783.075
0,6.67,93.51,52.55,68.45,75.79,13.47,8.11,6.484
0,4.76,74.59,89.1,51.86,45.94,40.0,5.18,58.323
1,2.3,96.03,67.44,30.94,89.39,23.35,06.08,6.444
0,1.84,59.39,96.05,70.36,97.51,77.05,8.18,8.457
0,1.15,61.94,35.52,26.98,49.53,35.09,7.45,408.875
0,8.86,42.73,66.0,62.6,44.5,88.97,5.85,57.595
0,3.13,75.35,83.65,70.32,53.7,65.56,8.75,67.196
1,2.9,83.32,72.01,79.94,34.42,45.43,5.71,59.309
1,7.62,86.41,31.62,99.35,91.14,64.91,05.06,7.819
0,3.88,48.99,98.06,44.51,95.05,36.57,4.73,72.563
1,5.55,66.65,50.88,49.18,74.33,22.72,7.51,57.423
0,2.46,50.61,47.45,50.59,83.5,96.78,4.15,6.610
1,9.64,79.73,64.0,79.87,76.81,60.68,8.23,73.692
0,8.66,49.48,67.95,94.89,56.41,10.66,5.52,63.07
0,8.77,94.25,83.64,98.07,74.24,37.93,5.85,804.475
0,4.66,53.84,57.53,95.94,88.54,24.36,08.01,74.3
0,7.86,57.48,60.8,90.95,86.69,33.24,08.07,74.311
0,2.29,91.05,67.45,99.32,35.67,15.01,6.0,614.105
0,01.08,67.51,57.61,53.2,62.38,32.06,6.77,5.661
1,1.18,41.44,94.02,96.12,57.81,71.47,7.4,743.585
0,6.28,69.68,89.59,82.08,82.64,83.85,7.44,82.715
1,5.1,45.07,61.85,37.63,65.1,41.27,6.67,531.965
0,5.66,99.12,30.01,28.41,54.48,57.02,8.22,477.865
1,01.07,75.29,93.07,41.09,79.44,13.76,8.21,655.955
1,4.8,55.39,38.7,83.41,63.15,18.17,8.24,58.051
1,7.46,73.82,47.12,72.38,47.96,59.67,5.34,5.765
0,4.98,44.61,40.67,41.83,92.33,85.65,5.28,6.393
0,7.59,87.99,42.59,80.64,37.91,17.92,4.7,525.375
1,3.1,95.52,86.2,35.6,31.27,47.67,8.13,514.035
0,8.32,92.47,70.57,86.64,40.07,97.34,4.3,6.877
1,6.3,60.51,96.93,84.56,41.46,76.49,4.68,6.873
0,2.9,59.55,46.2,97.94,67.66,27.78,8.63,66.139
1,3.13,42.11,63.99,36.27,73.74,35.67,4.63,554.525
1,6.65,79.08,98.42,93.0,61.4,95.31,4.61,81.863
0,8.47,72.09,87.85,50.58,44.29,29.89,8.55,559.145
1,4.74,67.56,81.0,56.2,39.25,49.68,5.55,557.115
0,3.32,94.46,43.23,60.13,64.45,42.0,8.41,59.882
1,8.8,50.07,83.86,72.02,69.58,54.1,5.89,69.547
1,07.02,40.58,54.33,99.61,51.28,31.29,5.87,609.035
0,05.03,44.4,67.14,70.0,45.43,70.15,4.68,582.835
0,5.39,53.4,72.64,94.5,35.64,31.11,8.59,5.907
0,2.84,42.0,72.66,44.13,31.84,64.19,7.81,473.275
1,6.64,70.17,80.86,54.88,37.4,42.2,5.13,54.219
0,4.23,58.85,76.32,62.84,81.95,32.63,7.64,6.880
1,9.96,50.83,34.79,49.22,54.08,72.55,4.52,50.528
1,5.32,85.01,62.01,98.27,31.92,96.87,6.62,663.295
0,5.37,52.27,76.48,79.43,65.57,88.24,5.27,72.154
0,06.09,81.26,50.72,60.92,67.52,17.82,8.25,58.914
1,9.25,60.96,51.91,81.35,60.01,50.9,6.56,62.909
1,8.21,70.71,38.72,60.06,37.75,72.53,8.61,502.955
0,05.06,96.03,59.3,26.29,82.85,60.64,6.93,63.96
0,7.47,42.24,99.08,65.74,78.24,75.37,6.52,7.539
0,6.28,70.02,49.97,71.89,57.63,97.76,7.47,64.915
0,5.43,91.27,67.2,98.59,56.66,40.8,7.92,711.255
0,2.73,75.28,82.03,28.06,40.92,79.38,04.08,53.209
1,5.18,56.61,30.94,63.41,82.75,18.47,6.61,58.511
1,3.21,63.86,93.03,32.36,71.97,88.28,7.88,670.995
1,9.23,80.82,57.06,36.17,36.01,80.06,06.04,49.146
1,04.02,93.45,90.84,70.78,56.46,56.89,4.23,70.658
0,9.57,42.46,32.73,42.37,93.25,83.89,04.09,62.411
0,5.8,44.29,40.2,81.19,61.67,70.0,7.97,61.351
0,6.68,59.5,52.58,63.56,52.74,59.7,4.99,56.785
1,5.89,53.97,54.18,41.37,75.06,95.14,4.87,623.605
1,2.16,55.9,89.35,62.03,44.21,21.72,5.45,56.613
0,4.38,53.28,30.78,25.07,66.67,99.37,4.51,51.22
0,1.89,51.75,74.88,89.71,76.87,23.9,4.27,7.187
1,6.61,47.84,39.19,25.95,89.84,53.22,8.36,558.755
1,05.02,96.04,87.63,25.53,78.48,30.83,5.51,640.635
0,8.0,48.65,84.5,70.86,56.91,34.47,6.91,6.284
0,2.98,52.26,64.99,98.01,83.75,66.86,8.29,78.725
1,2.48,54.78,44.89,89.2,92.89,13.12,8.89,705.795
0,4.66,95.98,74.41,43.9,63.44,94.67,7.44,6.712
0,9.34,85.34,40.94,39.75,30.32,35.17,8.75,40.788
0,7.39,87.38,43.3,71.96,91.66,34.53,6.12,70.922
1,4.77,46.29,73.87,86.7,41.58,87.72,7.95,6.440
1,5.66,90.18,99.39,52.16,38.84,78.84,8.69,63.414
1,1.76,64.49,92.37,57.43,51.54,70.45,4.27,6.436
1,9.86,55.77,71.52,33.66,56.6,23.17,5.59,50.422
1,7.0,74.55,67.7,36.46,85.96,79.27,7.7,68.123
1,3.57,89.33,99.89,67.63,57.24,42.47,5.58,700.995
1,6.27,86.72,68.32,32.7,33.42,99.45,04.09,52.153
0,1.99,93.4,59.41,40.15,74.52,70.41,08.04,643.825
0,9.69,95.69,93.67,42.6,76.99,85.23,4.82,744.225
0,2.57,54.29,46.39,58.29,87.0,76.04,5.6,673.335
0,6.83,65.43,36.83,28.42,57.92,63.48,8.55,4.763
0,3.21,40.88,74.39,62.48,36.02,74.47,05.04,54.64
0,7.46,92.76,36.71,94.65,68.71,63.77,8.47,70.706
0,7.99,49.27,56.12,26.83,38.47,14.61,6.11,37.784
1,07.06,91.69,59.65,72.32,31.2,41.1,8.59,54.209
1,6.53,59.76,68.33,87.69,84.5,38.48,8.38,749.875
0,09.03,62.09,99.42,48.43,58.24,74.26,06.08,6.601
0,1.71,42.35,45.47,34.86,66.75,61.86,8.61,51.592
1,3.98,59.61,56.3,28.25,76.4,64.94,7.16,575.175
0,3.23,93.3,39.26,73.29,58.07,86.23,6.38,64.452
0,9.89,41.53,72.53,66.42,33.58,57.28,6.65,52.745
1,4.5,64.38,80.94,42.2,47.69,29.64,4.32,528.315
0,7.59,41.88,63.75,87.37,43.6,11.12,08.04,551.525
1,7.16,62.26,47.21,80.16,98.42,24.35,5.46,7.258
0,2.91,50.36,73.46,45.73,81.77,12.75,5.35,6.105
1,3.15,55.13,67.74,81.5,61.61,31.34,7.58,641.335
1,3.53,92.66,41.98,43.37,34.44,67.15,5.85,472.735
1,4.7,66.16,58.4,75.65,38.11,23.63,6.57,52.91
0,3.11,56.43,60.46,33.89,86.9,17.37,6.11,58.359
1,1.18,75.36,98.78,76.92,96.18,97.38,6.52,89.923
0,8.91,48.53,89.45,42.91,32.19,99.72,5.11,54.709
0,9.69,55.56,81.41,67.94,93.73,67.33,8.42,7.836
0,04.07,72.77,92.21,37.93,56.64,19.77,07.05,570.025
0,04.05,54.25,81.48,79.45,44.95,83.94,5.17,6.571
1,01.06,80.75,93.24,29.57,37.16,58.53,4.46,52.974
1,7.12,69.49,33.82,37.41,84.02,26.39,6.68,551.115
0,8.43,86.32,61.92,38.81,62.82,61.81,6.34,5.888
0,2.32,96.89,82.28,28.1,88.27,13.54,8.66,654.185
1,2.44,46.95,70.83,80.88,45.83,97.52,5.15,6.487
0,8.11,60.08,42.26,98.57,77.5,84.34,8.41,7.466
1,6.55,59.17,53.83,83.38,38.27,33.47,7.83,542.695
0,1.4,49.07,52.24,89.55,36.28,47.7,6.38,55.210
0,6.6,88.62,48.29,25.45,39.34,45.58,8.37,43.209
1,3.78,85.59,54.02,33.84,86.62,87.53,8.31,66.893
0,4.32,69.07,66.04,66.93,75.89,41.92,7.57,67.601
1,7.93,72.27,89.84,98.34,41.62,14.32,4.51,65.779
0,8.3,43.57,81.94,74.55,56.93,29.32,4.8,62.24
0,4.6,73.33,88.47,53.06,83.46,29.4,6.96,70.443
0,9.52,87.48,91.85,35.96,50.0,95.43,5.23,63.150
1,4.66,74.43,59.13,36.46,94.49,93.16,6.76,707.715
0,7.95,55.92,54.22,52.21,94.02,37.05,6.8,661.005
0,5.35,80.05,34.03,78.54,68.7,10.25,6.94,59.516
0,09.08,61.69,95.13,27.39,74.24,56.53,6.85,63.679
0,9.17,72.69,34.61,88.91,75.73,81.75,5.9,71.099
1,1.79,69.25,81.88,95.62,48.09,34.17,05.05,6.745
1,9.43,62.87,56.47,91.66,55.57,49.51,6.59,648.965
0,8.43,83.13,96.41,93.48,39.52,25.55,6.48,67.352
1,8.12,93.03,59.37,26.15,94.74,39.47,5.38,648.205
0,2.81,40.31,87.16,98.33,80.67,78.3,4.26,82.11
0,8.25,96.02,49.79,52.48,33.24,48.55,05.03,4.916
0,8.65,70.69,50.94,90.2,68.46,50.25,6.75,6.879
1,3.6,82.04,71.69,39.01,54.02,81.06,6.68,59.307
1,9.57,91.34,99.86,58.49,87.07,78.67,4.67,8.207
1,1.45,68.03,66.23,28.31,54.07,26.84,07.03,48.735
1,2.35,90.1,95.54,28.01,75.09,47.37,6.11,6.613
1,5.84,50.66,85.04,95.75,41.6,86.4,7.27,692.115
1,6.18,49.55,85.71,85.8,69.11,51.11,8.44,7.284
1,6.81,79.45,60.52,64.74,50.57,69.56,5.54,60.889
1,1.15,92.21,57.06,64.41,41.54,37.54,5.74,55.28
1,9.64,93.55,43.43,81.16,73.35,15.36,7.38,655.395
0,1.4,78.62,97.48,50.63,74.7,24.84,8.75,6.864
1,2.29,71.53,97.16,82.14,98.83,46.15,6.43,863.255
1,1.13,59.88,82.29,61.38,76.84,41.81,4.85,68.866
1,6.1,98.8,50.74,72.84,66.1,90.61,8.68,70.434
1,9.39,59.18,47.16,97.36,93.88,59.11,6.35,78.459
1,6.99,84.65,99.2,60.35,87.98,66.44,6.3,8.82
1,8.4,71.92,34.66,56.38,68.41,71.98,6.7,593.605
1,1.12,76.51,89.05,92.93,65.79,57.85,5.26,77.505
1,5.88,63.61,54.88,92.69,95.94,79.27,7.92,8.201
1,5.14,97.89,59.32,99.43,73.2,80.48,7.21,8.17
1,5.49,74.3,88.24,66.31,79.96,41.62,8.77,7.380
1,1.65,96.27,36.34,50.82,36.07,17.63,05.02,439.875
0,7.16,40.46,54.79,43.03,80.28,98.77,7.1,637.365
0,5.53,74.36,96.64,27.56,48.53,67.84,6.58,57.423
1,7.89,83.03,78.93,79.5,38.09,73.8,8.47,646.755
1,5.37,84.7,82.85,42.51,89.48,78.1,4.15,7.479
0,2.34,94.3,83.03,70.5,78.38,65.17,7.8,7.761
1,6.83,40.26,34.24,93.74,58.53,52.38,7.12,600.325
0,2.55,40.02,44.22,96.27,60.2,98.62,07.04,678.455
0,8.85,68.34,64.39,25.33,43.8,75.49,8.38,489.235
0,6.52,41.76,55.77,48.78,30.67,86.13,6.95,468.725
0,2.41,98.47,58.76,87.8,54.46,49.57,7.58,6.756
0,9.66,53.32,84.7,65.23,40.39,91.43,7.23,61.859
1,5.67,68.36,31.03,85.56,59.52,75.89,4.35,62.852
0,1.66,43.67,76.23,89.0,88.37,77.15,4.56,8.50
1,6.64,71.32,30.01,58.2,38.03,17.82,5.69,4.277
1,3.28,62.8,34.41,51.92,36.42,65.57,7.38,45.446
0,8.23,42.68,58.58,59.16,93.15,40.17,4.13,673.935
0,8.36,60.11,88.87,73.96,82.16,70.21,7.86,7.805
1,9.81,63.49,40.15,52.54,33.71,61.14,05.02,45.426
0,5.52,99.4,68.82,83.12,35.57,20.01,6.8,589.345
0,05.09,52.47,77.5,92.8,77.94,57.7,05.01,76.996
1,7.78,72.69,46.07,46.17,55.92,50.61,4.88,52.658
1,2.19,99.24,65.86,97.37,80.69,79.88,5.67,83.668
0,5.92,87.52,93.8,71.7,58.31,55.24,8.61,713.695
1,5.92,99.6,65.86,90.86,97.75,53.3,5.19,853.895
0,1.81,98.1,41.01,32.79,78.61,74.75,4.24,61.198
0,4.76,69.37,73.95,43.86,33.26,70.17,8.41,5.135
0,8.68,81.78,71.45,49.08,53.14,99.27,6.19,6.326
1,8.71,46.63,31.89,47.71,69.45,41.68,7.11,51.444
1,1.89,66.47,36.34,37.89,39.93,71.95,8.43,44.558
1,1.82,88.54,40.97,90.12,30.18,25.05,7.78,5.264
1,3.36,70.32,39.54,56.4,35.55,82.41,7.98,497.235
1,8.87,82.16,48.16,97.23,66.7,80.75,6.4,7.357
0,2.16,84.75,61.79,68.76,74.26,75.32,7.44,7.154
0,7.48,55.21,56.02,35.38,36.5,20.71,8.82,40.416
0,1.91,92.54,92.35,65.94,76.56,98.88,8.45,80.893
0,6.61,67.59,72.85,99.52,73.2,94.83,07.06,8.131
1,4.2,52.61,91.33,67.39,95.79,43.31,4.43,78.232
0,8.1,91.92,66.89,25.14,88.85,61.96,8.9,6.614
1,3.1,65.07,36.29,94.98,96.03,90.0,5.13,8.12
0,6.75,85.02,62.43,42.62,97.63,54.52,5.8,7.126
1,3.12,72.88,87.54,76.64,60.86,63.92,4.7,71.649
1,7.42,62.91,43.59,63.63,64.15,64.29,4.83,59.798
0,8.86,88.59,36.38,49.41,49.71,68.43,7.98,52.729
0,2.14,75.07,53.06,46.2,65.59,61.8,4.64,58.805
0,8.8,63.43,57.22,94.66,40.55,46.53,4.95,602.975
0,6.34,46.58,51.44,93.39,77.0,58.55,4.86,710.985
1,2.14,93.73,39.47,63.49,31.75,88.43,5.85,53.095
0,4.85,42.13,47.56,44.39,46.49,87.77,7.47,49.871
0,2.45,91.79,77.76,32.68,44.57,79.53,7.22,56.453
1,7.3,61.6,57.01,36.74,95.65,47.27,7.62,649.515
0,7.83,78.36,74.28,64.17,40.14,80.74,7.63,608.575
0,1.95,95.33,67.54,48.09,92.35,44.91,04.02,71.877
0,5.56,49.1,68.43,28.16,38.71,69.77,7.42,46.161
0,8.33,74.02,47.4,59.14,75.55,61.07,7.42,642.165
0,9.43,85.87,66.51,80.96,52.39,37.0,4.31,6.416
1,5.62,85.46,31.65,91.88,52.12,50.76,6.14,61.163
0,9.55,71.54,60.22,68.9,99.88,84.73,4.39,79.854
0,5.82,77.48,70.08,79.25,45.82,92.15,4.95,668.285
0,4.55,85.45,42.74,52.31,44.18,28.48,6.45,48.481
0,8.63,90.46,47.96,62.22,71.25,51.06,04.06,642.365
0,5.44,85.71,45.37,79.72,81.85,49.02,4.47,711.245
1,5.25,61.24,34.94,79.57,98.78,54.01,4.42,729.785
0,5.41,99.8,54.35,56.84,79.1,97.9,4.62,72.535
1,8.62,66.07,98.53,65.78,69.33,56.69,4.25,726.925
1,8.49,41.47,54.77,94.29,58.64,84.71,07.06,6.766
0,4.63,61.76,62.24,72.4,71.66,69.75,4.89,68.78
0,4.0,47.67,75.72,73.19,72.06,19.65,8.31,653.945
0,5.43,47.29,75.39,83.85,45.24,72.61,8.42,638.645
0,6.15,56.89,96.49,33.64,76.98,68.24,7.46,67.164
1,3.15,43.2,90.03,64.22,44.31,78.26,4.32,617.155
0,8.15,81.31,85.58,96.96,64.3,16.7,8.46,7.366
0,5.38,44.44,96.61,52.12,48.19,31.72,06.09,56.834
0,04.01,52.2,46.15,47.12,51.9,79.24,4.91,52.318
0,1.96,45.57,73.19,70.09,72.97,43.36,7.89,6.659
0,3.15,43.79,92.1,41.58,34.51,91.97,5.73,544.695
0,9.54,56.07,73.69,66.7,30.84,56.59,6.53,53.473
1,3.75,74.31,98.42,36.67,39.14,10.09,7.72,509.905
1,2.52,97.88,37.02,68.48,41.81,72.9,4.51,562.355
0,5.15,92.53,60.75,70.18,43.85,56.21,4.85,59.916
0,3.76,92.56,98.42,56.38,84.18,38.54,8.84,76.352
0,1.32,50.56,56.57,53.71,61.28,11.84,7.57,52.429
1,3.91,55.89,81.77,43.41,62.9,27.89,5.16,5.759
0,5.9,44.58,32.13,49.82,75.1,24.54,6.87,52.77
1,5.97,86.71,78.64,62.38,81.04,62.46,4.94,7.460
0,4.21,44.19,95.42,43.57,30.25,79.26,8.33,52.909
0,05.03,73.4,56.79,83.71,89.97,31.11,6.24,74.226
0,9.69,54.87,31.49,78.18,99.19,72.8,08.03,733.265
0,4.4,54.61,31.95,45.2,38.53,90.98,8.86,457.345
1,3.32,99.44,92.44,32.31,75.58,65.94,8.9,695.565
1,3.19,85.41,80.58,25.01,30.17,79.81,4.69,49.45
0,5.12,90.22,37.47,69.75,33.43,28.38,8.72,48.492
0,7.84,74.32,33.82,40.85,49.95,16.74,5.35,43.565
1,2.85,92.26,86.34,25.94,89.25,42.88,5.8,685.045
1,7.38,78.73,86.69,51.93,75.68,73.81,4.31,7.206
1,1.19,96.77,38.44,97.15,61.21,71.75,7.23,70.251
1,4.77,56.88,51.11,76.75,60.7,95.96,7.22,659.385
0,7.98,75.72,84.6,89.33,62.62,66.7,7.89,754.115
1,04.05,81.41,66.78,35.86,51.77,47.02,8.73,532.835
0,06.07,63.58,96.96,30.5,91.44,81.74,6.14,73.553
1,2.84,92.78,63.67,25.86,69.75,23.78,06.04,552.675
1,7.68,98.79,77.39,96.67,63.88,83.17,7.2,8.19
1,1.47,69.63,65.68,47.52,62.56,42.93,7.34,58.168
1,8.67,63.44,96.01,59.46,95.51,23.86,6.23,7.622
1,2.78,68.32,57.91,54.59,80.66,24.59,8.6,627.515
0,8.87,91.16,46.09,79.78,40.14,98.52,4.26,6.218
0,4.17,78.73,52.86,48.25,60.59,66.09,7.78,5.832
1,7.5,42.69,89.69,65.16,50.19,25.68,05.04,5.863
1,3.87,72.53,64.86,99.67,99.08,34.17,6.48,832.375
0,9.15,41.04,54.8,58.3,59.08,43.49,8.26,54.666
1,2.14,86.71,68.1,66.35,34.75,15.03,5.65,52.544
1,2.61,59.7,39.33,62.69,58.78,19.76,8.5,520.575
0,5.44,68.32,30.38,85.24,52.49,78.56,6.25,604.455
1,1.74,87.92,49.64,45.01,71.97,80.82,7.51,6.324
1,2.76,42.79,72.35,37.78,45.83,98.94,7.61,541.285
0,9.49,49.51,79.82,81.56,32.52,16.08,5.3,54.294
0,9.79,63.88,87.86,56.17,36.71,90.03,8.5,59.854
0,4.39,53.8,94.87,93.53,49.82,38.55,4.62,690.285
1,9.31,60.27,58.85,73.31,54.38,39.51,6.95,5.910
0,5.9,99.89,81.84,67.33,88.41,21.46,8.65,7.627
0,3.43,89.52,35.23,30.28,48.9,98.77,4.15,50.559
0,7.32,93.03,34.03,79.78,32.2,98.29,6.66,57.153
0,6.93,96.22,38.74,76.45,84.65,87.83,5.23,74.893
0,9.9,60.46,61.4,73.01,90.82,18.17,4.96,701.825
0,3.39,57.82,44.79,45.09,64.46,85.75,5.17,571.485
1,07.05,54.04,50.08,96.01,49.94,67.12,8.51,636.135
1,1.47,89.81,75.35,49.12,84.05,21.59,6.13,679.075
0,02.02,80.77,55.1,36.42,30.62,33.56,5.18,42.275
0,01.04,54.17,69.02,99.04,94.68,72.03,8.64,84.322
0,10.0,62.62,58.87,80.97,90.59,82.31,5.61,78.216
1,8.22,70.4,41.83,56.11,68.14,86.33,7.62,619.155
1,08.08,71.69,35.18,95.19,49.43,58.94,6.69,61.197
1,5.59,93.32,46.54,31.83,32.3,58.12,7.4,43.714
1,3.7,62.83,34.04,31.57,99.99,71.58,4.91,63.138
1,2.36,94.51,73.3,76.18,83.35,80.0,7.39,8.32
1,3.56,66.48,85.7,38.35,53.71,25.35,8.53,54.708
1,4.38,84.78,53.78,93.79,31.35,76.59,4.5,61.313
1,7.81,95.82,57.1,88.03,74.75,40.75,5.63,73.247
1,5.86,94.45,87.13,47.98,99.08,44.54,8.86,7.799
0,1.7,43.42,45.58,91.66,79.5,16.99,5.13,6.589
0,1.16,52.34,38.34,28.22,35.86,62.96,4.3,38.804
0,1.92,68.61,65.08,66.15,58.16,18.41,4.28,5.861
0,4.69,65.89,75.23,95.17,37.64,92.18,5.38,678.195
1,9.4,78.45,71.98,89.15,93.85,65.89,6.47,83.965
1,6.74,96.68,79.97,51.71,53.13,99.13,5.34,6.709
0,8.22,46.74,33.97,38.72,81.34,32.11,5.4,52.827
1,5.2,67.11,59.97,40.79,35.93,71.16,8.16,48.593
0,4.25,51.54,46.7,63.59,38.99,96.8,7.83,53.718
1,1.98,93.65,83.14,69.76,77.56,36.87,5.55,7.426
0,8.88,97.87,91.09,27.46,89.04,18.67,5.72,67.901
1,08.05,68.72,49.69,56.02,44.1,67.06,8.85,52.956
1,2.51,46.24,36.67,87.28,59.28,42.95,8.75,58.821
0,5.61,87.12,47.74,58.32,73.36,34.58,8.87,61.974
1,5.39,81.83,37.28,37.69,85.74,99.42,8.7,6.501
0,6.63,61.28,52.57,96.61,73.97,77.87,7.14,74.471
0,9.52,93.24,67.67,44.97,36.68,53.69,5.54,523.075
0,6.22,98.55,98.16,84.88,68.0,14.5,8.85,7.595
0,5.86,73.47,57.96,39.53,91.92,27.25,7.71,637.185
1,1.45,73.94,45.4,56.74,90.76,36.89,7.56,66.114
1,1.57,57.85,41.68,61.78,70.95,53.85,7.99,59.783
1,2.69,75.07,42.11,62.55,99.7,54.75,6.99,719.365
0,1.29,66.38,43.48,63.74,37.36,12.23,6.92,45.568
1,7.69,58.13,83.36,41.87,63.5,94.9,5.81,6.466
0,7.51,44.03,34.27,63.69,84.26,58.85,4.75,62.555
1,2.22,55.16,99.82,61.13,39.87,11.78,6.19,5.589
1,8.52,51.87,66.59,40.65,98.09,73.12,6.59,7.31
1,2.39,72.52,68.1,99.11,54.78,16.42,8.39,664.645
0,3.71,76.1,55.03,89.92,54.51,74.91,06.01,6.766
1,3.24,76.51,78.32,91.57,44.92,73.13,8.42,692.425
1,4.35,63.29,63.0,76.42,50.16,98.64,5.59,6.545
0,3.29,65.27,53.03,36.99,70.43,40.78,8.72,5.510
1,5.4,90.05,48.56,67.61,60.05,22.99,4.19,58.936
0,4.67,68.57,94.8,86.61,43.54,18.27,6.63,6.453
1,9.88,99.27,50.37,27.91,86.64,16.46,5.61,589.485
0,1.5,66.38,60.55,62.19,34.36,82.93,5.47,5.461
0,2.28,78.97,54.52,54.71,88.43,74.67,4.4,70.896
1,1.48,43.02,36.03,40.91,49.25,97.83,7.41,4.875
0,6.63,79.2,43.02,53.37,64.71,37.83,5.96,56.298
0,1.49,91.09,43.27,98.76,56.67,82.28,8.75,705.155
0,8.53,96.55,78.56,79.24,69.94,18.37,7.56,71.493
0,5.61,99.84,58.46,47.47,85.72,91.35,6.21,726.805
0,5.74,56.93,84.74,70.4,99.25,14.66,7.14,7.644
0,06.05,74.52,79.63,43.5,51.42,80.91,4.33,60.341
1,2.54,67.04,43.44,70.81,68.77,37.66,6.95,60.93
0,2.78,73.83,69.4,92.21,62.62,26.31,7.33,688.635
0,3.87,49.45,82.0,66.77,99.92,73.41,4.53,8.35
1,6.34,91.37,74.31,80.0,86.62,90.63,7.41,83.379
1,2.89,94.57,72.0,59.0,57.8,78.77,6.37,66.714
1,02.05,66.98,81.77,64.31,63.38,38.18,6.4,651.305
1,9.73,56.83,33.97,77.13,47.22,41.82,7.62,524.685
1,1.2,48.45,81.2,85.93,82.87,27.04,6.25,74.276
1,8.22,81.03,49.09,74.46,89.16,84.17,5.17,7.615
1,08.09,58.73,70.03,98.31,97.55,19.64,5.49,80.563
0,3.67,94.57,46.96,86.49,69.61,91.29,7.69,73.964
0,2.22,80.26,88.72,83.29,76.95,64.1,4.35,79.935
1,2.31,78.74,63.64,88.38,61.22,63.0,8.2,7.42
0,7.28,73.56,75.01,46.09,72.64,85.4,6.91,678.445
0,6.79,42.75,85.59,57.4,54.41,70.08,7.63,617.945
0,08.04,95.92,92.67,67.33,81.64,37.38,5.72,772.705
1,9.44,77.68,81.24,59.68,31.59,41.46,5.11,541.385
1,7.23,99.64,40.41,88.56,31.99,25.57,08.02,539.395
0,2.4,72.24,89.82,27.03,80.13,51.77,4.51,6.516
1,3.19,82.61,73.3,40.69,95.15,19.91,4.83,68.387
0,8.58,43.37,72.66,91.13,74.26,68.77,5.42,745.195
0,2.88,77.9,94.49,29.43,80.86,25.23,5.76,648.695
0,1.65,85.88,47.42,42.02,87.68,87.75,05.02,6.803
0,7.33,86.71,46.77,51.34,55.32,73.04,8.56,57.526
1,4.62,86.21,65.92,81.31,37.57,90.24,4.14,64.306
1,9.28,53.58,82.56,67.01,95.32,17.83,08.02,737.675
1,6.85,98.52,61.31,96.6,95.7,81.87,06.06,87.946
0,1.81,99.71,74.37,42.09,60.93,89.27,8.18,65.62
1,9.53,44.54,61.68,90.41,45.2,14.01,7.98,566.135
0,3.33,96.19,72.73,46.22,92.46,99.92,4.61,78.073
1,04.03,57.37,87.56,43.41,79.59,37.06,7.33,65.664
0,4.62,81.36,42.63,62.38,30.58,29.05,5.89,45.865
0,1.46,60.29,78.68,30.34,37.54,47.34,8.11,47.223
0,5.47,98.07,85.12,53.82,98.82,10.78,8.26,7.595
1,2.11,46.09,61.3,51.68,32.67,89.73,4.95,501.965
1,4.61,69.86,52.63,37.01,49.78,34.16,6.39,476.035
1,4.16,65.68,30.95,89.56,68.39,56.94,6.97,6.477
1,7.96,59.56,85.8,53.94,42.9,66.12,6.72,58.228
0,8.23,78.73,52.96,98.64,46.24,81.2,5.26,6.742
1,2.38,47.86,55.01,92.48,54.71,32.52,5.36,613.085
1,4.3,83.0,53.52,39.61,48.87,74.54,8.29,53.465
0,4.36,98.84,64.91,62.88,86.23,20.59,4.16,7.82
0,2.36,88.27,79.17,70.14,65.02,73.38,5.31,72.291
0,8.19,91.6,84.03,86.42,49.5,92.74,5.12,74.17
1,7.37,61.58,57.48,91.42,51.92,17.65,5.85,60.446
0,2.71,59.49,76.42,71.8,32.79,20.5,7.43,527.095
0,4.3,71.02,80.45,27.64,33.46,60.15,6.66,47.828
0,1.95,42.74,50.78,61.1,80.25,14.18,6.7,592.105
1,6.65,96.72,36.76,91.36,37.9,26.87,7.66,55.816
0,02.09,48.63,92.63,78.56,63.31,27.12,08.06,678.995
1,9.87,94.18,77.4,90.26,88.97,53.31,4.8,8.393
1,08.03,45.01,75.37,75.56,55.79,32.36,4.54,6.122
0,4.51,89.36,34.12,28.3,54.2,52.8,5.51,47.085
0,6.21,49.12,87.25,97.6,91.11,56.91,8.14,843.415
1,9.2,42.29,69.62,93.85,90.54,75.76,6.71,808.805
0,5.99,83.17,89.35,34.49,91.61,95.14,4.71,76.387
0,2.57,56.82,98.22,33.45,70.03,55.34,4.82,63.733
1,4.41,82.87,97.0,65.43,96.66,41.95,8.49,8.207
1,8.59,73.31,89.93,81.78,87.33,33.28,5.83,796.555
0,6.8,46.53,30.77,53.66,59.09,67.12,5.28,51.615
1,6.86,95.93,92.0,35.23,74.07,94.86,7.47,72.211
0,8.8,67.14,35.25,63.29,38.53,78.82,8.3,50.954
0,09.05,84.07,89.58,50.32,68.59,28.55,6.21,657.645
0,9.28,70.06,49.61,51.38,48.42,90.4,7.96,55.76
1,1.85,76.26,72.7,73.37,49.85,76.2,6.15,6.557
0,5.9,58.17,32.66,91.42,38.8,21.52,7.46,50.936
0,7.66,52.02,83.98,66.89,55.07,74.15,6.87,6.541
0,7.81,72.55,37.82,76.57,63.7,36.04,8.47,59.860
1,6.46,66.41,58.75,74.5,72.02,54.23,5.63,67.646
1,2.5,63.41,87.22,66.34,51.34,37.02,7.85,62.041
1,8.18,80.35,78.67,48.31,85.46,17.57,7.42,675.145
1,7.48,81.43,30.42,53.33,66.47,79.17,8.19,58.741
1,1.78,42.76,58.21,48.68,74.66,84.58,07.04,6.267
0,5.17,60.32,32.93,93.81,49.47,30.88,6.3,56.473
1,2.57,64.71,77.14,87.0,86.99,31.57,4.25,772.525
1,04.04,45.81,97.83,68.45,73.7,48.7,8.2,7.192
1,1.16,54.15,75.87,93.42,90.36,83.03,8.55,83.873
0,4.6,43.1,45.71,91.48,41.2,16.95,6.25,52.437
1,5.95,99.77,54.87,94.58,56.65,82.78,5.11,727.015
1,6.58,84.19,98.37,41.63,37.91,93.05,7.24,61.074
0,6.97,45.25,45.68,78.81,45.09,60.54,4.61,55.199
1,8.53,41.21,69.31,70.69,57.62,15.44,4.2,57.366
0,2.94,83.16,58.03,80.04,92.62,34.26,5.45,75.775
0,02.08,66.35,83.78,44.75,68.99,20.02,7.4,60.727
0,8.66,87.21,90.72,77.11,53.13,33.34,08.07,68.072
0,2.41,95.41,53.86,55.74,82.28,83.06,4.78,7.135
0,9.77,75.96,76.23,87.56,31.38,15.01,8.73,57.215
1,8.58,51.23,68.43,84.65,55.91,35.54,6.76,63.094
0,5.51,86.93,49.49,40.85,72.06,56.53,8.63,5.967
0,9.83,97.35,49.04,38.79,70.83,88.66,4.75,6.289
1,1.88,74.81,67.7,78.83,72.53,32.5,6.29,69.364
0,3.73,80.92,40.78,66.29,44.81,80.05,6.15,5.650
1,6.74,60.25,86.76,66.79,53.6,62.52,06.06,650.865
1,4.15,62.89,34.83,81.44,95.21,70.87,8.65,740.255
1,9.36,84.08,36.62,89.12,98.18,87.56,8.25,81.131
0,1.59,95.67,53.96,42.92,51.84,12.38,7.97,50.471
0,5.94,77.74,38.27,66.67,75.12,57.68,5.43,641.555
0,6.32,87.39,63.3,87.17,46.89,77.25,5.7,67.328
1,6.87,50.3,57.98,90.46,55.8,89.61,5.3,67.732
0,3.3,52.72,80.53,46.56,85.46,21.94,7.97,65.123
0,4.28,71.92,96.71,32.81,65.08,40.73,5.96,615.875
0,8.59,50.59,82.75,42.46,89.47,17.07,8.89,652.455
1,2.75,78.1,42.56,95.91,74.01,85.14,5.82,74.717
1,8.44,57.5,95.49,59.69,74.02,87.16,4.85,7.439
0,06.06,87.49,57.45,56.39,32.37,53.52,8.65,5.101
0,7.86,88.49,63.19,25.98,82.48,11.87,7.91,5.803
0,7.42,67.83,59.51,28.83,98.45,19.2,6.92,62.269
0,2.87,50.85,49.64,75.15,63.11,66.19,8.29,62.508
1,6.12,78.81,92.65,69.24,41.1,98.44,8.75,67.95
1,8.81,99.57,53.26,68.16,98.39,85.5,8.31,8.63
1,4.89,77.36,70.5,33.27,50.31,81.81,8.52,5.594
1,9.7,42.15,46.8,51.4,58.64,47.62,5.36,51.711
0,05.07,41.04,85.82,85.93,35.42,98.67,6.55,650.145
0,2.29,59.22,84.19,38.12,37.76,84.25,7.98,53.931
0,4.5,51.75,50.74,91.2,45.16,40.21,6.63,57.95
1,9.57,88.78,77.71,34.11,68.39,77.36,7.21,64.62
0,3.88,90.69,79.27,37.69,69.05,48.93,8.61,63.406
1,8.81,55.52,69.38,60.83,72.44,69.44,5.48,6.693
1,8.93,59.54,72.04,95.9,70.87,97.3,6.7,788.715
0,4.15,54.17,70.21,49.72,64.67,32.18,6.82,577.415
0,1.75,94.5,35.73,74.37,86.15,81.55,5.8,7.349
0,7.52,70.16,76.92,69.15,95.37,63.13,5.84,7.938
1,3.8,79.37,62.88,36.22,48.88,95.5,7.85,56.226
0,08.05,64.93,60.69,43.61,39.11,22.1,8.65,45.432
1,4.98,77.86,90.2,94.76,59.76,74.77,7.17,77.909
0,5.37,63.15,31.63,38.86,31.85,13.34,6.44,348.375
1,8.0,60.38,47.59,77.13,91.83,32.19,7.75,70.198
1,4.44,78.07,38.5,97.35,46.78,38.88,8.99,601.055
0,4.99,75.46,32.47,33.96,68.45,48.9,4.41,513.775
1,4.39,57.61,49.3,54.94,38.06,96.88,7.26,52.365
1,4.31,48.96,99.19,41.79,68.73,16.08,6.78,6.84
0,5.73,62.11,48.92,41.62,32.73,25.21,07.05,403.765
1,8.28,64.91,76.46,33.92,83.82,28.27,4.11,6.242
0,4.26,77.72,38.28,73.72,96.88,48.16,8.78,72.582
1,5.72,94.87,72.13,80.98,51.49,15.46,4.43,637.255
0,07.04,42.17,98.91,75.76,48.08,96.89,5.54,69.456
0,3.42,54.62,50.43,94.35,61.36,60.39,5.49,666.505
1,3.5,51.62,89.37,35.93,73.4,83.2,7.67,6.602
1,9.4,70.14,99.83,48.99,43.23,79.52,7.35,62.31
1,7.51,65.78,71.2,50.84,86.23,69.47,4.31,706.555
1,6.19,83.74,51.66,42.41,43.9,91.4,4.75,538.135
1,6.83,54.54,77.15,35.67,30.38,91.21,5.59,4.955
0,1.26,75.67,89.14,61.5,66.7,21.5,7.52,66.265
1,6.56,93.03,41.99,87.58,38.06,91.17,8.65,6.203
0,5.59,94.64,61.68,96.59,78.88,57.15,5.58,792.705
0,5.91,97.53,52.34,34.7,41.72,34.13,6.63,46.911
1,4.23,86.4,49.84,86.74,87.22,64.77,5.86,77.297
0,1.73,94.36,90.26,86.84,62.93,35.28,6.89,747.515
0,2.74,54.07,59.52,54.17,69.64,53.11,7.14,605.385
0,9.56,51.85,53.74,33.25,43.06,83.48,6.59,47.664
0,4.68,40.39,72.25,99.25,40.27,12.9,5.95,58.686
1,5.2,82.41,45.36,74.17,74.19,26.48,8.4,64.47
0,1.47,96.25,46.09,98.66,47.88,96.09,08.01,69.875
1,1.34,51.22,66.42,61.27,57.01,50.06,8.99,58.683
1,7.45,78.22,58.65,54.64,63.56,37.3,06.06,59.187
0,5.84,84.79,50.65,43.54,46.07,93.1,4.19,549.285
1,5.58,95.66,33.78,98.77,85.68,92.01,7.26,8.20
1,3.19,78.81,66.45,43.99,95.76,13.98,7.92,6.708
1,7.7,98.22,87.16,26.78,60.23,42.62,8.68,592.915
0,2.51,60.68,89.6,63.44,94.23,92.15,04.05,8.204
1,2.71,61.0,46.48,53.28,91.79,26.18,8.4,634.605
1,5.15,72.58,71.97,44.6,41.62,62.04,6.58,53.573
1,3.58,63.01,89.91,72.6,42.14,38.87,5.87,61.069
0,3.23,40.09,58.61,52.32,63.42,76.29,5.11,58.637
1,6.81,83.91,95.25,55.17,66.81,24.24,08.07,67.041
0,6.86,85.1,93.21,26.73,53.88,63.64,5.82,5.905
0,8.42,84.82,44.57,69.18,51.9,10.0,07.02,53.856
0,4.76,60.7,48.13,34.16,60.2,32.73,6.56,48.579
0,1.66,71.34,42.63,41.04,78.33,24.59,5.32,557.945
0,3.46,61.6,43.72,78.78,35.91,28.88,7.94,50.55
0,9.82,40.96,93.55,48.49,79.74,87.44,5.49,715.815
1,6.37,73.75,95.18,37.24,94.84,92.33,7.94,7.814
0,7.39,47.43,33.63,68.31,83.45,77.95,06.05,6.554
1,01.07,44.8,71.55,41.12,43.42,63.11,4.15,50.577
1,5.66,85.33,69.5,45.32,36.12,30.78,7.84,49.483
0,1.34,40.57,57.34,71.6,64.33,34.72,8.5,594.125
1,6.12,97.54,74.22,80.49,96.95,37.89,4.6,8.244
1,9.29,70.92,96.32,80.47,87.33,79.93,6.93,85.032
1,9.72,98.98,41.92,61.17,69.39,32.76,4.36,6.113
1,5.86,43.48,38.43,59.07,40.01,97.61,8.15,50.565
0,5.12,75.01,32.34,84.07,79.97,81.68,8.94,7.114
1,9.51,60.96,55.47,39.48,86.91,99.97,6.47,674.755
0,07.06,90.61,53.63,36.42,95.45,51.33,5.57,674.325
1,1.58,61.67,60.16,74.85,72.85,63.04,8.23,68.713
1,5.19,55.63,65.23,55.71,66.01,35.24,6.6,59.164
0,3.16,91.45,83.05,78.25,73.34,64.34,6.25,7.742
1,5.23,62.48,57.45,44.25,96.03,97.65,5.14,72.176
1,5.1,41.01,53.14,49.37,73.97,12.73,07.08,54.234
1,6.24,63.42,87.88,92.25,48.03,36.04,07.03,67.395
0,4.21,79.27,89.49,56.62,74.53,35.32,5.31,695.975
1,2.48,55.26,46.29,69.32,91.58,98.41,05.06,74.008
0,5.53,65.92,52.03,33.0,69.69,21.94,6.19,518.335
1,8.47,43.4,87.76,38.41,65.19,83.11,6.25,62.622
0,6.98,75.29,35.56,27.69,81.34,34.71,4.64,5.350
0,04.05,85.38,52.81,56.83,76.27,87.45,5.38,68.747
1,9.42,64.8,61.38,99.17,33.97,53.9,4.8,60.828
1,9.21,65.21,43.1,90.54,80.77,31.8,8.51,692.255
0,2.88,45.3,42.59,72.47,58.53,73.88,4.37,59.38
0,1.35,52.12,59.74,89.58,95.86,85.74,8.39,81.68
1,7.67,49.28,82.82,69.56,97.96,52.31,6.64,7.839
0,8.45,68.9,88.82,52.66,61.41,74.26,7.33,667.385
1,9.71,71.76,98.55,38.02,97.82,26.34,8.62,73.262
1,09.01,96.94,35.18,73.98,51.76,94.39,5.83,6.278
1,6.4,44.39,45.17,39.48,77.79,18.68,7.51,524.375
1,5.77,75.99,82.96,56.31,35.25,29.98,7.36,53.604
0,1.25,71.59,67.84,86.94,40.15,35.95,8.94,6.10
1,3.22,70.97,52.94,34.69,90.52,23.75,4.23,604.145
0,5.14,92.39,44.39,34.68,92.56,46.6,6.28,63.843
1,6.66,52.33,49.63,41.83,67.28,51.2,8.95,5.428
0,06.02,42.45,60.05,66.39,53.78,56.67,5.64,573.425
1,7.68,80.34,42.4,43.88,61.57,13.67,8.83,50.400
0,3.52,60.71,97.5,62.74,90.87,29.72,08.08,760.325
0,06.08,41.06,37.53,47.65,44.77,82.7,5.7,47.464
1,1.79,55.08,98.99,62.97,50.64,82.95,4.15,670.675
1,4.72,58.56,88.93,45.82,84.98,39.7,5.4,6.880
1,7.75,77.01,59.62,98.5,95.47,51.51,4.62,8.281
1,7.24,50.36,81.79,61.95,36.5,26.51,6.14,52.307
0,9.92,64.78,77.01,80.77,86.26,83.99,8.7,806.625
1,3.5,68.95,44.93,77.54,75.15,96.1,6.56,711.785
0,5.48,67.55,53.73,61.79,46.15,36.22,6.24,52.723
0,3.97,98.44,65.92,42.91,82.91,80.37,05.08,7.81
1,4.97,42.73,74.65,63.3,80.95,41.72,7.11,675.325
0,8.71,97.06,68.0,76.07,39.94,10.24,6.28,573.265
0,7.16,74.92,63.11,59.49,65.16,63.98,7.86,641.905
0,8.94,87.74,61.02,31.14,83.08,46.94,6.58,62.535
0,2.83,65.82,64.88,26.35,43.41,78.26,8.43,49.165
1,8.86,67.23,60.4,49.59,62.39,77.39,7.92,60.775
1,1.54,92.76,67.89,36.27,38.45,95.14,4.73,5.489
1,9.0,93.76,92.16,92.96,51.48,49.4,4.68,74.006
1,3.96,54.32,74.3,38.19,45.26,53.43,4.12,510.235
0,3.83,51.95,80.58,54.57,65.35,46.04,5.85,6.242
0,5.61,69.77,71.82,78.41,39.89,36.72,4.27,58.577
1,9.47,94.02,75.01,86.16,56.82,67.41,6.25,72.572
1,1.43,59.34,70.48,60.83,49.26,84.52,5.21,60.930
1,4.17,79.12,31.88,38.59,82.22,24.2,6.49,551.325
0,8.71,82.49,99.97,45.32,78.98,98.37,4.79,77.053
1,4.56,86.72,32.35,56.42,36.65,71.54,6.75,4.922
1,2.79,73.84,57.66,52.34,96.74,80.21,8.83,73.881
1,4.82,64.15,37.36,51.15,82.13,99.9,7.19,65.41
0,4.47,98.02,36.78,34.89,73.12,55.36,6.82,57.8
0,9.24,76.68,85.55,93.5,63.44,16.42,7.94,71.999
0,7.86,83.71,59.81,27.23,42.45,81.13,04.03,50.111
0,5.55,60.7,86.08,58.0,97.34,88.37,5.41,8.69
0,9.9,80.2,49.1,98.52,30.55,24.62,8.93,55.624
0,5.19,55.47,47.95,74.48,78.47,12.17,7.91,6.243
0,1.52,54.71,47.59,51.66,65.52,22.22,4.45,5.305
0,3.36,82.88,73.13,35.96,93.18,39.16,5.63,6.843
1,4.92,71.28,87.05,97.29,56.65,93.19,6.2,78.007
1,2.41,81.0,61.66,26.05,66.31,10.22,8.67,51.175
0,9.53,56.17,56.55,76.1,81.96,82.34,6.93,72.872
0,7.9,75.92,98.15,91.01,33.33,86.94,4.39,70.334
1,3.41,66.64,38.17,26.89,33.81,82.99,6.55,41.153
0,6.32,75.82,64.06,79.39,44.82,17.4,5.45,576.685
0,7.49,57.45,58.59,99.91,40.25,71.13,5.69,63.641
0,9.47,82.93,36.87,72.97,30.45,95.85,4.57,54.152
1,8.93,88.36,48.77,56.1,73.61,20.83,6.29,604.615
1,5.64,55.59,31.99,90.58,85.72,12.85,7.35,65.889
1,7.97,58.04,91.39,66.56,97.0,88.63,7.8,83.535
1,06.06,79.67,72.55,81.21,60.86,68.04,7.48,708.845
1,5.97,81.74,87.05,69.08,49.58,68.18,7.3,67.025
0,02.03,82.25,66.51,27.87,90.47,96.8,8.35,69.839
1,2.14,80.96,71.97,40.99,89.11,79.28,5.66,71.854
0,5.77,63.57,79.06,30.91,73.74,45.77,05.07,602.825
0,3.42,63.69,93.56,33.0,49.12,49.23,4.45,55.446
1,1.19,55.29,36.42,26.16,93.6,23.02,4.83,54.415
1,7.51,49.41,53.17,56.59,42.49,37.36,4.75,48.33
0,1.29,81.55,79.63,38.4,33.06,50.09,8.56,50.261
0,6.36,45.59,97.08,89.18,85.76,33.5,4.9,79.636
0,5.85,96.27,98.66,81.25,69.46,92.43,4.47,8.322
1,9.72,89.6,74.67,67.99,47.25,11.06,6.0,58.535
1,5.36,91.45,43.55,61.68,76.96,62.83,4.85,66.494
1,1.57,94.4,38.34,44.19,83.67,79.44,4.65,65.384
1,5.97,64.52,96.22,60.62,89.12,75.89,5.81,79.632
1,8.57,90.8,60.37,73.09,49.75,67.94,8.6,63.632
0,9.97,49.48,43.64,83.67,31.79,46.93,4.15,50.413
1,4.87,41.3,95.37,31.13,65.7,92.66,05.04,632.475
0,3.88,87.09,37.32,78.13,89.93,39.61,8.12,71.142
0,9.16,44.49,81.07,80.7,44.55,77.51,5.23,641.815
0,2.72,99.31,73.77,66.92,59.48,93.4,6.21,7.157
1,6.54,80.49,36.14,41.07,47.95,21.55,4.49,44.482
1,4.65,85.21,53.71,65.44,30.94,95.24,7.98,55.976
1,1.37,54.75,40.5,62.7,92.9,79.84,7.68,69.749
0,4.13,80.43,72.31,60.68,39.45,65.49,4.64,580.315
0,3.39,42.59,63.4,59.55,83.67,43.61,8.74,65.472
0,7.17,90.27,30.3,33.31,54.26,91.38,6.95,515.435
0,9.54,50.18,98.3,38.72,49.44,13.96,7.99,53.058
0,3.41,81.84,54.47,32.3,95.87,48.86,7.82,655.935
0,8.3,53.47,48.07,43.19,76.0,78.1,6.6,601.685
1,1.5,44.11,45.57,44.76,78.08,83.0,7.74,60.343
1,5.84,68.89,41.12,43.38,83.18,28.21,5.19,57.892
1,1.63,50.16,99.94,40.82,53.87,14.28,4.11,55.491
1,9.41,83.77,50.66,80.16,69.46,82.26,5.71,7.108
0,7.9,54.25,58.39,86.39,48.92,47.97,4.76,606.195
0,6.92,60.55,90.99,49.53,88.42,22.92,8.91,6.987
1,8.42,74.05,74.93,47.88,71.95,17.7,8.62,6.131
0,6.83,57.1,55.81,88.3,47.04,67.66,4.72,62.177
1,9.72,62.68,92.88,71.79,92.98,62.45,5.72,815.795
1,7.43,88.94,82.48,47.01,70.66,86.86,6.55,705.595
1,9.32,50.75,45.95,78.52,64.65,12.84,5.99,5.780
0,5.65,44.93,75.06,50.84,32.41,88.16,7.5,52.374
1,02.05,59.7,94.57,68.99,93.69,89.85,6.52,83.908
1,5.75,65.46,64.75,99.45,96.66,50.17,6.83,8.320
1,2.14,72.56,81.35,47.62,69.38,16.9,7.39,61.403
0,6.33,62.35,97.98,94.79,60.98,95.21,4.12,8.39
0,5.34,87.39,78.33,49.05,55.17,16.48,04.06,57.625
1,6.6,42.36,37.17,65.52,48.76,63.16,4.89,51.431
0,01.09,65.91,47.12,59.5,70.22,54.38,7.59,60.905
0,2.75,62.94,71.66,83.74,38.97,85.16,5.2,63.716
0,5.42,78.85,49.29,29.58,94.34,55.23,8.6,63.68
0,9.55,97.98,97.03,72.03,42.32,52.22,4.39,6.724
0,4.45,70.62,58.37,82.05,82.19,89.26,6.9,7.694
0,4.82,99.21,62.01,60.41,51.48,96.76,4.13,6.511
0,7.43,58.13,79.11,32.9,45.82,59.43,8.86,51.84
0,6.43,41.85,66.7,43.36,69.05,50.93,05.07,576.255
0,3.69,49.94,56.75,75.98,83.56,84.8,6.94,73.065
0,4.7,63.71,35.36,92.16,80.87,84.8,8.77,732.675
1,2.96,58.98,71.75,56.62,46.36,38.74,4.15,54.503
1,9.69,45.82,90.73,67.03,53.14,61.86,6.56,642.705
0,2.18,65.96,78.0,42.13,90.82,23.87,6.63,669.025
1,4.35,60.29,56.7,55.92,80.63,67.2,5.76,6.628
1,1.23,47.36,38.94,50.26,79.89,85.06,7.27,6.155
0,3.0,57.77,87.14,74.16,48.82,26.88,6.71,6.152
0,08.02,93.19,95.92,98.85,85.44,39.07,5.25,870.265
0,2.81,58.12,57.18,86.0,55.09,50.4,7.53,630.695
1,1.72,82.84,81.0,39.41,58.1,86.06,6.33,632.775
1,5.27,76.72,58.75,68.33,50.13,75.82,6.35,61.632
0,01.09,65.63,65.16,29.98,38.5,38.52,8.76,44.417
0,1.76,54.34,88.55,43.52,59.43,31.87,6.68,580.115
0,8.27,62.14,35.84,37.92,31.19,72.61,7.92,41.39
1,7.94,75.53,67.12,50.17,61.91,53.19,8.34,60.507
1,9.24,61.05,45.02,75.91,80.75,63.42,6.9,68.691
1,8.69,52.89,53.79,62.45,97.25,68.38,7.93,72.535
1,7.15,46.99,75.11,94.97,35.5,60.28,5.55,6.191
0,1.47,92.79,31.91,40.96,49.69,65.18,4.91,498.105
0,08.05,66.42,71.57,52.32,64.59,89.88,7.48,656.305
0,8.61,77.51,49.84,49.74,41.93,88.14,8.63,536.435
0,8.19,69.42,76.86,42.7,38.18,23.41,4.21,48.693
1,5.58,92.35,39.91,99.49,61.66,62.78,7.82,699.485
1,3.1,72.82,81.51,54.04,70.65,49.54,4.14,6.677
0,8.61,68.85,75.19,95.54,87.41,35.7,6.29,799.715
0,7.54,95.48,97.99,54.29,99.85,66.8,7.39,84.346
1,9.83,83.18,93.79,40.31,84.2,55.98,06.03,722.215
0,2.4,46.69,49.83,33.94,45.49,79.74,5.5,470.155
1,03.03,50.66,31.91,89.17,82.36,18.41,4.93,644.075
0,2.91,87.23,75.88,27.41,67.6,37.24,8.89,5.813
0,8.13,90.15,72.2,97.33,61.56,12.32,6.85,705.655
0,2.68,72.71,31.92,56.36,95.5,77.14,4.64,68.884
0,1.6,73.27,38.59,43.55,79.15,92.12,4.24,62.847
0,9.99,77.92,70.93,71.31,77.72,62.86,5.22,732.935
0,1.22,66.35,93.83,34.97,30.82,65.53,6.69,514.835
0,8.52,80.81,93.46,30.41,90.56,14.18,7.76,6.748
1,4.29,46.51,40.6,87.08,85.53,55.34,8.9,700.105
1,8.57,97.68,56.92,56.85,50.93,57.42,8.17,58.932
1,5.99,85.01,33.02,63.87,50.45,13.51,07.06,50.081
1,9.11,77.87,62.85,38.25,33.74,80.41,7.33,497.695
1,9.34,58.98,82.72,29.61,33.56,35.05,6.61,450.955
0,01.08,49.66,85.3,52.58,76.8,75.11,6.17,6.956
0,1.68,64.56,64.93,62.96,43.04,46.26,7.92,54.872
1,3.25,79.69,36.71,82.41,94.65,99.61,4.89,79.002
0,07.02,78.02,56.7,62.58,88.97,29.1,5.67,688.365
1,8.99,62.96,95.25,83.69,54.42,15.24,8.89,668.395
1,5.14,76.8,46.07,33.66,56.6,98.19,6.86,54.937
0,6.46,88.82,52.38,29.8,52.91,31.95,6.49,48.521
0,2.7,41.58,82.28,36.91,36.47,67.18,8.25,49.324
0,8.24,67.04,81.35,82.9,32.2,43.71,7.81,59.34
1,9.71,85.51,93.85,81.95,61.65,67.57,5.63,76.143
0,3.42,72.77,57.17,35.6,96.01,63.65,7.13,675.795
1,5.45,79.09,66.02,27.32,94.21,73.65,4.93,682.815
1,1.78,71.0,62.72,76.4,86.69,11.66,4.26,702.515
1,06.03,99.51,94.94,89.15,74.0,85.26,8.95,856.525
0,5.53,43.28,83.85,81.56,89.94,53.08,7.69,78.275
0,2.3,69.46,88.2,40.21,66.05,56.7,8.65,63.426
1,4.98,45.48,39.32,68.78,42.61,46.99,8.16,492.195
0,04.01,49.59,85.43,81.8,77.89,99.04,6.14,796.605
0,5.7,62.98,60.31,44.19,94.45,82.14,8.31,70.679
0,6.27,49.33,31.63,64.58,31.37,38.03,7.93,42.186
1,01.08,97.82,34.21,48.58,47.6,80.48,5.29,53.477
1,7.85,96.81,77.45,41.92,48.58,49.33,7.12,57.587
0,7.42,60.17,56.04,97.72,36.93,88.3,5.53,634.105
1,4.3,78.38,90.77,93.44,45.78,12.78,5.17,6.665
0,1.48,72.03,81.4,58.43,56.88,41.99,4.41,62.197
0,7.79,88.94,31.52,35.26,95.79,48.68,6.72,624.075
0,9.6,77.65,78.08,79.59,90.22,76.98,5.96,825.535
0,3.16,40.02,43.46,44.18,96.22,26.41,4.44,60.057
1,3.91,85.79,59.58,37.64,38.44,35.77,7.59,46.936
1,2.65,84.81,73.73,53.61,31.96,75.15,7.62,5.533
1,6.19,70.58,91.09,64.74,37.69,16.92,5.18,563.445
0,2.39,94.18,61.93,32.31,94.0,28.1,8.78,6.559
0,4.21,94.51,86.59,67.88,41.02,77.8,7.89,65.876
0,7.27,71.43,84.81,26.15,70.08,88.8,08.03,640.505
1,06.04,76.48,59.02,91.89,45.93,75.59,04.02,66.059
0,4.48,99.79,65.07,94.06,31.44,57.44,8.89,6.325
1,4.78,57.93,79.03,79.98,35.92,18.92,8.95,5.605
1,06.06,59.48,32.18,59.99,79.69,84.45,6.54,63.718
1,01.05,50.97,92.36,44.12,42.77,21.16,8.93,5.168
1,1.71,93.75,83.89,80.81,46.04,44.66,07.06,669.355
1,8.93,84.67,47.46,94.88,56.41,14.54,4.67,628.765
1,1.7,46.34,98.68,36.89,76.01,73.87,08.07,67.583
0,7.36,98.91,42.56,59.94,62.86,55.31,6.79,60.919
0,9.28,83.86,93.99,48.64,96.12,91.68,5.71,82.154
1,3.44,91.03,52.71,51.76,60.39,22.49,5.18,559.705
1,4.33,42.89,83.42,55.43,43.94,83.72,6.59,585.815
0,6.12,70.3,61.95,96.38,67.53,55.96,7.46,727.465
1,8.94,81.92,81.55,44.4,61.56,42.95,8.39,61.443
1,9.48,72.58,40.9,61.95,85.1,67.92,6.99,675.025
0,7.66,80.0,48.87,96.36,95.46,81.14,06.08,8.338
1,1.78,89.07,36.99,60.7,88.54,49.63,7.16,67.432
1,07.02,62.46,90.56,89.77,57.23,30.95,6.48,69.926
1,4.69,90.92,50.74,29.41,45.13,92.42,7.26,5.163
0,5.24,49.77,78.61,96.48,94.01,38.17,07.04,815.395
0,1.44,56.25,87.42,39.06,57.02,99.84,8.89,62.815
0,2.72,42.6,93.1,98.5,83.91,79.06,7.11,8.477
1,8.11,61.87,37.44,38.17,99.27,71.9,7.46,6.515
1,05.09,62.79,92.51,58.33,70.42,11.12,8.46,651.225
0,3.71,88.32,43.81,48.15,63.59,50.37,8.57,56.925
1,4.46,79.19,81.58,57.49,78.99,55.22,4.7,71.776
1,8.69,66.2,81.02,43.79,43.58,43.87,6.27,53.411
1,7.74,79.13,30.6,97.4,64.18,23.5,8.71,6.319
1,3.45,43.17,45.44,47.93,51.86,43.07,8.8,478.455
1,02.06,50.82,64.43,74.0,41.5,16.75,4.95,52.668
0,3.27,77.62,59.4,35.31,72.71,36.18,6.22,57.536
1,9.29,78.48,94.3,86.83,70.3,17.53,5.39,7.477
0,6.23,86.45,55.18,65.69,83.28,77.72,7.95,730.235
1,5.8,64.18,95.59,98.46,91.11,70.4,8.26,8.907
0,6.37,83.35,62.16,56.76,45.43,94.59,6.35,60.316
1,4.29,81.04,97.5,39.66,84.58,44.19,7.38,71.541
0,8.26,97.8,81.61,50.95,55.72,80.76,8.35,6.641
1,5.71,52.91,88.05,80.27,74.02,62.88,7.55,7.516
0,02.05,73.1,37.34,74.43,89.52,68.15,4.78,715.325
1,2.16,76.11,71.03,83.38,47.93,59.27,7.56,6.536
0,5.83,99.92,39.99,30.51,72.07,80.12,4.79,58.854
1,9.43,52.07,50.83,68.53,63.62,13.78,7.27,561.505
0,3.78,71.39,73.65,94.91,85.34,17.24,5.67,7.718
0,8.83,60.77,80.84,33.09,78.81,18.63,4.28,59.964
1,7.88,71.55,32.74,32.08,83.87,35.98,5.13,546.755
1,3.23,53.93,67.17,78.75,50.16,63.2,6.34,62.390
0,1.33,42.86,69.57,48.64,79.3,68.11,8.97,6.492
1,1.92,74.35,35.52,74.39,72.41,74.13,5.28,65.893
0,7.56,60.15,65.05,65.9,61.97,35.27,8.89,60.716
0,2.8,50.92,79.97,98.95,56.48,68.52,5.82,724.435
0,4.34,59.44,33.73,91.68,53.21,20.59,8.8,56.292
1,5.52,42.96,83.22,75.86,30.68,10.9,8.78,51.733
0,7.53,97.03,70.35,44.63,41.87,72.52,4.71,56.837
0,02.02,74.87,88.33,44.64,34.13,74.41,8.14,5.569
1,4.66,88.89,45.26,91.17,89.39,65.99,6.59,78.619
1,5.37,65.39,88.33,68.9,90.21,33.3,7.43,763.335
1,5.87,94.2,36.62,84.2,89.23,93.47,7.88,783.715
1,8.37,69.0,58.27,58.74,87.25,88.81,4.62,726.575
0,2.55,74.44,43.96,32.73,45.49,56.4,7.99,45.980
0,8.27,69.51,91.32,49.95,64.43,99.02,5.51,70.155
0,7.24,84.0,79.34,37.09,93.55,36.88,7.66,69.971
0,6.0,74.0,31.78,83.64,83.18,54.2,6.87,6.919
1,7.3,56.3,30.67,77.54,30.13,93.51,7.42,51.45
0,4.71,48.73,50.39,31.63,62.16,51.59,7.11,497.735
0,2.25,76.37,40.03,71.6,30.75,52.39,08.05,495.445
1,6.99,69.35,74.12,90.56,49.65,17.15,8.47,634.915
0,5.72,45.76,76.47,77.3,60.5,29.02,6.25,63.272
0,6.75,63.74,95.94,63.33,92.5,24.21,5.96,761.905
0,04.04,70.89,96.64,48.39,75.81,60.87,5.21,71.135
0,9.16,89.61,76.12,91.53,55.37,38.66,08.07,70.313
0,6.29,44.57,30.4,56.71,64.35,16.93,8.84,48.93
0,1.77,60.91,55.13,89.15,87.22,55.9,4.98,755.215
1,05.05,89.36,65.92,83.72,50.98,70.23,6.29,67.916
1,7.81,78.91,64.94,86.22,73.05,76.29,7.85,7.563
0,8.15,57.4,72.23,99.23,48.36,85.38,7.18,704.575
0,5.45,90.72,97.24,81.16,63.6,53.38,08.08,76.408
1,09.05,69.6,91.96,27.55,31.73,45.16,04.08,47.861
0,3.41,69.9,37.62,40.41,89.66,71.57,8.56,6.315
0,4.7,98.6,48.62,27.64,33.38,11.2,4.31,39.297
0,09.09,96.83,88.32,39.24,45.71,67.02,6.23,59.857
1,09.07,61.51,87.7,29.61,53.35,46.51,5.38,54.417
0,7.17,48.43,49.28,62.62,73.76,50.76,8.64,61.245
1,8.73,59.54,81.14,27.12,80.4,36.66,5.38,60.768
0,1.8,41.83,77.04,60.44,35.63,21.45,5.87,49.316
1,8.78,41.25,63.15,92.41,33.04,46.13,8.44,560.345
1,3.89,63.73,44.1,81.14,85.93,37.74,6.69,693.275
0,2.6,96.46,92.21,95.8,79.85,96.41,8.49,896.265
1,3.15,92.28,77.45,42.0,88.21,94.92,7.3,755.835
0,4.76,70.69,41.83,64.83,77.36,67.95,4.4,655.135
1,3.26,73.91,79.34,48.89,82.57,91.33,6.17,73.514
0,3.89,40.36,81.9,62.04,56.53,77.61,4.88,63.472
0,2.21,52.93,92.08,66.78,71.31,41.13,4.33,6.947
1,3.67,41.49,45.6,27.71,86.38,64.35,5.87,568.645
0,6.15,85.27,99.21,42.49,42.05,29.83,8.54,56.692
0,4.98,48.74,40.74,77.86,59.6,71.85,4.59,60.532
1,4.12,92.14,72.05,82.97,81.83,14.03,04.03,74.41
0,7.72,78.6,76.0,67.71,67.28,84.82,8.68,720.175
0,09.04,53.77,59.33,45.31,77.72,62.49,6.65,620.215
1,7.81,49.46,63.25,55.38,50.5,15.26,6.79,50.642
1,3.99,77.66,92.36,32.2,32.26,88.46,8.64,54.425
0,7.7,94.05,75.17,96.49,32.04,88.99,7.5,686.745
0,2.37,83.1,64.79,90.15,95.99,86.75,8.13,8.607
1,2.17,60.91,38.98,29.92,96.12,79.69,7.85,62.977
1,4.11,75.24,30.51,37.49,44.79,71.01,07.06,45.776
0,8.27,58.65,38.75,68.58,40.32,45.72,7.44,49.444
1,3.22,99.95,96.93,42.43,31.27,22.27,6.8,53.16
0,1.57,84.93,83.49,95.08,46.19,35.99,5.78,687.265
0,2.19,76.86,97.7,81.67,53.4,41.24,5.43,7.45
0,8.73,65.4,32.5,45.5,46.89,42.23,4.88,450.495
0,6.7,77.09,77.62,25.46,85.82,60.89,5.77,65.724
0,3.28,60.5,33.1,84.96,82.46,28.75,6.88,65.646
1,6.0,41.73,84.74,56.81,35.67,27.07,6.94,5.51
1,5.75,63.71,56.67,73.18,78.81,74.53,7.42,710.365
1,6.9,95.83,36.7,46.52,66.44,10.68,8.4,52.875
1,3.1,77.58,69.76,35.72,39.25,23.46,7.26,4.672
0,8.78,45.04,49.61,75.65,81.77,49.15,4.85,6.687
0,3.78,93.1,76.17,58.77,36.02,23.42,4.13,54.185
0,7.25,56.13,76.07,42.64,42.4,96.38,4.98,55.964
0,1.15,54.63,79.35,35.32,40.45,70.31,8.54,513.515
1,4.35,57.83,99.47,68.54,95.73,48.95,6.84,812.125
0,4.17,74.63,57.07,79.42,78.87,20.1,8.24,683.465
0,5.89,72.68,62.57,46.29,58.79,44.67,5.17,56.397
1,1.65,69.48,86.32,80.14,87.55,68.55,7.55,8.174
1,8.11,83.05,70.49,38.73,45.12,97.19,7.66,5.759
1,2.96,58.99,32.61,50.38,95.18,52.54,08.05,63.583
1,07.09,86.92,89.02,80.87,78.79,72.32,6.68,8.152
0,8.23,50.52,33.6,74.51,69.17,27.58,7.97,57.367
0,06.06,86.96,41.96,45.29,85.63,66.13,8.68,64.994
1,7.67,79.83,37.15,34.16,75.13,31.51,8.79,533.995
0,6.96,80.99,35.45,28.19,92.1,27.83,4.63,5.725
0,4.2,68.89,31.8,87.84,88.04,55.83,7.12,71.606
0,8.28,80.02,33.85,30.64,43.85,29.05,4.57,406.845
1,3.65,44.79,60.97,33.61,46.78,74.92,8.61,489.405
0,6.14,91.09,47.7,42.83,34.56,94.36,8.78,5.88
1,7.71,43.33,38.86,58.43,45.41,45.42,6.5,47.147
0,4.41,48.92,76.11,84.23,54.04,39.02,8.8,63.987
0,3.72,74.61,45.83,43.56,32.02,25.83,7.83,41.307
0,5.13,84.36,31.33,65.76,52.05,45.14,7.48,5.387
1,8.36,44.58,59.29,31.78,84.01,60.37,6.9,597.015
0,9.37,95.25,51.73,59.84,88.82,43.57,06.03,70.275
1,5.91,98.42,52.3,38.32,30.62,66.08,8.82,47.206
1,6.95,76.36,61.17,40.84,30.5,69.62,4.99,47.717
1,9.13,68.87,76.82,52.51,40.24,18.8,08.01,513.425
0,1.89,84.48,73.15,82.1,91.08,72.8,5.84,82.761
0,03.09,59.7,95.61,80.8,62.85,91.03,7.77,763.925
0,7.38,69.6,66.24,56.12,98.8,12.36,4.82,7.5
0,8.41,94.97,63.08,33.9,92.11,59.62,5.87,687.885
1,8.71,97.34,44.94,46.05,92.31,64.35,8.73,6.897
1,4.74,95.62,82.88,62.9,38.99,73.88,6.79,6.289
1,1.8,55.75,39.85,90.21,63.27,44.72,6.46,62.714
0,4.94,53.95,64.38,97.62,99.55,83.68,7.76,8.588
1,03.08,57.86,59.49,72.81,40.43,58.59,06.09,5.589
0,3.62,66.48,76.08,51.3,70.2,46.8,6.47,6.393
1,7.95,58.85,94.23,77.01,54.1,74.73,6.8,7.39
0,1.68,62.45,96.26,50.22,57.15,93.46,8.95,6.740
0,8.45,77.24,41.75,71.91,92.36,83.08,08.03,746.855
1,4.85,85.75,48.33,43.28,71.15,93.76,4.2,633.395
1,6.36,84.13,86.81,45.02,83.11,33.93,7.92,695.115
1,1.81,88.87,66.28,30.64,77.13,20.67,6.51,588.655
1,04.04,41.93,61.71,56.51,67.03,58.09,5.15,59.932
0,1.81,42.86,79.74,71.36,85.42,14.0,8.27,69.371
1,9.65,87.36,72.13,84.16,97.95,70.71,5.35,8.555
1,8.27,71.98,97.95,85.78,97.68,31.6,5.6,8.558
1,5.14,74.69,70.88,99.43,85.26,50.89,4.31,814.325
0,03.01,43.16,62.62,31.58,64.11,69.0,8.89,540.735
0,9.4,55.32,68.0,61.99,41.42,53.48,7.98,54.474
1,4.1,78.3,86.6,64.1,33.11,31.25,4.74,5.588
0,2.45,91.55,72.89,85.34,46.2,89.23,6.45,70.161
1,06.07,95.02,75.29,44.98,53.82,78.81,5.68,62.523
0,9.49,70.03,98.0,30.2,39.09,64.1,4.16,542.445
0,01.03,72.73,73.29,48.53,45.73,72.87,8.64,57.356
0,3.14,89.98,56.62,98.79,35.85,47.38,8.2,6.230
0,9.45,72.26,78.39,92.46,66.66,43.83,8.93,7.373
1,2.54,71.01,76.16,54.64,38.84,24.41,5.21,52.28
1,02.02,94.31,30.97,90.72,81.99,82.32,7.5,7.523
1,6.13,87.4,62.71,27.46,53.29,44.29,4.59,51.227
0,8.76,94.54,82.0,48.57,77.04,72.31,6.16,721.915
1,5.29,53.09,64.93,79.51,91.78,36.99,8.23,739.945
1,9.95,71.46,84.57,41.61,36.02,81.64,04.04,552.335
1,7.11,90.55,61.56,39.88,99.23,19.47,6.4,680.145
0,1.67,46.67,98.83,89.64,75.17,66.25,6.17,797.775
0,9.94,87.68,50.5,71.2,33.74,82.68,7.45,56.745
0,4.67,50.98,36.45,99.18,51.98,69.42,5.19,62.318
1,3.59,88.49,60.1,35.1,92.04,72.65,4.87,69.123
1,06.02,76.72,67.92,51.71,71.74,57.34,7.25,650.265
1,3.74,51.59,54.44,48.34,50.11,60.31,7.21,51.701
0,1.78,68.4,46.96,91.01,95.83,15.93,7.76,7.411
0,01.01,80.91,77.04,44.15,85.11,32.57,5.23,67.582
1,05.05,78.03,56.4,51.51,81.49,74.97,04.08,67.979
0,8.53,65.63,74.2,35.71,92.19,95.09,8.39,7.210
0,6.15,93.96,84.54,83.16,83.88,58.76,05.03,82.328
0,9.99,71.16,83.27,42.83,50.07,75.3,06.09,59.532
0,3.58,70.35,56.27,30.12,70.87,71.52,6.34,5.777
1,3.52,43.74,69.75,57.63,88.96,99.94,4.94,7.386
0,2.44,95.33,61.48,54.36,42.66,81.55,6.6,58.504
0,2.48,50.63,90.96,38.32,41.41,66.49,8.57,539.775
0,3.57,71.7,91.51,35.02,41.13,20.36,5.36,50.658
0,8.14,88.21,54.06,92.24,43.6,42.64,6.6,62.217
1,9.15,52.93,36.42,30.09,37.23,32.56,5.54,36.385
1,9.78,71.64,41.73,32.45,88.63,86.83,8.9,63.326
0,03.09,54.44,55.69,43.38,87.28,50.16,5.1,62.991
0,8.93,85.58,69.5,96.46,40.6,58.18,4.55,66.601
0,3.95,73.86,75.98,31.4,79.39,96.83,4.71,679.015
0,02.02,91.36,53.2,86.2,73.89,85.3,5.84,7.571
0,8.83,93.67,76.72,91.9,49.33,81.08,6.76,7.305
0,6.72,78.92,95.64,53.34,45.92,22.8,7.34,58.707
1,2.48,83.52,75.64,47.04,47.54,12.05,6.81,53.084
0,4.87,72.95,41.1,75.8,81.14,21.3,8.53,64.994
1,3.59,63.07,70.58,77.7,52.35,76.63,5.8,658.335
1,7.63,78.89,67.93,83.5,49.46,46.96,7.56,64.357
0,05.08,94.5,90.95,87.29,31.57,20.57,5.34,6.256
1,9.9,65.0,54.52,45.13,93.58,76.51,7.41,690.905
1,1.49,58.86,59.61,76.52,82.69,27.51,8.63,686.305
1,4.2,63.31,71.91,35.12,63.09,63.01,8.89,578.755
1,5.34,66.12,66.71,63.3,96.0,76.74,7.65,77.053
1,5.53,44.41,80.33,70.97,50.55,64.73,8.71,6.241
1,3.84,69.91,32.83,37.13,77.23,99.43,7.4,59.813
0,7.56,69.66,69.45,30.74,51.36,49.07,8.82,51.424
1,8.87,75.31,38.52,39.61,52.02,38.06,8.49,471.505
1,9.45,61.77,52.06,56.54,89.13,28.11,4.53,6.473
1,8.25,76.79,76.31,91.59,85.09,55.34,6.37,8.115
0,8.66,92.69,41.02,64.89,50.59,86.72,5.74,6.7
1,5.95,97.33,51.62,81.14,35.7,95.22,4.13,62.358
0,8.43,75.02,79.21,38.06,55.03,97.48,6.33,618.675
1,3.73,42.56,75.56,32.95,83.2,57.82,4.74,6.250
0,4.59,98.15,36.37,42.97,37.04,64.47,4.18,4.724
0,3.85,82.35,70.41,48.54,77.05,62.34,6.23,6.765
1,5.21,60.16,40.31,66.11,92.28,51.94,5.16,6.809
1,3.57,48.83,47.66,91.09,42.55,23.7,8.68,54.45
0,9.65,48.61,62.14,56.96,90.35,15.89,08.06,647.405
1,3.82,50.06,37.65,63.91,33.6,49.3,8.78,452.035
0,1.88,42.73,99.56,25.35,76.68,26.76,8.41,60.36
0,5.74,94.13,41.58,27.5,85.37,89.8,7.64,63.463
0,1.51,72.45,84.69,31.28,61.13,78.55,6.99,612.535
0,1.99,82.0,88.09,77.42,44.26,65.66,4.33,67.23
0,2.97,89.69,99.61,61.46,94.73,14.27,5.33,788.385
1,5.18,87.49,60.01,39.47,31.4,66.0,7.55,482.085
0,4.9,92.96,91.19,69.44,68.85,65.9,06.01,755.815
0,8.2,98.04,97.03,65.85,56.1,49.53,5.63,7.26
1,7.66,66.34,42.1,31.66,62.27,69.2,4.52,516.835
0,4.84,97.02,63.56,73.03,67.56,87.21,4.35,730.385
1,4.0,83.4,34.2,82.54,67.43,78.22,05.05,6.723
1,3.85,44.24,73.45,46.49,44.25,52.61,8.17,51.485
1,7.97,80.91,70.7,76.56,77.58,33.61,7.32,7.188
0,1.47,81.2,44.29,39.98,31.34,53.01,5.7,4.324
0,1.12,94.35,85.85,81.75,31.48,95.14,4.31,675.745
0,8.16,62.38,32.61,93.38,63.49,83.8,4.94,667.065
1,5.29,75.09,86.44,58.14,67.93,12.43,6.25,6.435
0,2.18,40.73,31.87,43.35,49.24,80.47,4.77,4.656
1,3.12,59.92,75.98,54.94,68.62,25.35,7.81,6.147
0,9.39,43.73,35.51,43.76,66.13,61.4,7.94,517.005
1,8.74,71.31,47.59,25.09,54.45,82.59,4.68,50.238
0,7.39,89.05,80.53,73.78,75.62,60.52,7.63,7.597
0,5.34,52.39,49.63,28.19,97.06,46.35,6.56,608.185
0,5.68,71.65,65.78,40.78,64.36,38.91,8.81,5.693
1,9.78,52.24,94.07,79.18,85.02,37.46,7.94,77.336
1,9.69,47.24,33.47,74.93,47.33,85.37,6.93,55.253
0,2.94,70.66,86.78,30.5,83.34,84.25,07.02,69.641
0,8.3,44.75,34.57,74.5,75.42,84.1,4.89,64.821
1,2.78,75.24,38.88,94.79,74.78,35.45,8.47,687.155
1,2.92,41.88,38.35,30.59,92.51,81.9,6.8,6.7
1,07.08,46.4,99.59,56.18,46.33,13.3,6.87,561.485
0,4.65,73.0,42.61,79.71,55.79,28.58,6.88,58.134
1,9.38,75.48,92.77,75.08,35.81,56.31,5.38,63.36
0,1.8,41.74,99.37,41.99,80.83,46.61,08.06,6.749
1,5.6,74.4,56.86,37.23,89.07,20.07,8.31,6.130
0,9.27,90.31,74.17,83.82,58.41,13.75,5.44,6.663
1,9.14,83.34,84.54,96.72,54.98,65.01,6.21,7.516
1,2.41,47.87,57.49,82.57,76.11,38.21,4.9,67.387
1,4.3,75.55,41.33,97.24,35.29,11.44,5.19,536.265
1,6.57,80.34,60.36,70.37,50.57,48.78,5.68,60.276
1,2.43,42.23,84.03,94.68,55.63,37.61,8.51,6.793
0,9.71,91.32,84.65,76.78,66.3,61.89,7.13,7.465
1,9.23,94.38,46.14,93.17,63.36,93.68,6.94,735.025
1,2.5,91.03,42.25,37.12,44.61,37.71,8.73,462.175
1,02.09,89.48,94.44,86.17,67.86,99.74,7.96,831.035
0,1.77,84.7,33.08,39.76,94.81,17.74,04.08,599.835
1,9.18,78.01,81.43,27.06,31.9,17.95,4.62,43.812
0,2.74,80.72,33.25,63.82,77.62,74.17,5.24,6.526
1,4.75,88.38,88.65,48.87,73.73,77.38,5.52,72.329
1,05.04,79.75,93.38,28.26,94.71,48.06,8.17,7.167
0,6.39,59.66,50.82,98.52,75.17,35.74,7.85,7.64
1,1.65,62.56,35.18,74.98,73.74,81.46,4.73,65.992
0,03.04,93.82,63.65,92.64,83.89,96.06,6.67,8.423
0,9.38,41.03,50.89,99.93,48.75,99.09,4.55,66.235
1,9.18,81.93,59.2,54.4,71.7,67.1,4.86,65.438
0,08.03,97.29,76.55,44.11,66.36,76.61,5.21,669.535
1,1.17,82.37,44.69,38.79,60.69,84.0,8.53,56.513
1,3.94,99.63,54.99,63.64,35.56,81.9,5.83,57.507
0,6.65,81.25,84.78,70.46,50.48,99.41,8.58,70.305
0,3.48,42.06,75.06,60.43,49.6,82.94,7.75,599.795
0,9.19,89.62,52.84,54.04,80.7,69.63,7.75,68.248
0,6.71,57.08,76.5,37.62,94.45,43.86,08.02,678.565
1,1.65,66.76,83.57,58.14,46.16,63.82,4.48,60.463
1,9.18,58.73,71.47,31.39,35.22,89.23,08.07,492.645
0,9.62,56.11,46.76,89.88,100.0,37.49,5.26,76.182
1,1.7,65.88,30.02,28.52,78.38,12.76,8.92,48.431
1,5.79,62.73,86.2,53.55,92.05,39.45,8.24,7.306
1,3.73,78.0,87.58,32.51,40.07,96.42,8.98,57.110
1,4.54,88.79,78.83,83.12,86.05,81.47,8.69,8.368
0,2.62,57.83,35.36,48.46,86.93,26.84,5.8,58.79
0,6.2,52.82,70.97,33.48,40.6,11.08,8.71,43.164
1,9.62,80.01,87.47,64.86,41.3,70.22,5.65,63.187
0,5.53,80.22,57.28,93.72,50.68,62.11,7.3,66.857
0,1.75,94.07,43.86,93.15,45.18,17.47,08.09,590.265
0,6.58,40.96,71.13,43.72,98.28,96.94,5.91,73.344
1,04.06,91.18,87.84,78.97,55.41,65.6,05.02,72.382
1,8.7,71.26,33.42,27.27,83.29,68.64,8.47,56.643
1,4.91,77.28,71.79,34.89,86.35,86.82,4.52,69.713
0,2.74,45.48,75.02,62.46,57.02,40.34,5.82,59.158
1,2.72,65.96,72.17,42.16,77.78,60.24,6.7,6.481
1,7.92,53.64,75.5,84.87,37.55,61.86,08.02,61.10
0,3.39,55.25,74.2,94.83,57.79,97.06,8.34,7.400
1,7.91,70.25,39.13,25.32,97.71,21.83,6.56,5.756
1,2.85,88.75,46.45,42.47,41.8,78.3,6.87,5.124
0,3.9,84.63,73.33,57.97,57.0,61.76,8.27,637.475
0,5.19,75.46,31.24,67.23,85.34,86.08,6.34,6.907
0,9.49,72.37,74.43,93.69,76.58,84.88,6.8,808.365
1,9.39,65.64,76.58,91.89,74.21,11.08,04.09,71.934
1,2.86,98.36,46.74,72.79,89.73,33.08,8.76,7.209
1,4.22,73.61,71.87,44.3,32.04,26.27,6.83,46.650
0,2.34,55.24,67.39,83.75,83.98,51.55,7.64,744.875
0,5.59,53.81,48.25,40.2,91.78,91.48,5.24,66.352
1,5.15,76.68,62.41,97.39,31.13,10.45,7.28,56.437
1,9.11,71.37,93.67,25.44,69.13,53.94,6.3,61.820
0,9.37,40.46,59.86,67.73,54.4,89.63,4.56,60.953
0,4.45,89.8,74.09,31.63,33.55,93.36,8.15,5.278
0,5.43,82.25,32.47,55.57,59.24,69.16,8.2,5.626
0,09.07,79.71,35.45,72.62,75.08,84.68,4.32,67.962
1,8.26,44.13,35.69,76.72,94.33,39.17,5.95,676.635
0,01.03,61.72,84.48,83.92,73.44,35.74,5.41,73.326
1,3.88,96.12,54.52,69.5,89.97,14.42,6.58,708.225
1,4.8,91.76,45.93,43.85,38.51,55.29,6.44,48.331
1,03.07,57.13,82.31,91.69,44.74,51.02,7.28,6.585
0,2.8,49.42,41.9,85.83,97.92,43.47,5.24,7.339
0,1.34,66.95,47.25,37.0,92.12,20.2,5.11,59.657
0,6.79,61.35,60.17,86.99,46.47,30.77,7.62,59.257
0,3.36,80.93,53.2,97.95,73.47,28.33,8.88,71.768
1,1.47,97.99,70.98,72.79,55.38,94.96,8.73,710.715
0,03.08,61.78,53.65,46.14,62.8,96.98,7.96,60.120
0,8.22,43.73,57.51,70.49,90.26,10.31,4.34,661.195
1,8.66,93.86,90.4,50.69,81.5,25.35,5.19,711.985
0,5.35,42.28,91.92,75.7,46.69,89.99,7.45,668.775
1,4.74,97.17,87.94,65.86,52.12,13.45,5.48,6.335
1,9.8,79.87,90.54,94.71,50.28,94.91,5.97,7.686
1,2.81,96.5,69.88,71.34,84.65,44.21,8.77,7.550
1,2.94,51.98,75.24,41.05,64.31,58.48,4.43,58.864
1,3.63,42.44,69.0,79.38,96.55,78.74,8.31,795.555
1,2.55,69.29,84.99,47.57,87.17,31.95,4.25,69.524
1,4.41,67.04,68.57,45.43,44.78,19.06,5.69,493.545
1,9.2,59.89,37.78,54.38,85.02,82.9,6.78,65.187
0,6.54,97.46,86.67,25.9,65.43,98.62,5.78,663.175
0,4.71,89.36,83.24,97.69,47.76,69.29,8.79,736.515
0,9.41,79.69,87.42,64.92,55.43,84.27,6.52,695.105
0,1.44,49.77,43.33,83.01,98.05,94.72,7.67,78.185
1,2.89,84.06,49.01,44.34,63.88,30.57,7.51,54.708
0,06.09,83.62,50.7,81.0,80.37,41.54,8.18,710.355
1,6.54,65.5,65.57,67.54,63.4,29.71,8.32,61.709
0,1.36,95.49,39.37,56.81,56.01,15.56,6.33,5.278
0,4.63,50.02,56.98,97.8,85.75,75.9,8.32,784.505
0,6.84,56.04,42.75,62.04,89.38,23.11,7.27,63.258
1,7.28,43.79,48.53,74.31,35.03,18.34,7.43,46.757
0,6.74,87.73,79.45,26.15,49.53,42.19,4.87,5.275
1,3.89,77.31,89.84,47.61,65.55,15.45,5.23,62.89
1,1.84,58.9,31.6,91.65,52.15,26.16,7.44,55.991
0,4.84,49.83,69.61,81.92,84.85,16.29,5.33,707.115
0,2.16,42.41,32.52,65.26,38.03,88.96,6.45,492.665
0,9.53,50.0,35.97,92.51,85.85,80.18,6.45,73.387
1,5.28,67.2,79.36,61.47,73.25,87.36,5.17,72.333
0,3.86,54.83,81.49,67.49,50.26,88.15,6.83,650.595
1,7.9,55.54,86.98,53.66,54.11,95.01,6.82,648.045
1,5.48,92.53,63.2,71.5,42.8,26.8,4.65,57.428
0,3.79,70.91,90.19,48.93,47.68,91.0,5.91,631.495
0,8.31,83.76,41.68,53.91,80.21,57.25,5.83,63.988
1,8.8,42.14,47.48,97.47,56.31,24.96,6.81,60.282
1,07.06,61.91,39.42,33.35,78.12,69.02,7.75,566.565
1,1.42,68.75,85.83,32.89,65.99,39.43,04.09,59.303
0,6.1,51.19,46.01,28.25,40.17,14.18,4.66,36.861
1,7.87,47.21,40.89,49.0,64.93,17.08,5.51,49.582
0,2.23,92.22,73.62,54.87,82.95,48.13,08.05,71.509
1,03.06,96.37,35.4,32.09,50.84,84.38,6.4,50.971
1,8.94,44.73,33.14,66.18,75.37,37.99,6.55,578.245
0,1.18,60.94,37.47,68.75,43.93,78.95,06.05,5.404
1,7.77,97.5,30.02,81.33,39.5,15.02,06.08,51.413
0,5.26,44.99,78.79,98.2,55.22,45.44,8.89,68.678
0,05.02,78.62,69.36,71.45,57.24,21.47,8.49,617.775
1,01.06,98.33,44.69,33.37,83.27,87.72,7.63,65.03
0,8.37,98.69,46.31,31.64,62.21,97.11,5.62,58.525
0,4.24,68.27,86.77,83.32,35.69,39.31,6.57,61.433
1,5.87,49.76,65.13,73.78,74.38,99.0,7.45,72.38
0,7.1,52.13,78.9,37.14,62.85,77.71,5.97,600.465
0,7.32,93.38,61.69,44.0,53.22,10.11,6.62,5.231
0,9.6,94.7,46.64,81.27,86.16,53.67,4.73,746.385
1,5.78,76.47,97.93,67.46,40.81,85.07,4.47,668.885
0,4.6,85.97,69.6,68.88,93.92,58.05,4.84,78.414
1,9.58,84.4,39.17,40.75,53.38,59.5,7.78,510.945
1,6.78,79.71,58.43,72.18,62.27,50.29,4.95,6.452
0,3.68,89.64,53.05,82.8,95.05,45.55,8.62,7.809
0,2.14,81.12,44.99,91.39,83.29,12.47,5.84,70.356
0,8.58,72.04,95.34,80.25,35.2,65.96,4.85,6.525
1,4.26,54.22,91.66,68.23,70.48,79.01,8.13,733.805
0,6.94,84.63,43.94,75.49,51.73,81.12,6.28,62.341
0,5.24,68.41,54.65,61.38,65.59,66.22,5.94,626.945
0,2.79,57.69,83.36,42.02,82.01,40.71,5.65,657.205
0,6.42,88.12,44.6,91.17,64.73,12.03,5.65,64.383
0,1.55,81.8,71.41,64.95,34.97,90.62,7.32,60.001
1,4.72,96.24,78.99,69.57,67.1,48.61,6.7,711.605
1,5.92,49.93,75.78,99.26,31.69,64.11,6.34,624.665
0,4.92,78.95,79.45,98.88,54.39,27.51,6.24,702.925
0,7.74,54.65,79.47,68.97,63.46,22.78,4.71,6.309
0,8.45,94.21,97.54,27.55,75.13,17.81,8.14,63.893
0,7.94,45.97,54.25,54.71,65.43,81.89,8.63,60.214
1,1.35,79.37,91.5,95.3,40.64,68.18,08.01,71.104
0,2.75,87.47,31.53,46.62,95.26,65.9,6.26,6.663
1,5.83,61.3,50.17,99.95,75.52,92.75,8.86,768.585
1,9.41,97.25,33.41,31.32,52.19,24.28,07.09,4.493
0,8.51,91.04,75.58,67.61,97.62,25.32,7.87,778.215
1,8.58,57.68,37.06,63.66,91.78,27.05,7.71,63.922
1,3.73,40.45,89.2,44.15,40.04,48.1,7.54,517.465
1,4.87,57.8,75.26,96.15,75.88,88.68,7.21,8.29
1,5.24,56.88,32.02,71.44,69.2,89.33,05.06,63.105
0,2.42,93.4,80.03,42.27,43.5,63.15,5.47,57.453
0,1.28,98.03,90.34,53.8,46.34,69.23,8.43,6.446
1,9.52,44.23,76.28,79.09,69.46,90.8,4.9,728.425
0,3.17,68.28,32.14,47.33,52.49,66.18,4.76,5.7
0,3.16,72.9,90.05,90.97,88.44,30.68,5.42,820.645
0,1.75,45.57,81.27,37.43,36.84,73.44,5.81,504.065
0,9.36,62.65,56.49,44.84,93.98,79.29,6.77,69.595
0,6.22,59.02,53.0,35.87,88.84,67.18,07.03,6.328
1,7.0,72.16,63.59,32.81,81.7,34.62,7.95,6.19
0,9.2,79.67,90.7,47.52,48.38,45.99,4.37,59.519
0,4.11,82.21,47.64,99.94,80.05,52.35,05.04,759.865
0,6.59,48.21,37.07,32.07,60.71,23.08,6.53,43.809
0,1.35,88.78,90.52,40.98,74.36,50.7,5.25,6.832
1,2.68,80.71,31.84,45.37,51.88,24.51,8.37,46.390
1,8.48,93.34,93.77,71.43,88.51,54.95,7.2,8.241
1,7.9,66.96,51.4,80.9,32.84,14.57,6.45,50.152
1,4.16,93.63,65.58,81.4,78.4,95.37,4.0,7.980
0,4.39,91.95,39.26,25.65,88.0,32.17,8.29,57.476
1,5.8,66.3,93.16,73.89,75.25,52.03,6.3,7.527
0,1.0,62.87,82.49,72.31,43.44,12.95,6.66,5.736
0,3.17,95.97,94.69,63.82,49.95,27.34,7.49,647.065
0,2.87,82.91,77.83,53.44,66.04,72.39,8.69,6.757
0,3.25,95.69,42.93,84.81,53.06,20.06,4.79,599.345
0,8.25,87.82,51.58,50.79,30.34,66.53,4.36,49.67
1,3.52,76.56,64.08,42.25,32.85,10.19,4.61,43.551
1,2.72,46.95,72.51,48.26,83.74,51.85,7.7,65.756
1,5.54,57.49,94.85,57.97,35.86,74.92,4.65,592.545
1,8.79,98.13,56.88,41.05,94.96,93.37,6.5,740.245
0,3.17,59.17,79.22,70.57,60.99,54.36,7.53,6.618
1,1.71,45.6,97.27,91.32,83.07,85.65,7.56,8.448
0,4.21,82.45,40.67,69.66,38.79,82.23,06.03,55.593
1,7.73,84.04,90.39,58.5,94.86,36.62,7.49,77.97
0,5.96,57.13,59.45,84.77,32.37,88.73,8.75,58.998
0,8.35,57.86,81.27,81.1,32.95,67.63,4.14,60.610
1,9.64,68.13,50.55,52.53,33.82,19.38,7.36,438.305
0,8.13,41.31,53.38,70.31,37.24,94.52,6.61,548.705
0,6.43,87.36,31.9,79.74,64.08,25.9,05.06,60.069
1,5.44,59.03,98.0,43.41,85.18,52.33,5.54,7.140
0,1.36,91.23,86.94,52.47,49.95,51.97,8.19,6.230
1,9.86,88.16,36.57,32.93,82.2,66.27,6.93,597.595
1,4.45,79.68,99.97,99.08,84.18,69.85,04.07,89.18
1,2.37,59.49,72.35,31.44,93.58,30.96,8.83,64.128
0,7.0,70.98,89.76,37.65,40.45,41.72,7.33,52.791
0,3.56,66.69,34.67,60.99,39.49,23.01,6.21,44.973
0,6.27,60.33,57.26,89.9,38.55,21.34,7.56,555.865
1,6.28,90.89,76.88,51.69,55.15,84.26,05.02,65.116
0,05.01,69.01,37.45,82.64,64.26,77.56,5.3,65.298
1,8.53,89.96,64.22,75.7,62.31,49.84,4.76,675.575
1,3.38,46.31,60.99,72.9,47.99,18.63,5.99,53.713
0,05.04,48.46,45.12,88.38,73.54,50.49,8.52,66.753
1,5.84,98.64,51.02,26.06,53.68,36.5,5.94,49.021
0,6.97,75.27,97.7,94.69,55.63,80.01,5.44,7.821
0,08.06,70.59,50.21,87.19,37.39,18.7,7.52,53.855
0,4.55,71.39,44.94,95.34,71.46,50.62,8.35,70.035
0,6.81,52.92,67.53,84.52,75.87,63.22,5.22,728.045
0,2.36,83.12,76.97,90.89,83.06,98.72,08.04,853.715
1,9.39,45.09,80.76,40.23,93.28,18.06,5.52,6.517
1,4.45,74.4,82.8,48.94,83.62,20.26,5.24,67.528
1,7.57,74.25,32.58,48.64,46.5,98.92,6.36,52.268
0,1.18,94.85,57.56,33.19,46.5,46.51,4.33,502.205
0,2.85,71.57,84.18,79.72,94.06,76.93,8.31,84.537
0,5.38,48.22,93.34,35.21,85.31,80.51,8.37,70.202
1,8.9,74.37,72.15,28.94,84.76,38.31,7.39,62.599
0,5.75,45.48,33.66,83.16,80.38,29.29,5.51,63.132
1,9.37,52.23,57.77,92.85,48.7,34.85,4.83,60.519
1,5.35,41.87,35.2,82.31,89.32,78.8,7.49,7.94
0,5.41,70.8,82.4,86.9,40.0,85.64,4.52,67.849
0,02.08,45.07,34.45,69.67,54.5,72.96,06.06,551.855
1,8.22,68.16,43.0,91.58,54.25,49.71,4.44,62.269
0,3.22,95.98,59.19,62.25,69.21,33.63,6.13,64.585
1,9.1,83.19,62.39,99.12,62.44,48.27,4.67,72.258
0,9.2,44.64,58.45,32.76,62.19,92.31,4.16,553.415
0,9.49,53.45,62.44,85.69,68.75,87.69,6.25,72.087
1,5.68,80.42,79.93,73.1,59.08,39.1,6.84,66.891
0,07.09,93.68,55.85,68.55,47.5,39.51,6.2,5.825
1,08.01,41.98,68.34,79.44,76.49,80.2,4.88,7.251
0,2.18,88.75,51.24,88.02,85.34,48.39,4.39,75.836
1,6.41,73.71,54.75,89.72,63.53,61.55,4.63,691.415
1,1.31,72.77,72.97,38.15,75.46,48.01,7.64,6.262
0,5.48,97.47,64.33,39.78,67.48,31.81,04.08,59.357
1,2.39,84.86,80.61,26.21,34.13,27.0,8.32,4.580
0,2.65,91.01,69.24,34.89,59.62,22.56,8.2,547.945
0,4.29,61.24,86.25,44.79,30.69,11.03,8.4,46.416
0,4.89,73.26,61.04,79.08,76.33,35.26,8.39,695.455
1,6.61,76.92,64.37,60.68,65.57,25.43,7.34,612.285
1,1.67,59.3,76.9,81.84,38.88,33.22,8.24,5.870
0,5.53,74.21,45.49,61.49,67.95,16.82,7.65,57.356
0,2.64,54.2,57.02,66.67,92.89,40.74,5.5,70.077
1,6.17,48.6,73.74,33.33,53.83,56.8,7.78,52.461
0,6.74,62.44,32.02,83.24,98.77,95.01,07.08,775.285
0,06.01,84.36,60.59,81.86,97.16,41.24,4.14,79.149
1,7.64,94.97,71.92,48.07,84.97,12.79,7.93,6.691
0,04.02,67.46,97.72,49.64,86.97,42.61,8.35,734.005
1,7.89,78.57,91.39,41.48,58.74,83.55,6.59,6.541
0,4.89,46.18,49.65,86.04,58.18,40.61,6.44,60.482
1,5.36,94.27,65.5,81.03,96.81,36.26,6.14,8.29
0,6.83,74.12,33.95,70.69,55.63,92.71,7.59,60.616
0,1.17,86.82,46.85,42.91,36.78,36.75,05.08,453.275
1,6.89,87.67,84.24,37.89,40.69,97.32,7.87,59.061
0,6.57,55.39,38.63,28.77,79.73,84.94,5.46,56.857
1,3.79,71.75,48.04,28.42,56.81,71.58,5.31,50.929
0,1.77,97.63,96.08,39.04,43.95,63.85,08.05,60.506
1,1.82,45.38,87.67,32.54,86.97,30.23,4.87,6.366
1,9.31,80.98,84.73,66.71,64.21,75.74,8.31,7.176
1,7.2,97.74,90.52,51.86,69.73,41.24,8.89,693.725
1,2.14,58.03,82.47,58.37,40.78,53.71,5.6,56.533
0,4.21,91.69,38.44,69.56,43.49,19.37,8.64,5.140
0,6.33,96.02,66.16,74.43,38.81,36.65,6.83,58.69
1,8.52,84.83,61.1,73.62,66.02,57.62,5.3,67.977
1,1.39,53.88,51.78,44.56,84.3,52.12,6.26,6.160
1,3.13,60.04,88.38,85.72,81.26,40.92,8.0,77.643
0,09.01,42.15,62.49,93.83,48.29,52.47,7.33,62.319
0,01.08,89.89,34.22,48.7,89.61,77.04,6.47,670.755
0,2.81,90.98,49.25,26.28,37.4,51.34,5.29,43.742
0,9.63,77.96,46.0,92.44,37.98,55.55,7.63,58.954
1,6.52,61.15,92.12,94.27,89.45,73.1,5.57,86.724
1,3.36,44.61,75.32,28.82,47.11,85.75,5.65,51.793
1,1.6,85.18,69.23,25.37,79.57,57.42,7.73,62.298
0,1.25,83.59,65.47,86.23,30.64,95.34,6.79,632.685
0,3.2,94.76,75.51,47.61,36.55,41.81,4.93,5.345
0,8.93,83.83,82.84,93.59,72.65,32.73,7.44,7.704
1,4.74,89.72,68.81,41.26,42.77,72.38,5.29,55.256
1,7.48,84.76,95.68,89.59,31.97,25.82,7.8,63.781
0,9.26,77.84,98.38,30.15,62.69,91.0,6.39,66.039
1,4.67,65.62,99.67,44.55,53.14,44.79,6.97,607.115
0,2.72,94.13,76.86,97.98,86.16,72.83,7.0,86.719
0,5.65,79.06,95.28,42.34,87.32,61.32,4.73,74.241
1,9.17,63.9,58.31,34.98,73.01,14.9,7.25,538.405
0,8.24,45.01,90.17,89.28,50.51,73.82,8.34,6.991
1,1.59,57.44,93.64,33.84,62.31,81.1,8.46,628.505
0,7.23,72.62,93.29,32.31,79.16,98.42,7.44,715.455
1,6.15,56.54,88.16,49.26,34.85,47.45,8.84,52.543
1,9.17,53.27,58.46,72.65,53.27,55.26,6.99,59.352
1,2.1,71.64,41.12,78.31,87.57,88.74,5.27,7.448
0,5.81,50.19,53.38,91.09,58.42,34.23,7.3,623.375
0,8.92,88.02,83.71,65.57,73.73,27.02,8.55,7.44
1,4.69,69.06,46.3,54.51,36.74,21.96,5.79,44.848
1,5.34,74.43,63.48,51.91,84.39,98.04,5.32,72.457
0,1.63,48.84,69.58,88.52,37.03,34.33,8.83,573.235
0,3.5,59.47,72.27,79.29,90.31,78.17,7.83,79.649
0,3.92,64.61,95.5,92.91,37.46,50.47,4.25,669.465
1,9.51,88.49,76.3,97.3,92.36,31.65,6.81,8.392
0,3.54,86.21,85.04,47.5,55.46,92.2,5.17,6.613
0,5.15,53.38,70.73,64.73,73.72,51.74,5.43,666.425
1,07.04,76.97,88.35,72.39,89.26,60.94,4.44,807.995
0,2.46,54.61,48.46,37.29,30.72,30.02,5.15,38.229
0,5.38,99.29,44.69,29.0,48.6,39.17,6.53,47.44
0,7.65,97.13,94.84,90.08,93.58,77.29,4.39,9.168
1,8.8,73.8,78.54,65.16,57.17,40.87,8.45,634.745
1,6.64,81.93,77.01,67.81,79.45,55.54,7.88,73.909
1,07.02,88.09,62.71,66.62,39.8,20.29,5.91,53.965
1,2.14,83.26,56.37,81.62,77.49,86.51,4.65,757.775
1,9.51,81.99,68.9,35.91,35.12,76.38,8.97,5.88
1,2.19,97.51,38.44,71.05,80.21,78.47,6.82,71.122
1,7.97,75.79,61.83,60.21,52.67,26.04,6.11,56.036
0,3.38,78.18,61.88,92.27,62.61,54.56,4.99,70.631
0,9.4,90.96,67.68,63.97,41.64,12.48,05.02,544.465
1,7.48,80.19,74.43,95.72,73.95,38.36,7.98,765.535
0,7.78,83.98,97.01,51.49,53.63,41.32,6.6,63.575
0,2.97,54.05,75.65,97.52,56.84,92.23,8.92,7.403
1,4.99,62.28,91.86,90.64,75.65,99.35,8.77,836.725
0,6.56,48.84,68.94,68.82,42.52,65.6,05.03,57.319
0,7.93,70.35,73.88,51.53,89.64,56.51,9.0,7.171
0,1.94,67.34,34.89,53.19,81.75,49.61,8.93,60.583
0,9.66,99.83,39.33,82.96,70.44,11.65,8.0,6.440
0,09.01,76.67,70.58,68.55,38.98,82.01,5.95,607.645
1,3.43,87.19,57.7,55.12,78.1,70.46,5.12,68.42
1,8.4,60.04,85.92,72.7,31.27,68.44,4.52,591.515
1,5.66,89.89,68.02,79.99,86.31,82.81,4.26,8.108
0,5.16,76.91,91.76,26.72,51.27,93.52,8.1,6.1
1,3.83,81.82,98.06,31.74,38.2,45.06,8.73,53.605
0,6.23,57.67,40.33,32.09,41.51,48.38,7.86,41.222
0,7.57,72.92,57.64,42.4,97.42,97.76,7.8,73.293
0,4.7,78.04,76.55,57.02,84.17,69.8,06.08,7.380
0,6.66,75.35,51.38,85.27,46.65,86.62,7.21,64.118
1,7.29,94.91,48.69,51.33,97.44,29.94,7.36,691.595
1,7.4,93.9,86.96,26.31,39.81,38.54,5.29,51.147
0,1.47,98.26,98.63,61.25,81.35,45.24,7.69,7.786
1,8.74,80.05,84.17,99.75,75.97,38.52,4.73,80.218
0,5.12,98.31,66.66,51.18,87.5,89.58,5.47,75.541
1,3.36,89.95,60.98,97.09,56.72,56.04,6.95,709.195
1,3.18,56.25,67.78,32.6,58.13,95.83,6.7,572.595
0,5.35,65.65,62.4,37.98,73.72,38.92,7.52,5.823
1,8.98,54.3,65.2,79.31,57.87,13.35,6.91,59.887
0,4.41,40.25,44.24,62.59,32.89,22.43,4.25,42.275
1,7.75,51.28,93.26,82.38,81.08,29.54,8.89,75.707
0,1.87,40.24,82.82,89.77,74.87,67.6,7.82,75.995
0,5.28,83.19,77.67,43.83,59.66,26.3,8.4,5.832
1,9.93,65.53,96.49,76.21,51.2,44.33,08.02,672.565
1,7.93,58.75,49.91,70.57,52.45,81.58,05.06,60.015
0,2.89,85.7,35.68,89.62,81.87,21.23,8.66,688.885
1,5.51,89.95,87.83,57.26,81.04,17.24,8.92,70.964
1,3.1,98.52,99.89,28.89,87.32,58.6,4.39,7.347
0,4.69,78.52,70.49,68.06,83.35,72.83,4.79,754.205
0,08.02,67.69,34.12,96.92,83.06,91.99,8.95,76.093
1,7.94,58.32,84.63,26.1,47.62,69.58,5.47,52.907
0,03.05,53.34,35.16,43.02,37.11,95.16,8.1,456.255
0,9.3,52.78,67.8,48.71,83.32,32.01,4.37,63.378
0,6.33,64.55,49.43,82.44,36.9,40.76,7.66,53.942
1,4.42,99.51,94.05,49.25,98.75,85.54,7.51,84.19
1,5.52,40.05,61.59,42.93,91.26,82.99,8.69,672.955
0,6.45,51.83,92.89,73.64,67.34,69.84,7.64,7.272
1,06.04,51.3,50.94,28.48,54.65,55.54,4.21,471.195
0,5.38,83.03,57.12,37.79,66.88,11.59,6.25,537.415
1,5.54,61.15,96.3,55.6,81.4,35.24,5.74,71.289
0,2.59,67.44,44.09,51.67,82.94,24.25,6.85,59.933
0,8.31,48.92,70.5,51.04,35.16,14.61,6.14,45.519
1,5.88,64.3,57.2,33.14,86.34,79.85,5.4,6.435
0,2.18,46.19,84.19,52.06,74.9,21.82,7.31,62.869
1,7.9,71.98,39.05,84.85,32.84,42.17,5.56,5.193
1,9.39,45.88,60.61,56.04,51.92,97.97,8.25,58.689
0,9.53,87.43,78.93,68.96,65.74,46.82,5.61,69.46
0,4.32,74.0,58.49,37.27,43.19,22.74,6.58,45.806
1,2.22,83.44,34.1,30.23,40.87,72.08,8.13,44.234
0,5.67,65.11,79.36,91.0,31.0,82.89,8.11,64.272
0,02.01,62.89,65.22,49.85,93.81,35.12,6.93,68.141
0,9.41,45.89,30.79,51.28,33.93,82.84,5.9,437.265
0,2.65,71.43,72.89,90.83,55.62,34.44,6.79,673.395
0,3.27,70.87,94.39,78.08,44.4,72.38,8.25,6.826
1,4.66,68.09,37.77,81.72,81.87,21.23,05.09,655.705
1,4.45,84.43,71.35,76.15,79.5,48.5,4.61,744.255
0,8.15,89.95,81.01,32.93,86.44,56.84,6.91,693.675
0,5.11,85.05,34.95,96.85,73.18,75.28,6.87,728.485
0,2.54,48.63,31.58,93.19,71.42,68.5,5.47,6.632
1,3.4,77.32,62.49,42.72,58.5,86.8,6.17,60.065
0,5.58,44.82,85.38,85.3,74.55,26.59,4.44,716.345
1,2.33,81.68,41.25,55.7,38.06,69.51,4.65,50.615
1,6.5,62.91,88.56,76.28,77.92,21.5,8.14,72.495
1,06.09,47.95,75.96,37.42,37.27,53.03,6.32,4.768
0,7.43,91.72,53.25,65.39,90.32,57.21,4.5,735.025
1,9.44,76.84,66.11,34.5,65.4,12.45,8.81,53.666
0,9.21,61.28,97.59,65.21,67.12,16.33,05.05,670.735
1,9.51,41.84,45.15,43.27,70.94,85.53,5.58,574.135
0,3.2,72.24,64.97,58.93,84.32,35.81,8.86,6.804
1,2.18,95.39,73.71,75.1,63.49,41.15,4.9,693.925
0,3.72,75.78,39.66,90.78,59.93,67.64,8.84,659.445
1,09.06,98.3,33.05,37.4,50.18,29.86,7.61,4.633
0,9.75,48.19,30.94,92.0,38.96,27.36,6.13,50.379
0,8.73,74.1,52.73,54.25,43.32,47.94,6.97,5.147
0,1.99,87.89,35.18,88.28,30.04,15.31,6.54,49.940
0,9.53,71.53,86.26,63.44,90.86,92.53,08.02,81.319
1,4.81,45.46,99.81,89.67,83.55,94.61,4.31,85.629
1,01.08,74.97,34.29,74.71,45.31,50.34,08.07,53.925
0,4.98,76.7,60.29,63.15,30.17,28.83,8.85,48.958
1,1.41,83.72,31.8,48.44,64.45,52.35,6.15,546.345
0,5.89,85.67,39.38,97.67,58.88,18.99,4.96,633.675
0,04.05,86.25,52.6,85.07,84.32,45.8,4.54,745.045
1,5.26,79.81,57.56,53.59,58.2,16.63,5.73,549.235
0,6.52,52.95,95.78,37.5,90.49,73.55,4.65,728.525
0,8.82,64.25,57.71,83.47,36.71,34.81,5.15,55.164
1,6.96,86.57,64.74,99.25,55.61,56.86,7.27,7.156
0,4.91,97.21,47.19,45.92,95.38,11.22,06.08,6.514
0,8.37,44.74,30.01,93.69,30.82,57.22,8.51,504.075
0,9.15,72.13,92.95,34.4,57.36,10.29,6.32,5.550
0,02.08,58.75,35.72,96.42,48.18,93.27,4.77,63.314
1,5.79,53.52,97.5,80.9,67.23,55.1,4.69,741.175
1,3.56,70.35,39.16,50.99,49.51,19.01,7.47,4.684
1,1.42,76.37,72.34,47.85,90.89,40.69,7.17,6.994
0,07.02,40.59,99.96,73.26,95.6,14.15,7.54,77.241
0,8.76,86.81,39.69,69.51,89.44,57.78,5.69,710.785
1,2.47,89.19,59.68,93.92,57.9,21.01,8.58,66.701
0,8.31,97.93,84.63,82.47,99.3,52.58,4.57,8.734
0,8.68,50.84,32.25,65.53,81.45,37.5,4.16,6.17
0,9.23,75.67,78.28,94.57,54.89,78.54,7.71,7.393
0,3.39,65.6,35.63,69.45,36.56,53.4,7.39,491.845
1,9.14,60.09,46.56,88.73,76.69,86.34,6.47,72.979
1,3.89,73.94,41.21,88.07,81.0,94.72,4.22,754.755
1,5.97,86.94,93.51,93.94,38.57,97.26,4.57,741.065
0,1.45,41.38,42.63,30.07,68.48,33.42,4.98,47.491
1,1.39,98.16,32.83,68.79,99.1,79.08,7.19,761.725
1,7.48,88.59,71.13,60.13,52.84,49.43,7.32,615.545
0,5.0,85.07,54.23,61.79,51.13,48.36,7.38,57.532
0,3.31,85.62,58.4,59.49,93.23,88.14,08.02,76.559
1,2.71,63.34,38.33,87.81,38.22,23.11,4.12,516.405
1,07.03,85.1,82.38,48.88,95.35,53.0,7.22,758.785
1,1.0,63.21,72.11,59.71,84.56,63.36,5.26,7.160
1,8.25,93.92,55.5,40.05,57.36,15.95,6.86,521.755
0,1.71,50.63,42.01,43.88,35.85,87.81,7.69,457.635
1,2.72,57.54,71.54,74.53,31.34,38.29,7.6,534.925
1,4.48,73.08,84.5,33.77,56.31,69.11,5.44,59.27
0,5.36,59.15,51.87,39.09,79.37,93.53,5.78,63.194
1,4.19,65.45,31.81,64.6,64.13,74.78,8.59,589.805
0,3.89,69.55,45.0,28.28,81.71,89.74,8.24,605.975
0,9.68,91.38,77.77,34.52,76.94,16.26,5.29,61.876
0,6.77,71.39,99.24,89.75,70.1,54.35,6.94,793.945
1,1.21,61.75,30.94,88.46,97.72,60.83,4.54,7.476
1,4.87,54.86,51.43,51.08,80.99,72.01,7.27,640.895
0,8.88,64.52,34.34,51.1,94.02,20.52,7.11,61.53
1,3.71,70.94,52.14,95.24,46.95,69.11,5.32,646.755
1,1.85,84.77,58.41,26.94,79.95,23.14,6.11,571.905
0,7.83,47.26,94.46,68.52,71.85,16.09,7.91,6.750
0,6.45,53.3,35.64,69.8,94.7,52.24,5.28,68.277
1,6.13,62.78,84.4,84.09,65.73,64.03,7.84,7.358
0,1.48,61.62,57.69,96.38,49.57,96.23,5.58,687.675
1,2.26,63.5,86.79,51.69,56.94,72.88,8.2,63.847
1,6.6,87.61,65.94,57.84,45.32,63.23,4.15,5.859
1,2.87,59.45,32.75,75.35,45.4,29.31,5.29,50.153
1,5.54,70.11,96.23,97.55,62.93,23.68,4.89,7.503
0,5.9,77.43,35.79,91.81,92.48,64.65,8.45,766.865
0,3.55,53.93,71.84,75.03,43.43,30.07,6.14,56.726
0,9.54,83.12,91.44,89.25,50.15,73.59,6.73,7.382
0,8.58,72.83,35.58,31.39,89.71,20.3,5.21,55.675
1,7.5,66.81,68.77,53.28,53.75,40.57,4.64,566.245
1,1.7,88.59,87.7,25.98,97.37,79.58,6.99,749.315
0,1.96,54.61,99.04,38.31,48.82,84.79,5.42,604.125
1,5.44,92.99,80.7,72.29,60.95,41.07,8.64,68.951
1,2.45,73.66,49.48,91.42,36.69,28.6,6.38,558.185
1,9.8,76.55,78.97,72.46,99.45,96.24,4.69,8.599
0,2.43,92.5,79.4,74.81,92.31,78.5,4.12,83.991
0,5.39,89.05,79.0,32.79,87.23,82.64,5.16,71.697
0,4.28,76.09,89.8,74.86,41.01,30.05,5.6,616.425
1,6.75,85.19,36.12,59.08,97.86,48.2,05.03,69.584
0,2.16,66.0,37.59,73.86,95.04,16.14,5.83,67.461
0,4.87,72.84,74.84,49.46,60.5,19.85,8.39,57.776
0,3.47,43.72,96.77,68.61,77.71,29.89,4.24,71.066
0,8.99,45.39,62.61,56.81,99.47,37.29,08.01,69.807
0,1.37,89.77,97.24,66.9,58.68,99.75,6.13,7.566
0,9.22,43.58,95.67,36.03,37.91,47.99,8.53,5.56
1,8.5,50.16,93.2,54.69,90.74,72.81,7.34,7.636
1,3.68,87.75,93.69,53.07,63.35,91.4,4.82,72.093
0,8.1,40.07,92.88,80.23,99.09,32.15,8.8,80.537
0,1.28,56.94,87.39,77.98,68.56,23.02,4.77,6.896
1,9.7,75.04,78.65,93.16,32.06,31.89,5.68,60.934
1,5.74,75.73,31.71,72.4,64.42,89.42,8.89,63.504
0,3.73,86.63,39.26,48.59,80.26,69.91,05.06,637.445
0,4.26,70.36,39.4,83.74,31.82,50.62,7.16,52.05
0,1.6,70.56,31.65,62.27,58.94,83.83,8.89,57.965
0,9.9,83.52,38.17,39.51,40.89,31.31,7.44,43.306
1,1.35,69.92,94.38,81.06,75.02,31.53,7.31,75.543
0,6.89,76.51,76.47,34.94,97.01,61.05,7.11,717.385
0,4.98,93.87,51.85,38.36,73.72,81.11,6.78,63.260
0,9.54,64.09,85.54,81.91,78.64,33.36,8.75,748.545
0,3.21,63.11,64.19,82.76,57.76,28.9,6.72,62.945
1,5.79,40.21,39.95,84.31,69.42,52.66,7.32,62.651
1,5.34,76.81,91.92,47.0,68.07,22.08,7.69,638.475
1,7.33,41.79,53.71,89.99,83.17,77.3,6.64,74.258
0,1.61,70.25,78.92,79.2,89.98,61.96,8.44,80.298
0,2.74,88.25,50.34,87.55,76.4,56.13,4.11,7.313
1,2.93,73.0,65.0,78.15,98.59,88.5,5.98,8.319
0,7.64,56.18,87.14,68.47,87.98,75.93,07.08,7.854
0,2.7,87.17,40.97,33.2,38.73,23.43,04.09,411.095
1,6.16,56.18,98.41,78.32,65.52,47.84,8.68,72.596
1,2.94,83.98,34.92,76.78,93.23,38.91,8.13,710.985
1,8.75,76.62,67.38,48.44,96.08,82.19,5.1,75.095
1,9.48,50.2,94.12,80.19,56.61,74.71,5.66,7.117
0,5.67,94.31,96.2,66.28,80.8,52.48,7.39,78.769
0,4.17,52.04,46.25,66.96,58.74,84.13,5.71,60.166
1,3.11,99.38,40.08,52.57,38.66,46.91,8.28,493.185
0,1.45,40.44,80.71,33.76,91.92,82.32,5.24,6.902
1,3.42,55.81,32.94,41.27,95.24,12.89,08.09,571.095
1,6.89,51.99,63.97,82.66,65.33,22.12,6.32,637.355
0,5.8,40.84,85.74,45.36,31.28,78.04,6.27,51.324
1,9.5,83.94,69.22,25.17,87.12,20.3,4.84,610.525
0,4.57,81.61,43.16,99.78,63.39,71.54,8.92,7.107
0,7.24,87.54,64.09,40.8,35.25,75.12,5.72,516.215
0,5.4,55.4,94.49,74.15,43.26,69.6,05.02,6.507
0,5.61,66.66,73.2,94.52,40.65,83.64,4.16,6.752
1,3.41,79.55,80.5,69.98,78.04,56.05,6.47,74.469
0,05.09,66.39,53.54,84.93,50.96,90.73,4.16,654.885
1,5.24,81.84,43.19,98.23,38.94,61.25,6.28,611.335
1,7.36,78.04,47.89,89.53,94.24,55.71,8.51,783.195
1,9.47,46.88,67.32,66.84,96.96,55.84,6.49,7.438
1,3.96,86.86,49.62,52.28,39.7,92.09,4.22,54.784
0,1.38,83.24,67.94,61.18,46.12,31.93,5.32,56.542
0,5.47,79.35,79.55,88.14,71.45,72.55,4.24,781.425
1,5.9,49.31,81.41,89.0,40.54,31.84,8.41,60.836
1,2.52,56.08,41.53,88.44,41.1,18.3,5.2,52.239
0,7.84,63.59,82.53,69.79,53.56,95.84,4.33,686.425
1,9.86,56.8,77.09,60.77,96.44,21.68,8.82,722.125
0,9.51,53.67,30.84,48.35,97.37,71.76,6.44,64.878
1,2.77,88.32,34.12,25.25,88.93,48.21,06.03,57.915
0,8.88,78.29,75.24,82.34,78.7,85.34,8.64,79.541
1,7.34,73.93,56.86,45.77,80.45,79.59,6.65,6.632
1,05.08,53.56,40.23,49.73,62.87,22.94,5.41,5.13
0,5.87,95.08,33.11,88.26,67.11,52.1,7.96,668.935
1,8.65,51.47,41.16,28.92,74.41,12.48,5.36,47.900
1,5.32,87.7,97.03,94.57,81.19,48.66,6.21,85.101
0,4.36,98.0,80.93,25.1,36.78,73.02,08.02,5.243
1,5.44,83.63,66.94,95.44,45.74,30.89,8.66,64.709
0,6.21,99.57,95.91,59.11,97.41,82.9,07.03,8.630
0,2.7,79.06,73.34,32.66,53.46,14.78,6.52,50.928
1,9.11,53.05,80.8,75.56,48.79,13.11,4.38,5.874
1,07.07,52.23,49.79,92.19,59.53,12.47,07.09,6.31
1,6.7,59.47,71.23,57.86,50.36,35.2,5.63,5.580
1,1.9,40.43,40.04,76.85,36.38,52.04,6.57,49.200
1,6.44,80.9,58.31,98.45,44.56,19.67,7.72,6.192
1,02.09,56.12,32.33,43.05,74.81,99.71,7.2,58.995
1,1.71,88.91,45.16,86.53,45.62,99.96,4.48,655.185
0,5.75,61.55,35.24,47.14,75.34,56.78,5.99,57.035
1,4.63,68.8,57.14,56.98,37.01,61.12,5.0,51.618
0,6.3,97.94,89.01,46.13,32.93,93.41,4.76,59.995
1,1.8,54.53,56.46,58.45,90.31,79.28,5.1,70.894
1,4.88,83.28,88.21,25.38,83.2,25.12,8.6,63.947
0,2.57,85.31,75.95,47.76,76.62,81.32,7.56,70.61
1,9.88,53.26,65.67,58.4,32.16,30.78,8.54,47.394
1,06.05,70.06,46.58,72.42,46.75,48.72,6.53,55.661
0,7.19,61.01,94.55,72.8,86.86,57.93,04.01,79.405
1,3.93,86.31,33.79,68.78,40.13,74.53,4.17,540.825
1,1.85,77.35,78.22,46.98,86.9,23.51,4.72,67.89
1,9.78,68.56,73.49,96.06,70.9,16.86,7.9,72.07
0,3.58,86.76,60.87,54.4,81.83,87.95,05.01,718.855
1,4.81,54.11,46.82,41.27,75.12,84.41,4.51,59.825
1,6.85,85.22,60.15,66.59,59.19,57.09,8.3,63.625
1,1.22,91.92,91.09,81.17,50.44,69.61,5.14,723.175
1,8.29,92.72,88.57,25.92,77.09,74.74,6.51,6.792
0,5.83,87.02,95.9,45.73,86.48,52.89,5.7,748.715
0,3.5,64.48,51.55,86.87,33.13,33.15,8.48,53.386
1,1.55,98.91,57.1,63.03,56.59,53.33,7.52,62.208
1,2.46,62.78,31.31,55.64,54.55,95.57,6.27,550.995
0,09.06,78.32,96.01,94.82,69.16,85.4,8.32,83.485
0,7.17,49.66,53.06,31.72,37.97,51.9,7.63,419.875
1,3.25,98.83,58.29,71.17,95.34,30.3,08.04,757.325
0,1.59,82.24,93.55,50.66,68.4,90.07,8.89,72.546
1,7.22,85.2,66.86,30.31,94.66,67.44,05.02,693.445
0,6.15,43.95,69.63,41.03,87.19,46.43,05.01,6.373
0,4.64,85.81,42.34,72.09,43.41,20.05,6.78,5.227
0,4.27,86.48,64.91,27.12,39.26,77.66,6.66,49.917
0,2.95,80.31,94.27,69.42,90.29,38.53,8.35,796.945
1,07.03,57.51,69.11,96.76,67.53,64.57,4.78,738.555
0,9.74,69.38,47.86,84.63,31.38,61.27,6.13,547.775
0,2.58,46.63,32.18,50.92,95.4,72.97,6.64,6.451
1,6.37,68.3,53.54,35.37,63.11,58.39,6.32,5.430
0,4.82,54.63,70.08,59.88,51.07,66.74,4.34,589.975
0,05.02,60.95,32.98,54.47,66.16,17.34,4.74,511.985
1,3.29,49.76,72.69,97.88,87.6,69.88,4.77,8.163
0,8.43,53.8,66.64,99.24,37.72,27.48,6.98,59.467
1,5.37,44.59,84.84,55.79,55.13,45.28,6.14,59.198
1,5.89,95.19,32.02,36.16,52.32,56.13,4.89,48.888
1,3.74,71.82,84.66,93.3,88.78,71.82,7.68,85.694
1,2.64,63.8,66.46,84.52,84.49,76.82,08.01,780.555
0,1.77,72.1,55.94,63.35,58.01,73.44,05.05,61.883
1,7.43,77.7,97.58,52.4,76.51,18.56,7.61,690.205
0,2.77,95.31,41.21,58.61,57.61,44.82,4.32,57.071
0,7.21,50.72,67.89,92.64,69.99,35.26,8.28,698.325
0,4.51,57.73,52.47,38.85,99.39,45.86,8.81,6.535
0,4.74,98.55,66.92,85.51,67.49,68.22,4.78,75.06
0,5.22,62.27,68.66,26.36,99.2,27.36,7.93,64.005
0,4.31,41.35,36.26,94.04,82.3,55.19,4.49,69.221
0,1.91,48.86,76.28,62.52,38.45,89.64,8.81,5.819
0,3.79,41.58,74.41,42.01,85.72,75.8,6.26,671.245
0,6.97,99.4,83.86,25.21,41.29,75.28,6.68,54.994
0,6.99,56.73,36.35,66.97,67.26,86.38,7.82,618.645
1,3.58,95.41,50.81,43.34,72.93,45.93,5.24,60.656
1,5.14,99.75,75.51,72.34,92.46,78.35,5.99,83.358
1,2.74,75.99,39.57,46.09,44.73,15.28,4.35,44.218
0,2.89,41.99,77.43,31.6,91.32,15.08,07.07,61.055
1,1.21,44.9,34.13,62.88,95.41,39.86,8.0,644.155
1,09.07,68.9,53.45,67.34,36.26,27.72,8.26,49.878
1,2.9,64.37,89.27,58.94,91.97,56.67,6.68,768.825
0,03.05,76.37,84.2,59.35,48.14,26.49,7.83,588.125
0,3.52,66.33,75.13,69.22,35.67,97.8,4.75,61.228
0,2.15,96.04,90.93,64.48,97.1,86.6,7.72,8.655
0,6.75,72.08,79.65,34.94,57.45,98.43,04.02,61.823
1,1.68,81.62,66.36,39.78,73.61,82.7,4.97,654.125
1,2.21,93.79,98.58,35.63,68.7,95.6,7.17,716.075
1,6.8,48.81,78.64,77.0,44.92,43.13,5.6,59.894
1,04.06,53.78,72.1,64.64,76.87,54.81,06.05,683.435
0,7.37,46.44,58.62,57.24,33.23,31.58,8.13,45.466
0,06.02,48.38,93.17,84.88,44.22,67.22,6.86,6.689
0,3.3,70.76,50.7,49.43,96.13,80.94,5.99,7.131
1,6.86,59.27,30.65,67.61,96.75,54.89,6.33,68.311
0,02.05,65.39,43.77,30.58,63.79,36.67,8.24,489.315
0,5.83,98.95,37.67,80.83,41.84,55.69,6.43,57.849
1,4.93,49.4,52.33,77.14,59.51,15.66,8.38,57.85
1,3.41,72.45,87.81,85.18,91.39,74.9,5.24,855.785
0,6.44,45.93,75.61,91.34,34.92,50.64,6.67,59.836
0,8.84,59.11,41.83,81.85,38.95,90.84,5.85,57.456
0,9.99,71.65,85.22,88.34,92.7,93.09,6.96,8.804
0,6.47,96.8,65.3,50.92,59.08,21.3,6.88,58.278
0,4.64,63.47,65.89,50.75,35.84,99.65,6.86,54.721
0,03.03,43.89,55.35,95.82,39.74,97.28,6.64,63.051
1,3.31,63.29,90.52,93.59,91.77,66.44,6.27,86.594
1,5.32,48.74,52.28,66.14,64.31,84.29,8.55,628.025
1,4.31,53.8,36.59,52.49,41.41,11.66,5.34,41.48
0,9.22,77.09,51.19,89.95,92.58,97.33,6.17,8.257
1,4.31,44.05,80.07,49.26,89.17,51.07,05.06,690.505
0,4.36,67.88,76.03,36.52,31.61,91.87,5.66,513.745
0,4.45,76.57,43.16,72.96,70.67,44.66,5.24,637.295
1,8.53,65.31,37.82,28.2,47.1,80.94,7.35,45.724
0,6.86,41.15,76.26,53.43,67.32,47.62,7.54,61.48
0,6.53,99.13,77.35,85.57,49.55,42.64,5.38,68.382
1,04.01,62.03,55.63,47.14,52.11,95.21,8.92,5.687
1,8.36,86.71,89.0,94.85,72.13,72.92,5.42,82.721
1,1.35,59.54,98.47,96.69,67.72,85.61,8.14,8.208
0,8.84,68.5,44.4,86.19,57.66,58.9,5.46,633.485
1,5.61,63.31,70.39,99.07,37.53,92.65,06.07,67.577
1,4.58,60.55,30.37,64.81,97.86,76.6,7.32,702.425
0,5.47,41.31,79.91,67.69,42.22,16.5,6.79,534.625
1,07.01,61.6,59.0,87.71,74.32,79.02,6.53,7.380
1,1.11,93.37,43.53,61.96,35.79,11.68,7.97,472.275
1,8.84,81.42,82.66,55.5,78.18,84.62,7.54,74.374
0,05.02,48.73,86.75,71.11,36.64,39.87,8.57,56.811
0,04.09,75.47,37.78,74.32,46.07,63.85,5.15,56.192
0,2.24,93.53,32.87,81.32,75.29,77.44,04.08,7.35
0,4.96,82.0,53.39,75.12,49.81,67.33,9.0,618.245
1,5.47,48.92,73.82,80.93,67.3,70.51,5.42,7.49
0,4.63,92.07,85.54,75.59,38.72,90.34,4.21,6.779
0,7.11,58.09,68.22,61.03,44.17,43.66,5.24,54.536
1,4.79,67.24,70.65,35.12,81.36,59.24,7.34,64.034
1,9.65,71.57,85.99,83.91,32.46,25.74,6.94,592.675
1,6.39,91.03,67.02,27.31,37.83,52.08,05.03,47.783
0,8.27,95.9,72.78,99.44,45.05,23.5,4.93,6.712
0,1.98,95.78,66.14,87.13,31.41,67.02,6.22,62.284
0,4.58,40.48,91.63,75.32,36.68,39.18,04.07,57.96
1,04.03,95.31,46.49,97.5,49.7,87.31,04.01,69.33
1,6.13,43.26,48.48,70.94,36.5,40.92,07.08,48.623
0,8.75,55.95,38.96,29.23,90.63,35.82,5.63,55.997
1,1.71,70.9,87.36,66.95,34.63,54.21,4.12,5.884
1,1.65,68.8,58.82,45.79,90.27,25.78,6.3,64.264
1,8.65,76.28,54.35,52.71,87.6,28.34,8.68,651.695
0,2.92,68.77,98.69,59.47,37.05,80.48,5.27,62.498
1,07.02,96.06,94.88,83.1,31.76,54.75,5.26,6.594
1,5.89,54.43,98.04,62.72,33.5,28.57,6.34,55.313
0,8.5,56.44,39.96,60.6,71.33,12.84,4.74,550.355
0,2.13,95.24,92.39,47.65,76.92,51.98,7.19,720.345
1,2.17,44.6,53.01,65.49,73.45,76.84,8.2,64.826
1,06.01,76.57,30.89,43.63,67.9,41.61,4.97,5.266
0,9.52,80.9,57.39,44.57,42.23,32.32,7.29,48.723
0,4.73,70.33,65.64,81.79,88.87,45.67,8.44,7.628
1,3.94,81.65,37.58,50.69,52.93,96.32,8.52,56.510
1,6.46,50.37,67.64,28.85,99.03,48.08,6.76,65.246
1,9.37,91.16,87.36,50.78,56.94,33.37,4.76,6.254
1,8.53,48.4,56.44,72.89,48.41,61.23,7.3,5.741
0,9.96,64.05,54.69,86.05,92.6,82.97,7.67,795.625
1,1.2,44.52,53.72,97.15,69.72,12.01,7.77,650.865
1,02.02,72.71,94.62,80.97,80.53,60.23,8.67,80.646
0,6.49,80.18,33.41,57.16,58.59,85.27,07.08,580.235
1,8.39,96.47,61.16,47.43,92.08,29.41,6.33,689.055
0,3.57,84.36,48.52,34.72,94.24,92.95,6.51,6.909
1,3.15,72.47,92.57,72.08,60.57,61.99,5.61,7.117
1,08.08,95.96,36.72,63.24,46.85,56.51,4.29,54.798
0,1.51,68.71,58.8,75.83,75.34,96.73,7.59,736.305
0,4.32,73.67,58.48,42.78,96.82,21.67,4.1,65.812
1,5.55,75.77,92.19,49.27,73.57,76.61,4.32,71.743
1,06.04,64.6,45.08,46.91,96.8,83.67,5.67,6.945
1,7.56,90.31,75.14,84.82,54.07,53.97,8.66,695.855
0,4.19,51.11,39.41,37.84,94.06,10.58,6.42,56.432
1,6.51,73.29,96.78,70.64,37.88,57.19,05.08,6.332
0,6.27,83.33,71.51,28.85,55.12,23.82,8.49,51.521
0,5.93,94.24,73.84,66.21,64.61,60.63,6.86,6.942
1,6.76,93.04,60.36,29.79,75.72,76.48,5.85,6.297
0,3.34,70.52,53.96,38.19,50.59,57.8,7.58,50.878
1,1.76,78.59,44.89,33.48,94.7,66.77,6.21,65.029
1,02.07,63.65,72.28,51.0,93.24,19.36,7.65,6.814
1,03.02,68.09,96.82,50.78,85.95,18.73,05.09,708.235
1,5.5,94.38,55.19,86.98,38.01,86.58,4.75,641.825
1,8.56,95.84,91.82,41.93,35.48,14.44,6.3,52.292
0,7.31,93.72,40.41,31.48,64.87,35.59,5.6,5.158
0,8.1,48.3,95.53,70.26,83.57,94.39,07.03,801.895
1,4.16,91.01,54.53,76.56,38.63,51.3,7.94,577.975
1,4.64,96.9,56.58,47.11,74.9,70.71,8.51,6.606
0,4.54,61.67,62.4,70.21,66.95,29.95,7.8,62.627
0,2.73,71.12,80.28,83.2,80.82,34.35,5.71,75.69
0,1.55,86.75,80.38,51.07,60.48,55.81,7.64,642.675
0,6.32,73.72,63.57,64.4,78.53,67.43,6.65,704.145
1,9.9,99.61,66.62,36.0,41.17,96.44,8.53,56.338
1,2.5,67.34,32.1,26.77,45.02,61.7,7.53,41.773
0,1.42,82.84,51.3,98.6,93.23,18.64,4.75,776.885
1,08.02,87.56,54.22,47.48,53.06,43.02,4.39,54.342
0,3.27,69.65,69.11,45.92,98.99,31.98,6.72,7.11
1,8.47,91.42,69.08,97.99,33.23,32.9,5.83,62.376
0,7.34,72.77,79.69,79.62,64.71,55.48,4.84,713.165
1,9.51,64.7,80.19,68.9,52.75,38.5,7.99,62.45
0,4.68,46.47,46.46,77.45,99.72,36.04,5.88,718.075
0,6.96,63.6,83.91,78.24,99.3,97.12,4.43,87.169
1,5.18,84.04,31.37,82.25,46.47,62.56,5.31,57.761
0,6.68,95.28,80.13,30.04,48.71,33.56,7.38,53.468
1,05.05,55.1,37.14,55.96,82.48,34.83,7.24,59.278
1,2.7,61.31,81.08,47.13,92.28,82.99,5.31,747.265
0,5.57,49.24,66.9,30.29,76.46,89.78,5.71,616.155
1,5.76,81.44,60.61,55.94,90.53,71.11,4.25,730.475
1,8.3,97.61,78.35,71.21,34.43,48.83,8.77,60.167
1,7.62,78.46,32.55,38.39,74.84,78.81,5.64,5.802
1,6.97,77.02,45.64,47.88,79.01,94.36,8.65,658.895
1,02.02,73.21,73.15,72.94,43.32,24.96,08.07,57.844
0,7.49,45.31,89.31,68.45,84.46,87.55,5.68,778.215
1,5.5,83.77,56.68,90.16,96.1,86.39,7.47,8.452
1,09.05,76.12,48.11,84.34,92.86,42.99,6.37,75.119
1,9.28,79.69,66.31,97.42,47.15,36.26,8.88,657.145
1,1.5,93.93,73.56,69.79,52.68,60.88,7.19,6.607
1,8.39,87.04,59.41,77.39,64.97,34.51,6.6,66.124
0,1.34,86.85,91.37,89.54,41.09,23.08,7.19,660.335
1,4.3,95.63,66.64,88.0,96.78,95.78,5.1,88.342
0,5.88,99.4,32.51,78.9,41.31,54.22,5.53,560.475
0,2.33,74.88,45.61,62.52,83.3,52.5,7.56,66.645
0,7.72,46.53,61.55,45.49,53.9,21.35,4.42,49.335
0,01.08,67.55,78.84,90.79,70.16,55.37,5.51,753.135
1,2.52,87.26,45.38,83.25,33.3,76.85,7.1,57.954
0,6.23,41.66,98.34,87.84,44.35,32.32,8.98,645.485
0,7.43,43.41,52.3,35.56,61.11,43.2,8.63,493.995
1,9.25,44.03,67.27,48.61,77.4,26.1,8.16,597.095
1,7.35,83.86,31.33,56.87,84.43,41.96,6.5,62.616
1,07.05,70.07,91.94,87.88,32.11,87.52,08.02,673.555
0,4.55,62.13,85.22,91.97,40.67,31.34,6.79,63.618
1,01.01,46.34,43.68,46.37,81.09,12.66,6.29,5.460
1,02.08,83.93,95.33,76.48,86.91,58.26,5.12,828.235
0,5.81,59.26,52.11,30.84,46.56,62.15,8.75,46.569
1,07.08,55.92,78.45,55.72,46.08,39.6,6.99,55.300
1,4.76,79.14,87.33,61.5,36.16,67.74,7.38,60.185
1,7.58,73.54,81.86,82.42,40.52,13.41,4.71,59.854
1,5.7,61.74,94.23,91.9,30.56,40.65,6.15,6.275
0,1.67,78.49,90.5,50.3,71.29,23.01,8.82,657.765
1,2.73,56.27,99.62,64.58,93.27,30.68,7.79,7.740
1,8.56,87.69,42.78,73.56,40.47,44.43,8.41,543.225
0,7.52,53.76,51.33,49.65,82.6,54.41,5.98,62.405
1,09.05,49.53,74.54,98.92,70.16,18.39,4.33,70.986
0,02.06,86.95,81.31,90.68,95.79,19.12,5.76,8.306
1,9.91,82.47,67.42,47.23,85.87,70.66,5.88,70.659
0,2.88,50.96,35.17,63.1,89.69,46.37,5.51,63.933
0,1.11,46.97,88.91,42.31,74.74,25.89,6.63,618.045
0,9.98,90.3,97.26,63.59,86.79,31.14,4.96,77.87
0,3.53,86.6,58.39,76.25,54.56,74.81,8.69,659.775
1,07.01,59.64,45.74,31.41,44.63,14.66,8.54,40.051
0,2.59,79.49,31.35,90.26,93.88,55.79,5.31,7.522
1,6.22,47.45,46.61,69.53,81.4,42.43,7.26,641.825
0,9.14,70.42,78.99,99.22,36.35,83.0,6.51,686.675
0,3.88,41.12,93.81,26.92,90.68,81.11,5.25,69.453
0,07.03,63.5,36.55,87.36,54.42,72.03,8.49,6.175
1,2.69,44.49,68.73,84.4,50.88,44.63,5.16,61.566
0,6.62,68.51,78.69,34.96,73.63,66.81,7.12,637.805
1,04.03,65.3,49.35,50.15,69.8,67.59,5.68,6.12
1,2.9,66.66,69.89,91.36,67.68,39.9,8.13,7.116
1,3.82,42.72,80.07,63.88,47.84,89.2,7.1,61.92
1,2.61,61.7,88.64,55.1,97.18,98.64,8.16,81.55
1,9.12,85.39,61.67,92.91,96.51,38.3,5.74,81.709
1,4.57,62.13,82.35,32.0,30.29,82.11,04.06,494.955
1,3.21,82.91,51.12,60.48,53.65,55.08,5.11,57.920
1,05.04,62.17,44.91,73.93,33.19,51.73,08.07,50.471
1,3.88,65.39,43.11,70.64,89.52,44.79,5.58,6.863
0,7.7,73.83,55.12,44.82,92.06,36.28,5.6,65.461
0,9.74,97.04,32.51,67.25,66.28,92.76,6.25,654.925
0,4.94,46.53,49.81,78.14,88.78,76.67,5.37,72.89
0,8.75,41.97,75.66,68.87,79.24,49.66,08.04,692.465
0,06.09,76.48,75.35,76.33,64.97,77.64,5.61,72.304
1,2.42,96.95,35.15,44.21,55.47,74.67,07.02,54.659
1,7.22,99.38,50.12,87.46,48.64,34.06,6.26,62.257
1,5.62,69.05,69.87,58.73,48.16,25.85,5.44,55.2
1,6.86,68.08,52.3,99.04,69.34,85.27,5.33,7.482
1,09.01,78.7,59.26,26.75,41.68,83.03,6.51,493.005
1,4.96,73.34,79.9,53.52,42.24,99.72,05.05,6.145
1,9.11,78.05,30.65,38.54,30.73,11.74,5.73,354.995
0,7.76,92.44,49.35,66.67,72.93,58.63,4.2,67.17
0,5.4,84.78,39.97,43.24,99.6,73.12,7.95,69.454
0,6.43,69.81,38.93,80.31,92.25,62.43,4.22,73.375
0,3.93,67.71,97.13,91.14,79.4,73.94,8.36,8.416
1,9.85,78.38,56.36,40.82,84.99,22.35,4.24,612.965
1,07.01,67.34,66.9,37.05,59.18,10.14,8.24,51.103
1,1.39,67.47,81.37,90.65,50.87,18.37,7.22,65.325
0,3.94,40.98,33.32,52.1,55.8,44.21,6.53,4.773
1,6.61,50.44,46.87,57.59,35.7,39.6,4.72,4.527
1,1.51,69.31,88.25,41.57,74.37,88.66,5.28,69.869
1,1.21,89.36,90.34,56.9,42.24,17.52,7.45,57.765
0,05.05,56.72,56.11,42.35,83.4,49.84,6.56,616.555
1,3.99,71.36,56.24,74.94,43.3,96.2,6.57,61.894
0,4.94,60.7,82.98,62.42,45.97,55.26,4.67,5.988
0,3.36,46.29,50.65,84.1,97.01,21.92,6.38,719.295
0,2.48,97.5,38.2,48.45,37.38,36.21,6.95,46.206
0,7.2,91.28,48.03,62.92,64.92,66.41,4.61,63.827
1,5.63,44.71,57.11,44.46,34.39,11.08,8.87,4.15
0,2.8,83.19,33.65,95.09,36.33,97.13,8.15,6.125
0,3.88,60.85,63.51,64.15,74.35,61.03,5.59,66.95
1,6.33,99.69,81.8,38.01,74.15,73.37,6.82,6.912
1,1.65,58.14,65.96,45.46,43.52,54.91,6.79,51.094
0,2.33,54.32,35.03,31.22,91.07,96.21,4.53,61.738
1,1.66,74.07,60.81,27.09,79.15,63.03,6.19,60.346
0,8.31,90.11,79.62,64.44,51.04,69.58,05.04,6.586
0,7.77,51.55,34.07,50.28,47.39,87.48,5.67,4.987
0,7.78,82.56,34.19,97.28,82.8,87.54,8.72,77.148
0,7.45,43.68,55.94,37.85,81.35,12.54,6.76,54.745
1,07.02,95.14,43.65,84.54,40.42,35.5,4.33,57.076
0,5.29,44.86,95.43,48.7,54.44,32.17,7.36,58.17
1,6.78,94.85,70.69,41.77,45.17,10.6,8.99,50.935
1,1.35,69.45,50.11,97.72,50.59,88.91,4.84,6.799
1,6.59,66.89,79.33,85.19,50.13,38.54,7.41,6.525
1,8.0,98.4,56.25,72.3,98.32,41.23,8.12,77.7
0,5.5,99.42,39.25,77.28,82.51,18.97,8.22,678.875
1,4.22,79.01,46.61,99.35,84.6,99.07,7.54,8.157
0,3.5,47.63,74.99,69.49,49.42,84.36,8.55,628.665
1,6.79,70.37,33.63,32.64,30.04,61.47,4.16,38.583
1,7.24,71.75,49.09,29.86,34.07,79.47,4.32,4.432
0,8.84,70.87,44.58,75.0,68.71,79.94,4.67,667.955
0,04.08,74.17,44.08,74.32,49.98,69.11,4.22,59.217
0,7.93,41.12,77.79,81.11,43.51,25.66,4.6,57.742
1,06.05,82.67,87.81,33.16,33.47,74.83,08.08,533.165
1,8.95,82.74,80.11,95.87,91.31,61.27,8.48,86.349
0,5.75,46.93,75.2,66.34,72.01,75.17,5.68,690.385
0,5.66,74.21,94.15,73.72,37.52,58.91,8.79,63.704
0,6.2,74.1,34.09,27.61,83.65,96.07,06.09,60.015
0,7.74,80.95,41.72,97.07,82.91,66.43,4.86,76.368
1,9.68,45.12,59.01,67.19,50.26,61.63,7.41,568.655
0,1.66,77.59,56.07,67.25,43.19,85.85,6.1,59.487
0,1.48,56.85,59.26,95.77,86.98,44.13,4.1,763.355
0,9.44,70.42,44.45,94.7,53.07,38.42,8.83,620.235
0,5.77,86.4,40.47,41.52,89.32,55.29,6.99,63.905
1,6.53,82.34,65.64,94.83,33.06,62.6,07.07,62.900
0,5.34,47.13,94.96,80.25,64.95,29.84,8.91,69.484
1,1.84,75.47,57.44,26.42,42.57,71.41,8.17,47.680
0,7.91,98.15,33.03,42.99,77.04,82.21,5.81,623.535
0,7.73,49.41,79.43,55.97,99.8,61.96,4.21,7.594
1,3.81,91.17,50.38,68.71,58.88,57.07,5.11,62.685
0,3.76,82.15,47.16,77.6,37.02,36.52,5.76,53.656
1,8.54,86.44,52.7,40.77,52.24,91.86,8.8,568.465
1,1.65,56.92,80.67,87.75,92.41,77.9,8.44,8.389
0,8.93,57.27,87.32,88.43,83.6,53.23,4.11,7.988
1,3.31,94.36,71.16,72.62,46.25,69.32,8.94,649.425
1,6.34,61.59,52.57,94.08,96.75,40.32,5.29,780.875
1,9.42,43.78,51.73,85.97,73.55,15.38,7.88,63.497
1,7.1,76.04,38.7,41.62,41.76,28.35,4.58,43.199
1,4.73,47.49,95.33,84.9,70.06,17.15,5.1,71.276
1,7.21,87.8,74.67,96.49,61.59,55.74,6.53,74.967
1,4.1,78.5,31.89,35.32,87.38,65.99,7.52,60.24
1,3.5,92.48,76.37,98.4,54.09,44.24,5.73,724.775
0,9.97,87.09,61.3,26.87,91.25,57.71,8.37,65.395
0,7.76,46.73,98.08,64.16,86.84,17.69,8.7,72.492
1,6.8,62.86,87.33,83.04,77.22,79.3,4.61,79.469
0,4.2,86.47,41.99,84.28,48.1,12.95,7.59,56.245
1,1.44,65.04,80.41,80.1,97.92,67.1,4.66,8.359
1,1.28,98.34,63.99,64.7,68.41,49.0,5.7,676.505
0,5.99,84.14,43.09,73.82,93.53,26.54,8.1,7.87
1,7.86,40.93,78.91,77.49,45.1,57.08,5.68,607.405
1,5.84,92.8,68.32,62.09,98.84,80.29,8.54,810.895
1,8.57,46.05,32.13,69.68,87.12,47.22,06.06,63.665
1,1.3,48.43,75.26,88.48,96.45,43.09,5.55,800.815
0,4.3,84.07,74.45,48.47,44.87,22.82,8.95,53.400
1,3.13,91.9,40.09,64.24,60.15,63.51,6.21,60.671
1,05.03,72.18,54.43,25.64,36.83,84.52,7.7,45.856
1,1.65,57.34,71.01,76.56,39.59,60.52,7.0,589.845
0,9.59,61.08,39.71,39.65,49.88,24.86,05.01,43.906
1,03.01,60.57,89.69,61.08,96.61,69.51,6.5,800.295
0,9.3,59.6,31.92,40.77,76.7,12.71,4.39,506.525
0,4.83,54.57,37.2,26.77,52.02,85.42,7.54,463.385
1,9.87,76.53,38.13,61.24,96.82,92.93,6.59,73.769
1,5.99,94.02,66.97,56.86,81.78,63.73,4.61,7.200
0,9.38,58.42,73.41,56.89,93.49,89.36,7.83,76.404
1,01.05,51.2,58.26,40.66,94.91,17.61,08.02,619.165
0,7.73,90.31,50.21,96.04,82.55,30.55,7.67,7.503
0,9.13,84.51,86.65,25.26,47.02,38.55,5.65,52.408
1,2.26,95.85,34.78,91.87,99.76,79.59,7.62,823.835
1,1.87,49.93,49.62,80.27,52.76,53.58,6.89,588.085
0,4.82,48.66,32.74,37.91,77.02,41.35,6.72,519.835
0,9.4,72.49,30.97,60.41,89.14,24.23,7.24,621.675
0,5.88,76.87,54.74,99.16,42.26,82.96,7.15,66.512
0,5.75,68.81,43.64,73.28,72.63,11.85,8.0,605.345
1,2.27,75.94,48.79,34.55,56.26,40.35,8.93,497.155
1,01.01,50.82,87.47,59.32,47.1,31.85,7.63,57.076
1,8.29,68.78,41.41,60.12,30.82,21.61,6.21,43.138
1,1.79,79.49,84.62,85.17,91.04,25.48,6.31,805.775
1,6.7,65.96,77.25,93.71,39.51,54.44,4.15,64.746
0,9.23,80.77,52.85,31.17,91.47,48.35,4.8,63.288
1,2.88,67.07,68.26,48.55,72.05,56.65,5.14,63.379
1,6.99,60.02,61.11,47.38,73.47,75.49,8.95,63.332
1,1.71,58.22,38.99,99.7,88.01,90.31,7.82,7.837
1,6.43,64.65,93.5,66.94,65.66,20.66,4.71,66.947
1,2.48,41.39,69.87,90.99,55.01,17.44,6.49,61.858
0,7.62,80.11,91.62,56.95,39.72,38.83,05.07,5.835
0,3.71,90.71,87.67,79.2,69.93,59.17,5.49,767.975
0,5.17,61.28,35.58,46.49,68.72,18.99,07.02,508.175
1,6.39,42.76,44.51,93.38,50.57,74.44,7.0,616.665
0,2.54,99.21,40.17,59.14,72.0,60.05,8.36,6.394
0,7.67,55.82,88.15,85.28,60.76,77.36,4.82,7.353
1,3.72,47.6,90.37,44.19,86.39,42.21,6.49,6.833
1,6.96,62.19,66.96,77.02,69.16,46.1,6.99,6.768
1,2.42,84.31,37.29,55.39,95.36,82.68,8.65,713.805
0,7.19,57.63,39.49,27.36,66.26,34.03,6.58,47.095
0,2.15,74.48,86.95,55.98,92.12,44.33,5.7,7.550
1,4.83,64.93,95.04,66.25,66.44,11.21,5.46,664.385
1,3.22,47.07,43.96,36.38,69.06,59.98,05.08,52.763
0,7.74,59.82,30.78,38.79,55.68,86.63,8.81,4.998
0,3.36,83.49,53.17,59.86,58.01,12.51,07.01,555.025
1,8.94,76.72,32.13,50.7,95.32,65.24,5.52,6.665
1,09.03,47.19,87.96,58.06,45.63,86.09,7.73,614.055
0,2.77,49.8,64.41,59.56,38.5,54.45,5.45,51.672
1,6.52,78.44,74.93,35.51,88.11,38.17,6.52,66.363
0,1.79,88.8,58.8,38.59,70.38,99.69,4.13,648.895
0,4.52,60.97,54.19,88.61,49.93,15.83,8.23,58.145
0,7.42,75.72,45.55,37.2,60.27,28.94,8.78,499.705
0,6.93,50.24,83.94,74.94,66.74,89.67,8.33,7.287
1,6.62,58.68,78.69,56.39,71.45,36.76,4.86,64.387
1,3.54,41.22,55.25,97.62,87.47,83.79,8.13,785.705
0,4.4,86.1,52.48,29.96,57.6,39.99,5.74,50.755
0,1.93,64.06,30.09,87.28,77.36,83.08,8.68,69.628
0,7.47,88.97,34.45,61.86,88.43,71.72,5.5,6.937
0,5.53,82.5,73.63,25.4,89.06,52.17,4.45,65.714
0,7.38,89.72,66.02,44.77,47.8,57.07,8.26,558.055
1,3.24,57.14,60.44,55.58,54.51,25.99,4.58,533.745
1,3.92,51.11,87.93,48.56,71.64,20.43,6.71,6.195
1,04.01,98.31,65.27,52.18,92.0,74.52,5.88,75.582
1,1.23,83.04,56.91,93.75,85.33,86.37,7.78,81.626
0,04.07,90.04,41.29,52.07,70.88,74.98,7.74,6.258
0,8.23,40.79,87.45,56.41,98.86,92.16,7.88,7.948
0,09.08,61.27,70.34,82.08,60.73,90.11,4.32,709.815
0,5.66,84.57,36.47,84.54,88.97,80.04,8.29,760.295
0,5.1,44.68,75.42,31.31,87.29,90.83,6.33,67.014
1,1.28,74.04,59.75,77.81,93.56,25.05,5.1,740.575
0,8.91,65.74,86.8,61.19,99.14,75.82,5.49,8.151
1,1.12,41.06,94.32,35.04,64.7,77.83,8.51,6.215
1,9.5,54.16,72.03,44.85,43.69,23.86,04.03,48.712
1,5.4,57.09,81.21,28.38,62.26,91.86,08.01,60.023
1,04.08,46.71,33.96,52.02,89.77,10.79,8.62,56.966
0,9.32,77.89,69.22,44.16,88.53,49.11,5.25,685.695
1,1.22,54.54,82.87,53.66,53.52,11.93,8.11,55.368
1,6.23,56.66,64.77,68.53,33.31,57.1,4.81,5.312
1,5.94,93.89,71.55,79.93,65.69,47.09,04.08,71.382
0,2.97,68.03,92.93,70.4,63.19,66.08,07.02,7.171
0,4.86,63.53,43.87,75.88,36.0,78.98,7.23,54.595
0,6.87,83.43,36.88,89.92,85.64,79.17,4.75,76.09
1,7.54,94.58,78.35,90.54,49.85,75.0,6.56,727.105
1,01.01,41.5,87.6,89.55,75.2,19.17,5.93,722.945
0,9.43,66.89,89.53,36.49,37.1,47.57,4.38,514.595
1,2.48,76.65,74.92,43.83,90.25,83.44,6.54,73.538
0,3.1,59.11,88.32,62.67,81.75,68.89,6.93,74.744
0,3.37,86.34,79.05,51.91,57.19,71.29,05.09,6.456
1,1.34,98.29,36.12,34.88,74.06,30.42,7.7,54.736
1,2.11,96.61,83.34,46.58,43.12,39.26,4.36,56.992
1,9.88,55.96,42.56,98.16,98.98,96.02,6.75,82.893
1,3.84,53.58,46.56,51.02,85.73,86.22,5.52,660.525
0,02.04,97.45,57.63,56.42,85.23,24.84,6.18,676.905
0,1.96,67.52,52.02,25.48,40.74,59.02,8.47,43.687
0,7.48,52.5,52.52,78.96,31.24,54.15,7.35,51.842
0,8.69,82.42,41.85,56.02,70.98,49.93,4.74,60.453
0,3.31,57.07,50.57,32.74,40.09,52.36,8.43,43.273
1,1.19,56.03,31.38,97.64,84.63,67.86,5.86,726.955
0,03.01,92.75,63.1,83.31,59.13,97.04,5.71,73.122
0,1.51,49.75,83.8,79.46,53.7,88.78,6.51,69.273
0,1.93,43.86,90.36,96.84,35.16,88.76,05.03,67.85
1,4.88,56.15,87.43,55.56,99.72,73.3,8.57,7.922
1,03.07,76.42,59.15,78.89,96.92,11.58,6.34,742.745
1,5.64,47.39,81.13,40.47,39.21,49.64,5.97,49.769
1,3.28,68.3,50.15,77.28,53.3,56.0,4.85,60.434
0,9.46,77.64,33.89,26.06,57.36,85.82,08.01,49.715
0,9.15,90.92,77.32,34.47,50.78,93.06,8.76,602.525
1,6.1,53.79,75.42,56.89,95.41,50.64,8.35,73.143
1,4.19,89.04,86.11,25.91,80.49,37.04,4.81,64.479
0,4.43,54.09,73.13,59.65,96.91,40.36,7.76,72.902
0,4.71,80.61,40.98,64.21,91.22,62.08,05.02,704.445
1,7.55,65.84,89.72,71.62,82.82,34.75,4.19,74.895
1,05.06,46.88,73.91,32.53,78.79,91.97,6.42,64.376
1,8.71,82.86,86.53,38.58,90.63,47.68,7.35,717.255
1,9.5,53.07,84.19,71.0,77.89,99.11,4.62,7.706
0,04.02,50.6,50.85,74.36,43.21,19.86,07.03,509.295
0,06.05,61.5,35.22,26.94,75.37,26.91,8.22,48.999
0,1.86,79.2,42.36,65.53,66.05,56.04,05.05,61.495
1,2.8,54.04,36.5,83.87,98.73,88.15,6.14,77.042
1,4.72,51.02,47.04,30.18,65.7,41.86,6.49,49.236
0,2.86,40.6,62.17,55.99,32.69,85.37,8.16,50.47
0,8.89,68.3,93.48,49.49,48.49,48.29,7.86,59.699
0,2.42,65.72,91.04,93.52,94.22,86.77,7.85,89.814
0,5.1,54.03,80.3,38.94,97.36,34.97,7.4,68.771
1,6.45,43.22,31.69,48.88,80.99,52.47,07.09,564.735
0,7.23,65.76,53.9,92.38,33.98,35.09,6.54,55.853
0,4.45,87.29,77.76,49.8,31.65,29.37,5.85,507.455
0,8.82,82.92,39.03,64.85,63.57,47.9,6.57,59.35
0,6.11,91.65,86.08,27.48,99.98,40.12,8.27,7.225
0,4.96,40.57,94.02,98.87,90.85,80.84,6.85,8.746
0,1.61,97.99,54.79,86.87,95.32,77.29,8.93,8.356
0,5.18,60.48,79.41,72.58,73.65,42.27,4.71,7.7
1,8.39,99.42,40.37,29.56,90.14,99.3,6.21,6.688
1,6.53,55.16,78.36,30.62,52.38,97.65,5.0,56.940
1,8.49,68.29,31.5,65.87,31.92,92.61,5.83,50.29
1,5.45,61.24,40.55,46.38,94.28,62.79,7.95,65.106
0,02.07,61.35,79.69,71.71,45.29,47.11,8.12,60.562
1,1.12,90.54,79.83,69.86,80.99,38.17,4.16,7.464
1,3.73,84.79,74.88,87.9,76.13,11.35,8.77,732.105
0,7.28,99.53,63.42,46.1,41.07,66.86,8.36,55.222
0,8.11,76.81,77.24,68.34,43.7,59.78,8.52,6.148
1,3.66,67.8,84.17,83.3,53.04,66.69,5.88,69.672
1,5.46,45.4,97.65,61.81,82.99,61.84,6.48,74.753
0,4.79,99.79,92.2,87.3,32.75,22.39,4.84,63.945
1,4.69,73.09,85.62,34.85,58.49,72.58,5.98,60.875
0,03.08,82.03,78.63,80.04,76.56,42.44,4.63,7.497
0,2.23,64.4,70.19,95.72,42.0,56.47,8.32,6.475
0,2.77,72.86,38.44,49.89,38.36,42.91,6.91,451.635
0,1.5,96.55,41.59,52.48,57.31,11.98,4.68,523.495
1,2.78,49.99,87.42,31.27,50.06,88.89,8.4,5.671
0,01.08,57.54,86.23,73.11,75.44,23.39,4.4,700.205
0,6.65,49.12,73.01,66.43,97.87,62.4,8.63,76.616
1,3.85,87.53,60.72,28.03,30.31,89.48,4.53,47.461
0,9.76,43.72,31.82,81.42,93.17,29.92,7.59,666.925
1,2.74,44.9,52.9,87.2,60.33,47.08,7.23,626.935
1,4.11,57.91,59.44,93.03,76.48,44.0,7.91,721.045
1,4.22,70.85,64.01,65.93,89.57,18.03,6.82,6.952
0,01.08,64.38,95.05,58.94,70.14,48.12,5.75,69.544
1,8.55,42.69,37.61,90.71,36.81,53.15,5.37,52.666
1,1.29,97.45,66.32,54.9,39.84,12.39,8.73,51.917
0,9.46,97.17,55.75,74.16,85.25,53.93,6.21,746.375
1,09.03,56.76,99.31,71.15,46.04,18.44,8.21,61.283
1,5.82,83.89,90.33,52.91,69.83,90.32,7.62,7.315
1,5.89,74.71,60.72,31.52,59.97,68.51,7.28,55.335
1,6.88,54.25,99.98,26.61,51.25,15.08,8.85,51.519
1,4.48,55.73,65.98,57.12,85.09,84.43,6.83,7.127
0,6.83,69.47,41.7,61.09,81.19,42.54,7.67,63.23
1,1.4,65.15,68.91,86.7,75.23,30.31,8.25,713.335
1,1.49,57.47,45.83,56.08,56.09,32.85,4.23,5.184
0,5.12,88.45,74.54,46.09,45.85,63.79,8.98,57.702
0,5.95,68.89,95.62,59.66,66.11,17.34,5.31,658.005
0,8.99,79.29,85.03,42.85,87.2,15.29,7.51,676.965
1,1.94,51.36,49.12,31.85,70.3,66.48,8.77,541.755
0,8.4,72.01,50.78,33.48,97.91,98.37,7.82,6.983
1,2.89,59.08,34.85,48.94,31.08,53.51,5.15,41.342
1,4.55,71.58,50.01,25.95,99.88,47.2,5.81,633.255
0,3.85,86.85,36.48,41.52,78.4,95.25,06.07,63.326
0,4.6,86.13,64.96,84.06,88.29,31.69,6.93,766.905
1,2.35,61.25,79.58,42.6,53.45,31.65,07.01,545.635
0,5.53,81.66,82.58,33.3,65.58,91.46,7.94,65.106
1,8.21,96.48,34.17,96.18,85.79,68.22,8.3,773.755
0,4.97,77.54,53.8,71.69,83.25,14.84,4.45,6.705
0,5.42,48.9,50.17,29.5,53.38,70.66,5.37,48.048
0,8.64,80.78,37.3,29.67,52.71,83.8,5.72,49.784
1,7.35,46.29,55.37,70.91,76.4,34.66,04.07,636.365
0,5.41,92.33,50.95,65.51,95.36,44.46,06.09,736.225
1,3.32,71.0,74.41,30.13,60.72,27.79,5.79,535.455
1,8.96,63.11,91.83,41.82,54.71,67.0,6.63,609.805
1,6.19,43.42,61.84,94.68,92.63,69.78,4.5,797.785
1,2.99,62.85,82.27,67.9,77.81,16.17,06.07,685.645
0,3.42,94.19,40.22,58.02,57.18,70.99,6.99,59.08
1,8.23,41.26,92.65,43.76,34.01,69.26,08.02,524.255
1,1.4,68.48,40.68,35.03,80.5,13.16,7.83,532.325
0,9.93,95.87,43.45,55.2,54.7,59.98,06.02,57.220
1,2.17,63.69,37.45,94.18,34.94,65.25,5.95,56.158
0,8.16,65.69,51.68,28.65,72.86,48.71,4.19,544.395
1,4.55,74.71,68.67,99.32,52.61,91.12,4.41,735.605
0,5.43,67.78,99.16,40.59,53.69,39.55,8.36,59.504
1,8.93,50.12,85.54,55.66,63.54,16.05,08.03,59.879
0,4.72,41.11,56.63,28.38,80.22,70.47,4.11,57.656
1,5.84,76.59,70.31,68.86,49.34,64.47,8.41,62.652
1,1.44,95.25,73.63,61.27,35.67,99.02,07.07,61.955
0,01.02,46.38,87.59,75.0,59.71,30.82,08.01,648.865
0,3.2,52.66,81.55,65.7,33.84,45.59,6.51,54.403
0,7.13,62.21,69.85,54.86,78.81,51.51,4.75,666.405
0,02.09,88.52,76.84,80.33,97.15,87.54,5.78,8.705
1,02.02,56.16,82.21,26.88,76.11,47.31,6.25,601.475
1,4.7,92.92,39.32,65.58,49.28,79.49,7.77,58.748
0,6.83,43.3,44.03,33.54,42.72,24.12,08.06,38.885
1,7.41,96.46,78.2,57.7,46.29,46.88,7.71,60.600
0,2.61,73.64,89.53,84.33,45.51,23.95,6.38,64.676
0,1.72,79.53,58.65,35.68,51.97,95.47,7.32,563.395
1,9.46,62.06,98.59,95.19,36.81,26.0,5.48,65.205
1,3.35,86.92,45.13,91.64,92.7,47.72,8.94,77.845
1,8.68,49.99,59.17,56.12,91.96,17.4,4.84,64.789
1,8.77,42.93,56.5,25.45,73.07,92.92,7.62,56.821
1,7.95,63.73,95.12,84.23,34.33,66.14,4.77,6.508
1,2.52,91.22,49.98,91.07,86.28,96.62,5.4,817.455
1,8.4,85.3,62.96,38.11,34.33,13.8,7.74,4.404
0,7.92,71.03,43.11,93.71,37.45,25.75,7.65,54.835
0,6.37,74.33,66.49,93.56,52.77,44.2,4.62,6.701
0,04.03,47.79,90.02,60.35,60.2,65.92,7.39,655.325
0,3.36,90.44,51.28,84.85,54.77,39.66,05.02,63.647
0,2.1,87.22,86.76,58.37,41.57,74.07,8.86,62.623
1,5.59,79.39,93.79,67.3,37.85,24.86,07.02,592.555
0,6.27,67.97,35.11,48.99,90.16,64.06,04.02,640.285
0,4.23,97.87,82.95,36.96,55.42,45.82,05.04,59.596
0,5.28,92.74,47.87,80.99,45.3,55.74,5.15,60.524
0,4.27,78.67,42.27,25.1,64.09,61.27,5.24,511.545
0,6.77,62.31,72.08,68.47,32.58,15.39,6.79,507.065
0,9.11,77.08,79.39,89.85,72.02,93.16,05.03,805.715
0,2.48,74.53,57.63,41.6,47.39,80.75,06.06,5.404
1,4.43,63.65,32.74,49.97,71.87,49.82,4.87,55.542
1,2.27,58.4,93.61,69.06,72.99,59.27,7.33,7.330
0,6.62,64.42,81.15,43.52,86.65,12.93,6.84,651.725
1,7.56,74.43,49.02,88.56,46.09,54.82,7.14,610.005
1,9.39,65.69,64.78,52.5,62.44,48.37,8.84,5.934
1,3.51,55.81,31.95,68.62,97.33,43.7,6.0,675.615
1,9.55,85.66,53.75,41.96,80.9,83.38,05.08,66.459
0,1.57,71.89,66.58,28.1,98.27,26.37,8.99,645.615
1,6.43,44.06,66.21,38.03,94.92,25.87,4.29,629.645
1,1.51,62.1,44.57,28.46,72.75,56.95,08.05,533.965
1,09.04,93.09,84.37,60.15,48.48,71.84,4.81,653.725
0,5.77,85.31,50.92,69.0,82.98,12.02,7.32,6.621
0,07.02,59.39,70.63,28.35,78.87,59.13,6.37,60.669
0,8.48,96.29,49.01,31.79,71.22,36.88,8.2,559.935
0,2.35,44.6,59.76,61.41,78.85,78.12,7.66,6.717
0,1.35,97.67,44.53,84.94,72.95,52.2,4.86,706.605
0,8.91,54.74,74.31,72.1,66.36,85.07,7.33,7.9
0,3.83,40.55,59.79,32.85,59.12,45.73,05.09,494.905
1,2.16,66.03,31.13,91.57,33.13,84.44,4.85,55.761
1,5.22,61.54,31.97,93.81,90.6,74.49,4.42,751.595
1,6.38,72.35,62.98,49.37,90.59,84.54,4.57,7.233
0,1.28,87.81,42.83,71.2,71.58,83.12,7.52,68.512
0,3.47,90.55,70.95,61.92,48.75,53.77,8.96,61.164
0,1.3,64.07,58.57,95.65,31.97,43.13,7.38,57.536
0,4.78,65.79,75.81,63.16,30.1,78.86,7.54,55.952
0,09.06,48.89,96.67,97.0,35.1,42.54,7.91,65.012
1,9.84,42.85,67.01,39.95,55.19,18.05,8.45,4.879
1,6.73,78.47,85.12,50.92,43.19,87.3,5.34,614.475
0,2.45,43.87,82.71,83.6,48.55,45.75,07.02,6.339
0,9.15,84.03,94.53,83.77,78.98,21.93,05.08,780.875
0,5.65,72.35,44.98,79.91,97.14,68.18,6.63,770.255
0,2.38,51.91,87.91,89.47,44.47,90.08,05.04,69.713
1,9.3,72.37,93.39,77.69,62.6,87.49,4.32,7.599
0,7.82,50.98,57.49,72.71,99.4,59.9,4.44,7.555
0,7.59,66.32,51.97,59.42,95.22,17.93,8.88,67.001
0,7.38,87.97,96.64,60.03,54.66,72.69,04.03,695.325
0,2.8,67.72,73.93,55.46,52.38,64.79,7.45,60.235
1,2.9,48.92,56.65,71.52,46.95,28.91,8.44,534.255
0,7.19,83.43,85.43,55.5,40.88,91.05,5.97,6.271
0,2.98,51.21,51.31,36.06,62.2,17.8,7.54,47.948
1,4.95,84.31,42.35,32.99,53.88,43.57,5.74,483.635
1,08.04,68.76,68.08,94.34,82.14,18.51,6.64,74.677
1,08.06,67.22,69.63,26.86,46.58,92.08,8.68,52.873
0,05.08,91.09,87.8,32.91,81.54,13.18,4.21,6.475
0,8.13,82.52,61.99,58.4,50.17,48.32,5.34,5.764
1,8.55,41.97,87.02,44.72,71.49,87.56,4.53,665.585
1,6.89,57.77,51.79,55.44,74.69,32.62,6.48,593.985
1,03.06,92.26,70.28,33.81,77.02,19.45,7.85,606.365
1,3.47,41.1,44.59,34.82,42.27,21.43,8.88,38.670
1,3.83,72.72,56.98,85.05,49.79,46.44,4.78,62.001
1,02.05,83.67,90.03,81.93,47.23,48.57,4.22,68.243
0,3.46,77.31,45.12,32.82,70.33,74.63,4.69,570.385
0,2.89,85.63,86.72,75.08,35.3,31.41,8.84,60.173
0,5.1,83.54,49.8,70.7,66.28,73.17,5.6,66.504
1,9.18,81.52,32.41,78.5,36.12,99.91,5.34,56.891
1,1.94,89.29,37.7,60.58,53.59,87.78,7.68,59.148
1,7.48,78.74,82.21,45.25,78.07,67.2,4.6,6.967
1,7.19,64.15,48.34,74.78,58.88,94.59,5.75,6.484
1,1.86,68.31,75.79,52.85,49.62,99.2,4.72,624.885
1,9.3,83.0,78.94,41.42,73.11,61.32,8.87,661.635
0,6.12,92.58,54.16,55.65,81.82,34.63,5.43,661.025
0,4.27,56.33,63.24,82.25,47.82,92.35,5.35,648.155
1,7.81,60.52,58.26,60.68,50.96,85.98,7.17,59.308
0,3.32,95.84,96.31,47.49,74.82,17.62,04.08,686.675
1,7.24,74.71,52.4,87.39,97.57,94.27,7.27,83.375
0,1.36,50.74,42.83,91.12,44.97,42.96,6.27,564.555
1,8.55,79.82,55.59,57.49,75.8,38.99,4.92,639.015
1,05.03,99.45,76.87,53.1,93.46,40.89,6.43,75.394
0,6.73,89.41,78.82,70.95,62.34,38.8,8.99,681.415
0,2.99,84.74,94.68,29.35,52.18,56.44,8.19,586.545
1,07.09,52.48,91.72,76.85,76.68,62.18,8.87,758.605
1,7.95,92.57,50.18,83.67,32.2,48.31,8.63,563.115
0,5.26,71.55,61.86,54.81,55.21,47.13,8.1,57.266
0,6.56,93.36,82.31,38.1,48.06,76.36,5.67,59.78
1,5.11,59.79,94.16,27.16,45.72,10.27,7.65,48.629
0,09.05,43.72,53.6,72.79,42.58,95.22,5.96,577.145
1,5.48,68.56,61.11,45.17,81.59,74.3,6.15,66.357
1,8.58,56.19,92.96,59.79,96.86,73.65,8.37,8.42
1,8.21,82.91,55.09,53.98,56.93,47.98,05.03,575.275
1,4.69,97.43,63.64,38.12,33.44,96.92,5.48,53.397
0,03.07,81.46,93.32,63.13,80.32,10.03,8.65,717.075
0,4.65,93.22,86.16,59.47,67.67,16.88,7.5,66.794
0,8.44,67.18,47.04,71.81,80.66,82.37,4.32,705.465
0,03.05,86.3,52.74,43.89,75.35,76.48,4.61,64.171
0,5.72,90.58,54.71,41.1,93.38,34.42,6.9,66.4
0,8.25,82.65,93.89,86.08,39.83,63.53,7.99,6.885
0,4.18,70.47,99.93,77.66,41.84,57.88,7.96,66.88
1,6.78,77.55,84.18,82.92,53.91,57.44,6.12,699.335
0,3.21,82.03,63.9,34.25,64.4,63.6,5.29,584.455
0,1.98,55.19,30.71,41.8,94.8,99.44,7.94,65.235
1,8.15,88.57,78.82,68.16,93.49,98.86,8.72,8.426
0,1.89,97.02,57.26,89.29,91.03,98.35,6.22,85.172
0,3.44,67.91,74.31,91.91,45.58,59.38,4.69,665.215
1,8.7,82.06,72.47,87.39,81.08,38.63,07.05,767.885
0,4.12,84.22,63.66,28.25,56.84,60.41,4.36,541.515
0,9.76,79.73,96.11,86.57,95.18,66.04,07.06,8.875
0,9.82,72.83,31.62,92.43,45.02,38.03,4.86,562.745
1,3.41,92.9,79.85,29.26,39.89,66.95,6.58,532.315
0,1.37,66.94,58.69,56.22,88.97,65.98,7.13,7.22
0,7.35,43.67,79.97,65.25,80.18,91.31,6.23,738.675
1,05.06,90.67,77.27,42.46,87.5,31.38,8.14,68.899
0,1.91,80.44,30.72,63.75,41.06,72.78,5.87,517.745
1,7.37,90.96,49.97,91.45,91.94,50.57,4.78,7.918
1,1.28,48.31,43.24,90.02,77.43,21.69,6.32,652.535
0,8.83,41.85,41.69,95.49,75.61,38.46,8.82,66.705
1,2.25,96.06,80.99,61.31,70.78,15.15,8.4,674.195
1,2.15,48.86,46.77,55.79,83.54,38.74,5.56,6.130
0,2.58,88.58,63.23,74.93,59.09,16.21,5.21,62.539
1,9.64,89.39,47.29,56.26,39.3,93.29,6.42,55.546
1,7.24,82.52,70.62,28.15,67.75,19.16,7.28,55.042
0,8.21,47.88,80.44,78.99,82.37,83.56,8.63,7.780
0,4.58,80.04,53.18,46.07,40.76,91.55,07.07,53.578
0,04.03,93.35,72.21,28.68,45.68,52.09,8.18,52.144
1,3.11,65.53,87.74,26.55,78.76,14.85,7.48,5.978
0,5.33,64.81,36.6,94.85,48.88,63.62,4.51,6.98
1,5.97,66.57,79.75,43.91,41.9,31.13,8.46,513.625
1,6.69,44.94,52.62,58.59,92.26,25.9,5.0,645.465
1,3.31,93.52,38.59,96.29,41.26,61.01,5.83,616.845
1,9.54,92.15,68.2,60.06,54.09,42.07,8.2,61.8
1,2.53,99.87,45.84,30.9,59.99,75.73,8.9,554.495
1,9.69,75.11,87.5,66.4,63.33,63.21,5.55,700.975
1,1.13,85.07,33.0,31.61,55.29,84.64,5.92,50.824
0,5.33,52.16,36.91,32.13,93.88,15.25,6.43,5.501
0,4.0,80.05,66.47,88.86,76.1,31.14,6.49,7.326
1,05.04,78.98,71.23,46.71,55.16,61.03,7.75,59.230
1,6.14,94.07,81.09,75.9,55.04,89.24,08.09,72.788
0,4.92,89.85,48.15,63.17,65.21,83.21,8.96,6.555
1,4.73,96.31,88.92,41.67,32.36,71.16,08.02,562.745
0,7.59,92.13,96.72,63.84,94.86,61.67,5.5,8.388
0,7.17,92.12,64.93,30.17,45.63,66.83,5.79,52.394
0,8.5,43.82,83.24,51.04,78.83,29.22,07.09,643.025
1,3.25,90.76,66.74,64.21,84.44,63.57,7.43,7.438
1,6.49,76.45,34.86,42.13,87.92,54.44,4.45,61.365
0,6.27,62.83,52.83,74.51,41.59,44.6,5.72,54.493
0,4.33,43.39,36.12,28.89,67.57,89.9,05.01,51.425
0,5.37,80.66,99.22,61.36,35.86,84.65,6.54,64.266
0,3.82,59.69,46.03,78.62,86.34,16.91,4.84,66.74
0,2.28,68.07,74.51,57.25,64.05,98.72,6.9,6.831
1,2.92,80.9,49.9,90.59,41.09,30.7,6.34,58.169
0,1.95,94.71,75.73,72.41,80.31,29.38,06.02,73.766
1,7.15,89.53,44.73,96.89,53.18,94.94,7.24,702.285
0,6.95,67.04,84.97,46.31,38.02,50.03,06.08,535.855
1,9.56,63.27,37.76,95.41,62.28,82.48,6.0,677.775
1,7.57,54.39,92.66,70.51,46.47,35.94,7.26,61.457
1,1.47,62.35,88.83,80.89,96.52,88.59,4.29,8.686
1,8.96,46.66,77.52,92.66,55.3,84.91,6.16,7.118
1,8.76,98.27,34.72,66.34,70.07,56.75,4.98,63.555
1,4.99,74.44,44.6,89.66,96.39,73.46,4.19,798.615
0,6.27,47.67,90.16,65.63,57.56,96.76,4.17,690.285
1,9.78,61.17,38.54,69.94,55.07,50.68,4.84,556.525
0,5.79,72.82,40.92,58.38,41.37,54.48,6.17,499.885
1,9.15,71.97,68.08,35.92,95.68,75.05,6.83,70.786
1,1.75,42.13,49.19,66.51,86.05,44.78,7.98,65.274
0,2.72,97.05,45.55,98.31,45.47,96.51,07.04,68.958
1,4.97,56.52,70.31,84.04,53.29,13.64,6.6,607.395
0,6.26,40.97,56.08,81.06,94.04,46.3,4.18,73.122
0,8.35,44.59,39.84,73.25,67.61,74.25,5.49,61.828
0,9.89,74.81,67.44,51.09,68.94,48.64,7.46,62.734
0,4.5,48.27,57.09,37.72,75.37,33.33,5.35,55.387
1,1.43,42.5,81.42,41.84,83.35,47.21,6.97,648.875
1,8.21,62.78,37.19,25.47,95.75,89.34,07.02,62.529
0,6.44,77.37,73.44,75.51,86.16,59.23,5.53,7.738
1,2.79,46.71,60.55,85.89,95.42,40.16,6.86,7.566
1,5.45,58.8,58.42,45.17,87.44,70.44,4.57,665.045
0,7.68,65.07,46.26,31.89,33.25,65.07,7.63,41.876
1,7.93,49.57,32.13,50.18,38.23,60.44,4.11,433.525
0,5.5,70.36,89.34,46.9,91.94,45.2,4.18,73.328
0,3.75,45.11,52.85,58.82,31.94,16.5,8.35,42.615
1,9.76,42.79,77.68,44.81,85.59,65.87,6.9,67.561
1,6.97,71.19,96.33,50.48,89.49,47.78,4.81,751.045
1,4.67,54.87,69.55,93.07,59.08,48.59,07.01,682.015
0,3.52,45.72,57.8,50.11,54.84,31.07,5.85,50.960
0,7.58,65.43,48.78,83.91,43.61,32.45,5.35,55.785
1,3.18,94.91,95.38,71.94,33.42,80.87,08.06,66.336
1,2.55,83.45,77.75,50.32,82.18,53.14,6.39,70.552
1,5.77,88.94,76.57,86.33,35.16,19.84,5.47,600.805
1,3.61,92.31,59.83,69.63,96.13,14.13,8.72,73.663
0,6.66,98.36,89.15,25.65,50.77,30.22,4.83,54.87
1,02.06,85.79,79.96,30.15,85.6,53.87,4.71,674.555
0,6.89,76.5,49.82,81.45,34.18,65.55,4.49,564.945
0,3.55,61.93,71.97,58.49,67.54,22.93,4.62,611.415
1,1.0,50.9,60.11,55.41,54.44,49.05,5.26,54.923
1,2.14,81.2,30.46,35.94,32.1,16.53,7.49,36.84
1,9.4,99.7,86.53,36.8,75.91,13.4,7.36,643.845
0,8.81,68.04,38.6,84.83,96.02,87.7,7.82,781.085
1,3.1,83.42,65.7,87.18,30.75,69.25,6.88,609.645
1,08.01,69.71,53.54,67.0,48.93,80.3,6.46,59.584
0,6.48,65.92,53.95,47.13,79.25,26.37,6.16,59.539
1,9.74,64.62,63.42,94.95,90.99,38.99,8.37,78.629
0,4.36,70.28,99.79,71.8,43.35,49.94,5.72,651.025
1,7.13,62.01,58.59,84.75,34.95,69.22,8.46,58.261
0,1.57,84.93,42.76,25.25,30.6,58.14,5.38,398.815
1,4.57,92.46,72.95,58.77,45.06,59.63,4.79,602.625
1,9.67,92.97,46.54,90.32,34.99,24.12,5.28,5.584
0,5.85,53.66,37.39,50.37,55.16,52.73,6.5,5.1
0,3.59,93.75,33.51,79.49,60.81,84.14,8.63,65.647
1,02.08,60.49,31.6,74.33,63.59,55.85,4.89,58.793
0,7.33,58.56,60.18,36.42,39.96,27.98,6.9,43.781
0,6.8,83.61,59.87,83.12,62.48,47.21,05.09,6.770
0,4.37,58.28,42.99,33.44,30.63,77.93,7.39,412.995
0,9.56,43.18,84.88,79.59,46.76,22.15,6.33,59.772
1,1.2,62.42,39.05,99.32,55.84,62.24,7.67,64.65
1,3.73,83.29,94.07,96.85,38.28,96.88,8.28,7.444
0,9.29,59.62,71.13,85.02,86.98,44.23,5.67,76.309
0,3.89,77.77,31.93,65.09,44.08,13.93,8.69,472.565
0,3.27,79.61,97.41,75.61,82.84,66.98,6.34,8.203
0,5.81,84.02,51.56,79.61,63.17,14.24,8.68,62.15
1,8.41,93.83,61.5,25.63,63.58,27.24,5.15,530.675
1,1.93,65.95,49.9,32.68,75.16,14.36,8.49,52.486
0,9.49,49.99,80.99,69.78,33.1,25.36,5.67,52.763
0,8.16,59.14,64.0,25.49,35.51,86.94,7.75,46.209
0,2.63,65.93,39.27,93.17,52.88,76.14,8.84,6.386
1,7.41,82.83,37.29,61.72,59.18,40.77,8.56,55.961
0,4.46,40.79,80.78,44.33,60.1,90.74,6.32,614.265
1,4.62,58.95,46.6,54.54,77.38,69.87,5.72,62.92
0,08.05,86.79,39.65,88.81,30.05,50.3,07.06,54.359
1,9.67,80.25,64.96,94.54,97.14,16.15,7.53,80.266
0,2.14,83.9,86.19,33.72,42.21,75.76,6.7,564.075
1,4.79,88.71,49.51,83.35,47.4,43.8,8.24,605.805
0,5.33,86.99,49.35,68.37,93.39,37.25,4.29,7.207
0,4.39,80.93,88.37,68.91,30.38,35.94,7.0,572.215
0,4.27,66.38,40.35,83.46,99.39,10.69,6.63,714.285
1,1.47,99.02,73.17,41.71,32.52,76.84,4.2,540.295
0,7.17,74.14,96.85,64.83,38.44,23.08,04.06,587.535
1,4.93,52.17,88.89,48.95,46.81,56.86,07.03,57.302
1,2.75,57.57,34.33,32.09,60.71,11.45,4.59,43.039
0,8.34,81.61,52.39,32.88,66.29,66.51,7.84,5.671
0,8.22,95.48,39.97,35.24,37.33,43.25,8.75,4.374
0,5.38,50.72,96.45,71.12,35.16,66.77,4.89,6.112
1,3.69,44.94,99.02,32.94,32.23,18.09,7.99,45.622
0,6.74,92.89,46.45,67.76,47.97,33.97,6.96,5.570
1,3.59,94.92,76.88,69.12,94.51,19.93,6.24,772.195
1,3.12,56.58,88.91,92.79,57.29,68.15,7.25,73.504
0,7.57,62.64,46.36,71.98,83.48,19.77,08.01,64.726
0,1.36,79.61,43.14,98.92,43.31,65.54,8.85,6.303
0,1.85,59.8,30.78,27.32,34.53,22.12,7.3,332.635
0,01.06,92.63,58.84,77.81,68.8,94.9,7.73,740.535
0,2.38,46.45,92.96,26.99,87.55,47.47,07.04,65.374
0,1.62,42.28,93.21,79.7,92.89,21.39,6.83,7.744
1,9.96,52.51,38.94,53.94,68.23,13.76,4.32,51.780
1,3.6,57.17,44.3,70.85,50.58,39.65,4.78,53.957
1,2.34,46.78,58.56,48.22,37.67,90.22,5.9,506.515
0,3.17,43.94,84.64,36.93,76.75,22.94,7.25,5.971
1,9.43,85.34,72.83,79.26,49.63,81.17,4.38,684.025
1,5.68,49.86,65.97,92.85,89.08,47.56,6.72,773.265
1,4.28,94.84,71.44,38.77,72.36,82.26,04.07,670.165
1,8.86,62.08,36.73,94.05,90.12,88.69,7.83,7.747
1,4.55,80.24,63.44,35.51,69.67,99.8,7.33,6.395
0,04.02,53.52,99.44,80.17,84.02,16.14,6.6,7.630
0,2.87,54.42,36.19,96.96,50.6,81.67,6.86,62.797
1,4.4,74.48,66.35,36.05,65.21,16.27,8.66,54.181
1,3.85,73.64,50.7,57.63,31.36,38.33,8.53,467.205
1,7.1,86.12,67.79,50.31,72.55,68.16,7.96,66.956
0,3.61,85.47,70.17,54.14,67.36,50.26,5.68,6.471
0,6.19,80.24,70.42,81.49,82.87,60.87,4.54,77.572
1,1.59,66.95,89.65,74.59,81.03,96.96,5.61,8.132
0,2.72,93.44,57.28,97.65,73.93,83.68,7.76,79.456
0,4.67,77.35,66.14,38.91,33.97,42.73,07.06,46.852
1,9.43,99.41,30.76,65.74,93.21,64.0,7.53,7.155
0,4.4,89.16,85.27,58.68,31.26,14.36,4.53,53.16
0,6.98,42.66,48.16,93.91,86.23,50.76,4.79,7.263
1,3.3,59.24,87.16,25.8,63.55,64.76,7.32,58.524
0,2.14,74.31,48.59,99.19,87.26,74.32,5.86,799.195
0,1.53,83.29,30.76,60.98,62.55,91.14,5.85,60.732
1,3.75,73.02,40.84,71.92,75.29,35.48,5.96,63.349
0,2.42,87.17,99.0,52.0,55.43,91.2,7.98,700.375
0,2.57,56.96,52.39,88.94,82.06,69.54,7.5,74.084
1,7.85,51.03,37.62,67.15,47.79,16.99,4.53,47.839
1,1.14,43.24,38.31,74.71,80.35,44.23,5.72,63.208
1,06.02,74.4,51.72,73.67,43.54,52.89,7.37,567.295
0,4.42,81.32,32.64,52.3,80.55,41.72,8.88,6.9
1,5.56,59.57,65.8,30.7,50.56,20.43,8.56,46.531
0,06.07,76.82,44.96,85.58,49.5,59.64,5.24,61.358
1,3.82,43.13,66.35,46.73,86.8,21.86,4.33,618.315
0,3.66,45.96,39.85,88.67,86.96,92.35,6.87,744.045
1,7.6,82.11,60.09,70.65,78.4,87.87,06.03,7.411
1,8.84,62.08,71.85,51.53,94.67,52.77,4.92,7.187
1,2.73,80.28,34.34,69.57,40.93,16.1,7.26,48.224
1,1.88,89.9,57.91,73.41,48.85,59.7,4.8,61.992
0,09.08,91.16,51.18,78.0,50.58,63.3,5.76,62.885
1,4.15,50.33,46.83,86.68,51.37,89.96,7.97,63.44
1,5.96,69.18,72.32,36.98,52.96,16.08,7.42,5.77
0,4.24,84.04,71.2,95.81,78.79,72.29,07.04,81.402
1,2.13,86.44,74.15,55.81,48.95,60.65,8.65,60.624
0,6.3,87.08,41.12,89.53,50.01,25.73,4.63,59.391
1,5.73,53.69,50.0,41.54,69.93,20.96,7.45,52.325
1,2.83,51.55,44.68,27.18,43.54,72.46,4.59,43.371
1,05.07,75.4,67.84,68.0,55.54,40.58,4.68,61.605
0,8.17,84.47,62.27,49.35,34.06,99.99,6.53,55.158
1,6.31,59.15,53.12,98.83,96.68,90.46,4.12,841.305
1,1.87,46.28,85.02,32.83,52.21,60.91,6.5,54.204
1,5.93,83.0,36.58,28.55,89.5,67.76,04.05,608.545
0,7.32,57.98,98.24,28.38,67.1,24.3,07.01,58.455
0,8.13,49.98,38.16,41.27,45.97,90.46,5.56,48.083
1,6.66,48.86,84.11,68.44,43.54,51.3,4.42,59.187
0,2.37,58.89,55.78,62.92,78.65,56.92,7.9,659.945
1,7.39,75.56,90.57,51.26,97.54,88.58,5.95,8.148
1,7.1,61.5,35.19,31.66,42.81,10.56,6.22,371.425
1,1.22,41.24,56.23,42.53,38.08,54.49,5.87,44.779
1,4.71,45.81,53.48,38.81,57.1,66.41,4.42,516.055
1,4.0,57.43,99.52,80.93,57.57,24.34,6.3,68.463
1,07.02,79.58,98.99,83.5,86.44,16.15,7.33,8.49
1,2.95,45.91,43.29,83.28,62.82,58.14,8.52,61.870
0,6.32,73.64,74.1,97.68,34.37,59.28,7.82,6.456
0,9.22,47.19,67.49,91.32,94.45,39.72,4.4,7.807
0,8.18,52.7,40.81,62.34,56.12,89.4,4.83,57.599
0,9.29,50.33,41.74,56.12,76.8,37.1,4.22,58.001
0,9.81,44.03,99.25,93.68,76.72,56.48,4.6,80.173
0,1.1,80.28,61.69,70.84,33.94,26.8,6.4,52.635
0,6.6,67.8,38.81,47.08,30.25,11.0,5.1,379.995
1,4.72,89.86,45.04,67.33,36.16,48.34,7.24,52.316
1,8.74,45.93,48.78,99.41,96.96,57.43,4.16,788.805
1,3.27,48.68,65.76,88.71,85.58,78.82,8.29,780.325
1,9.83,58.39,53.49,46.1,39.24,50.39,7.39,46.835
0,6.52,85.95,61.85,96.47,73.04,35.09,8.85,7.415
0,8.14,58.35,41.65,98.61,72.84,64.38,8.76,7.74
1,1.77,64.51,52.87,42.34,30.04,44.31,7.46,42.555
1,2.65,58.1,34.92,92.17,60.03,31.01,4.79,5.994
0,7.83,44.81,92.28,91.24,79.82,91.93,5.11,82.877
1,1.2,96.37,43.91,27.98,43.08,58.3,5.39,46.321
1,8.35,72.91,82.98,75.23,89.56,28.04,6.13,768.445
1,1.13,87.27,54.47,47.9,76.22,70.38,6.85,65.311
1,6.91,79.5,63.21,75.6,30.48,82.28,7.41,58.388
0,4.29,70.86,50.39,93.52,89.84,78.27,4.38,79.815
1,6.5,45.38,78.75,62.41,31.36,63.96,07.05,532.625
1,7.26,78.56,89.12,56.08,92.16,56.77,4.3,77.633
0,04.08,49.32,50.04,94.11,53.36,79.96,8.14,651.395
0,1.97,64.86,46.96,98.06,78.91,73.73,4.2,753.845
1,1.63,77.75,77.7,29.67,85.12,61.43,5.95,666.675
0,6.3,86.93,43.66,94.21,49.69,69.19,6.1,6.528
1,5.69,81.1,74.79,31.21,54.95,25.18,6.85,52.620
1,7.68,80.29,36.61,50.3,65.67,11.79,4.48,5.208
0,5.59,48.94,73.41,82.19,70.79,93.8,8.67,74.28
1,4.8,60.77,65.94,83.28,50.44,94.18,5.92,67.157
1,4.58,42.57,37.97,79.44,99.47,80.92,5.98,746.175
1,1.24,83.17,75.44,27.93,81.59,43.51,5.22,63.295
1,04.02,97.16,61.26,34.97,49.19,23.57,7.9,50.284
0,9.78,55.85,45.2,95.22,74.83,42.16,04.04,688.365
0,8.86,45.26,54.74,31.11,60.48,75.36,4.53,519.555
1,3.96,68.53,64.45,30.89,90.22,40.17,6.35,630.595
0,6.29,91.4,36.41,87.67,53.03,81.63,8.84,65.063
1,8.63,73.12,97.03,73.09,43.15,70.57,4.18,67.15
1,4.97,42.81,76.59,51.37,33.23,66.7,4.31,50.742
1,1.16,98.46,37.18,37.43,98.9,93.72,7.57,7.62
1,1.67,89.72,87.6,91.31,55.15,90.41,7.68,7.766
1,5.59,47.9,52.58,99.14,45.44,74.05,8.48,63.4
0,9.72,95.31,71.78,28.75,64.42,27.93,6.88,56.414
1,7.24,67.04,49.4,66.56,50.41,94.5,06.02,603.175
0,1.64,62.31,81.34,44.6,46.3,30.44,6.26,52.898
0,2.7,67.66,80.61,87.43,73.15,43.53,6.16,7.470
1,7.94,90.07,68.64,50.96,35.24,84.41,8.87,5.625
1,8.57,79.57,46.86,78.6,65.63,28.78,5.9,6.282
1,6.56,43.55,47.76,65.46,57.12,67.47,4.48,5.701
1,6.8,97.46,56.8,65.61,67.28,51.21,5.45,661.775
1,1.26,48.87,40.15,89.35,52.43,66.16,8.8,60.221
0,8.46,84.73,53.64,60.28,69.92,96.22,6.14,68.365
1,08.09,78.17,77.9,88.42,35.73,82.75,5.58,662.825
1,3.33,51.25,88.16,52.26,56.33,36.62,5.55,591.995
0,7.38,50.24,53.28,38.11,46.62,15.15,04.05,43.39
0,2.93,92.22,46.35,59.16,60.67,97.03,7.17,642.195
1,1.36,65.18,88.28,62.38,57.88,62.67,7.62,6.629
0,2.81,79.27,92.35,60.88,74.18,25.58,5.76,70.138
1,2.61,70.24,58.7,85.62,74.01,66.44,8.36,7.271
0,04.04,83.64,31.88,67.35,58.94,13.8,7.71,535.865
0,4.77,68.75,78.65,91.63,42.71,26.88,7.0,63.149
1,5.58,57.24,84.88,63.56,70.73,66.94,7.52,700.395
0,5.29,61.8,31.26,41.85,97.66,46.22,7.85,616.975
0,3.44,91.54,71.65,34.71,42.98,39.26,6.64,51.130
0,1.26,68.08,71.19,90.13,34.83,68.99,5.99,62.668
0,6.45,52.81,56.51,29.21,48.52,87.98,4.63,496.655
0,4.56,96.08,82.48,33.82,58.9,71.07,06.02,62.281
0,3.69,87.8,59.97,29.77,51.43,51.71,6.75,51.388
1,8.8,43.34,77.37,56.78,88.43,69.3,8.74,718.835
1,7.72,99.94,66.2,64.95,64.51,72.61,4.77,69.311
0,8.72,81.7,47.39,26.49,47.23,79.75,7.78,48.776
1,5.45,49.62,72.46,63.67,96.51,37.63,5.2,7.291
1,2.18,54.23,81.58,54.53,38.75,20.3,8.79,50.964
1,7.27,81.55,98.17,83.02,38.6,71.37,6.97,6.919
0,2.85,86.79,56.61,87.25,47.17,20.9,6.16,6.41
1,4.97,54.34,34.51,76.37,35.37,51.58,5.73,4.896
0,1.59,55.42,99.16,60.51,82.62,30.76,05.01,7.249
1,8.43,58.43,73.67,41.21,51.9,39.89,7.57,53.33
0,2.13,75.88,96.25,88.53,81.09,52.36,7.18,82.588
0,9.13,50.31,37.27,50.63,83.39,90.66,8.45,63.395
1,8.78,46.25,53.94,51.72,46.63,71.24,6.99,517.875
1,5.18,80.73,39.38,93.7,66.29,25.45,4.85,6.512
0,7.7,86.75,88.49,98.17,66.37,89.15,7.41,83.06
1,6.58,70.06,91.62,92.36,91.0,55.05,8.39,8.577
1,8.23,61.83,65.09,99.87,31.79,28.38,8.95,58.133
1,4.89,65.92,43.06,90.17,52.18,57.47,7.43,61.756
0,08.07,63.3,38.9,77.83,91.77,27.18,5.45,68.405
0,5.16,97.6,71.17,47.04,46.58,43.06,6.83,5.636
1,9.47,86.09,65.45,96.47,39.58,82.5,6.57,679.195
1,5.38,52.49,78.64,90.75,70.33,69.28,6.56,75.208
1,5.16,63.05,51.36,43.06,51.41,53.01,4.39,506.365
0,08.07,72.64,58.17,61.69,62.71,30.38,4.97,59.306
0,8.39,76.78,31.5,30.25,87.4,35.4,6.62,55.670
1,5.99,68.09,72.71,96.5,66.45,98.04,7.99,785.375
1,2.62,88.61,59.62,67.96,66.11,40.86,4.91,649.995
1,5.21,86.06,94.38,43.39,49.47,65.45,4.82,62.189
1,9.71,70.31,74.93,46.93,85.5,54.98,7.8,691.725
1,7.78,91.27,57.91,98.55,81.79,12.08,7.45,75.181
1,8.3,85.07,48.45,71.17,46.39,95.02,6.43,61.728
0,1.3,86.71,93.37,56.55,52.4,17.91,4.25,61.613
1,5.21,97.38,31.14,62.49,85.2,69.28,6.36,683.365
0,6.82,55.99,52.88,32.39,55.04,82.99,8.17,51.835
1,8.47,56.06,96.05,30.63,58.25,77.39,04.05,60.6
1,1.44,93.34,75.78,69.45,55.51,82.83,4.51,6.956
0,8.67,86.33,67.29,63.4,41.31,76.57,08.05,6.5
0,5.94,95.59,44.25,51.94,53.86,50.1,6.63,55.254
0,2.78,43.79,88.34,67.46,86.21,90.66,7.31,7.815
0,3.86,77.67,44.29,30.45,64.38,92.12,7.73,5.598
1,3.54,48.68,47.38,95.8,62.08,49.33,5.5,64.955
0,5.78,70.23,43.43,47.03,40.94,53.63,5.49,47.158
1,1.47,49.34,41.07,30.38,42.43,53.71,5.32,409.645
0,2.43,47.68,96.73,37.71,33.01,35.1,4.84,48.605
1,8.31,40.73,72.14,32.16,30.98,20.34,5.52,39.418
1,2.19,77.81,74.65,38.4,64.16,33.58,8.76,5.812
1,3.1,61.54,96.8,56.26,58.65,85.97,4.43,687.035
1,05.08,46.31,46.14,80.35,49.28,58.88,5.2,57.82
1,5.65,59.37,30.41,45.43,99.3,86.52,5.59,667.835
1,7.87,50.14,71.92,57.69,57.86,77.06,4.77,617.775
0,05.03,96.5,65.55,94.66,85.22,41.38,4.39,8.39
1,8.11,59.2,63.44,47.19,44.74,26.68,4.81,487.325
0,6.57,60.04,34.33,84.6,47.29,61.05,6.64,566.765
0,02.02,90.39,61.81,36.84,69.79,94.23,6.98,6.446
1,2.41,78.87,50.13,38.37,30.28,85.55,05.08,46.658
0,4.93,82.61,49.22,59.21,31.22,78.75,6.52,51.709
1,4.57,78.16,45.57,42.56,39.96,78.78,04.03,49.434
0,7.69,96.77,53.28,92.73,45.62,57.5,07.01,652.325
1,6.23,52.42,54.72,28.81,66.95,25.26,04.01,4.934
0,4.49,99.34,51.61,69.8,78.04,35.7,7.21,68.59
1,2.54,89.86,98.51,70.32,51.83,62.01,6.42,706.095
1,03.04,75.34,95.29,29.95,46.73,38.47,4.55,54.282
1,6.18,79.74,70.22,79.94,87.6,80.34,4.44,80.697
1,4.81,78.93,98.67,60.17,41.39,43.59,04.03,61.515
0,5.63,43.5,99.38,79.23,77.48,20.25,6.76,731.765
1,2.54,53.08,54.92,87.02,95.19,80.43,08.03,794.065
0,6.97,97.69,61.16,49.22,46.25,72.83,8.28,577.765
0,8.67,72.06,97.13,61.34,36.09,32.78,6.85,5.787
0,3.32,62.7,72.6,44.56,98.58,98.3,8.44,7.626
1,5.42,85.72,44.91,40.11,48.95,46.29,8.31,49.342
0,9.78,71.47,78.26,25.04,49.3,71.24,7.49,53.438
0,4.0,40.79,44.4,97.27,63.86,91.94,5.82,6.882
0,6.36,84.17,53.76,58.07,46.17,24.04,8.14,52.25
1,1.81,83.93,45.93,25.98,99.5,89.11,5.96,67.81
1,6.45,49.91,47.15,25.67,33.01,73.35,06.02,39.727
0,1.81,97.4,30.33,46.63,61.6,25.08,7.39,5.153
1,9.63,53.43,91.65,26.05,68.38,69.81,8.64,6.109
1,7.44,67.46,50.72,53.09,62.69,88.71,6.5,60.975
0,08.09,46.88,36.05,29.72,66.44,81.91,4.89,50.773
0,7.34,76.2,36.09,27.94,99.13,78.45,4.71,643.635
1,6.31,62.53,68.92,75.2,91.38,24.52,5.51,73.272
0,05.05,61.19,99.5,93.01,51.59,27.16,6.29,7.4
1,8.73,89.62,40.15,55.7,68.6,59.29,5.49,60.856
1,9.61,40.57,36.97,87.76,30.02,62.21,7.56,50.119
1,5.49,87.88,60.68,27.19,58.67,94.93,6.71,5.774
1,9.38,74.29,69.43,83.33,41.47,52.18,06.03,6.188
1,6.25,99.17,50.61,29.71,79.8,37.23,05.07,591.195
1,5.85,75.37,51.18,87.88,45.48,27.17,07.03,58.378
0,05.09,43.32,59.71,91.18,82.42,14.88,7.37,69.404
0,2.88,43.04,51.99,83.95,51.92,16.18,7.92,5.547
1,01.03,92.99,94.07,86.56,94.81,61.68,8.95,891.045
1,3.17,90.47,32.94,67.11,61.18,25.86,5.16,56.411
1,5.59,60.75,46.42,44.87,88.77,86.65,04.08,6.631
0,4.42,77.08,86.6,73.24,73.97,63.68,6.5,7.559
1,05.04,69.38,88.38,57.97,98.42,87.84,8.62,823.375
0,9.83,98.03,37.81,25.4,81.99,48.47,5.24,572.585
1,4.15,97.0,98.16,60.76,80.94,63.62,7.78,79.213
1,05.07,99.03,78.53,73.84,48.54,57.29,5.6,66.787
0,2.2,91.99,49.08,26.04,65.34,98.8,5.96,58.274
0,1.43,94.57,61.92,71.6,50.31,81.71,8.74,655.205
1,7.98,53.04,50.8,73.94,31.35,63.59,6.31,512.805
1,6.14,89.86,40.5,36.86,79.74,64.59,7.63,60.669
1,7.85,82.53,50.38,57.33,46.51,32.39,6.75,52.178
0,2.35,97.77,70.61,97.32,57.81,76.13,7.82,7.607
0,6.15,74.28,87.82,91.31,49.92,98.45,5.59,751.365
0,3.28,45.11,55.45,55.81,43.97,21.65,8.38,47.108
0,03.05,75.84,54.35,51.24,34.7,67.35,6.74,50.144
0,1.1,81.19,62.76,34.31,53.65,56.61,5.55,53.687
0,2.17,53.22,75.12,27.64,35.72,86.54,4.19,48.412
1,3.78,63.65,82.61,47.31,67.82,10.0,04.07,594.515
1,02.05,75.91,52.88,95.52,31.37,22.29,5.77,55.255
0,9.87,62.45,71.04,96.9,95.8,13.34,05.08,79.542
1,3.78,62.5,57.26,85.94,97.65,24.66,4.26,7.583
1,2.17,47.99,80.15,51.31,51.33,73.71,6.76,58.993
0,2.79,96.44,41.53,35.77,48.21,22.57,8.94,46.22
1,6.29,85.03,47.98,69.67,37.31,66.01,6.11,55.176
0,1.58,40.07,59.82,73.49,93.34,88.14,6.76,7.582
0,8.76,85.94,92.26,56.84,71.08,13.12,5.1,67.446
1,9.65,84.39,70.13,76.87,72.71,12.41,05.02,6.837
0,3.22,40.58,97.58,81.0,92.71,99.09,5.64,861.815
0,05.05,62.18,37.23,83.73,93.76,70.59,8.18,744.715
0,1.2,76.4,62.21,62.67,87.98,22.66,8.8,6.880
0,6.77,67.17,59.34,84.37,84.14,37.6,7.7,728.865
0,4.73,86.68,72.01,26.91,91.41,98.65,4.1,71.656
0,3.43,65.53,86.84,76.03,91.32,30.45,6.19,779.355
0,2.86,49.23,88.9,42.67,55.81,77.75,6.1,60.679
0,6.89,98.58,76.91,45.29,98.14,31.71,8.68,7.408
1,4.75,54.52,74.91,31.85,79.64,45.86,7.73,608.565
1,2.62,83.06,96.43,39.43,55.91,89.26,7.57,65.944
1,7.2,48.59,56.86,99.4,60.94,12.56,6.82,63.666
0,06.09,59.74,88.29,56.15,78.1,37.65,7.23,6.876
0,8.73,66.52,94.51,94.58,55.28,53.85,7.49,73.932
1,02.06,51.53,64.41,37.22,87.86,66.29,6.76,64.72
1,08.07,67.0,81.04,40.3,40.36,12.54,8.22,48.363
1,07.06,49.43,56.39,66.84,93.53,46.96,4.18,703.625
0,02.04,73.54,41.12,51.21,51.08,40.99,8.71,503.575
1,7.25,79.82,71.06,73.29,40.69,12.42,7.87,5.599
1,4.97,43.75,43.75,56.65,90.06,41.98,6.64,63.6
0,9.5,92.27,62.03,85.87,46.76,93.85,8.3,688.515
1,2.27,51.11,91.1,57.37,89.04,34.72,8.14,723.095
0,6.79,53.52,36.02,67.93,50.74,62.7,6.1,5.356
0,4.44,79.68,32.13,49.08,95.37,36.83,8.2,6.372
0,9.61,68.13,72.45,77.8,45.34,19.6,4.94,58.582
1,3.97,69.96,53.17,74.11,34.88,36.08,6.35,519.735
1,9.66,47.69,59.26,54.78,95.56,52.37,5.16,68.999
0,9.11,88.34,58.4,45.7,41.59,36.66,4.62,50.161
1,3.43,77.02,36.06,71.06,96.09,66.18,8.47,7.292
1,8.23,48.12,30.25,95.74,87.68,95.42,5.83,75.027
1,9.96,62.44,92.89,34.95,35.73,16.23,7.42,47.687
1,3.27,88.62,45.25,84.93,61.16,74.53,5.88,680.035
0,4.93,74.1,59.83,65.72,35.14,10.11,6.72,49.116
1,5.68,46.52,98.03,64.42,53.09,10.09,5.74,599.535
0,3.65,62.37,87.87,97.13,54.61,21.96,7.71,6.940
0,1.14,54.56,37.56,70.44,71.97,53.19,7.93,610.865
1,2.98,71.05,65.6,87.29,98.31,14.32,6.15,77.888
0,3.54,90.6,81.11,63.59,41.88,74.99,8.3,6.333
1,4.99,66.18,78.89,43.74,53.04,12.64,5.78,53.159
1,2.54,66.0,83.26,77.09,71.1,54.59,7.81,728.685
0,8.86,94.32,62.02,94.24,42.0,70.85,7.25,67.181
0,7.34,74.57,42.31,88.09,79.75,31.38,6.28,68.992
0,1.77,73.97,62.54,39.88,58.26,62.14,8.44,56.48
0,6.85,55.71,75.35,48.77,96.47,33.56,6.86,69.954
1,6.88,76.46,72.6,63.77,74.09,29.27,8.2,66.967
1,9.61,74.55,34.94,67.87,55.42,83.66,7.67,591.735
1,01.03,63.81,34.55,39.54,80.36,39.96,6.66,55.298
0,3.23,99.44,97.57,42.25,88.71,83.26,5.63,79.395
0,9.35,92.91,40.63,81.91,86.03,29.52,8.76,70.957
0,9.39,84.98,50.61,79.77,48.39,42.03,4.28,59.702
1,7.49,72.24,83.73,87.94,59.19,19.24,8.47,685.955
0,7.89,67.72,58.68,94.97,61.65,54.69,6.53,69.297
1,1.82,51.09,42.7,48.12,57.19,44.34,7.74,501.295
0,5.62,58.34,62.71,89.47,51.76,10.54,5.67,59.913
1,03.08,86.44,69.83,74.95,82.69,51.84,5.92,7.547
1,2.63,67.22,61.69,96.83,30.86,16.7,4.95,5.573
0,8.29,92.94,94.33,45.41,50.55,85.33,8.77,65.738
0,2.22,48.87,49.93,45.23,39.91,54.43,4.22,45.592
1,5.22,70.5,76.29,77.82,39.01,72.1,5.93,6.262
1,9.45,78.82,37.86,94.63,49.39,83.9,5.67,64.788
0,2.67,71.01,57.46,86.84,83.35,14.61,08.07,709.365
0,9.8,93.35,81.87,79.53,97.86,40.35,6.51,8.387
1,9.95,99.37,45.74,54.05,66.02,12.26,4.85,56.930
0,6.0,46.95,71.28,78.83,53.73,14.47,6.55,58.910
1,2.53,47.8,40.74,85.08,88.04,13.4,5.18,66.352
1,3.84,47.82,37.19,81.5,34.7,53.01,04.09,50.041
0,4.82,80.87,66.63,75.76,36.52,50.56,6.72,58.191
0,3.78,62.36,77.25,28.53,54.18,15.51,5.8,4.933
0,3.53,84.0,37.94,74.48,61.39,33.61,5.19,594.555
0,9.75,64.33,94.24,60.87,85.85,32.0,4.86,7.374
0,2.38,77.66,45.8,97.12,94.77,36.7,6.27,780.455
1,7.6,86.19,38.4,70.54,67.19,67.67,8.35,642.175
1,1.0,72.89,44.19,70.62,64.7,72.74,7.79,6.370
0,6.37,72.37,41.87,99.55,44.91,40.52,04.02,60.269
0,9.24,45.29,36.35,32.02,61.58,80.94,7.66,4.945
0,3.59,64.65,85.85,45.72,94.66,47.61,4.36,72.957
1,2.67,72.75,64.69,74.21,57.5,57.02,6.74,645.925
0,6.87,67.72,57.2,48.64,44.75,23.1,7.9,48.344
0,7.41,94.05,96.54,50.96,53.61,30.96,6.27,633.125
1,7.19,94.39,55.97,91.95,66.02,75.48,5.88,742.755
1,3.87,89.32,41.69,68.45,71.9,97.93,8.7,6.934
0,3.27,62.52,49.18,32.71,60.27,73.42,4.15,52.702
0,9.6,83.04,46.73,48.31,83.1,14.88,4.53,603.005
0,9.31,63.72,64.91,30.7,70.91,22.86,8.35,541.335
1,5.12,53.96,50.41,66.71,76.55,50.12,8.43,63.959
0,8.62,60.57,66.12,38.0,90.4,75.93,5.86,6.801
0,05.07,44.26,76.85,89.28,90.6,24.93,6.7,7.631
0,4.82,59.91,84.41,68.3,44.25,77.57,4.82,63.192
1,2.41,67.64,79.71,29.45,73.63,60.03,8.42,61.842
1,4.84,97.33,44.39,47.57,80.16,79.71,6.35,665.305
0,5.84,58.8,38.11,71.23,40.21,60.19,6.82,51.402
0,1.2,94.15,67.97,50.16,88.99,64.23,4.59,731.185
1,5.0,53.73,43.92,63.49,42.63,32.39,07.07,4.818
1,08.03,51.46,35.95,93.2,85.95,74.82,7.48,732.005
1,7.12,71.14,66.9,51.25,41.3,85.96,5.47,563.575
1,6.72,80.35,52.88,50.19,81.92,88.42,8.48,686.725
1,9.19,42.66,82.93,86.48,40.37,12.65,05.02,578.665
1,1.16,53.26,51.99,48.91,56.52,66.21,8.49,543.545
1,06.01,67.34,98.51,30.85,40.05,99.06,7.52,58.072
1,08.09,59.86,83.1,38.57,48.95,62.82,8.15,5.566
1,5.87,82.76,34.04,96.16,98.92,25.41,7.5,7.628
0,3.92,70.67,65.62,95.0,37.54,88.98,6.14,6.597
0,2.23,49.62,69.38,41.86,58.45,33.79,5.66,531.395
0,8.99,93.67,78.67,66.51,77.38,14.05,7.67,7.21
1,5.24,57.57,64.85,35.3,36.62,48.75,5.49,4.524
0,8.9,83.87,63.84,75.6,37.63,19.02,4.31,551.275
1,6.27,86.79,55.76,38.9,40.03,20.37,5.24,45.603
1,07.07,97.79,49.0,28.73,75.15,51.7,7.78,5.823
0,8.24,69.91,96.23,86.87,93.65,65.14,7.97,8.724
1,6.93,76.95,52.23,49.41,87.82,91.49,5.38,703.795
0,4.58,60.09,34.44,33.14,98.81,73.47,5.64,63.112
0,5.62,80.69,41.71,87.54,70.47,85.83,6.75,715.435
0,8.23,67.8,90.01,82.18,97.3,47.06,5.31,8.408
1,4.36,66.26,71.06,76.28,51.35,38.67,07.03,617.475
0,4.49,91.33,84.51,93.34,59.51,63.36,5.41,765.345
1,1.86,43.01,86.61,61.69,57.72,72.59,4.6,645.065
0,9.23,92.92,87.63,34.6,33.32,61.14,4.77,53.244
0,1.82,91.12,68.54,29.6,88.08,33.81,5.25,64.429
0,6.83,70.38,42.4,48.88,31.73,43.28,4.84,4.317
1,4.72,69.41,40.38,31.51,81.09,50.35,8.87,5.631
1,4.65,61.71,70.18,65.16,58.49,11.27,7.29,580.955
1,7.12,99.65,55.66,26.09,30.44,89.19,4.9,471.925
0,1.6,46.67,69.06,58.28,50.3,56.03,6.12,56.257
0,6.34,75.41,64.89,38.38,54.23,77.59,5.35,568.535
1,7.95,80.9,72.15,52.62,97.53,25.47,7.42,723.575
1,8.45,96.06,32.25,75.63,76.28,60.1,8.34,676.715
1,2.53,86.81,32.3,51.32,68.05,93.35,6.0,6.112
1,09.08,78.63,80.51,50.6,38.89,29.28,6.14,531.545
1,6.91,47.01,43.52,99.31,57.38,41.13,5.99,624.285
1,8.94,62.42,75.65,78.91,32.5,44.95,6.25,569.695
0,5.37,48.33,68.26,63.54,83.32,44.5,4.18,67.982
1,5.88,92.87,98.73,68.45,41.39,64.06,6.96,6.703
0,9.27,84.98,88.48,71.51,71.61,45.44,8.76,73.679
0,9.1,85.45,58.92,26.84,78.96,70.66,7.93,61.741
1,05.03,79.14,73.15,31.02,55.66,53.61,8.31,55.141
1,3.47,70.42,38.21,73.69,74.28,24.19,5.15,615.235
0,4.54,49.0,57.05,52.34,83.5,95.37,07.04,68.157
1,4.49,59.78,81.37,29.16,42.89,31.56,8.46,477.095
1,3.58,48.21,73.59,47.31,72.06,60.62,4.34,626.495
0,3.42,83.49,63.91,34.77,81.37,15.46,8.39,5.984
0,8.75,49.61,42.36,93.72,54.99,92.68,4.32,653.775
0,1.63,82.13,86.22,40.22,41.37,93.52,8.92,593.435
1,7.1,81.54,49.12,35.78,50.03,42.81,4.42,487.145
0,2.56,67.56,87.43,71.96,95.32,20.89,5.84,7.768
1,4.1,48.11,72.81,64.14,55.02,79.3,4.27,62.595
0,1.55,58.89,56.09,68.19,37.54,33.6,4.28,506.535
0,3.43,59.21,32.84,57.7,35.79,73.06,8.33,46.746
0,7.92,82.02,46.27,60.04,42.63,92.36,4.32,566.225
1,8.97,46.82,92.23,83.41,38.93,63.12,7.96,63.918
1,2.99,89.74,87.26,41.49,64.65,87.51,8.53,68.177
0,5.17,85.66,70.24,54.74,54.33,30.22,8.68,583.365
0,5.23,51.18,62.64,96.84,88.9,91.94,8.32,8.216
0,8.86,83.15,75.3,39.25,91.68,30.4,8.78,683.155
1,7.87,80.11,62.64,47.03,63.13,30.32,4.26,57.424
0,5.62,84.89,75.1,39.37,92.2,89.19,8.98,745.405
1,07.04,51.34,51.52,26.54,61.53,59.94,4.1,496.025
0,8.63,49.46,88.69,45.24,74.94,81.95,4.83,68.418
0,01.09,54.19,79.13,28.49,41.38,82.22,4.4,51.72
0,4.63,61.95,53.1,36.6,33.68,68.23,7.72,44.576
0,9.17,87.62,88.15,52.2,41.21,27.02,4.44,565.675
0,7.66,84.28,64.11,26.55,47.63,72.29,5.46,51.787
0,5.89,95.53,42.22,81.47,82.57,15.73,7.19,68.837
1,5.77,43.52,35.44,84.67,42.15,28.06,6.49,50.166
0,4.13,40.69,78.97,55.86,39.15,67.86,4.68,54.316
1,5.68,81.95,90.56,98.85,94.93,91.7,6.61,9.341
0,6.9,56.76,86.52,75.92,78.22,79.45,5.7,77.282
0,4.77,60.04,75.9,80.78,63.13,39.92,6.93,674.665
1,7.43,72.81,39.9,39.42,36.65,84.13,6.69,46.356
0,8.75,46.14,36.58,87.81,89.63,96.99,8.95,74.952
1,2.39,78.56,54.15,95.88,37.58,39.88,8.32,59.797
1,05.06,59.51,89.84,42.72,72.77,26.81,04.02,6.274
0,4.67,77.96,97.32,76.48,76.74,27.78,4.88,76.017
1,7.19,90.04,46.9,81.02,58.01,46.03,8.57,63.545
1,3.25,50.27,83.35,47.89,93.79,14.71,6.7,67.967
0,6.76,95.85,70.17,60.63,33.55,53.9,7.8,55.909
1,8.9,71.84,32.23,32.32,87.27,75.91,6.52,598.455
0,4.76,95.38,68.0,37.98,68.77,57.74,7.93,624.765
0,9.2,52.46,86.42,29.62,72.78,97.3,4.66,65.138
0,9.94,76.27,49.33,67.01,99.08,51.55,7.69,7.407
0,1.95,64.23,92.82,71.89,70.79,11.19,8.35,68.855
1,3.1,86.45,46.54,93.71,85.79,52.31,5.33,7.663
0,9.55,76.35,35.35,65.66,40.75,93.69,5.84,547.515
0,9.62,69.67,41.2,44.55,86.65,18.63,6.95,58.535
1,1.88,94.78,88.59,29.46,83.28,30.07,8.34,66.716
0,1.13,62.63,59.21,91.37,97.77,74.4,8.54,82.607
0,2.45,53.2,85.79,60.91,95.5,36.47,6.67,747.775
1,9.96,76.49,67.19,80.3,44.98,78.87,7.29,64.792
1,2.62,77.44,63.64,26.1,62.55,47.74,8.36,536.635
1,5.52,66.35,86.48,61.61,93.8,81.65,5.16,8.32
1,8.64,69.2,59.64,49.43,74.85,59.64,8.13,63.367
1,1.18,97.57,86.14,27.27,62.46,17.42,5.31,57.405
1,6.44,83.96,37.05,83.18,37.63,44.75,6.91,54.246
1,3.49,46.64,74.54,63.47,54.62,39.99,8.67,585.555
0,8.76,52.73,79.18,49.99,76.57,82.91,6.56,6.869
1,3.55,98.53,92.94,85.43,84.38,66.24,4.47,859.555
1,7.18,83.59,45.7,58.52,61.3,79.97,8.48,61.581
1,07.07,94.9,72.3,25.26,33.91,43.49,6.92,4.648
0,2.99,58.23,60.33,95.83,74.32,72.26,4.36,7.508
0,1.31,84.51,56.79,44.18,94.51,15.87,04.05,655.195
1,4.68,82.84,37.47,87.29,64.75,13.31,5.31,61.594
1,3.6,57.68,39.4,86.23,94.99,35.87,4.6,72.039
1,8.28,73.05,88.59,37.18,54.79,79.63,7.14,61.457
0,8.2,77.64,82.48,60.55,92.05,58.07,6.98,77.422
0,5.11,68.87,56.76,28.01,85.04,46.79,8.2,596.845
1,6.46,89.63,87.99,51.59,97.32,90.7,6.57,8.259
0,6.44,89.97,35.65,79.82,85.37,54.76,5.27,714.375
1,8.44,91.04,73.73,42.78,52.5,65.21,4.25,59.441
0,4.83,88.21,90.77,33.78,93.04,98.72,04.05,77.856
0,3.48,69.29,88.72,63.03,76.88,57.02,8.63,730.405
1,3.39,62.89,56.09,65.27,41.34,80.52,4.72,563.455
1,5.83,89.88,82.17,75.69,33.22,47.24,6.5,60.695
1,05.04,69.41,59.92,81.94,55.61,13.27,7.97,60.200
1,4.96,54.78,88.81,77.19,85.08,85.1,8.64,808.255
0,1.82,70.44,67.15,88.41,73.28,95.0,05.01,7.772
0,7.47,48.51,83.54,41.72,66.9,49.09,5.16,60.312
0,2.92,81.5,35.5,67.73,30.26,55.33,4.9,483.065
1,2.77,60.16,71.3,52.01,60.49,48.17,4.79,59.266
0,4.71,55.64,68.52,97.16,41.04,99.72,6.27,67.894
1,03.05,97.39,72.7,58.02,61.82,91.3,7.18,69.551
0,6.25,86.61,78.69,96.98,99.42,13.7,7.53,84.811
1,4.34,87.22,94.27,82.68,91.57,80.11,5.64,8.830
1,05.04,77.42,85.0,78.88,51.74,64.08,7.12,68.979
0,5.83,90.35,45.37,61.87,71.55,12.26,04.01,59.845
1,2.83,85.55,87.81,58.25,65.15,50.02,8.44,6.848
1,2.4,75.93,38.55,64.49,39.1,23.47,8.35,474.575
0,8.92,97.67,73.55,47.02,99.29,88.57,6.72,7.984
1,4.9,51.5,91.79,92.84,59.76,11.14,5.22,6.874
1,4.71,96.6,37.08,84.57,65.4,88.58,8.86,699.665
1,1.32,64.09,89.48,85.1,75.33,94.68,08.05,814.135
0,5.48,71.7,85.9,57.49,43.41,16.57,04.08,5.557
0,5.99,47.36,65.26,30.33,45.56,74.79,6.35,487.955
1,06.03,72.41,51.62,76.23,43.48,59.4,4.51,57.780
0,7.36,76.67,58.38,53.08,56.91,95.88,4.66,621.195
1,2.6,99.86,97.81,90.28,43.98,81.83,04.01,75.694
1,3.27,98.51,44.12,83.53,94.85,72.5,7.44,80.005
1,8.3,97.98,70.57,35.9,80.0,93.3,5.26,70.217
1,9.52,60.9,35.83,70.13,92.85,24.43,5.52,65.729
1,2.22,99.48,45.25,76.92,89.39,43.84,4.24,738.985
0,5.48,67.33,83.43,67.61,79.22,85.86,04.04,766.345
1,2.93,91.11,51.18,63.55,46.99,19.14,7.96,53.595
0,1.54,52.98,99.0,42.09,73.07,94.19,7.31,70.614
0,3.93,70.35,65.06,42.69,43.04,77.06,5.91,5.348
1,2.29,97.96,66.16,82.6,39.27,49.54,4.35,623.765
1,7.39,96.82,32.54,26.4,74.28,40.48,7.88,52.836
0,5.8,81.02,96.96,83.42,73.72,23.28,8.63,7.647
0,2.29,87.87,42.2,64.51,40.96,18.43,6.64,495.335
0,01.08,50.59,67.68,95.22,54.67,48.12,4.69,6.634
1,8.27,83.3,57.7,99.8,34.64,85.88,7.26,6.553
0,2.59,77.08,59.09,74.76,80.1,57.87,4.36,72.038
1,6.46,45.49,75.03,55.92,99.12,50.6,4.83,73.287
1,04.03,46.79,76.35,60.63,81.79,38.71,6.35,67.604
1,6.27,46.51,40.8,40.32,89.09,24.13,5.25,564.855
0,3.84,83.46,64.97,32.44,63.34,99.11,8.65,61.53
1,1.78,48.5,85.33,68.41,36.69,12.32,08.04,5.309
1,03.01,68.06,61.03,85.41,80.86,38.06,5.38,7.247
1,2.69,61.42,41.61,44.63,47.96,79.24,8.82,50.331
1,4.85,73.03,51.93,56.47,57.18,56.85,5.89,5.750
1,6.92,82.39,44.87,66.61,79.22,38.25,6.84,654.175
0,3.37,81.08,38.81,93.09,93.33,99.35,6.82,81.743
1,1.11,70.93,56.43,35.4,64.04,65.73,7.25,5.621
1,5.67,67.86,67.87,42.77,97.31,36.56,5.22,68.767
0,6.45,63.87,35.09,93.89,66.39,86.32,8.61,6.874
1,9.67,91.71,72.27,27.97,38.58,23.51,5.33,464.715
0,6.31,59.85,99.51,74.21,66.29,51.72,7.32,7.281
1,5.24,55.56,97.49,72.96,90.24,85.56,7.83,83.434
0,6.16,84.6,88.04,53.74,67.66,98.53,8.41,7.303
0,9.35,61.59,48.64,60.11,82.34,44.48,6.28,641.815
1,8.46,90.82,31.57,89.12,68.36,22.43,7.56,63.845
1,3.91,59.67,88.35,37.37,68.22,61.02,4.43,629.585
1,3.14,82.12,33.9,42.37,49.93,94.96,7.89,52.556
0,3.36,42.71,44.39,63.43,44.09,69.91,7.78,51.429
0,5.54,63.13,68.11,55.73,49.52,64.19,06.05,576.185
0,7.7,60.59,42.49,68.08,60.86,37.84,5.57,56.662
1,5.53,89.0,88.37,94.06,86.67,64.57,5.9,8.688
0,1.61,98.02,84.4,93.78,88.03,89.62,4.45,8.989
0,7.51,67.65,82.9,42.25,41.44,43.8,7.19,52.791
1,8.25,89.49,87.13,47.66,68.7,31.78,8.57,6.551
0,3.61,81.98,45.38,37.16,59.12,53.29,7.33,52.584
0,6.98,98.04,81.02,94.58,69.97,43.86,6.9,7.852
1,4.84,88.67,54.87,54.84,75.33,52.29,8.95,651.455
0,9.0,44.65,76.68,58.73,49.57,18.62,6.71,5.369
1,8.61,82.8,38.54,85.2,94.35,40.26,5.73,743.365
1,5.73,72.13,79.39,63.47,95.48,84.39,7.52,8.81
1,7.22,40.99,98.05,33.98,37.38,46.03,6.61,49.89
1,8.95,55.08,33.05,57.84,79.21,97.11,8.86,6.401
1,5.46,95.31,36.57,72.29,32.33,73.8,8.49,53.613
0,3.82,95.56,38.65,78.94,33.26,42.94,8.73,5.295
0,7.78,87.93,60.14,73.4,97.05,32.65,04.01,764.035
1,2.98,98.91,50.35,33.94,78.64,71.68,5.67,6.313
1,4.5,88.39,86.48,47.83,52.72,37.22,7.14,602.665
0,8.79,40.61,63.17,80.02,76.89,93.42,5.54,7.295
1,7.52,57.27,63.92,91.01,89.21,20.47,7.28,7.453
1,4.63,41.84,80.19,28.54,90.96,12.59,7.57,60.452
1,2.93,45.65,55.34,28.17,31.44,29.89,7.12,36.668
0,4.2,53.13,54.72,73.26,87.28,64.6,6.29,71.58
0,3.56,70.21,82.98,66.1,89.72,85.15,7.48,80.059
1,2.58,90.85,84.6,36.65,71.69,25.31,7.9,6.278
1,7.69,91.72,31.01,66.12,63.59,62.63,7.48,60.423
0,3.27,76.97,40.07,98.09,37.77,22.97,08.06,55.75
0,05.09,95.69,44.92,72.32,46.77,60.69,8.74,590.715
1,4.47,70.0,54.61,58.69,64.33,11.64,4.51,56.274
1,9.84,93.34,50.4,87.06,90.56,60.2,8.53,78.895
0,4.52,67.24,76.8,40.96,86.22,56.96,5.37,68.197
0,1.72,56.63,87.97,56.07,64.72,13.86,6.82,613.125
0,1.81,94.98,43.45,64.58,84.99,72.05,8.71,712.845
1,6.32,63.28,69.41,62.84,83.6,61.5,7.1,71.33
0,6.39,70.2,55.75,94.07,70.53,66.08,4.42,72.981
1,4.77,59.73,65.4,46.95,45.42,57.68,6.5,524.555
0,4.89,79.77,73.45,29.24,54.36,74.98,8.47,56.501
0,1.49,99.7,92.55,93.73,41.48,57.25,06.06,721.555
0,5.65,41.53,43.46,41.28,30.5,93.0,8.24,4.313
0,5.54,93.99,36.09,53.43,35.64,94.92,7.97,519.405
1,2.35,40.24,73.9,64.82,83.17,75.4,8.53,716.585
1,1.93,61.85,57.59,98.19,32.34,92.06,5.32,6.277
0,2.11,50.12,41.4,65.15,57.99,93.08,6.48,59.184
1,1.91,85.44,38.2,58.58,99.0,33.58,5.68,68.837
0,6.49,43.04,69.12,68.77,85.67,99.45,6.67,75.25
0,2.77,73.21,51.03,97.81,82.54,34.07,4.1,742.755
0,3.26,57.7,99.82,86.35,49.23,11.67,5.21,65.719
0,2.56,48.02,58.41,37.67,74.92,96.6,8.87,617.835
1,9.62,86.31,44.86,85.24,64.91,30.13,07.02,646.445
0,8.69,53.05,74.02,88.08,73.67,62.57,4.87,741.705
0,03.07,53.42,47.1,76.8,60.51,97.36,6.54,648.765
1,3.95,56.5,64.59,74.29,67.17,14.45,7.49,62.095
0,2.89,75.21,63.78,58.07,99.19,34.24,07.02,72.935
0,5.43,79.58,61.75,73.13,53.05,64.79,6.51,63.637
0,1.18,41.06,85.73,80.32,45.15,78.63,7.37,6.499
1,07.04,54.51,45.16,34.21,61.39,82.66,4.83,52.788
0,5.71,65.86,93.3,44.3,66.7,89.55,6.19,68.621
1,09.09,59.92,85.39,39.56,35.99,25.16,7.75,48.72
0,2.48,93.05,53.32,88.09,86.42,43.3,6.9,765.685
0,8.24,87.26,42.64,76.0,59.54,74.28,8.53,64.521
1,8.13,77.55,49.57,58.81,58.92,74.38,6.22,6.43
0,2.14,60.28,53.28,86.95,76.12,37.72,4.66,688.355
0,4.59,82.04,68.99,78.76,84.13,37.38,4.24,7.487
1,2.53,90.62,33.25,93.52,99.02,38.86,6.39,7.763
1,3.29,75.69,94.01,30.76,42.15,90.29,6.19,5.784
1,3.37,87.07,36.91,63.19,54.19,91.86,5.28,60.38
1,06.01,84.95,49.55,78.01,41.78,11.33,6.95,536.635
1,4.7,74.3,37.65,40.56,91.66,39.25,5.25,61.105
0,9.53,58.73,47.97,49.53,68.39,45.28,05.08,5.631
1,2.14,84.75,88.64,56.42,89.67,98.41,7.11,815.335
0,9.76,52.41,73.06,84.57,98.97,94.98,8.72,8.513
0,03.08,86.77,45.91,62.02,68.51,66.55,05.01,639.975
0,7.96,88.27,91.02,61.97,38.27,14.12,4.91,57.33
1,04.05,89.33,86.05,57.32,55.29,27.21,6.6,625.455
1,2.29,68.37,82.76,42.14,32.53,49.08,4.6,5.21
0,8.72,51.55,89.33,94.23,89.45,96.31,5.47,87.517
1,3.78,45.98,73.38,48.84,31.25,18.52,8.95,442.735
1,6.93,84.6,65.1,67.56,71.45,81.22,8.21,714.995
1,6.1,93.18,56.18,36.16,37.43,27.21,7.53,45.415
1,5.25,79.05,45.66,57.57,30.53,55.71,4.13,47.686
0,5.46,48.65,69.02,92.79,47.93,79.03,5.33,66.545
0,7.59,96.09,92.26,99.66,68.63,72.32,6.85,842.285
1,1.79,99.35,71.58,52.13,35.26,79.82,7.55,57.606
0,07.01,66.0,94.37,36.55,73.04,83.22,7.34,684.975
1,09.06,75.69,54.98,48.58,77.04,37.52,4.93,6.142
1,1.52,86.63,78.66,49.54,97.88,42.76,6.33,75.314
0,2.27,84.18,75.41,73.34,92.97,83.42,4.99,8.271
0,7.45,98.07,76.93,62.21,69.68,13.48,8.62,6.648
0,4.94,46.89,75.15,82.63,85.54,56.3,6.79,7.594
1,4.63,74.84,45.52,77.6,55.45,92.84,5.95,6.467
0,2.23,81.52,40.05,43.85,71.0,89.65,8.59,609.395
1,5.56,93.41,98.5,83.82,58.23,82.39,8.52,786.155
0,2.14,92.45,33.17,88.56,53.59,11.94,6.52,5.796
0,5.29,98.68,62.74,69.88,80.93,89.89,7.43,772.005
1,7.87,70.72,59.76,94.58,50.77,92.05,5.59,696.435
1,3.32,89.85,55.2,83.72,56.64,69.73,5.54,67.752
1,5.33,65.64,84.74,69.65,55.7,36.9,6.75,641.095
1,9.93,65.34,82.17,92.96,90.93,54.09,8.23,8.344
1,7.18,55.2,93.37,70.03,41.93,78.64,6.99,64.241
1,8.57,89.09,57.68,64.09,56.7,83.17,6.3,6.462
1,4.73,99.15,69.49,51.72,92.15,40.9,7.32,7.308
1,7.91,55.38,92.46,91.21,31.07,39.35,08.06,61.641
0,1.36,43.37,99.57,34.2,96.35,76.26,7.94,741.495
1,2.11,88.93,97.85,60.51,92.92,71.77,5.85,832.895
1,2.83,77.21,80.25,65.31,59.25,56.19,8.68,66.455
0,4.62,97.58,40.03,66.61,75.71,47.82,04.08,6.569
1,8.61,55.13,31.62,73.89,99.37,69.14,6.25,72.003
0,4.12,44.26,87.77,62.93,68.85,12.92,8.54,63.102
0,6.89,69.55,88.87,44.26,36.78,16.81,7.48,5.34
1,7.38,45.13,82.25,89.27,89.75,61.58,7.52,80.851
0,6.28,55.71,49.59,74.31,39.39,28.93,4.78,50.745
1,4.22,47.56,74.79,89.36,48.01,79.73,6.91,668.305
0,6.19,53.45,52.14,45.7,91.15,79.51,8.83,670.515
0,04.08,46.37,61.55,72.78,47.92,73.9,05.06,59.304
0,1.75,97.23,56.77,78.56,82.16,91.32,5.64,78.605
1,9.94,56.71,93.95,53.76,61.34,22.68,5.94,61.638
1,2.14,66.63,46.39,85.92,83.18,33.33,5.8,69.867
0,1.65,93.92,70.43,25.19,46.26,32.71,7.14,49.237
0,8.91,80.64,55.27,69.62,59.37,80.41,5.17,653.435
1,3.72,77.08,76.41,71.02,52.27,56.92,6.53,647.315
1,6.85,82.33,69.52,65.04,47.43,32.74,6.0,582.715
0,3.96,89.73,94.68,72.25,52.01,22.28,7.22,66.403
0,4.52,92.66,37.11,37.54,52.61,90.37,5.21,535.235
1,3.36,78.56,45.44,76.36,96.88,72.29,6.77,7.717
1,04.09,93.4,83.64,50.18,67.33,57.57,7.7,6.793
1,4.7,72.12,55.82,58.9,62.34,96.89,7.46,64.609
1,7.48,56.64,41.6,49.98,65.23,86.46,8.17,579.555
1,5.6,92.8,65.23,60.55,99.73,26.03,8.78,74.972
0,9.49,72.49,75.65,71.62,75.75,55.73,8.27,7.236
1,1.38,94.37,33.14,87.88,79.24,53.75,8.69,7.114
0,5.53,42.41,50.41,61.26,51.95,85.99,04.09,564.195
1,6.26,63.85,86.66,49.24,63.01,23.42,7.14,604.225
0,9.28,96.87,66.42,61.6,42.88,50.66,5.34,5.844
1,1.44,54.98,32.48,76.66,77.96,67.29,08.04,6.517
1,6.16,96.49,49.74,51.0,54.11,95.07,8.1,607.925
0,8.68,97.23,74.74,56.07,82.38,90.93,4.24,7.661
0,3.18,92.93,43.96,67.21,44.92,58.05,6.98,564.145
1,8.89,73.82,87.92,47.05,58.25,64.6,8.25,6.357
1,1.17,78.82,77.36,40.68,62.98,86.72,6.94,64.239
1,7.59,92.18,63.0,35.53,41.66,76.99,6.13,529.805
1,9.4,86.55,94.09,51.45,34.87,89.14,4.38,61.454
1,6.91,77.81,57.43,28.63,52.19,90.63,7.65,53.754
0,4.95,98.94,46.46,68.76,68.14,84.93,4.37,68.718
0,1.4,81.14,76.3,38.19,75.69,10.84,6.99,60.497
1,9.28,98.53,70.13,53.3,59.77,37.98,8.59,619.215
0,5.23,43.44,53.47,45.19,65.02,46.32,6.1,537.245
0,1.26,48.34,54.06,72.28,68.02,71.01,7.85,64.624
0,7.21,67.09,57.87,88.78,65.83,37.62,8.0,672.805
1,5.34,63.09,50.38,72.5,36.32,39.12,04.05,51.134
0,2.12,86.96,79.72,65.69,58.35,46.02,8.57,66.087
1,2.93,49.64,75.6,75.18,44.3,95.98,4.94,6.398
0,1.58,98.57,60.85,27.25,67.36,49.34,5.41,5.734
1,6.17,58.9,57.85,34.21,83.07,22.66,8.35,57.353
0,6.6,65.74,55.55,32.12,70.56,10.57,7.43,51.467
1,5.55,56.48,49.84,32.36,45.53,31.3,5.86,427.715
1,8.35,74.76,36.0,44.54,44.54,94.49,4.44,50.849
0,8.75,43.52,48.77,64.9,32.59,95.95,5.93,5.133
1,6.54,48.98,52.48,33.6,59.85,57.61,8.83,505.025
1,1.11,84.75,68.34,95.13,60.3,68.17,4.52,738.475
1,7.26,51.19,84.17,89.07,46.55,81.63,8.23,68.676
1,4.76,54.13,57.7,97.87,83.5,15.03,5.63,721.485
1,06.09,87.58,96.13,28.19,57.05,43.69,7.27,59.368
1,6.84,45.6,87.91,88.86,76.86,67.8,7.16,78.038
1,4.15,66.25,98.94,85.28,74.8,90.84,5.63,82.997
1,9.25,41.38,91.33,92.66,72.33,75.41,4.27,784.255
0,2.21,60.81,73.17,64.6,93.56,41.51,4.74,73.762
0,07.04,81.94,71.89,84.09,31.11,91.9,6.83,63.673
1,01.04,45.41,39.07,28.85,34.76,69.82,8.74,3.871
1,9.32,93.3,80.57,30.69,80.55,84.72,8.63,69.781
0,02.01,94.57,72.01,33.89,54.75,44.7,4.57,55.964
0,1.85,46.3,65.49,93.61,99.06,10.19,8.38,7.682
0,4.0,99.44,78.53,29.59,45.15,24.96,5.17,51.346
1,4.36,57.85,61.08,32.51,42.84,93.45,8.55,504.675
0,2.93,45.05,66.67,94.78,71.18,12.98,7.79,67.745
1,6.27,40.3,57.88,33.05,49.56,63.64,8.81,47.578
1,4.99,64.51,80.22,90.23,53.83,46.82,6.21,68.575
0,1.31,77.79,91.36,84.2,94.47,48.66,7.66,850.315
1,3.88,59.93,88.86,28.02,31.84,46.07,7.68,46.521
1,8.29,90.2,85.02,26.64,67.19,16.07,6.48,578.075
1,7.21,83.0,30.97,65.08,53.44,21.01,8.87,5.156
1,7.52,61.01,93.83,99.79,54.22,15.66,5.22,703.575
0,7.28,84.06,49.24,90.91,47.35,14.85,8.93,59.38
0,3.8,96.43,92.16,48.25,39.44,17.7,08.06,557.115
1,1.9,45.59,43.79,53.97,32.41,72.7,07.08,45.423
1,3.45,58.37,60.78,54.09,99.14,20.28,4.38,6.824
0,8.49,67.8,82.46,80.06,76.23,33.53,5.3,733.205
1,9.82,69.88,74.82,50.58,84.4,69.13,8.21,71.05
0,5.44,72.53,59.11,36.08,34.55,20.1,7.64,421.975
1,01.09,58.04,77.5,81.03,31.04,91.92,8.81,616.175
1,2.26,80.04,68.43,59.35,72.02,52.97,5.98,6.703
0,3.9,78.71,49.3,30.76,80.67,96.68,8.47,63.323
0,6.21,74.67,75.24,84.25,57.64,27.33,8.31,664.845
0,1.68,46.83,44.3,68.9,57.14,12.76,8.83,52.43
0,9.49,68.62,78.58,61.7,56.91,63.13,5.36,642.345
1,4.29,61.37,30.22,75.5,40.69,39.59,6.47,492.565
0,9.21,69.46,68.41,62.9,82.77,61.52,4.4,7.147
1,08.02,95.31,58.07,73.63,45.06,52.63,6.95,60.586
0,7.8,68.83,51.22,90.06,52.71,51.14,7.66,632.045
0,6.46,40.84,66.1,71.01,76.99,86.61,5.19,70.664
1,6.64,66.33,75.17,74.47,30.01,27.27,4.85,5.351
0,6.74,89.24,97.57,71.04,83.64,54.97,7.2,80.969
0,6.66,86.8,88.31,64.84,92.94,47.44,5.97,7.982
0,5.98,70.8,80.2,37.9,33.61,70.64,6.13,514.225
0,9.88,54.99,63.53,50.18,71.41,14.51,6.36,57.194
1,7.59,67.91,57.45,76.98,58.59,57.65,6.56,637.975
1,7.99,73.82,32.28,56.91,35.49,53.07,4.98,45.794
0,8.85,99.99,55.14,55.46,77.76,97.62,6.89,71.87
0,2.94,78.65,89.39,81.95,72.86,78.02,4.35,7.953
0,1.75,81.66,56.88,25.42,74.99,23.95,4.57,545.385
1,5.35,69.49,62.31,75.92,86.94,55.83,7.56,7.440
1,5.63,61.27,49.03,61.69,50.08,80.54,7.66,5.693
1,8.46,88.78,49.19,53.26,77.39,57.21,5.33,648.385
1,4.99,69.7,34.33,50.54,82.03,42.1,4.92,593.915
0,6.14,99.68,72.97,37.97,41.82,43.9,4.27,53.81
0,5.74,67.43,61.36,50.07,96.99,43.03,06.09,6.978
0,1.34,44.08,72.42,54.36,53.8,11.8,6.55,52.492
1,6.54,80.95,68.28,57.81,79.96,75.75,8.5,717.645
0,8.45,42.8,85.92,75.42,82.78,64.98,04.01,75.79
1,2.42,55.03,82.57,59.02,65.28,34.18,06.03,63.038
1,6.35,61.22,84.0,84.72,39.01,66.7,6.1,644.255
0,6.34,84.37,64.95,72.98,49.3,37.79,8.43,60.706
0,2.48,69.65,54.77,39.22,46.4,31.9,4.98,47.153
0,2.11,41.72,95.34,45.79,66.3,76.7,4.33,655.625
1,9.82,77.01,33.8,30.94,48.29,82.82,5.91,473.795
1,4.54,64.69,40.68,95.93,68.27,66.31,07.06,69.113
0,03.05,95.31,59.37,91.49,50.17,80.57,8.29,69.894
0,2.54,69.97,72.98,31.36,30.07,42.91,5.35,4.424
1,07.01,82.54,30.57,68.06,55.43,16.46,5.26,52.429
0,6.49,53.13,80.35,97.03,72.48,64.44,5.63,774.525
1,6.79,85.66,69.11,81.04,84.16,33.04,4.59,75.408
1,1.79,83.26,63.93,61.89,31.99,79.97,8.89,55.778
0,09.04,94.24,59.64,43.08,48.08,42.23,6.7,53.172
0,4.5,42.03,66.36,45.93,98.98,70.36,5.36,706.365
0,3.82,66.85,41.33,80.22,48.33,59.76,5.81,57.897
0,5.16,80.75,37.61,83.54,84.4,83.57,8.33,74.379
1,4.51,45.71,50.27,64.65,65.66,84.91,7.37,622.595
1,8.77,64.64,79.67,34.07,38.55,16.15,6.77,46.023
1,9.36,96.53,71.18,95.04,75.04,36.56,7.62,7.756
0,3.73,66.16,63.61,88.36,97.64,88.38,7.78,8.443
1,8.78,99.12,70.01,35.54,92.08,46.36,4.97,69.663
0,08.03,43.41,69.15,29.25,78.32,56.34,4.79,585.295
0,9.38,83.07,51.49,65.19,65.85,26.5,8.83,60.6
0,3.21,74.86,36.82,46.31,52.35,59.74,4.93,50.724
0,6.19,70.03,92.77,46.24,54.99,33.82,6.32,597.455
0,3.47,98.25,71.99,31.54,54.23,84.63,8.91,59.551
0,8.42,47.78,78.84,96.5,94.55,28.02,06.09,8.56
1,01.05,93.76,62.48,87.26,44.79,42.39,6.57,6.360
0,06.08,81.47,82.95,33.54,56.46,18.56,7.99,54.739
1,04.05,55.54,70.91,90.74,60.24,62.92,5.7,69.797
1,3.9,94.1,33.77,76.22,58.62,94.78,6.16,65.214
0,6.8,65.76,92.31,49.41,30.29,25.58,5.66,50.55
0,8.66,88.85,51.39,90.34,48.97,11.78,5.44,6.6
0,6.48,63.33,39.65,69.85,64.9,48.02,6.36,592.425
1,8.68,91.06,36.16,88.65,83.23,77.36,7.73,7.536
0,3.38,78.2,80.43,60.2,69.86,97.76,8.34,7.318
1,5.68,48.46,79.28,62.55,56.94,14.62,6.35,57.730
0,05.05,78.98,79.01,46.83,76.56,80.74,5.61,702.775
0,1.1,51.48,94.1,54.08,76.61,43.18,8.56,686.195
1,06.01,64.72,54.43,67.58,47.35,23.84,5.68,532.095
1,6.95,50.22,69.28,96.03,37.26,27.31,7.88,586.575
0,6.33,41.32,73.36,70.01,86.22,93.15,7.74,757.985
1,7.63,52.71,98.56,36.05,67.08,82.84,4.25,657.575
1,6.14,72.18,51.86,25.52,42.36,38.06,4.89,42.602
1,1.6,68.89,96.94,88.82,48.34,94.62,6.86,74.863
1,02.05,70.09,40.41,52.32,83.65,19.47,8.34,593.955
1,6.37,54.86,83.48,48.62,75.73,39.03,6.97,6.474
0,3.47,81.11,74.3,85.05,96.16,68.76,7.71,8.476
0,1.72,82.26,87.18,95.9,62.55,99.95,7.67,815.245
1,4.87,61.48,32.01,81.1,33.65,51.91,6.47,49.793
0,5.99,92.87,35.47,38.04,79.03,82.96,6.8,618.475
0,3.96,78.64,34.88,54.35,47.84,92.43,4.36,54.414
1,7.48,82.78,71.51,81.95,52.67,10.87,8.64,62.589
0,6.79,56.64,72.21,93.02,43.77,36.0,7.37,622.805
1,4.0,40.04,93.43,99.9,51.63,19.03,4.77,676.385
1,7.79,91.92,62.73,63.37,88.06,79.85,5.22,7.638
0,6.84,89.35,34.76,86.69,70.37,61.03,04.02,68.292
1,6.74,47.39,44.67,28.5,37.64,18.6,5.32,35.832
1,5.98,62.45,30.57,46.44,71.06,47.87,5.58,53.626
1,1.1,79.68,84.37,52.86,74.35,56.26,7.42,697.055
1,7.27,79.13,87.09,98.16,91.94,72.8,6.38,89.33
1,4.38,91.62,99.86,25.25,90.18,80.15,8.21,750.245
0,9.48,48.42,58.85,48.1,34.4,17.91,4.43,42.467
0,8.36,65.8,31.35,94.78,90.67,53.89,7.54,736.685
1,6.29,45.83,46.43,48.0,33.56,24.5,8.37,40.65
1,3.27,63.38,71.14,41.88,40.79,77.79,6.11,530.915
0,2.83,40.91,97.34,79.76,37.81,69.19,5.44,63.651
1,04.06,93.9,37.25,80.9,42.72,75.07,6.23,59.523
0,5.29,71.62,38.51,60.41,86.23,16.75,7.94,61.821
1,3.66,90.99,79.12,96.02,78.03,55.93,8.6,818.315
1,5.63,43.59,76.7,40.2,78.09,85.65,4.33,656.455
1,2.49,53.65,47.54,93.51,94.55,74.2,6.64,7.876
1,9.8,55.56,86.92,81.66,57.43,87.56,7.2,722.115
1,1.97,63.2,39.01,52.62,30.23,28.55,04.09,407.125
1,9.39,88.17,94.8,85.52,74.78,35.82,4.91,78.912
1,9.22,63.19,44.07,34.99,90.77,49.72,4.31,6.62
0,5.73,52.28,35.69,34.82,98.34,57.09,5.45,61.199
0,7.52,43.9,53.77,94.75,55.47,32.69,05.03,61.515
0,4.92,44.77,43.15,32.11,87.55,44.31,6.43,56.208
1,6.67,85.6,66.89,25.31,89.45,71.83,7.28,66.756
1,04.07,66.69,78.08,54.18,40.11,68.08,8.21,56.676
1,3.71,83.57,64.36,32.79,74.2,19.94,5.52,57.390
1,6.2,80.94,76.24,89.73,42.12,98.71,4.25,703.875
1,5.48,48.12,55.54,94.2,61.26,60.65,04.02,66.976
1,6.22,48.57,31.95,61.18,91.55,53.52,8.22,63.936
1,3.58,85.32,98.18,56.91,85.26,97.05,8.39,819.415
0,4.3,83.28,87.36,65.43,69.92,22.63,4.5,688.925
1,1.76,62.68,35.14,41.96,86.61,58.93,04.05,599.925
0,1.47,44.65,61.44,47.35,40.7,82.46,8.0,51.81
0,3.28,40.73,74.45,32.57,43.64,45.9,7.2,46.969
1,1.67,57.29,43.34,58.48,44.62,76.27,6.78,52.261
1,1.93,40.55,70.46,70.88,84.32,90.92,6.67,74.471
0,8.32,53.8,67.36,94.77,92.37,33.55,7.87,78.229
0,1.35,65.17,44.58,80.43,69.4,31.73,5.47,6.300
1,6.93,47.28,39.88,79.23,97.06,42.46,5.95,707.285
1,3.45,46.26,83.13,48.1,80.96,47.66,4.39,6.637
0,8.84,93.79,52.58,91.62,69.46,19.99,6.83,69.11
1,5.36,75.13,47.08,96.02,72.81,30.82,8.8,694.995
1,3.75,96.07,81.65,94.92,89.47,88.59,5.42,8.984
1,5.66,60.75,81.52,27.91,36.31,60.99,8.65,48.164
0,4.44,80.63,49.35,70.33,41.76,34.1,7.65,535.415
0,06.08,52.28,91.08,73.24,48.64,94.92,5.17,68.27
0,02.03,77.1,78.18,47.13,92.63,79.69,7.31,7.551
1,9.97,47.78,54.2,99.43,96.15,42.62,5.83,78.39
1,4.83,40.12,59.92,46.84,54.93,78.89,4.61,548.205
0,4.13,95.89,80.87,41.25,94.67,63.64,4.46,75.574
0,7.39,73.29,44.81,61.31,68.28,71.54,04.09,62.670
0,4.28,95.62,62.81,49.24,63.13,38.93,7.99,604.225
1,8.5,60.03,75.75,94.3,88.29,28.85,8.42,785.145
0,05.09,59.67,67.76,58.01,68.23,32.82,6.41,61.184
0,7.48,64.04,72.58,55.76,61.81,17.54,6.6,582.475
1,1.97,82.36,68.23,71.94,31.12,52.39,7.46,55.998
1,8.62,73.95,43.95,31.08,30.9,46.56,7.5,39.426
1,7.62,95.52,58.71,81.75,73.93,10.23,5.62,6.863
0,2.91,41.53,67.24,82.63,35.14,87.07,4.8,592.645
1,2.31,82.49,84.6,60.55,81.59,71.37,6.15,76.0
1,3.85,59.82,75.77,96.68,73.56,50.21,7.49,76.073
0,9.78,50.81,59.86,68.45,62.04,97.03,08.02,6.558
1,3.31,70.62,98.21,77.14,79.69,94.65,4.45,833.455
0,5.11,70.3,37.55,94.33,99.51,18.56,6.94,7.480
0,1.27,48.22,44.48,74.98,47.24,65.36,4.27,55.533
1,4.58,52.11,53.89,57.39,68.99,83.53,8.12,62.836
1,6.14,64.49,46.0,26.86,89.0,25.57,7.33,56.071
1,9.58,64.53,73.78,79.62,31.18,21.52,7.48,54.179
1,5.65,59.05,32.77,97.36,44.25,33.38,7.81,55.624
1,8.37,48.91,42.42,60.27,66.47,35.17,6.48,55.224
1,5.92,40.26,50.53,50.48,68.66,96.85,5.49,60.468
0,1.37,98.21,77.83,63.94,36.04,80.24,7.93,62.01
0,3.84,96.61,91.31,79.63,58.52,15.38,7.89,698.505
1,6.18,69.02,85.89,25.05,66.38,80.78,4.67,616.535
0,9.56,99.7,42.75,91.54,59.61,25.27,8.51,647.955
1,8.73,80.42,69.58,91.48,79.04,42.15,5.11,7.670
0,03.06,44.13,32.1,65.6,84.0,38.67,5.53,60.5
0,2.98,47.06,51.74,34.18,62.22,34.51,05.08,48.827
0,2.81,94.97,86.42,75.39,59.8,37.79,8.83,7.33
1,9.3,77.8,61.97,35.34,79.38,77.88,5.5,64.58
0,8.67,90.59,40.5,63.07,68.87,33.99,8.86,6.43
1,7.97,93.9,60.7,32.02,90.93,82.07,7.19,695.675
0,4.53,66.88,43.86,69.18,63.68,18.19,4.88,5.686
0,5.54,42.91,57.52,48.86,70.2,63.57,6.77,58.937
0,5.18,51.3,64.15,87.32,39.02,87.67,8.41,62.214
0,3.28,43.99,54.47,85.0,88.52,17.14,6.81,6.923
0,5.55,51.32,95.59,99.89,59.56,67.14,4.66,7.678
1,1.27,64.63,69.38,44.31,80.33,56.05,5.43,6.513
1,2.19,47.09,89.0,29.64,60.06,39.87,5.12,5.492
0,8.98,50.0,83.25,58.23,30.07,19.06,4.63,48.638
0,7.77,66.75,76.28,31.26,58.03,70.88,5.64,5.714
0,4.81,60.41,64.78,38.39,40.33,37.84,7.31,46.494
0,5.65,68.06,30.15,69.8,57.9,40.5,5.91,54.601
1,4.33,65.75,72.94,69.41,52.49,74.58,6.22,64.345
0,7.67,78.67,54.92,28.25,44.18,95.08,5.6,508.845
1,08.06,96.23,38.24,58.22,38.66,40.03,8.97,49.36
0,7.87,46.47,61.12,64.77,81.0,77.21,6.93,691.345
1,7.5,45.96,81.49,45.1,82.84,96.09,8.17,70.772
0,2.84,91.17,97.32,90.4,48.55,18.8,6.21,700.535
0,04.04,70.38,56.19,37.08,64.66,57.63,4.84,55.94
1,5.23,85.98,67.99,44.04,62.48,11.0,8.23,56.174
0,3.98,52.93,89.59,36.77,54.87,84.27,7.82,60.035
0,7.79,89.73,53.38,33.74,49.43,35.82,5.65,489.665
0,3.96,95.43,39.96,90.92,43.02,39.95,07.03,59.317
1,2.24,78.13,49.73,45.84,91.1,71.86,4.47,6.828
0,4.59,46.35,92.94,79.19,88.33,81.03,4.13,82.039
0,9.82,93.72,41.16,57.1,59.2,46.0,08.08,57.199
1,03.03,87.55,53.05,72.69,80.48,69.9,8.71,726.955
1,6.51,85.05,62.52,94.61,64.88,96.07,5.72,7.697
1,4.9,42.2,89.3,88.35,35.98,89.82,6.99,6.574
0,1.64,87.94,95.64,30.17,87.57,73.12,7.59,7.342
0,5.39,48.28,59.81,88.39,45.35,94.88,7.73,64.248
0,7.32,53.34,95.24,58.89,79.48,88.83,6.41,758.055
1,5.62,74.63,41.3,51.26,66.92,75.61,07.07,59.521
0,8.85,55.9,40.98,75.43,78.34,92.55,7.29,693.175
0,3.6,79.68,96.45,96.27,62.98,83.57,4.52,817.255
1,1.78,76.48,65.68,32.06,79.18,55.2,7.23,6.203
1,9.43,46.49,43.01,82.61,32.3,55.21,6.55,507.295
1,4.4,79.36,64.16,40.26,32.86,10.79,5.89,43.413
1,6.19,95.44,84.82,53.51,92.74,12.72,5.31,7.361
1,8.13,49.67,87.88,90.54,82.48,77.16,7.19,8.176
0,3.92,75.82,90.48,65.93,87.99,59.93,4.83,7.894
1,7.45,60.51,69.87,30.06,61.96,78.49,08.05,57.075
0,2.22,67.58,90.69,63.1,62.18,95.47,4.86,71.981
0,3.62,57.22,65.7,84.22,67.38,50.73,7.86,68.573
1,2.3,61.25,72.49,64.67,47.06,17.96,08.09,550.575
1,8.3,41.73,83.11,37.52,81.35,66.39,8.7,652.865
1,3.0,98.89,59.78,58.38,88.06,18.98,6.32,69.159
0,7.46,77.49,35.15,94.33,93.51,65.92,4.32,7.768
1,9.49,70.04,54.51,74.37,66.19,57.5,7.39,65.415
1,5.75,63.02,73.68,79.74,59.02,74.1,5.41,69.04
1,5.86,72.36,43.46,83.95,88.17,41.59,4.46,7.193
1,5.15,62.81,40.39,31.8,82.69,22.95,8.28,535.455
1,3.93,61.59,50.52,68.62,90.71,31.26,4.7,6.829
0,5.28,67.84,32.25,53.19,75.9,71.53,6.53,602.495
0,6.43,56.56,82.04,35.44,91.83,53.03,7.94,683.675
0,9.87,50.8,48.11,40.2,36.23,58.67,5.0,43.299
1,9.44,73.4,38.7,83.59,77.57,39.07,8.48,67.034
1,8.76,90.57,78.94,37.11,36.22,85.3,5.66,553.295
1,9.0,49.17,89.0,48.43,82.42,99.95,5.98,736.665
0,5.21,41.96,31.39,46.37,73.99,38.1,4.66,51.772
1,6.92,54.81,46.35,28.65,31.12,74.68,7.22,40.273
1,09.06,98.78,96.17,59.66,71.95,25.4,6.48,7.174
1,4.54,89.73,56.97,82.44,40.24,76.82,8.87,62.742
0,9.66,75.75,95.7,26.66,39.97,48.78,7.49,522.475
1,4.74,95.75,49.19,33.44,40.53,64.48,7.79,484.065
0,6.41,66.72,45.26,79.01,63.87,31.38,5.0,60.968
1,7.39,99.0,44.99,69.52,38.09,86.65,7.56,58.274
0,9.56,57.78,35.97,78.64,38.8,25.6,6.79,48.772
0,3.2,54.42,92.75,42.26,47.93,93.57,06.02,606.895
0,7.72,78.28,98.59,85.28,30.06,15.51,7.91,6.93
1,5.69,62.69,96.82,60.99,49.31,35.92,8.89,61.730
1,3.42,77.58,89.64,70.77,73.29,60.67,4.47,75.097
0,7.99,58.3,89.28,31.91,72.11,87.26,7.94,65.628
0,5.97,77.08,76.28,40.38,97.87,61.93,8.6,735.065
1,6.95,56.54,87.83,83.0,38.37,29.45,5.58,603.445
1,3.91,43.06,44.58,41.79,90.59,87.31,5.82,64.107
0,5.33,94.73,57.15,31.94,57.38,63.65,7.97,55.336
1,6.56,92.99,74.86,69.79,57.09,30.91,8.77,64.791
1,4.64,98.25,91.23,66.1,54.42,60.57,8.69,69.7
1,2.79,82.99,76.23,70.59,38.73,70.78,4.28,61.826
1,9.65,80.96,88.73,71.37,63.5,71.25,8.36,7.303
0,5.6,73.54,63.18,62.51,85.12,75.16,6.93,729.255
1,7.61,47.56,80.21,62.03,91.28,90.62,6.11,773.155
1,4.7,51.35,98.6,94.31,97.4,84.23,8.23,909.455
0,4.2,57.37,40.74,65.04,84.97,64.69,8.0,663.535
0,4.66,93.41,94.88,71.3,73.62,12.89,6.55,73.198
1,4.68,50.38,66.57,45.02,64.83,77.46,06.05,6.4
1,5.9,95.37,75.03,90.33,91.24,97.75,6.36,888.345
1,5.89,71.37,91.45,26.83,81.77,37.5,5.59,6.450
1,5.47,82.93,58.68,66.79,41.29,64.62,7.4,5.764
0,2.21,46.61,59.31,53.79,77.78,79.18,8.46,6.511
0,5.46,56.14,66.9,70.29,60.17,67.52,5.25,64.378
0,2.52,97.51,31.34,52.01,71.71,93.03,8.13,63.423
1,2.14,55.97,64.77,78.83,92.88,52.6,5.8,760.265
1,9.39,57.79,50.38,26.52,75.68,57.87,4.66,54.760
1,6.44,51.86,94.96,55.44,95.71,13.44,4.2,7.288
1,6.94,47.74,36.14,87.34,90.65,91.02,6.4,746.665
0,4.62,54.0,62.15,43.77,39.02,33.61,6.84,45.790
0,9.18,78.54,96.32,28.96,30.82,98.06,04.03,5.495
1,6.74,67.32,93.07,62.24,56.91,28.19,7.26,636.435
0,7.92,73.23,79.09,98.24,90.57,32.81,6.59,826.815
1,4.32,47.34,71.26,29.81,46.11,53.62,8.99,4.793
1,9.64,88.13,49.65,30.25,78.4,69.45,4.52,6.69
0,8.38,87.05,55.69,69.63,63.32,49.66,7.53,643.785
1,8.69,41.3,36.31,43.76,82.23,41.66,05.09,552.785
1,2.55,63.01,85.03,55.77,41.55,58.61,05.03,57.653
0,3.44,44.13,52.67,87.29,46.74,96.25,04.09,627.535
1,3.57,87.53,76.74,39.91,46.98,96.58,04.03,601.795
1,3.44,84.24,55.03,78.95,68.39,39.52,4.93,67.056
0,8.7,94.12,62.5,62.84,50.27,71.21,4.88,62.337
1,1.29,54.18,68.85,92.87,86.82,74.97,4.0,802.895
0,1.68,67.38,86.13,97.97,54.28,68.81,7.59,743.355
1,3.47,51.07,44.78,61.37,76.26,20.17,6.52,581.135
0,2.8,62.27,57.91,68.85,96.4,58.55,5.98,746.165
0,03.09,71.33,39.11,80.94,72.48,78.69,4.52,6.842
0,8.18,43.2,35.3,48.9,46.95,28.07,5.67,42.844
1,06.07,82.89,72.33,42.01,88.13,41.34,6.35,68.237
0,01.05,72.6,43.24,97.35,30.88,28.34,8.99,538.875
0,4.86,89.74,34.19,57.45,47.96,89.82,6.55,55.942
0,4.67,56.31,92.8,25.12,57.12,87.27,4.1,59.19
0,02.03,94.2,67.4,87.83,43.72,25.23,05.04,62.682
0,07.09,99.92,39.42,69.97,72.28,78.45,5.77,685.115
1,7.32,95.16,33.74,37.64,69.06,42.76,6.28,54.121
1,7.49,86.67,38.39,27.26,58.45,71.76,7.37,5.79
1,7.56,88.74,62.99,46.86,50.61,54.4,6.95,563.405
1,1.0,74.42,76.79,94.59,60.37,52.48,6.55,7.282
1,9.59,51.41,74.89,95.01,50.38,89.32,8.19,7.43
1,8.33,80.62,40.11,48.33,45.49,67.33,4.98,50.821
1,9.14,82.77,74.34,87.69,54.59,31.22,4.39,67.296
0,1.14,99.12,58.34,58.14,72.16,19.97,8.19,63.368
1,9.4,72.48,62.53,74.08,75.39,94.01,6.31,740.615
0,8.29,56.28,86.1,50.08,50.81,23.8,6.77,555.315
0,8.53,81.02,53.27,63.7,96.32,76.07,8.19,76.0
1,1.84,98.76,40.29,47.03,48.34,54.63,8.73,52.73
0,7.65,50.63,91.14,29.58,79.85,22.61,6.76,608.945
0,9.64,59.56,44.85,35.45,35.7,79.9,08.06,44.273
0,7.11,72.51,50.58,46.8,76.54,91.4,6.72,6.499
0,6.14,50.21,79.46,98.22,62.2,20.94,4.17,69.332
1,9.51,41.33,77.85,97.43,69.84,16.04,8.78,7.10
1,4.99,60.22,86.03,87.07,42.89,86.49,08.09,68.656
1,6.39,91.92,42.87,42.44,60.35,55.09,7.77,550.075
1,5.29,42.61,54.66,58.12,83.64,70.71,6.21,66.068
1,9.4,65.74,38.81,57.98,83.7,49.73,8.71,6.309
1,1.68,85.73,67.87,54.02,46.63,47.12,6.45,5.668
1,5.51,97.19,50.48,28.37,54.68,36.97,7.6,497.425
1,7.18,99.13,78.23,65.09,30.27,60.66,4.5,58.492
1,8.13,65.32,30.02,30.46,36.3,24.38,05.09,35.294
1,6.25,97.02,34.18,85.14,38.87,74.55,6.12,5.888
0,9.18,42.13,60.28,76.85,50.56,59.45,6.91,591.225
1,9.48,84.76,97.07,51.46,83.13,86.28,08.03,784.785
0,1.58,78.56,92.36,73.54,65.72,92.89,5.2,7.700
0,4.62,54.97,99.58,42.48,85.48,91.05,7.87,75.056
0,1.21,70.44,59.18,44.89,82.84,64.11,8.45,6.550
0,3.96,47.77,33.26,48.56,71.1,38.69,08.09,52.323
1,5.83,92.3,51.42,84.78,64.99,42.15,7.11,676.705
0,9.2,61.47,77.3,40.8,95.19,68.73,08.05,7.199
1,8.62,77.56,39.46,67.21,69.85,74.08,8.39,64.306
1,2.15,49.53,51.0,40.04,63.8,24.52,6.78,49.945
0,1.84,52.37,33.93,46.38,90.84,99.82,08.05,6.539
1,6.3,99.52,63.25,42.66,35.0,19.68,6.11,47.485
0,5.79,85.19,44.62,73.38,75.92,64.64,6.61,68.824
0,3.4,97.72,36.39,64.5,37.91,57.79,4.26,5.222
1,9.1,57.75,58.79,79.1,87.39,63.19,8.42,7.421
1,9.35,49.87,54.59,41.5,85.49,58.04,4.7,620.055
0,4.62,70.18,67.63,25.69,65.25,15.21,5.38,51.325
1,09.01,69.68,82.43,76.04,76.27,99.63,5.59,7.912
1,4.46,50.5,37.88,33.61,84.08,98.31,4.58,60.287
1,7.63,83.99,85.38,43.47,63.83,57.19,8.61,64.402
0,5.28,61.71,31.84,47.93,93.42,28.75,8.85,600.935
0,2.1,51.18,61.02,81.01,60.59,26.46,8.33,6.142
1,9.35,59.92,71.12,71.94,92.44,15.13,5.73,7.206
1,05.09,73.82,96.99,38.82,70.79,65.07,4.28,677.685
1,7.61,83.59,70.17,69.84,59.84,53.04,4.91,66.101
1,4.3,68.91,41.11,78.11,30.29,47.47,7.86,49.989
1,1.17,71.54,66.23,54.17,50.69,57.27,5.43,5.741
0,1.9,48.34,57.7,43.45,90.75,88.56,8.46,67.855
1,5.47,94.88,63.55,75.92,60.01,16.36,8.18,638.175
0,7.21,95.72,43.8,70.82,59.5,58.97,5.18,6.275
1,04.01,81.01,65.06,30.84,64.26,73.09,7.47,58.623
0,7.26,41.06,40.5,75.0,50.04,97.36,6.21,5.820
1,7.29,72.22,82.08,61.64,64.41,76.57,05.07,6.924
0,7.34,77.75,71.57,81.5,56.3,59.33,6.95,68.102
1,5.43,99.68,35.5,39.3,93.66,79.01,8.19,67.575
0,9.23,99.76,92.27,44.37,69.48,99.74,8.63,7.381
0,5.4,91.46,73.15,65.75,88.39,89.99,4.29,80.149
0,05.05,43.83,52.13,61.13,78.08,18.02,06.09,59.221
0,2.79,97.2,33.19,53.98,44.88,61.73,07.02,51.734
0,3.77,76.76,74.26,80.95,90.74,80.78,5.69,826.025
0,1.38,88.05,56.14,67.36,36.11,70.47,5.59,565.585
1,6.7,64.43,93.53,78.27,61.4,47.53,7.86,7.95
0,3.24,59.18,32.44,36.49,46.74,39.02,7.91,417.895
1,3.74,67.79,32.74,79.67,67.63,66.43,7.64,63.558
1,7.94,48.81,96.45,59.61,51.0,47.11,8.49,616.345
1,3.94,61.42,97.54,27.53,80.6,45.28,6.47,652.705
1,3.18,91.46,31.94,42.59,95.58,85.31,7.94,681.655
1,2.52,42.28,80.12,26.93,79.64,38.41,04.06,586.995
0,7.97,49.05,45.5,59.27,54.87,68.04,8.94,54.831
0,2.17,47.51,79.1,49.44,72.0,88.61,8.6,66.992
0,05.08,64.18,90.81,99.06,92.2,65.96,8.21,8.821
1,5.56,99.82,37.06,90.14,48.9,54.35,6.94,62.479
0,7.19,50.4,46.71,86.93,38.27,13.18,6.72,50.827
0,6.7,48.73,31.69,62.58,39.15,71.34,4.75,47.692
0,8.3,94.9,33.07,85.53,64.64,99.78,4.27,700.885
0,1.4,92.92,32.07,45.02,81.25,82.76,5.28,636.745
0,3.67,41.93,86.05,67.05,76.01,67.1,4.75,7.147
1,3.52,85.1,50.88,54.47,61.77,52.22,6.8,59.144
0,2.31,79.33,64.52,37.85,81.05,30.19,5.66,6.168
1,3.6,86.06,85.15,30.45,74.38,72.29,5.94,665.105
1,3.79,69.67,64.65,66.87,73.98,25.96,4.13,651.035
1,5.7,99.48,60.04,32.32,44.17,89.83,6.74,54.478
1,6.97,42.63,30.81,78.85,51.88,41.86,7.28,524.815
1,4.43,54.06,69.76,94.11,54.11,45.98,5.67,66.422
0,7.48,63.79,38.73,37.16,86.57,29.44,4.66,566.585
0,04.03,66.99,83.53,60.32,84.26,53.35,7.52,7.331
0,3.61,95.28,48.04,80.41,47.69,71.24,4.64,63.054
1,5.87,73.6,77.19,46.51,33.86,37.25,08.08,500.015
0,1.21,42.71,75.24,94.06,83.74,73.17,6.73,79.46
0,1.72,64.47,73.17,91.63,58.69,65.85,5.19,71.115
1,4.76,64.99,48.69,32.78,45.39,43.51,8.49,446.695
1,9.49,97.93,48.7,27.05,38.19,38.15,4.71,43.477
1,7.49,75.95,90.41,98.23,30.9,87.52,07.01,698.015
1,1.79,78.14,30.9,96.74,59.94,11.07,07.09,6.26
0,8.62,82.8,42.71,56.67,53.78,74.43,4.19,572.555
1,7.59,86.2,72.71,28.79,78.75,47.55,07.05,6.267
1,6.5,78.1,87.19,71.42,98.37,74.59,7.47,849.915
0,8.38,54.23,55.08,47.01,44.47,55.68,8.55,49.324
0,4.64,92.44,75.74,95.25,47.01,17.55,7.54,66.413
1,2.99,83.93,69.0,84.6,53.61,98.38,6.42,719.445
0,5.61,84.51,34.52,73.72,62.62,17.74,8.27,57.476
1,5.94,99.79,73.52,46.34,78.84,24.26,5.77,6.628
1,5.84,88.15,86.97,77.6,54.64,47.83,8.28,6.951
0,06.09,89.75,99.47,46.69,37.29,95.02,8.22,63.95
0,9.54,97.08,32.07,27.82,81.12,36.38,07.02,5.510
1,9.12,49.07,76.2,63.13,85.62,61.18,5.72,720.145
1,8.88,69.86,59.02,61.65,47.34,56.93,6.96,564.645
1,8.21,74.83,30.69,82.23,39.57,39.71,8.53,5.199
0,9.49,59.76,73.01,89.93,66.95,72.67,7.18,73.76
1,1.89,90.36,38.57,51.59,44.58,55.13,8.2,507.635
1,3.39,85.75,56.5,58.71,56.19,62.05,5.72,60.424
1,5.46,83.25,48.3,60.28,84.42,28.91,5.46,65.493
1,8.62,99.83,55.28,49.32,45.37,93.39,5.28,58.587
1,5.55,55.56,64.49,80.75,86.44,19.95,6.46,7.89
0,7.73,84.13,55.14,64.16,77.18,72.12,6.16,69.706
1,2.25,73.08,68.69,93.55,45.38,89.73,8.27,692.895
1,3.27,58.78,46.71,73.77,66.85,17.56,4.56,58.816
1,7.59,49.64,74.48,40.89,72.98,12.59,6.77,568.845
1,2.48,93.75,89.76,37.36,44.02,39.98,06.02,56.71
0,4.16,75.73,45.68,52.93,40.15,81.1,8.69,52.104
0,3.38,89.5,65.55,51.02,67.18,74.56,7.94,65.784
0,4.15,72.72,75.41,55.53,78.57,83.99,6.17,72.135
1,7.37,53.2,69.52,38.77,62.55,45.77,7.2,55.385
1,4.31,60.25,55.6,98.37,34.9,99.44,7.73,638.965
0,6.0,62.89,74.95,35.93,94.76,42.95,4.36,677.225
0,1.9,98.38,31.98,73.95,78.65,82.48,7.37,7.49
0,8.25,40.34,55.89,25.98,73.48,41.57,4.7,51.582
1,4.33,99.14,67.28,55.52,75.05,29.66,4.94,6.648
1,6.84,98.83,31.44,48.19,57.9,40.3,6.31,525.135
0,7.53,99.77,65.54,53.65,98.91,27.34,8.9,73.85
0,2.89,68.6,75.8,62.36,39.29,21.62,8.76,535.235
0,8.96,97.83,83.14,70.03,81.74,42.76,8.51,768.035
1,6.55,63.74,37.94,68.76,59.46,23.21,4.17,54.284
1,4.86,41.58,99.34,72.3,91.68,55.21,8.26,7.971
1,2.64,53.46,72.43,88.34,80.21,13.19,7.88,713.095
0,9.48,96.72,55.42,91.5,69.36,48.82,6.49,72.789
0,7.8,40.83,47.44,80.29,95.64,96.22,5.63,7.673
1,2.87,72.76,70.1,30.92,93.87,42.3,7.78,661.105
0,04.04,44.54,91.72,97.1,33.66,22.39,4.54,61.92
1,8.29,57.18,66.44,96.05,43.48,37.47,7.25,6.198
0,7.26,45.29,76.3,78.38,77.32,81.22,7.36,7.456
0,7.89,91.57,55.04,63.81,94.53,38.23,6.77,73.026
0,4.97,75.46,57.17,43.8,60.12,44.51,8.39,55.423
0,7.45,94.13,50.03,81.73,32.68,80.99,5.65,5.938
1,4.48,81.3,79.39,90.84,75.03,33.45,6.39,763.235
0,2.9,98.26,55.14,74.89,43.63,53.05,7.79,60.152
1,6.69,70.59,43.35,72.18,68.66,15.69,7.58,5.937
1,9.78,78.32,55.86,39.48,56.93,25.67,6.81,513.665
1,3.8,74.58,89.77,51.83,69.06,28.85,5.36,654.255
0,5.15,69.06,81.68,79.24,95.27,51.72,5.47,815.685
1,07.07,90.76,53.42,26.27,64.01,83.89,7.71,57.120
1,5.87,78.67,93.48,73.09,32.42,41.91,04.03,6.37
1,8.59,88.08,35.24,82.5,70.66,44.24,7.26,65.636
0,7.86,87.18,33.48,50.1,52.8,37.09,5.24,50.128
0,1.52,51.46,38.92,30.71,84.47,38.84,7.36,54.056
1,9.99,79.01,38.15,86.43,62.89,46.32,4.93,63.782
0,7.77,51.98,36.15,35.64,81.9,90.95,5.88,59.098
1,8.78,75.0,76.29,52.81,93.62,12.19,7.77,6.994
1,6.86,80.65,72.06,78.04,55.36,66.21,7.78,6.798
0,8.71,99.83,75.33,86.27,99.26,89.89,05.05,903.465
1,02.01,41.83,78.19,89.68,40.49,47.53,5.88,611.655
0,4.13,45.47,82.98,64.78,75.08,68.58,6.51,7.47
0,8.89,44.62,44.5,60.69,32.43,62.71,6.94,4.615
1,2.81,63.9,73.56,88.62,44.91,40.48,7.71,63.23
0,1.7,89.3,70.6,67.23,74.36,22.37,4.12,681.205
0,08.09,90.64,96.06,68.4,33.23,29.77,4.58,599.835
1,8.52,84.22,46.27,57.55,37.13,15.17,4.79,4.657
1,2.46,93.81,34.11,52.96,50.37,78.83,4.95,549.555
0,8.69,59.37,75.74,61.04,70.29,57.95,4.15,667.415
0,7.18,45.29,81.81,52.36,31.12,80.71,8.6,52.944
1,5.68,43.49,49.82,50.77,63.76,36.12,4.81,52.933
0,8.47,91.13,69.96,99.52,73.8,82.42,4.37,82.057
0,4.77,83.83,34.17,50.22,58.18,37.83,6.36,51.918
0,2.75,81.92,97.2,44.23,34.73,20.92,8.71,52.937
0,3.56,60.38,37.69,51.54,72.76,58.04,8.82,5.773
0,5.55,62.79,34.73,69.31,72.41,95.08,7.38,65.404
0,5.78,97.49,33.09,93.32,65.42,47.3,4.89,67.324
0,8.25,43.83,59.91,84.09,78.52,56.38,04.02,705.075
1,8.12,86.42,36.8,88.17,44.55,50.62,5.68,58.699
1,6.23,58.58,82.13,89.43,77.5,51.17,4.63,7.688
1,08.03,42.34,92.92,94.04,41.3,29.29,7.78,63.712
1,2.73,84.55,48.22,42.63,57.49,48.02,8.85,53.68
1,1.45,59.85,74.01,59.38,34.73,54.72,4.42,532.595
0,8.86,83.33,32.96,53.89,87.34,77.04,5.98,666.705
0,1.68,82.46,57.06,53.64,67.68,22.58,8.51,5.901
0,3.22,72.09,50.51,73.92,97.97,61.45,7.64,762.255
0,7.26,86.64,46.0,55.14,95.96,69.6,8.35,72.195
1,4.69,74.86,75.13,71.22,99.9,44.45,8.61,7.972
0,8.89,57.2,39.12,53.67,37.09,59.42,06.06,45.885
0,3.68,84.05,90.25,48.33,72.46,73.97,7.47,7.129
1,1.11,75.35,76.54,51.48,58.53,51.86,7.55,613.845
0,3.71,40.76,79.75,85.28,67.29,40.0,7.15,688.975
0,6.2,94.1,95.47,70.08,51.61,84.22,5.63,725.095
1,4.38,72.74,95.97,98.05,33.36,98.99,8.16,725.555
0,5.81,92.12,68.62,87.45,79.54,29.5,7.84,755.875
0,8.89,92.96,64.68,61.43,97.61,90.05,6.23,8.75
0,9.21,66.7,53.48,43.18,67.27,59.09,6.1,576.145
0,3.39,70.46,80.09,75.54,53.07,50.31,04.05,655.545
0,5.16,64.95,67.67,79.5,95.68,90.38,8.22,8.242
1,5.94,66.97,95.3,59.81,55.53,91.93,5.42,6.933
1,9.54,93.71,46.7,42.24,94.02,34.54,6.35,65.632
1,9.99,87.29,51.72,66.79,89.9,42.25,06.06,7.146
1,3.12,47.59,52.13,44.04,67.01,86.67,7.39,583.155
1,7.54,76.62,86.42,95.5,77.38,54.17,5.95,8.132
1,4.4,99.75,36.93,72.17,79.02,35.92,4.9,666.525
0,01.07,75.73,61.9,46.89,74.88,96.6,8.34,675.435
1,01.08,87.15,59.93,41.18,41.25,29.53,4.92,48.386
1,5.15,86.14,35.12,78.75,78.49,64.93,4.14,6.928
0,5.4,61.02,58.76,78.08,30.23,48.51,4.98,52.805
0,1.2,62.31,65.94,69.78,79.7,50.62,6.28,69.821
1,7.18,83.44,34.56,71.07,68.84,19.54,6.12,590.715
0,3.65,70.0,65.69,70.29,48.18,33.14,7.98,578.875
1,06.04,74.23,97.15,52.01,86.26,25.03,4.97,7.254
0,3.71,82.77,98.52,95.31,58.37,77.47,7.88,79.985
1,2.5,86.65,67.22,60.95,64.0,72.8,4.48,670.265
0,4.66,56.29,66.06,26.52,31.94,81.47,6.37,44.797
0,03.09,48.81,49.99,51.13,58.09,72.93,8.33,55.286
1,5.81,57.51,99.8,34.77,41.72,21.58,06.06,511.635
1,2.79,70.45,49.2,52.25,49.33,98.07,8.82,5.702
1,5.58,60.53,61.7,70.62,47.65,26.97,7.16,554.225
1,2.42,74.1,30.21,26.7,33.22,41.54,7.78,35.908
1,07.04,43.21,54.45,90.27,62.23,73.62,6.55,6.692
0,7.79,70.59,35.0,70.77,66.58,22.64,6.15,573.185
1,1.99,62.08,82.07,47.15,69.97,25.35,4.42,61.434
1,5.21,72.08,69.27,48.34,62.36,88.89,4.6,63.862
0,1.64,65.35,70.05,59.93,90.87,39.88,6.86,71.32
0,6.38,57.05,50.06,43.61,32.64,69.9,07.07,450.335
1,3.38,94.25,87.04,25.33,72.97,87.29,8.92,67.434
0,5.75,51.09,30.23,26.99,90.63,97.59,8.29,59.382
0,5.66,80.88,53.35,51.83,32.87,28.93,8.22,46.113
1,9.32,95.48,76.16,34.32,64.74,21.06,5.43,5.812
0,5.94,72.32,93.55,26.68,71.23,76.67,06.06,652.095
0,6.25,92.58,46.42,89.45,43.36,26.94,4.51,5.877
1,4.61,47.49,67.88,45.56,47.68,62.22,6.91,52.625
1,9.54,69.63,67.66,62.73,84.99,57.94,4.35,7.171
0,7.99,67.42,91.19,38.46,69.72,60.39,6.23,65.036
0,3.57,40.49,33.54,28.5,52.1,68.48,6.83,42.964
1,8.6,66.6,59.71,80.86,83.53,86.58,5.14,767.105
0,4.89,62.14,42.77,34.37,82.27,34.46,7.88,5.560
0,8.46,80.19,31.51,26.93,54.18,59.97,7.37,460.135
0,8.41,96.3,40.29,69.04,64.21,40.3,4.74,614.515
1,2.7,45.15,98.35,26.01,76.52,38.69,8.92,61.338
0,7.31,59.65,45.04,57.72,54.03,11.84,6.71,494.975
0,3.62,66.64,95.45,46.66,74.03,63.95,4.13,6.972
1,3.68,67.31,44.37,48.96,47.58,97.53,5.75,54.251
0,3.67,86.49,95.19,25.29,50.44,78.51,8.9,595.145
0,7.53,66.6,75.82,97.33,51.75,31.85,8.51,67.454
1,03.07,41.63,37.93,63.77,95.52,74.45,4.76,6.856
1,01.01,82.61,70.73,67.94,88.36,36.76,8.28,73.994
1,7.44,93.09,52.3,74.96,69.56,77.83,07.09,70.638
1,2.54,70.83,56.82,84.81,69.47,86.94,4.11,72.658
0,1.94,74.87,60.81,70.59,33.93,40.09,7.79,53.181
0,3.14,49.78,59.59,82.16,75.47,10.2,06.06,6.487
1,4.42,53.24,76.49,58.66,52.97,37.45,5.98,5.757
1,5.28,54.11,83.79,52.85,72.86,28.53,5.91,637.355
0,1.4,65.84,53.04,86.74,88.82,65.68,6.98,76.532
1,9.74,95.69,94.71,89.9,33.18,36.11,7.57,66.21
0,7.44,71.31,95.69,35.34,72.49,13.24,7.24,61.799
1,3.91,51.53,32.85,65.7,69.49,57.82,5.21,582.515
0,3.87,55.97,31.04,76.27,44.47,88.72,7.53,55.309
1,05.04,63.04,59.75,31.27,75.25,50.62,4.68,57.471
1,6.64,77.4,71.35,94.72,68.84,43.87,8.86,7.417
0,2.32,66.4,49.45,64.01,83.71,26.07,6.37,64.438
1,2.7,63.55,48.16,73.41,37.74,44.86,4.46,52.34
0,8.73,73.88,77.48,38.37,61.05,39.78,6.88,57.822
0,3.31,54.51,72.12,44.83,99.86,99.54,6.88,7.598
0,4.42,44.73,41.7,34.08,78.25,12.74,4.19,499.945
0,8.84,41.46,91.92,44.8,77.9,31.5,04.05,64.145
0,6.97,55.08,77.6,61.93,52.25,16.18,8.98,56.416
1,04.08,45.5,55.38,87.52,36.57,87.17,5.95,590.225
1,7.15,60.18,77.85,65.03,96.46,47.56,5.23,763.625
0,1.18,86.38,37.89,43.33,37.38,81.66,6.74,4.829
1,7.62,82.98,62.78,28.35,99.49,72.29,04.04,6.999
0,5.38,76.66,41.83,71.65,38.8,93.52,04.06,5.687
1,8.32,91.15,32.9,56.51,41.96,12.14,4.56,45.722
1,9.59,56.92,53.68,98.83,51.59,28.66,08.01,62.058
1,9.33,93.1,40.55,83.48,65.87,73.18,5.24,6.866
1,9.18,63.95,74.35,85.63,85.33,62.67,6.52,7.880
0,5.61,64.05,77.18,25.92,97.97,72.52,5.12,698.625
0,4.24,64.32,40.41,83.33,55.12,61.79,6.72,60.817
1,5.19,45.89,31.72,39.6,31.43,62.29,6.54,380.625
1,7.21,98.53,85.5,68.93,73.17,93.93,6.0,7.918
0,8.96,48.31,30.14,58.56,79.76,92.92,6.17,6.270
1,2.86,60.45,54.07,67.87,57.82,13.42,7.27,554.055
0,9.26,59.16,64.62,35.01,42.84,47.23,8.21,473.095
0,8.34,44.48,87.3,59.27,51.42,55.95,5.6,603.175
0,9.81,49.14,88.7,27.77,75.91,42.21,6.66,60.385
1,8.92,42.69,80.75,28.07,64.59,14.46,8.27,51.489
0,3.52,57.54,47.3,74.33,82.04,52.51,4.84,677.615
1,1.95,92.0,80.41,96.38,45.27,97.81,8.9,7.500
0,02.01,60.37,47.26,83.3,88.94,16.5,7.75,69.093
1,3.62,47.42,45.02,60.19,40.91,83.5,5.83,51.461
1,6.53,78.74,68.3,29.19,53.09,27.61,5.88,5.17
1,8.24,99.8,77.52,28.38,71.38,61.91,05.03,63.753
0,09.09,53.94,33.71,36.84,81.58,44.83,5.34,5.438
0,6.61,56.77,34.2,98.19,48.63,41.41,6.94,58.226
1,01.05,98.31,84.89,54.9,96.37,88.34,04.02,8.309
1,2.68,50.73,90.16,88.26,79.43,97.61,4.12,8.273
1,1.9,70.67,72.31,77.89,45.24,44.8,8.93,613.155
0,4.27,54.38,60.02,70.41,80.8,67.64,5.18,700.885
0,5.51,95.94,89.17,96.09,78.74,60.08,8.15,8.501
0,1.39,98.89,81.02,42.28,82.69,16.92,07.06,672.965
0,4.14,88.88,70.57,59.12,94.11,13.7,6.23,7.209
1,2.61,58.89,52.38,89.85,79.82,79.61,7.66,747.255
1,6.82,64.21,43.86,66.38,54.63,45.51,4.25,554.595
0,5.18,54.54,59.31,43.48,85.34,37.68,7.78,61.823
0,5.46,93.45,50.08,40.67,78.71,98.7,8.28,66.947
1,4.85,94.87,53.75,81.47,70.2,17.67,5.4,669.415
0,9.6,65.13,66.09,25.96,54.77,34.22,5.51,4.881
0,2.93,79.39,41.84,93.56,94.47,87.11,4.52,814.725
0,5.65,49.93,86.43,26.38,65.89,47.35,8.28,566.705
0,7.62,66.1,40.19,72.32,73.97,62.58,08.04,6.487
0,06.01,77.89,63.67,70.36,59.08,14.35,6.13,60.226
0,9.36,63.12,82.22,68.38,84.66,92.83,5.89,78.765
1,4.4,61.46,63.95,60.58,53.87,22.32,6.14,55.167
0,5.17,40.06,55.27,88.93,86.74,29.2,6.1,705.715
0,1.8,88.26,63.24,74.45,37.56,24.11,6.15,556.435
1,6.48,93.36,89.41,83.64,79.63,54.78,4.73,8.147
1,3.59,98.17,99.33,33.66,63.38,83.52,04.07,6.863
1,2.44,83.16,74.18,28.74,78.91,34.02,7.81,613.575
0,5.9,72.93,85.54,27.14,67.2,22.81,5.72,56.986
1,5.79,56.16,31.01,36.04,39.4,46.89,6.45,39.307
0,1.68,99.96,91.63,75.03,63.39,98.35,5.54,7.910
0,7.28,75.39,96.78,62.05,97.52,11.0,5.91,7.763
0,6.61,80.87,70.26,81.42,82.84,55.36,4.37,77.024
1,2.7,80.94,82.77,39.38,51.01,70.24,5.85,593.705
1,5.22,90.72,65.89,52.52,96.09,82.6,6.32,772.715
1,7.48,40.58,50.03,91.64,84.53,77.16,8.16,742.755
1,5.76,53.21,89.66,95.18,55.51,16.7,5.61,681.465
1,4.56,79.93,71.78,94.13,72.25,51.57,4.44,76.326
0,3.9,93.71,70.56,86.37,59.87,17.09,7.8,67.739
0,6.49,81.12,76.14,76.62,36.77,65.79,5.88,6.194
0,9.45,64.81,89.92,93.53,86.42,16.93,8.58,797.875
0,07.05,61.69,81.23,78.56,43.38,14.36,8.8,5.867
1,1.67,84.28,44.78,96.55,62.06,37.54,8.36,669.965
1,5.15,84.47,62.68,26.86,79.18,94.49,5.13,64.86
0,09.02,76.42,98.62,94.12,95.25,73.9,5.27,9.162
1,1.85,57.49,68.82,66.68,34.39,10.36,7.97,49.255
1,9.9,95.51,95.68,33.38,57.53,35.63,6.23,60.730
0,9.54,73.11,86.94,41.12,73.03,11.57,5.49,6.169
0,1.7,87.43,76.62,88.91,84.55,36.49,5.47,79.536
1,9.4,52.86,54.46,62.96,94.47,71.69,6.89,721.515
1,4.27,60.64,51.3,98.71,30.03,78.38,8.48,59.35
0,8.6,92.47,75.04,33.81,73.94,82.37,07.09,668.235
0,4.77,43.01,60.28,55.94,30.49,91.9,7.1,50.203
0,4.97,70.74,85.91,49.89,85.11,42.92,7.73,70.809
1,6.71,68.9,83.23,63.71,40.48,87.63,7.8,623.945
0,7.97,85.07,51.85,72.51,92.62,75.49,8.55,7.697
0,1.3,56.91,79.19,74.62,40.86,58.4,4.81,60.325
1,6.34,53.14,64.62,25.1,83.5,95.92,8.92,63.33
1,2.68,95.57,52.63,31.67,50.25,95.3,5.64,55.118
1,4.11,74.3,58.91,27.63,69.01,90.78,5.41,59.351
1,4.13,46.28,92.67,89.84,72.59,28.2,6.55,7.384
1,5.22,51.58,55.17,48.5,44.47,28.71,5.32,46.752
0,04.01,99.93,50.12,52.53,50.91,91.09,5.16,60.077
0,1.97,51.74,54.63,58.78,37.53,45.81,8.83,48.511
1,2.31,76.63,45.02,88.7,30.37,81.77,4.52,576.485
1,1.3,65.21,68.12,26.06,46.76,71.82,8.95,50.208
1,5.23,93.14,40.32,33.9,66.12,78.61,7.11,56.856
1,9.59,85.31,87.22,76.39,79.95,12.36,8.79,7.429
1,02.04,75.82,45.79,97.29,85.55,48.7,8.49,7.587
0,9.52,40.64,71.86,73.21,34.88,87.14,7.24,5.766
0,7.6,92.79,38.75,44.58,49.07,54.09,6.95,507.575
0,6.74,66.68,98.49,63.99,83.92,72.11,8.96,789.465
0,6.81,95.89,61.82,98.12,63.66,78.04,6.58,76.568
1,8.44,69.73,87.55,64.61,42.75,20.87,4.89,57.685
0,1.96,81.65,83.81,53.01,57.45,24.02,8.96,60.689
1,5.54,44.16,79.96,53.76,48.9,75.21,5.62,58.483
1,7.27,84.71,87.92,97.53,33.55,14.91,4.44,6.367
1,6.28,60.28,37.03,78.92,83.45,40.77,7.58,6.644
0,8.5,61.08,77.49,76.54,50.42,92.63,6.23,67.651
1,1.65,47.12,48.61,42.4,96.16,61.69,5.94,6.485
0,7.22,48.81,85.01,66.96,92.17,91.94,7.16,800.765
0,5.81,51.15,96.98,51.76,80.14,37.85,4.26,69.285
1,4.41,59.69,93.1,43.02,52.86,67.3,7.49,60.574
1,04.06,93.52,38.05,92.17,49.59,35.81,6.52,6.94
1,6.59,62.1,55.87,53.74,63.27,20.0,6.45,549.635
0,09.02,83.46,55.5,46.21,54.82,99.16,8.5,601.015
1,5.47,44.96,38.56,94.88,93.08,25.86,8.16,7.109
0,8.42,75.47,36.87,39.8,38.64,26.96,6.66,41.90
1,4.62,68.91,56.94,80.91,80.71,85.77,6.89,75.332
1,1.92,98.68,99.45,73.96,72.76,82.2,08.03,81.934
0,1.55,90.77,69.83,94.04,86.44,98.0,06.06,8.660
0,1.46,67.29,73.52,87.4,67.97,16.46,7.36,687.185
0,4.42,86.51,62.97,77.9,74.07,18.47,6.7,684.915
0,04.04,51.58,76.36,48.59,97.39,50.38,6.5,71.702
0,7.46,73.74,96.97,62.17,36.44,63.26,8.92,613.905
0,7.69,44.48,71.21,95.84,37.34,13.42,04.09,57.061
1,1.46,60.89,34.55,26.74,57.55,24.26,06.07,422.525
1,2.99,53.55,64.5,84.57,63.09,73.3,8.65,68.809
0,3.47,83.13,99.49,43.89,43.99,70.17,8.64,61.597
1,5.93,69.41,57.12,38.88,35.79,18.07,7.74,424.185
0,2.3,85.06,71.57,42.42,31.55,93.85,6.96,538.525
1,2.21,70.92,37.46,29.48,83.52,32.93,7.45,5.447
1,9.49,45.19,39.88,99.4,63.95,89.85,5.26,687.125
0,8.24,84.12,91.23,90.24,89.04,93.07,6.44,8.968
0,2.63,89.99,51.02,64.08,55.26,54.11,6.68,59.975
0,4.66,94.21,51.38,78.63,79.24,47.08,4.32,7.179
1,4.2,74.32,57.1,66.74,64.2,35.03,8.33,61.510
0,8.12,85.22,97.65,85.87,72.84,82.66,6.28,8.327
1,5.59,85.12,35.91,88.36,55.91,27.69,8.49,6.12
0,2.15,49.34,87.31,42.46,35.68,65.99,5.95,52.098
1,7.65,49.85,53.91,59.48,96.32,61.04,06.04,70.453
1,4.57,44.25,89.46,72.61,88.53,32.4,5.22,74.695
0,3.37,59.19,99.42,98.38,51.83,98.47,7.22,783.855
1,4.38,68.41,54.41,76.2,97.11,86.17,6.74,7.937
1,5.48,99.87,39.05,92.32,51.03,11.85,8.56,599.225
0,04.09,65.86,40.11,88.46,61.01,48.0,6.15,6.287
1,3.18,83.57,83.11,68.65,82.86,42.31,7.24,7.537
0,4.59,81.6,40.14,92.02,51.63,89.45,7.54,662.085
0,1.17,52.27,48.23,53.31,52.72,33.8,5.6,500.325
0,7.95,43.51,44.31,53.45,58.71,99.86,8.4,57.11
0,2.54,72.76,54.9,83.57,62.79,28.01,5.9,63.926
1,1.4,82.02,35.21,35.09,38.65,31.95,7.19,40.739
1,6.88,99.9,89.97,47.94,31.22,69.95,07.08,57.891
1,7.97,61.52,90.21,70.64,94.34,24.5,6.11,7.732
0,8.32,93.78,58.91,56.5,54.72,89.99,4.92,63.436
1,5.44,62.92,72.85,95.55,37.12,19.89,6.96,5.973
1,2.85,81.36,74.94,96.89,83.14,98.5,5.88,8.629
0,7.64,75.9,82.45,62.69,50.65,88.72,5.9,66.352
0,7.3,43.18,66.45,65.43,42.72,85.57,6.46,574.745
1,3.22,44.7,65.72,79.35,97.38,46.65,7.39,761.995
0,9.13,41.25,74.19,59.29,94.44,56.23,7.65,7.246
0,1.94,62.25,79.21,39.26,37.4,51.07,6.14,5.7
0,9.84,84.75,54.27,81.02,92.95,98.87,4.6,820.035
0,8.74,50.37,53.13,80.33,92.36,13.13,7.96,693.845
1,7.19,76.35,48.88,43.37,74.41,44.35,7.35,58.732
0,9.45,57.33,68.42,87.47,67.08,97.15,8.0,744.775
0,7.5,87.82,55.21,71.02,45.22,43.25,5.58,57.730
0,2.71,87.9,67.82,42.72,38.5,45.85,8.55,51.094
0,4.98,86.52,58.42,73.9,72.45,66.82,5.31,708.505
0,1.64,71.49,88.57,42.52,87.54,91.65,5.45,7.529
0,4.51,57.07,35.12,44.89,78.21,36.51,6.68,54.978
0,7.67,88.57,70.05,88.6,42.66,95.28,8.99,69.476
0,4.48,51.17,70.29,94.71,50.3,35.43,05.01,640.005
1,3.97,57.39,56.86,44.27,68.25,83.39,8.19,60.405
0,6.36,51.04,59.47,94.6,73.75,34.83,04.01,699.435
1,8.85,80.45,86.01,42.91,35.06,16.57,5.19,499.025
0,1.43,81.17,49.65,33.8,72.98,83.11,5.73,60.351
0,4.47,79.15,91.0,29.37,81.54,50.51,7.24,6.704
0,2.42,64.94,92.74,43.16,42.7,45.17,4.57,55.294
0,7.26,46.01,75.54,53.89,47.24,48.69,4.64,545.845
1,1.95,94.67,84.1,94.57,48.12,65.04,4.73,732.755
0,6.98,70.46,72.91,43.16,95.79,33.64,7.31,693.085
0,3.58,64.42,66.77,52.41,58.49,31.35,4.57,56.504
1,2.79,75.33,97.67,80.06,67.14,53.51,5.99,75.932
1,9.43,51.57,49.79,47.66,80.7,13.21,4.78,5.659
0,1.17,47.95,40.79,76.33,56.0,67.86,5.91,58.421
1,4.94,64.33,50.12,57.41,37.39,84.06,7.57,52.302
1,1.19,53.63,73.02,39.73,75.8,75.47,5.39,6.397
1,5.35,54.66,42.96,80.05,76.71,52.24,07.09,66.143
0,5.51,93.55,93.62,27.03,48.24,60.89,5.24,578.095
0,3.89,71.85,58.77,46.93,32.47,12.36,7.69,43.272
0,2.19,69.01,89.5,51.71,76.57,92.11,7.89,7.373
1,4.39,81.37,47.45,59.37,79.24,60.23,5.55,662.265
0,07.05,97.09,51.92,75.99,31.82,38.48,4.12,540.755
1,08.04,46.73,34.15,59.46,78.52,36.42,4.65,57.492
0,5.78,90.01,48.04,69.57,95.72,69.37,6.45,764.405
0,6.31,75.04,64.32,69.68,42.51,62.59,5.91,589.255
1,2.81,48.77,96.23,53.0,66.49,26.91,5.73,633.355
0,3.59,57.83,57.22,95.05,78.77,46.89,6.9,73.248
1,2.46,68.94,74.78,96.69,46.11,70.86,4.81,69.247
1,3.24,81.47,59.94,68.64,82.61,36.79,6.28,698.875
0,03.02,54.56,33.28,30.38,90.77,55.83,05.02,570.595
1,5.68,72.09,65.25,61.83,87.02,32.94,8.91,694.675
0,06.06,81.08,34.61,38.83,48.12,16.45,4.24,43.224
0,9.5,66.92,91.86,61.24,86.3,44.94,04.08,7.507
1,2.76,91.78,82.71,39.14,58.93,75.89,6.82,637.195
0,6.78,92.17,56.51,77.79,48.65,29.25,4.31,59.919
1,8.36,68.24,74.82,31.03,41.76,77.91,08.05,519.525
0,06.04,98.38,37.84,96.5,93.63,70.25,8.1,8.132
0,3.3,44.54,79.18,39.65,59.88,55.66,6.16,567.265
0,3.36,40.2,87.59,74.55,90.6,97.43,8.19,8.162
0,1.35,62.84,87.52,93.77,41.17,89.51,7.7,7.59
0,3.75,76.07,49.9,43.59,83.69,60.69,4.68,63.845
1,7.7,77.75,48.46,95.07,37.7,60.2,8.3,604.495
1,1.43,68.59,66.5,54.15,31.23,35.0,8.37,48.127
1,2.97,47.49,97.74,97.04,99.65,92.82,5.61,927.165
1,7.36,50.23,94.44,97.85,35.15,90.63,7.87,6.973
1,08.04,91.13,55.17,39.11,62.31,76.79,8.49,59.412
1,5.1,92.07,84.59,87.33,91.49,21.51,7.73,8.212
0,7.28,80.43,94.49,39.51,87.36,73.33,4.47,747.275
0,4.49,79.85,48.26,41.98,62.98,32.78,4.47,53.452
1,2.44,75.86,88.12,31.31,72.76,26.99,8.91,612.025
1,4.58,52.18,48.75,36.74,74.08,78.33,6.71,57.914
0,6.22,65.7,54.03,72.42,37.69,96.38,7.22,583.105
0,9.53,81.75,43.92,58.69,49.94,19.8,8.56,5.109
0,1.62,72.24,65.5,84.32,51.07,24.76,04.04,6.175
1,5.57,41.11,89.03,49.9,56.47,29.73,6.13,5.712
1,3.96,97.21,66.96,97.65,49.17,96.66,6.83,7.440
1,5.57,90.69,38.64,28.74,47.6,72.68,04.01,47.910
0,1.22,55.63,47.62,29.72,54.83,71.05,7.12,488.125
0,3.82,76.99,69.4,77.6,56.55,55.45,8.25,663.165
1,8.38,95.39,70.82,91.57,64.11,58.38,4.27,74.872
1,5.99,45.76,70.38,84.66,42.15,36.12,08.02,581.815
0,05.06,70.18,35.39,61.74,85.18,23.91,8.89,61.735
0,3.57,67.37,82.76,45.22,90.25,80.22,8.6,742.035
0,3.68,64.61,93.66,26.01,47.37,52.36,6.69,53.510
0,4.45,90.14,65.74,63.21,38.63,33.04,8.3,54.789
1,8.52,62.84,80.32,60.67,80.56,66.95,7.85,7.240
0,9.7,43.82,93.98,50.82,94.7,28.85,08.09,7.191
0,4.95,43.95,74.98,68.36,32.46,53.99,5.99,53.241
0,4.54,42.56,77.2,79.66,31.01,27.12,6.38,53.176
1,8.62,64.55,80.5,77.57,42.84,78.37,5.2,6.477
1,4.84,83.1,48.24,44.74,77.94,38.87,4.26,60.309
0,5.97,52.22,70.79,68.9,97.53,49.75,6.99,7.571
0,03.08,78.79,88.95,36.16,82.53,77.94,5.55,7.138
0,7.69,81.23,50.73,34.12,70.11,69.36,6.51,582.735
1,5.79,55.31,92.8,83.94,79.04,45.97,8.81,77.337
1,8.28,76.03,73.43,77.03,46.15,16.39,4.32,5.933
1,08.03,81.09,59.62,82.59,78.2,92.94,8.37,773.445
0,2.94,68.0,73.62,36.43,52.5,10.71,4.43,500.775
1,7.44,60.2,58.13,93.6,45.57,76.11,7.27,646.065
0,8.2,77.15,88.66,34.98,46.56,95.09,5.72,59.997
0,4.11,98.67,63.76,90.25,76.75,37.6,4.5,75.804
0,2.55,65.61,93.08,51.43,83.71,16.79,7.78,69.012
1,01.02,63.5,65.69,32.91,70.73,32.46,7.49,55.717
0,05.06,67.86,76.23,46.51,34.47,38.21,7.2,49.545
1,4.17,44.57,99.84,38.61,32.66,50.62,8.82,505.705
1,5.99,73.19,40.29,61.8,45.2,57.27,4.12,5.237
0,2.69,59.72,81.57,96.23,50.05,75.28,6.17,71.389
0,8.74,47.29,39.72,49.59,58.34,91.08,6.81,545.975
1,3.32,67.98,88.72,70.91,35.32,51.83,5.79,598.145
0,03.04,40.2,71.75,91.88,80.76,77.17,7.35,77.323
1,5.33,64.11,95.67,72.26,79.8,21.45,8.5,7.368
0,5.49,46.34,90.62,52.16,54.27,39.59,7.48,5.875
1,2.94,41.46,35.24,99.31,69.41,20.63,6.85,62.378
1,3.45,89.47,39.61,39.06,37.06,72.26,7.69,46.831
1,2.53,94.97,72.08,64.24,59.07,91.69,4.55,6.981
1,7.47,52.46,66.28,84.75,90.03,90.02,7.15,8.20
0,7.93,72.36,41.8,25.05,76.24,39.38,06.04,52.480
0,5.16,56.68,39.06,77.65,37.28,31.08,5.59,490.485
1,7.43,69.61,69.48,44.99,89.33,34.66,6.54,66.836
1,7.62,66.2,33.42,37.73,77.65,35.86,08.02,53.5
0,2.24,56.14,91.16,45.56,61.71,17.4,06.06,585.745
0,9.7,82.02,86.5,97.51,78.45,22.0,7.51,79.537
0,8.39,47.59,84.98,91.9,42.1,29.3,6.94,62.395
0,2.84,43.18,31.12,41.03,68.53,10.74,8.58,45.858
0,2.68,86.06,33.33,33.78,73.25,14.25,6.22,507.795
0,2.13,79.96,68.49,52.31,94.94,72.87,8.1,752.875
1,2.25,69.91,99.61,69.43,34.68,65.74,8.21,62.982
0,7.73,68.07,53.96,90.04,56.23,95.09,6.32,692.985
0,5.23,69.84,54.11,97.46,95.58,46.16,6.44,8.23
1,08.05,66.22,39.4,81.34,45.21,49.99,5.67,556.595
0,7.72,63.57,77.2,69.93,86.92,16.1,6.48,713.115
0,6.44,69.98,75.27,35.67,30.11,23.7,5.25,43.878
0,7.18,71.71,37.09,30.55,31.81,72.24,8.29,40.583
0,1.17,81.51,62.72,69.7,52.93,31.15,5.25,5.976
0,3.81,82.67,76.7,65.43,83.8,79.59,5.29,772.535
1,6.74,62.66,64.55,88.46,37.29,73.51,8.48,6.169
0,01.08,64.81,77.21,49.2,56.8,77.25,6.66,61.828
1,1.3,62.42,87.14,27.98,39.2,72.15,4.53,5.160
1,8.67,72.19,78.01,56.78,45.65,73.69,5.73,60.362
0,7.16,67.2,73.13,97.69,65.21,59.21,7.53,7.451
1,3.39,93.38,89.75,84.67,52.34,71.04,06.03,7.387
0,7.19,81.78,93.04,27.53,44.83,57.36,6.12,55.095
1,8.13,93.92,57.22,90.6,57.54,28.55,6.49,66.48
1,3.76,82.55,42.13,60.38,79.07,29.58,5.11,624.085
0,1.32,98.26,87.25,52.36,38.36,46.48,6.12,5.843
0,9.4,78.14,44.96,51.01,63.57,11.25,05.08,52.933
0,4.11,97.81,95.03,69.64,49.23,90.04,5.75,724.315
0,1.96,49.49,31.6,64.79,56.5,34.14,6.66,506.555
0,5.43,43.15,94.49,74.25,87.51,14.64,7.47,73.868
1,7.92,74.75,71.24,68.02,95.08,48.2,7.17,76.826
1,2.99,99.01,84.23,35.8,47.01,83.4,6.88,60.490
1,3.43,65.06,57.89,44.29,74.1,45.76,6.98,596.675
1,3.18,52.72,99.42,88.08,77.37,33.64,6.55,776.195
1,9.93,71.29,45.93,74.74,88.97,59.04,07.07,720.435
1,2.78,78.93,48.5,58.63,92.93,61.69,5.88,7.94
1,6.18,58.91,33.6,38.7,62.76,78.33,8.5,52.085
0,9.33,82.89,95.83,25.58,98.78,81.98,6.95,76.621
0,2.32,98.51,61.92,48.39,97.96,73.56,8.68,7.597
1,9.74,93.82,77.24,29.11,65.45,10.41,06.02,5.605
1,9.53,57.5,78.12,61.17,67.94,10.19,5.97,61.464
0,8.96,59.6,91.22,86.64,76.74,97.97,8.83,8.251
0,2.93,62.29,76.54,46.4,56.17,33.78,7.65,56.174
0,6.71,63.67,69.34,88.58,76.34,35.41,6.59,7.264
0,7.85,46.02,79.72,77.84,66.0,75.9,7.59,7.69
1,9.87,85.72,82.57,34.39,32.48,62.34,5.98,51.285
0,2.62,61.92,43.01,73.34,89.69,51.72,7.79,696.925
1,7.89,92.79,37.68,36.38,95.83,20.48,05.05,614.985
1,04.05,95.62,35.24,74.11,31.84,17.33,8.75,480.145
1,2.58,41.47,56.18,35.7,85.25,73.33,6.3,614.785
0,4.79,99.31,64.86,54.44,57.01,21.21,4.46,58.587
0,8.14,82.6,73.1,67.49,70.99,49.22,8.23,69.521
1,5.18,71.22,97.06,28.78,65.0,76.25,8.47,64.104
1,5.84,63.37,53.16,36.5,68.59,93.09,7.65,59.409
1,9.96,71.11,83.26,49.03,64.66,88.62,7.15,675.135
0,4.59,59.48,67.2,59.67,89.74,87.76,8.64,744.905
1,6.54,77.36,45.41,89.39,77.85,42.26,7.11,70.639
0,4.29,45.58,73.07,39.05,58.88,93.45,7.96,58.887
1,4.54,77.27,97.7,51.06,78.2,71.53,6.36,7.455
1,7.26,56.52,38.7,60.68,97.55,89.78,7.64,7.168
1,9.44,41.06,65.51,47.18,35.62,18.0,8.99,43.27
0,5.88,73.16,33.61,71.93,57.17,13.56,5.91,53.386
0,7.92,74.71,52.49,44.25,90.93,48.67,7.6,65.724
1,1.8,65.59,73.44,82.93,81.73,84.52,4.74,79.037
0,2.9,44.34,88.87,62.89,95.45,46.77,7.18,76.015
1,5.52,93.6,81.12,31.47,32.79,89.62,5.61,53.89
0,1.18,76.69,62.4,72.02,90.39,31.13,8.33,729.035
0,3.28,46.94,93.65,67.69,85.43,13.54,5.8,71.601
0,5.66,70.66,51.19,50.39,87.05,78.52,6.23,68.221
1,1.13,69.84,82.78,25.84,71.81,66.36,8.9,6.176
0,3.38,43.62,63.18,40.05,33.63,49.61,05.08,43.742
0,5.63,76.41,92.9,55.43,67.74,86.07,6.82,7.239
1,6.16,88.5,85.82,39.99,58.54,84.18,8.32,649.185
1,9.33,84.94,93.1,68.31,66.89,39.21,5.57,71.524
1,6.81,52.18,45.0,78.42,81.82,85.42,04.08,71.002
1,4.73,91.74,76.77,89.2,71.72,41.06,8.48,76.036
0,9.37,60.55,81.69,73.52,50.48,65.97,7.1,6.503
0,08.06,96.79,81.97,76.68,71.97,27.32,5.15,731.645
0,2.8,44.3,65.28,70.63,35.82,33.78,5.38,510.585
0,2.18,69.17,30.79,98.91,30.38,50.31,8.0,534.665
0,07.08,75.83,48.3,44.58,58.11,38.31,7.21,52.557
1,06.04,54.86,52.63,44.97,83.0,21.62,7.66,58.466
0,8.11,86.28,89.64,34.48,87.58,53.41,6.89,71.17
0,7.65,77.61,88.86,61.43,68.49,56.02,7.95,70.464
0,6.63,41.09,37.33,32.21,90.76,24.28,8.11,5.382
1,9.88,76.5,96.49,45.26,38.81,25.69,5.93,544.155
1,5.8,69.49,42.77,61.2,97.49,12.64,8.5,661.885
0,02.02,51.76,59.01,96.82,94.52,12.73,6.53,75.538
1,8.45,99.74,45.06,97.29,71.95,42.28,4.8,7.271
1,3.27,93.83,90.22,80.78,34.11,23.2,05.09,61.880
1,8.0,57.55,82.46,54.19,61.79,92.72,7.67,66.693
1,9.61,72.46,54.75,89.89,42.55,27.95,5.89,58.356
1,7.27,58.99,77.73,90.66,73.99,15.94,5.31,7.160
1,6.36,86.53,42.91,93.26,43.3,46.38,07.02,6.34
1,5.14,95.82,56.76,73.0,63.73,27.32,7.91,6.422
0,4.28,61.53,56.4,40.13,44.39,15.56,4.55,4.455
0,4.18,88.34,46.66,31.83,42.73,77.75,6.25,4.885
1,6.73,69.9,91.34,93.61,47.35,60.14,7.86,71.247
0,7.76,63.79,77.52,29.17,32.04,15.13,8.52,41.902
0,7.11,96.31,49.6,47.19,80.13,52.12,04.07,64.606
1,2.79,70.62,46.95,61.52,51.47,13.49,7.28,51.195
0,5.45,68.04,31.26,26.65,78.87,41.89,6.99,5.151
1,8.12,80.35,54.26,93.02,75.74,42.7,6.59,7.292
1,5.28,55.67,66.87,46.53,34.63,84.07,4.8,51.101
1,5.83,59.49,49.44,27.14,51.84,76.18,7.71,48.384
0,7.94,95.92,79.03,99.52,69.68,90.72,5.96,83.738
0,6.95,80.71,58.82,48.35,94.29,22.65,5.17,6.718
0,4.68,89.6,52.14,90.76,58.09,58.04,8.25,682.135
0,09.06,56.27,95.73,59.01,65.34,11.82,5.54,635.765
1,2.46,72.63,48.4,74.73,82.51,84.3,4.99,72.934
1,9.96,98.28,57.88,43.08,86.23,42.99,5.56,666.535
0,02.07,59.12,56.76,62.72,94.63,16.24,4.91,676.885
1,1.13,49.63,46.88,44.32,64.8,39.22,7.89,52.20
1,09.01,70.65,45.22,96.33,43.57,35.82,4.91,59.22
0,3.2,63.27,51.17,29.57,83.51,78.94,7.58,61.076
1,7.57,49.57,90.5,45.6,38.79,21.4,4.81,501.735
0,8.3,93.31,83.7,91.98,59.28,60.02,5.13,75.816
1,8.73,99.44,77.67,61.0,73.97,81.45,5.71,747.625
0,9.92,74.11,62.0,70.01,78.43,76.56,8.75,7.242
1,3.65,86.48,65.54,73.88,81.31,94.23,8.57,781.075
1,7.39,91.54,48.7,30.32,43.55,10.06,4.43,42.722
0,02.04,82.06,35.2,26.33,98.72,41.84,5.68,605.645
0,4.66,42.65,53.17,95.34,42.49,43.26,5.73,579.315
0,8.63,49.46,64.69,45.36,36.73,13.0,05.06,4.337
0,4.31,44.26,34.01,53.52,76.48,83.55,6.18,5.973
1,6.32,40.59,36.18,76.16,93.7,72.0,7.74,70.33
1,5.53,58.36,48.41,42.72,69.16,57.53,4.5,56.157
0,6.81,63.54,55.7,79.98,71.68,46.45,7.36,6.722
1,9.76,54.46,57.53,59.37,67.69,90.59,5.3,64.545
0,1.5,43.88,38.25,89.25,32.99,33.8,7.21,49.277
0,6.17,71.79,45.81,45.89,77.69,40.11,7.41,59.16
1,8.77,56.4,48.32,40.29,55.07,95.74,7.64,54.224
1,5.33,87.76,34.73,87.38,95.5,15.82,8.31,72.574
0,1.71,40.48,52.83,49.47,43.08,80.26,8.5,500.855
0,06.04,90.55,35.06,55.89,51.15,74.63,7.8,55.405
0,3.99,97.29,79.24,84.53,65.34,91.17,6.41,786.955
1,2.39,82.97,57.02,72.67,63.41,18.15,4.22,61.876
1,8.64,84.02,52.87,58.13,58.02,97.34,8.69,635.495
1,5.69,96.01,38.86,43.74,52.01,12.6,07.01,47.771
1,9.4,52.54,45.86,82.32,40.3,40.39,6.67,53.15
0,8.25,99.67,46.29,38.53,87.46,17.63,5.2,612.315
0,7.24,86.41,98.96,94.62,61.41,14.61,7.42,750.425
0,01.05,83.59,88.47,36.27,70.11,96.82,8.97,69.341
0,4.85,61.67,31.07,85.37,68.26,74.77,5.65,6.509
0,2.78,72.75,73.18,56.82,70.28,55.51,8.0,66.265
0,9.2,79.24,47.91,38.95,79.34,19.74,5.46,5.698
1,2.57,77.22,37.31,55.18,74.06,57.34,6.44,60.634
1,3.57,82.3,79.39,41.62,49.17,38.8,05.07,55.602
0,5.65,44.94,39.21,35.2,68.76,34.44,6.56,48.646
0,3.37,61.34,61.06,42.94,47.12,65.63,6.3,52.136
1,2.89,66.04,74.25,90.05,71.22,81.18,4.19,770.115
1,6.39,55.64,68.81,32.95,60.24,49.89,5.91,53.636
1,1.8,50.36,98.43,97.94,32.76,54.4,4.31,66.113
1,1.52,48.34,85.0,25.37,81.38,68.63,6.25,635.225
0,4.35,61.98,84.19,74.37,49.23,21.22,8.9,60.981
0,7.49,69.61,54.89,89.24,94.41,84.57,5.46,8.174
0,5.99,43.78,30.59,95.05,49.64,85.32,6.58,6.16
0,4.81,96.79,81.41,35.8,99.76,58.69,4.65,75.696
0,06.09,85.91,99.98,77.37,62.41,26.88,4.77,72.461
1,4.29,83.85,58.41,33.05,31.85,55.07,5.78,44.983
0,9.43,50.37,98.99,51.45,35.34,19.53,6.45,520.195
1,1.49,76.23,39.92,79.89,35.75,78.7,7.51,55.962
0,07.06,71.78,50.76,50.95,33.94,38.0,6.28,457.465
0,09.02,98.95,41.95,48.5,48.75,38.0,4.12,512.725
0,8.23,84.86,63.26,33.7,52.72,95.05,5.35,57.519
0,2.66,74.55,85.79,29.98,37.79,47.97,4.12,50.131
0,3.66,91.05,53.85,33.65,60.67,81.06,8.59,57.628
1,7.45,49.31,93.44,90.66,55.57,67.34,4.15,7.246
1,1.76,40.91,68.14,25.84,74.54,38.46,4.25,5.411
1,8.31,81.41,62.58,76.96,43.71,21.14,5.49,5.730
0,7.47,45.9,85.09,82.65,93.98,81.8,7.16,833.435
0,7.57,46.93,37.1,67.59,66.12,78.63,5.79,600.155
1,1.9,84.68,84.16,79.81,73.66,25.22,4.31,7.355
0,7.46,56.23,47.01,73.92,32.77,32.42,8.18,48.216
0,7.12,77.72,49.66,59.17,69.14,78.96,7.5,645.915
1,8.48,95.04,71.96,53.7,55.77,98.53,5.98,666.935
0,1.37,58.99,93.14,95.6,94.69,85.93,7.38,901.615
1,1.21,53.03,70.49,97.9,92.0,71.57,5.37,8.323
0,4.36,46.39,75.43,73.85,74.64,92.39,6.64,735.505
1,2.34,47.83,84.36,39.8,83.75,35.67,8.4,644.845
0,06.03,43.73,48.15,58.59,75.12,10.87,4.54,56.29
0,9.26,45.26,87.91,62.24,31.19,38.89,8.23,524.735
1,4.52,65.92,59.26,81.85,79.22,97.47,7.94,763.805
0,8.6,59.25,42.3,75.08,42.4,89.38,8.75,5.693
0,1.0,82.39,54.51,63.61,77.78,14.53,6.57,6.371
1,2.52,92.21,47.23,76.03,30.74,55.18,5.37,53.951
0,1.27,87.09,46.01,26.8,51.76,17.11,5.77,44.438
1,3.95,71.84,49.78,83.25,66.18,81.01,7.2,692.165
0,9.17,46.15,42.67,40.87,53.32,43.54,4.7,463.825
0,1.87,82.59,76.74,74.23,78.58,92.08,5.76,788.755
0,6.46,61.77,70.6,33.55,66.59,14.9,7.63,53.481
0,05.06,45.14,75.39,33.58,97.18,76.06,6.87,69.606
1,9.45,90.55,54.06,27.67,55.05,45.94,4.31,50.646
0,2.1,60.29,83.88,93.27,80.53,34.14,6.48,77.722
1,2.91,53.09,39.07,70.34,88.51,56.57,6.62,6.734
0,1.27,92.29,69.98,52.15,47.75,53.69,7.5,58.344
0,4.91,94.13,49.28,84.08,82.79,41.39,04.05,7.340
0,3.5,60.34,66.93,71.96,57.53,68.4,6.14,6.438
0,8.83,61.29,52.65,71.51,39.01,69.52,8.43,55.141
1,6.44,74.78,85.34,61.53,30.26,16.94,4.13,5.221
1,6.53,84.01,92.39,25.59,82.06,63.59,7.36,6.835
1,5.79,43.79,81.98,44.38,43.04,73.97,5.12,54.330
1,1.83,75.6,42.29,33.18,33.58,16.83,5.94,37.749
0,05.01,97.17,49.24,74.68,64.8,69.32,8.42,67.847
1,10.0,55.73,94.36,43.65,54.27,82.36,5.81,62.588
1,8.52,94.53,60.61,58.76,78.43,84.87,6.73,722.025
0,09.04,97.01,95.88,51.51,37.52,13.75,4.45,562.615
0,8.41,56.15,57.47,35.74,39.29,72.77,5.62,47.72
0,1.93,85.25,96.62,96.88,58.29,81.73,4.71,806.435
0,03.05,54.33,94.8,95.01,66.43,45.71,6.81,7.596
1,01.03,84.26,76.24,31.35,87.69,58.86,6.3,68.089
1,3.73,87.85,30.62,87.05,70.99,33.86,5.32,64.904
0,1.98,54.83,58.02,61.63,93.18,37.92,9.0,688.995
0,5.26,82.95,93.79,83.03,45.24,55.15,4.77,6.915
0,07.09,88.73,91.96,36.34,71.74,23.6,8.13,63.819
1,8.87,61.51,43.12,34.92,75.87,43.35,4.18,5.439
1,7.74,50.06,57.94,91.81,80.81,37.13,8.23,7.154
0,9.45,45.52,88.49,92.34,99.21,31.44,6.38,832.025
0,1.49,74.52,70.45,59.94,62.76,53.55,8.14,63.848
1,1.11,98.69,89.31,90.26,55.85,85.48,7.74,7.839
0,6.95,89.38,87.86,75.06,89.65,31.8,6.86,7.983
0,3.6,66.15,93.52,38.88,42.38,69.38,5.86,56.81
1,3.28,72.2,38.21,49.67,32.59,32.88,7.33,41.974
0,3.98,56.77,40.17,35.2,61.05,22.79,8.16,4.615
1,3.43,49.78,35.8,83.05,47.3,94.9,6.52,589.455
0,5.6,68.92,95.47,98.89,57.76,66.99,06.07,7.762
0,4.96,67.81,63.26,65.98,99.03,19.41,4.71,7.252
1,5.61,71.32,34.5,74.19,54.39,66.94,8.48,58.309
1,07.05,97.17,52.51,80.96,79.56,25.87,5.34,70.892
0,4.48,76.23,54.6,41.82,47.53,89.9,4.62,5.462
1,3.26,76.35,86.67,50.2,51.24,32.27,4.33,58.68
0,2.5,47.68,81.48,55.92,47.02,82.61,7.75,5.976
0,4.15,99.79,78.26,69.59,70.05,27.93,7.37,70.339
1,7.68,86.37,31.53,88.79,45.83,60.25,4.6,59.205
0,7.81,92.63,93.75,44.07,80.29,92.11,6.65,76.343
0,7.0,64.86,45.09,60.32,77.62,36.64,4.76,61.415
1,3.11,70.13,74.03,81.37,59.49,17.33,5.92,64.716
1,6.29,71.33,34.33,31.55,31.79,59.73,7.91,38.986
0,6.14,51.65,35.71,63.47,31.59,25.51,5.14,41.782
1,5.36,81.37,30.67,35.83,67.3,75.55,4.14,54.338
1,5.95,94.18,69.61,65.44,88.74,63.17,4.97,77.076
1,5.43,49.82,74.06,82.59,71.92,41.17,6.0,697.305
1,06.09,45.18,33.53,42.77,60.5,73.51,5.21,50.442
0,7.44,84.29,50.33,88.71,91.75,31.47,7.61,75.932
0,1.99,56.39,89.6,50.11,43.79,92.53,7.95,60.666
0,7.75,77.43,37.09,39.31,55.16,41.22,5.2,484.165
1,2.22,81.75,45.16,59.9,69.57,78.67,5.34,643.985
1,1.6,59.31,59.71,90.71,50.42,33.27,6.8,615.245
1,9.78,88.91,88.96,30.17,99.84,74.33,7.76,766.025
1,9.61,73.0,47.84,49.57,61.66,12.84,8.8,521.255
1,1.54,92.14,99.8,73.99,33.62,36.6,5.5,6.309
1,4.99,85.8,54.87,51.82,42.33,18.36,8.56,491.605
1,2.68,92.11,57.05,30.31,67.27,50.61,4.91,56.803
0,5.37,41.21,38.55,49.9,68.5,49.16,4.21,53.196
0,8.47,54.61,77.61,86.57,98.89,42.31,7.96,8.146
1,9.56,45.4,47.04,97.6,72.0,98.31,6.39,73.379
1,6.71,66.52,74.02,27.98,76.66,31.97,4.38,58.479
1,4.19,93.4,45.62,67.7,44.96,81.19,4.36,59.244
0,6.43,68.05,57.15,32.9,37.48,50.27,04.07,44.605
0,3.81,90.98,89.97,76.03,72.14,40.13,5.53,753.615
1,9.19,59.63,81.72,25.59,90.54,28.31,7.68,63.224
1,8.83,60.37,40.82,26.11,71.12,67.01,7.33,523.215
0,06.02,93.73,72.54,83.27,60.99,40.03,9.0,70.048
0,3.92,65.55,74.0,30.58,70.47,83.16,6.97,619.805
0,3.64,87.39,36.34,47.89,62.81,97.16,4.55,59.679
0,1.3,54.2,62.61,96.85,39.93,30.44,8.89,5.917
1,8.34,96.93,48.25,98.89,81.88,21.58,7.46,748.815
0,05.05,74.47,62.7,37.11,67.31,38.4,5.87,5.666
0,3.93,85.56,84.39,67.07,57.95,52.04,5.23,67.688
1,5.24,45.37,41.08,66.94,69.17,37.09,5.11,574.065
0,8.37,69.56,38.63,58.93,46.89,97.34,8.78,5.556
0,2.12,94.06,48.85,94.35,59.96,80.13,6.1,717.625
0,8.72,92.62,96.66,81.55,73.57,96.95,6.43,8.442
1,09.08,42.81,82.35,82.34,45.83,43.59,8.18,617.355
0,9.52,58.22,31.36,45.22,82.43,37.42,8.82,55.991
1,4.58,66.6,58.07,57.57,66.47,46.66,04.02,60.596
1,2.95,50.34,48.02,61.56,90.32,57.06,8.95,67.346
0,4.36,83.8,74.67,47.42,89.31,76.74,4.38,7.410
0,4.0,51.07,62.15,32.11,64.62,89.3,8.18,571.115
0,2.59,60.8,97.51,34.48,43.68,51.69,8.75,5.465
0,6.47,79.8,45.33,38.55,81.56,36.03,6.81,58.832
1,5.29,68.93,71.15,40.27,59.31,38.7,6.76,55.818
0,8.79,84.31,79.01,43.17,71.62,72.73,7.35,6.736
0,1.29,97.67,87.79,44.16,37.51,61.08,5.76,5.760
0,6.79,46.99,58.49,59.18,74.21,53.78,4.83,62.543
1,7.87,82.57,78.08,63.22,56.15,28.25,4.33,62.155
0,7.84,53.82,51.22,48.17,53.39,88.79,8.41,55.234
0,8.97,64.87,60.48,93.05,98.59,80.29,6.74,8.438
1,7.56,41.97,92.69,66.49,60.27,22.66,7.47,62.717
1,9.35,48.15,96.49,84.06,77.46,43.06,5.66,76.545
0,3.99,59.19,80.32,94.32,73.94,58.79,08.04,77.321
0,5.53,60.52,56.2,37.24,37.3,50.89,5.75,44.746
0,1.13,93.98,87.4,57.09,82.35,45.8,4.15,74.553
0,01.06,84.51,31.81,57.49,52.62,74.69,5.68,550.715
0,3.16,98.33,37.19,51.59,85.93,14.91,8.25,61.735
1,1.91,75.94,76.3,25.67,72.53,52.43,8.38,59.900
1,3.34,54.5,50.39,86.2,52.2,33.6,8.67,58.708
0,2.59,59.66,96.6,33.37,54.94,17.62,6.5,546.195
0,1.26,59.19,60.52,99.66,81.21,51.84,8.78,7.654
1,9.18,59.59,60.06,82.97,68.5,25.42,6.5,652.305
0,01.07,80.38,77.47,68.5,76.78,33.24,4.77,70.854
0,7.62,71.85,83.73,36.6,41.08,55.63,6.51,53.22
0,2.37,63.13,63.29,63.65,85.09,97.63,8.34,7.442
0,9.21,48.95,44.98,44.58,52.43,71.58,7.93,50.544
0,09.04,41.33,84.13,43.92,73.39,35.17,6.17,61.142
1,6.89,53.13,52.42,87.21,38.03,44.42,05.06,55.352
0,07.05,46.45,42.26,53.55,52.5,46.55,6.91,49.514
0,01.05,87.13,74.21,58.8,75.42,23.83,8.66,67.035
0,9.86,46.75,36.33,88.22,49.19,24.46,4.89,5.365
1,8.9,83.45,97.99,31.58,91.62,23.36,8.14,70.241
1,09.06,63.14,74.27,69.6,76.29,56.95,4.74,7.96
1,6.93,44.4,99.01,68.37,90.92,70.68,8.6,802.245
1,4.1,88.76,53.72,56.89,57.68,63.16,7.47,60.346
0,09.04,74.78,97.98,87.23,32.38,98.0,4.55,700.145
1,3.62,54.15,40.19,95.72,70.33,21.33,05.01,641.315
0,06.06,93.68,32.85,59.9,53.74,98.78,8.63,59.6
0,1.9,42.72,32.31,59.21,61.37,52.0,6.54,52.216
1,9.3,52.11,62.54,62.65,77.68,29.68,6.27,6.353
1,2.27,85.12,35.81,79.23,79.05,94.9,4.29,72.639
1,03.02,82.56,65.85,75.1,31.93,52.18,4.42,565.945
1,06.02,57.36,52.93,41.71,83.85,41.26,7.46,60.223
1,7.88,43.72,53.49,29.79,64.55,29.24,7.88,48.034
0,6.57,91.48,74.49,96.19,68.97,34.11,8.34,7.564
1,03.09,58.82,41.42,44.58,50.86,98.13,6.51,52.925
1,01.01,51.74,83.66,72.89,59.46,37.36,5.64,646.755
1,7.81,70.96,70.74,87.13,79.73,98.0,7.13,80.732
0,9.87,94.61,94.05,47.52,84.37,39.72,07.09,7.365
1,8.29,42.61,55.54,72.66,57.1,30.83,4.17,56.602
0,5.14,85.95,98.79,33.09,78.38,26.5,8.69,667.085
1,9.13,74.35,70.31,97.74,48.06,47.07,7.21,67.46
1,4.69,65.53,98.14,29.36,88.24,31.31,04.03,67.536
0,5.72,84.64,31.89,57.86,72.69,72.72,8.8,6.202
1,5.29,97.95,80.96,65.26,84.26,31.58,8.76,7.495
0,05.03,53.75,87.16,84.29,63.4,85.19,8.73,745.885
0,7.98,48.62,33.72,34.08,46.04,85.06,8.44,44.746
0,5.74,94.77,70.53,58.06,60.05,35.7,4.92,62.685
1,3.85,80.14,86.14,47.48,56.7,77.82,8.89,6.473
1,3.32,66.28,69.27,48.4,53.29,87.18,7.81,599.515
1,1.34,74.4,34.47,83.41,44.85,63.11,7.2,5.719
0,6.25,84.74,78.54,25.41,83.14,42.97,8.71,63.930
1,03.07,86.38,34.24,81.18,36.04,49.69,5.91,53.364
0,2.33,95.19,87.22,85.78,92.13,80.76,8.66,887.295
1,6.88,65.61,33.01,92.6,42.25,36.4,07.03,547.405
0,7.13,57.6,39.62,72.02,98.59,40.1,6.9,702.055
0,7.77,78.38,49.26,50.01,99.19,24.47,7.23,67.356
0,5.53,64.94,74.34,57.04,57.89,45.91,7.77,604.745
1,09.05,75.68,98.35,97.73,99.15,17.79,6.22,88.152
0,9.43,65.2,38.25,91.09,90.83,38.89,8.9,7.262
0,8.27,49.18,39.99,59.76,35.77,43.61,4.44,447.365
0,6.72,68.17,55.82,95.73,96.31,32.99,8.57,7.892
0,3.73,81.46,88.54,86.72,32.98,19.12,7.29,60.989
0,9.85,87.96,62.71,92.58,42.73,56.95,8.55,651.335
0,3.47,69.6,52.51,76.22,70.92,87.86,5.84,70.125
1,2.82,49.91,69.28,89.32,35.65,40.21,8.14,576.755
1,4.98,64.88,48.24,91.88,41.32,31.31,07.08,56.699
0,1.51,87.18,58.08,31.9,96.74,35.65,8.16,6.573
1,9.81,64.77,53.28,97.39,99.63,87.57,5.63,85.108
1,6.3,81.79,86.29,50.02,85.87,57.5,8.59,7.374
0,06.01,70.43,94.7,57.99,66.06,21.77,8.62,657.785
0,6.9,54.47,83.17,84.39,93.02,73.83,6.37,831.185
0,5.47,87.77,60.74,74.87,37.83,23.89,6.0,55.272
1,1.29,45.05,65.3,91.98,96.0,15.42,6.88,75.702
0,6.51,71.49,38.76,55.04,54.61,33.01,5.0,51.75
1,7.45,52.53,82.28,53.0,90.3,25.13,6.48,69.077
0,4.75,44.02,71.75,27.38,76.79,64.45,8.48,589.185
1,7.82,70.18,93.17,59.7,97.22,53.61,5.83,7.996
0,03.04,69.97,44.04,79.31,90.53,75.17,7.68,74.835
0,2.99,82.41,83.18,47.59,92.15,56.04,7.12,74.631
1,2.45,84.69,77.93,59.7,74.22,47.71,5.31,69.728
1,4.35,83.67,48.61,41.45,88.32,57.36,6.66,650.995
1,8.62,64.57,76.72,82.96,83.0,49.1,8.26,7.650
1,8.45,77.9,94.71,29.54,41.31,13.34,6.77,499.095
1,4.45,74.62,94.29,77.9,75.4,71.26,7.48,79.311
1,6.3,65.29,80.37,53.42,40.37,96.59,7.88,59.746
0,7.49,75.83,33.37,28.12,90.86,47.98,4.25,57.885
1,3.17,96.83,91.06,89.01,34.62,48.14,4.26,6.707
0,2.51,51.57,76.04,61.58,99.09,14.12,4.57,7.185
0,9.75,94.35,51.73,69.95,58.04,90.13,4.82,665.955
1,6.56,43.21,43.11,79.9,41.94,93.62,08.06,56.958
0,9.83,58.5,38.13,74.13,95.5,83.18,6.18,737.515
1,04.04,57.29,33.52,79.81,33.18,19.57,4.93,459.555
1,7.33,77.58,82.79,82.17,62.91,91.02,6.66,75.979
0,3.0,47.87,46.51,69.19,83.92,12.16,7.82,619.745
0,3.35,92.94,31.7,52.42,52.17,50.01,4.7,519.995
1,5.61,89.71,57.81,43.24,67.02,55.06,5.72,60.306
1,3.88,79.12,63.78,92.72,79.03,85.06,4.97,800.145
0,2.51,67.5,41.85,97.74,96.64,77.58,7.23,8.113
0,3.37,95.98,33.08,51.82,37.19,81.74,4.68,503.595
0,1.32,89.84,43.24,33.42,41.01,88.11,7.91,491.515
0,7.34,69.96,77.54,41.69,65.62,52.85,05.04,6.117
1,5.43,82.11,35.76,75.3,59.29,80.22,4.29,62.961
1,1.85,74.02,68.85,37.97,58.76,16.12,8.55,528.425
1,2.55,75.28,40.25,83.51,50.79,50.01,5.67,59.233
1,1.92,59.86,43.7,94.23,69.25,12.71,6.51,63.792
0,6.51,67.73,57.52,97.27,91.83,92.38,4.5,8.397
0,1.85,44.69,37.06,25.7,41.26,96.26,6.4,42.373
1,7.79,61.44,42.12,96.86,45.07,17.55,5.11,563.125
1,1.18,81.75,54.43,80.51,76.96,57.94,8.2,719.185
1,3.24,97.19,53.08,31.3,33.93,39.26,7.57,439.615
1,09.02,97.78,82.45,56.14,77.16,40.83,7.32,71.392
1,7.47,73.34,35.23,77.5,52.01,50.56,7.91,570.145
1,1.66,76.4,90.23,96.75,55.05,21.26,5.47,71.267
1,8.39,51.14,87.14,37.31,58.39,26.27,6.27,5.493
1,5.44,81.72,83.62,34.58,54.47,61.96,4.43,5.880
1,8.62,44.24,51.66,60.43,88.88,11.69,4.34,62.140
0,6.41,57.08,87.6,97.61,96.22,63.98,5.65,877.055
1,7.14,80.1,42.8,97.85,68.36,38.7,8.11,6.882
0,9.94,58.62,38.71,42.09,70.73,84.9,6.99,5.737
0,03.09,42.99,33.15,48.95,34.93,64.0,6.12,41.791
1,6.62,89.91,95.75,93.1,79.92,73.73,8.83,86.761
1,5.14,58.62,51.56,80.11,70.89,20.3,6.21,63.043
0,1.36,43.79,94.23,97.92,33.53,33.93,6.34,628.335
0,1.13,44.49,49.08,91.99,43.89,99.7,8.96,62.593
1,02.07,55.11,93.53,41.13,44.14,49.03,4.66,548.515
0,6.84,50.68,93.28,81.98,41.97,42.3,5.28,631.385
1,6.1,86.46,94.66,28.64,76.11,88.65,6.27,7.24
1,5.98,59.3,64.73,86.34,94.99,12.98,6.86,7.500
1,1.29,88.28,90.62,70.12,83.41,58.13,4.74,794.885
0,5.22,50.43,96.55,96.71,63.42,28.92,5.64,736.195
0,9.32,69.57,52.72,97.0,58.28,43.13,5.1,6.646
1,4.58,81.28,59.32,28.81,57.05,27.98,8.25,49.96
0,6.62,79.12,80.35,37.04,72.09,13.4,8.17,598.135
0,08.02,76.07,51.03,61.32,55.15,47.49,5.2,571.945
0,08.06,95.49,82.77,90.96,45.83,81.03,6.17,7.298
0,5.67,53.71,35.17,86.08,72.2,95.68,7.26,6.876
0,8.72,69.62,66.64,97.33,57.35,66.15,4.24,71.31
0,4.52,93.04,38.56,71.36,30.99,45.0,8.42,502.025
0,9.0,44.67,50.53,44.24,31.56,79.29,6.56,44.608
1,3.16,43.35,48.1,26.88,49.19,55.47,5.13,434.385
0,3.52,54.0,88.73,41.72,65.87,43.09,5.98,609.395
0,1.48,77.98,43.55,75.65,54.8,26.12,8.51,572.125
0,8.16,55.59,86.59,94.47,31.68,81.65,4.12,657.475
0,4.75,51.41,85.58,49.07,45.62,55.04,4.71,5.599
0,03.06,67.53,64.92,90.68,36.75,96.74,4.96,649.435
0,03.09,76.82,46.37,54.62,96.4,82.17,4.3,72.568
0,9.11,54.91,45.88,48.12,51.9,47.8,5.13,49.641
0,8.51,58.04,62.54,63.16,31.03,76.68,08.09,52.630
1,5.98,76.81,30.62,58.17,76.24,50.81,6.64,601.125
0,6.54,96.74,67.19,93.53,46.27,17.19,07.03,64.408
0,5.27,80.48,96.69,60.12,69.67,56.5,4.78,724.505
0,4.52,86.97,40.83,45.8,40.55,87.92,5.39,512.975
0,9.24,62.01,70.13,88.19,98.88,86.99,8.59,855.815
1,2.13,56.34,97.32,99.91,97.92,61.75,05.05,905.225
1,4.77,67.26,90.24,73.61,75.92,44.2,8.53,741.685
1,4.1,88.43,89.53,43.78,79.5,10.91,7.32,66.61
1,5.48,67.38,87.53,42.91,59.81,38.03,6.51,59.708
1,5.12,90.8,51.63,29.33,97.35,99.08,4.87,70.719
1,5.67,99.33,92.34,30.8,59.66,75.38,7.37,6.451
1,2.26,44.32,95.89,93.62,46.76,74.58,8.43,70.839
1,5.62,42.72,64.71,32.24,38.08,78.5,4.8,46.452
1,3.18,48.98,54.82,61.33,44.57,65.81,04.03,53.375
1,2.66,63.06,59.0,77.36,70.05,62.73,7.7,6.823
1,1.58,47.86,53.39,88.78,47.16,50.83,7.0,59.248
1,7.86,92.24,44.87,37.85,75.8,49.95,6.52,59.185
1,4.85,41.39,73.29,57.83,56.75,88.38,6.28,61.955
1,6.64,58.95,69.38,43.86,92.08,45.41,6.49,67.505
1,7.55,51.08,62.38,44.19,69.09,85.63,5.87,61.376
1,7.11,95.89,36.71,47.79,73.58,85.4,4.41,63.171
0,5.23,80.17,85.78,69.03,68.96,79.38,7.88,745.045
1,4.49,94.72,42.25,26.24,91.99,13.39,6.34,5.801
0,4.38,98.34,38.02,55.66,34.44,23.32,8.12,45.739
1,6.76,69.83,73.61,39.01,34.71,38.32,8.91,47.438
1,5.45,54.06,57.91,97.53,79.12,86.28,4.86,7.769
0,8.64,51.62,34.19,68.7,83.76,88.59,7.97,6.735
1,8.87,53.38,54.89,90.11,60.35,13.74,8.89,61.34
0,2.54,82.52,84.02,39.68,54.66,39.23,7.62,58.29
0,2.23,42.43,73.07,85.75,49.46,86.53,5.23,662.585
0,6.67,43.08,55.4,56.11,46.41,32.47,8.48,48.906
1,3.71,76.49,43.43,38.33,93.84,97.84,7.97,6.854
1,1.17,78.52,74.23,82.09,50.66,54.04,6.25,663.555
1,9.0,79.92,92.13,82.15,75.37,94.36,6.86,82.771
0,03.04,62.31,75.24,99.69,85.1,48.59,7.61,8.84
0,9.36,88.36,86.9,83.57,31.54,39.14,4.62,620.615
1,7.46,72.02,66.51,35.9,32.37,42.62,8.63,45.70
1,7.86,46.33,80.26,49.19,53.32,89.59,8.94,60.603
1,2.81,87.83,92.74,58.88,78.72,39.76,5.65,7.357
1,3.11,97.18,84.12,34.5,48.26,70.24,7.58,5.908
1,5.69,43.6,93.69,84.1,30.1,52.29,6.11,59.887
0,2.55,63.48,60.18,64.5,50.17,94.75,4.14,615.435
0,3.75,69.25,93.3,95.83,36.31,24.34,8.79,64.685
0,3.89,48.79,73.51,69.2,45.36,48.58,4.71,57.615
1,2.44,92.06,90.9,64.22,53.32,21.22,4.37,64.225
0,2.85,57.05,32.76,30.36,38.96,62.03,8.19,39.686
0,8.1,86.98,76.05,36.2,79.45,46.26,4.17,6.539
0,2.5,80.26,89.36,88.71,47.91,15.48,7.44,66.392
0,1.26,75.88,42.19,99.3,76.28,86.49,8.65,76.198
0,6.66,51.53,76.33,56.14,71.93,43.8,06.03,640.095
1,9.78,53.24,87.75,85.76,92.86,54.43,4.34,82.258
0,3.98,42.84,50.16,72.07,36.16,46.68,05.09,496.575
1,02.07,54.44,58.37,96.93,45.02,53.98,8.74,625.055
1,6.13,60.73,69.87,42.86,90.56,11.47,6.33,63.605
1,9.16,89.99,66.34,65.86,87.55,83.39,6.71,777.135
1,08.06,61.98,32.74,55.66,43.45,39.91,4.78,45.859
1,6.6,85.28,36.91,65.63,37.54,75.2,8.59,529.765
0,3.84,66.37,37.03,45.16,89.94,15.84,6.59,58.396
0,5.88,87.09,48.36,62.33,42.47,57.14,6.64,54.542
1,1.82,98.58,47.21,71.86,90.98,91.79,6.88,78.287
1,7.11,54.39,81.96,31.09,97.28,45.84,7.84,682.355
1,7.53,91.74,70.09,80.72,45.46,27.75,05.01,62.058
0,9.69,77.31,83.48,77.99,88.83,18.92,8.71,7.690
1,3.34,89.04,34.89,91.03,59.67,87.32,4.88,68.256
0,1.17,79.1,63.96,56.94,85.21,31.49,4.99,679.095
1,5.91,65.44,52.66,29.63,58.52,97.76,04.06,547.415
0,7.36,53.68,89.5,59.61,34.93,32.3,4.1,53.626
1,8.11,44.2,79.55,35.32,79.89,53.29,6.14,624.505
0,2.74,72.13,90.85,73.56,40.55,51.22,4.91,630.875
1,3.36,99.42,33.25,28.53,94.89,15.58,05.06,58.494
0,5.61,84.28,80.46,53.05,59.24,57.87,8.94,643.035
0,3.98,59.64,67.8,31.21,35.74,70.54,8.65,468.895
0,8.74,89.63,87.75,25.25,45.99,76.79,5.61,56.601
0,5.26,86.14,65.5,97.04,90.38,57.03,5.72,83.31
0,8.2,56.9,67.81,99.71,52.48,83.13,5.46,708.605
0,6.23,40.86,33.62,66.66,89.94,77.69,8.41,66.723
0,7.96,47.09,76.8,42.92,42.06,27.46,4.49,48.266
1,3.99,92.64,49.12,93.33,62.78,46.14,6.92,690.075
1,8.48,90.19,31.38,94.23,91.48,22.83,4.93,7.315
1,3.47,57.71,34.65,89.09,33.39,22.01,7.79,48.861
1,5.91,57.11,97.01,65.83,51.3,74.09,7.16,669.345
1,2.93,87.57,54.23,30.6,93.69,57.74,5.94,658.185
0,5.28,96.26,90.77,31.63,71.76,64.09,4.49,6.721
0,3.86,86.75,97.18,92.25,80.14,75.9,7.84,8.681
0,3.4,76.33,96.03,90.69,88.95,34.95,4.39,84.139
0,9.7,54.56,91.72,57.58,66.65,46.12,5.37,661.345
0,2.44,71.54,92.64,49.61,89.18,64.61,5.27,757.585
1,08.09,54.01,50.23,73.31,74.71,18.7,6.89,6.179
1,9.86,88.48,40.6,85.52,78.0,84.97,6.57,74.145
1,1.18,63.22,74.75,79.88,40.7,40.91,5.4,59.578
1,7.29,90.02,64.17,71.17,95.73,69.29,6.15,80.063
0,3.28,62.9,36.91,42.36,85.73,99.6,6.18,642.275
0,1.36,89.45,77.43,44.69,47.79,52.78,6.87,57.608
0,4.63,60.0,69.4,79.31,70.6,29.35,8.49,673.525
1,9.42,66.41,90.41,85.2,56.35,29.48,4.71,686.935
0,1.11,76.93,72.64,33.71,76.23,15.43,6.79,58.872
1,6.29,44.22,70.18,39.05,99.56,79.04,04.09,7.97
0,5.51,96.89,60.85,76.04,33.2,36.41,7.49,56.13
0,8.86,74.42,62.4,54.17,96.68,25.55,7.2,698.575
1,1.76,70.47,96.81,67.25,35.07,74.23,7.47,62.919
0,7.13,90.36,39.69,71.11,62.25,37.82,6.37,60.321
0,7.12,91.95,61.24,83.22,63.75,64.04,4.93,709.645
1,07.02,71.34,75.91,85.43,48.81,47.6,6.24,65.517
0,9.48,95.64,60.31,46.01,69.67,40.07,4.12,61.519
1,8.41,43.88,49.83,65.6,88.38,54.05,5.91,67.092
0,1.38,46.79,50.12,34.26,50.58,38.24,8.19,44.795
0,5.24,75.81,46.36,88.15,34.93,88.35,5.69,59.951
0,4.58,61.24,54.07,88.41,74.26,16.57,6.96,6.668
0,3.79,67.85,91.02,47.46,82.62,12.71,5.31,67.042
0,05.06,59.68,65.37,37.05,96.82,46.58,4.67,6.684
0,4.46,64.28,46.82,30.26,41.17,25.56,6.6,40.322
0,4.89,89.36,56.92,68.12,93.1,76.94,4.18,7.762
0,9.81,75.61,37.41,31.86,63.75,41.81,8.52,495.015
1,1.8,99.84,93.28,76.04,46.5,33.53,7.89,67.278
1,9.3,87.21,58.57,75.86,97.39,42.34,8.99,777.205
0,5.32,56.42,98.63,71.05,46.69,29.75,8.97,62.447
0,6.61,55.86,54.33,90.74,81.34,36.97,7.64,71.303
1,8.47,60.15,88.54,53.37,84.94,61.12,7.88,729.065
0,4.24,90.6,47.95,92.67,60.14,87.76,6.64,716.425
0,4.87,41.64,35.33,27.77,78.3,43.38,05.09,499.155
1,4.69,53.81,32.22,33.46,70.07,38.86,08.04,48.600
0,4.37,94.3,72.43,55.92,43.44,80.36,5.35,61.136
0,9.33,78.39,51.81,69.55,83.19,12.02,7.25,65.907
1,8.46,53.61,61.05,27.43,94.96,37.19,7.65,613.835
0,1.98,53.15,87.31,67.56,64.2,50.7,6.82,6.720
0,1.97,91.76,47.37,48.05,99.6,64.06,7.31,7.192
1,4.85,93.63,51.61,91.54,59.96,24.05,5.46,65.961
0,1.89,55.37,89.17,65.0,63.58,48.96,7.8,6.677
1,6.57,65.23,64.49,69.09,77.17,60.97,8.72,69.8
0,2.29,90.08,87.94,95.92,43.0,55.92,6.42,7.121
0,5.7,86.26,56.21,82.31,93.14,61.71,4.6,792.155
1,01.06,88.83,57.89,57.87,86.09,69.62,7.1,72.022
1,3.85,71.1,41.7,60.77,91.07,44.14,5.71,66.931
0,07.09,94.69,94.14,73.59,72.67,15.73,6.1,7.370
1,5.36,59.56,92.77,40.01,91.86,15.0,4.76,681.635
1,9.8,49.4,98.9,31.65,77.6,87.28,7.13,685.205
0,8.87,82.52,58.17,48.34,65.81,70.97,7.94,621.015
0,4.23,72.36,87.3,83.38,95.23,78.78,7.83,8.674
0,1.41,91.28,59.05,44.3,60.78,93.59,8.97,62.645
1,8.61,44.87,61.8,34.81,65.04,77.55,05.06,560.685
1,9.2,90.62,88.1,41.43,41.87,72.31,8.57,58.925
1,8.39,57.6,42.42,75.92,96.34,69.02,7.66,73.845
1,2.15,79.29,45.42,71.05,45.47,33.27,7.54,54.16
0,9.98,42.41,52.03,76.62,44.1,96.16,7.42,58.852
1,3.33,76.57,85.17,49.15,37.08,58.78,6.69,5.583
0,7.52,83.04,56.09,92.56,61.74,29.99,5.89,67.27
1,9.17,62.13,55.07,58.88,49.15,28.88,8.72,52.37
0,3.12,52.92,99.92,63.53,81.85,83.37,4.76,78.143
0,9.17,72.26,56.87,96.16,51.53,32.52,4.88,639.275
0,3.79,89.99,47.34,98.45,80.45,13.73,04.08,72.61
1,9.79,59.41,73.62,74.62,43.72,48.56,7.7,5.947
0,3.53,55.15,86.13,95.86,46.1,83.56,8.47,71.197
0,9.58,56.74,34.87,65.61,86.43,47.3,4.93,6.403
1,1.48,96.95,73.32,48.05,55.98,82.32,4.17,6.419
0,7.38,61.56,32.5,48.63,37.82,84.45,5.22,464.955
1,5.79,40.22,66.84,66.92,97.3,87.19,8.42,76.894
1,5.3,86.9,47.99,70.38,42.42,63.0,04.08,57.03
0,03.01,81.96,51.46,57.97,40.51,72.95,4.51,54.454
0,7.35,47.71,62.7,91.28,55.09,33.57,4.12,627.695
1,2.72,99.09,94.9,57.0,36.69,18.97,8.72,578.775
0,5.98,76.48,79.75,45.51,40.89,57.95,4.68,55.082
1,3.28,70.05,95.58,25.6,89.25,10.95,8.5,648.535
1,9.6,62.93,76.2,97.79,42.01,51.92,6.37,65.876
1,1.26,93.92,30.5,86.82,37.8,19.19,5.97,52.346
0,2.8,54.64,48.59,71.17,91.6,19.76,6.13,670.105
1,3.18,57.15,93.4,87.29,61.07,88.37,06.09,76.429
0,4.73,47.34,75.04,85.77,41.0,67.65,5.71,6.229
0,03.09,85.55,98.72,94.89,70.71,68.07,08.05,83.577
0,5.42,75.73,40.92,53.96,32.91,46.4,6.54,45.405
0,8.85,76.54,50.77,66.61,59.92,47.19,8.95,601.515
1,7.41,53.11,55.37,32.4,71.32,37.28,6.59,53.175
0,6.22,79.07,52.86,97.4,97.0,49.09,08.09,81.688
1,1.8,85.93,47.64,98.88,52.85,62.84,7.73,6.762
1,7.25,61.47,61.04,84.18,83.55,26.79,06.01,713.215
0,2.5,88.08,74.96,59.06,39.29,33.55,7.94,55.671
1,08.08,60.93,51.79,62.24,60.35,54.53,4.77,585.865
1,3.25,85.49,35.58,57.65,45.62,44.63,05.02,505.075
0,4.75,42.02,79.6,47.0,64.47,83.75,07.09,62.811
1,4.15,73.07,62.13,64.58,59.21,83.95,7.56,649.965
1,8.73,98.17,68.95,29.01,98.58,40.24,7.22,6.938
1,2.14,98.87,61.88,99.39,94.22,50.57,6.55,8.514
1,06.09,56.91,92.33,56.8,70.75,97.89,4.69,729.085
0,2.28,66.48,69.11,94.55,42.36,84.47,5.86,673.805
1,7.34,43.78,94.63,79.32,68.99,29.41,07.02,7.22
1,9.15,92.4,65.74,46.75,85.45,35.22,5.13,67.505
1,4.91,74.11,50.48,41.65,32.66,17.51,7.19,41.101
1,5.39,63.11,54.88,99.68,60.38,71.0,5.17,70.44
0,9.35,46.77,66.55,82.91,32.99,38.52,4.49,5.411
1,5.69,96.81,67.1,43.72,47.08,58.29,5.62,5.633
0,5.39,71.81,78.11,30.06,36.45,79.13,5.36,509.885
1,6.2,56.98,45.71,77.27,97.24,85.24,08.05,7.671
0,7.2,61.01,76.12,47.73,41.82,39.28,6.42,518.225
0,1.96,56.24,84.5,41.6,40.51,31.35,4.32,50.237
0,8.39,76.11,77.36,80.12,98.04,86.37,08.08,8.606
0,4.92,95.8,63.73,75.94,66.12,44.31,5.34,68.884
0,1.65,91.4,99.42,61.11,83.06,83.98,6.84,817.705
1,08.08,67.62,58.34,95.7,52.91,23.48,6.71,632.215
1,4.39,89.59,37.46,75.97,67.3,92.07,8.86,682.055
1,1.9,65.39,87.51,92.01,30.48,53.48,5.27,6.305
0,6.7,55.14,44.85,39.29,58.62,25.31,4.73,473.545
1,8.92,99.0,79.93,47.25,68.86,58.16,5.29,6.761
0,8.99,58.23,42.53,32.84,66.01,88.3,6.88,54.472
0,9.62,59.42,31.18,47.84,58.41,45.04,05.09,49.85
1,8.81,99.38,41.19,97.88,85.15,26.03,5.7,7.505
1,01.02,48.04,56.39,97.21,65.11,61.89,7.29,69.362
0,4.42,85.63,37.46,82.03,74.53,85.1,4.58,71.158
0,8.37,96.15,43.84,64.08,42.92,20.92,8.73,51.517
1,4.3,70.71,83.52,83.56,90.31,13.73,6.66,776.465
1,6.41,40.15,83.89,66.51,55.4,15.07,6.42,583.175
1,6.46,62.5,87.22,25.26,63.75,30.74,5.82,553.955
1,4.29,46.69,88.88,62.62,54.65,10.66,5.23,58.293
0,9.14,64.97,59.43,69.92,92.43,48.58,6.42,730.715
1,5.53,87.4,90.73,44.93,93.05,72.8,6.43,77.966
1,5.18,66.32,66.82,40.25,45.7,73.94,4.28,5.344
1,9.98,65.92,62.94,45.54,82.69,67.3,8.24,6.623
0,5.44,73.41,80.3,71.77,37.2,36.66,8.1,5.802
0,2.61,74.9,44.97,35.95,32.09,76.23,6.24,44.326
0,5.62,91.38,85.26,79.02,88.56,61.88,5.68,83.129
0,8.33,58.5,60.06,56.7,39.18,87.51,6.49,54.501
1,7.99,89.3,38.91,51.5,40.83,53.02,5.11,491.795
0,8.1,73.96,38.35,85.54,72.46,26.21,4.0,6.443
1,7.37,58.03,41.54,62.95,87.17,67.12,5.77,6.707
1,3.29,57.71,92.34,53.38,43.27,23.57,04.09,550.855
1,8.76,61.67,99.37,90.86,37.99,96.68,4.2,717.205
1,09.04,77.36,54.99,52.62,35.41,73.3,4.15,516.125
0,2.75,53.85,50.45,89.43,31.74,78.07,8.4,567.485
0,2.17,95.22,45.31,62.81,38.15,71.13,4.72,54.752
0,9.78,74.49,87.67,40.6,95.99,18.78,5.27,706.075
1,8.81,95.2,44.64,70.96,36.67,51.88,6.45,542.105
1,09.04,42.78,94.69,46.4,71.83,68.63,6.65,668.195
1,8.98,60.56,76.71,36.04,94.47,30.64,4.61,6.653
1,5.88,41.37,92.8,31.49,73.95,71.16,8.55,63.568
1,6.82,56.34,68.78,43.13,32.29,83.79,5.16,49.852
0,5.91,91.72,78.35,80.24,71.75,34.74,8.71,7.348
1,1.46,42.2,73.36,87.85,93.21,27.96,5.28,76.274
0,7.71,66.17,88.18,89.63,52.58,89.48,04.01,740.115
1,5.55,47.05,88.51,45.26,51.95,10.47,8.86,52.951
1,6.83,65.01,71.29,74.57,47.42,33.02,6.42,593.005
0,5.52,90.33,74.28,42.28,65.39,46.61,8.39,620.065
0,5.43,77.38,94.53,71.71,46.66,70.5,7.67,679.525
1,2.55,84.21,95.09,91.54,80.67,99.74,4.9,885.325
1,3.51,60.95,76.5,28.07,75.14,43.37,8.23,59.48
1,2.43,96.66,30.54,98.89,58.05,95.39,4.26,70.353
1,2.76,82.56,37.31,87.03,80.58,43.01,6.54,699.795
0,9.76,65.31,90.06,82.12,36.89,72.6,5.27,652.445
1,2.38,65.59,35.93,76.85,82.47,24.88,5.81,6.430
0,3.42,95.12,44.95,82.77,72.2,51.44,7.79,6.960
1,6.32,74.58,46.14,99.59,74.11,88.41,7.42,76.363
0,6.49,82.38,72.02,82.76,34.53,38.8,6.2,5.929
0,2.39,65.02,70.36,51.37,73.27,19.47,4.23,61.008
1,8.14,53.42,50.26,71.04,64.59,57.04,4.2,614.645
0,08.07,83.41,44.53,50.27,64.01,49.56,7.51,5.717
1,3.14,76.47,83.52,97.75,52.53,30.66,8.74,7.24
0,3.6,70.08,95.48,92.51,30.53,91.51,8.24,69.068
1,9.44,77.44,33.7,67.57,59.58,64.15,4.61,586.445
0,8.43,52.5,39.32,83.6,58.06,41.25,4.61,58.459
1,7.28,87.64,74.95,93.23,59.6,99.65,07.05,778.865
1,1.74,96.89,86.31,43.27,72.84,22.38,7.29,655.005
0,4.76,93.47,85.38,68.46,50.99,86.32,07.08,700.165
0,06.03,59.29,80.38,61.13,48.86,30.76,8.43,574.645
0,2.69,64.36,92.12,82.87,64.84,31.56,5.16,7.142
0,05.03,88.5,45.21,53.43,71.46,54.83,4.86,61.743
1,6.41,75.71,37.51,78.17,69.71,69.57,8.57,65.971
0,3.95,72.87,73.08,55.22,91.71,72.14,7.61,750.205
1,08.03,95.6,87.56,33.33,83.84,11.99,7.56,6.594
0,8.56,72.16,70.74,33.03,33.65,35.82,5.68,44.981
1,3.91,70.9,97.41,33.93,69.44,69.45,7.14,663.035
1,8.55,42.52,85.69,27.44,59.25,90.08,7.63,5.799
1,1.93,44.17,79.06,64.97,55.27,70.29,7.0,62.845
1,8.54,40.45,34.22,75.39,97.05,33.93,7.68,67.097
0,2.37,94.79,37.54,34.5,61.98,55.7,6.95,5.287
0,1.75,64.5,84.94,70.89,80.36,68.28,8.91,7.611
1,6.78,68.11,43.88,69.83,97.7,22.18,6.46,6.945
0,5.25,90.72,32.02,36.03,40.57,59.04,04.06,44.587
0,9.17,76.55,93.75,55.31,33.82,52.45,4.82,5.731
1,4.27,76.57,92.36,81.64,51.95,40.3,8.82,6.875
0,3.58,57.79,45.29,26.26,33.11,66.12,6.35,39.602
0,5.51,90.03,84.61,36.02,38.17,67.26,4.6,550.155
0,5.1,49.95,33.36,99.69,99.42,97.43,4.78,8.112
1,4.1,43.19,49.95,80.02,97.21,48.55,4.14,7.319
0,7.24,51.5,73.66,59.81,78.39,57.81,5.13,6.805
1,7.84,56.06,83.42,72.24,82.71,24.18,8.93,717.165
0,8.68,56.94,30.73,88.47,39.83,59.35,5.64,53.833
0,9.76,80.23,52.83,88.17,71.67,13.25,5.25,67.041
0,3.4,53.07,45.0,49.35,40.81,23.49,7.34,43.276
1,7.44,80.6,99.91,61.85,56.49,25.41,7.37,65.817
1,4.55,45.47,76.97,72.85,54.17,66.94,8.84,63.806
0,07.09,48.83,58.4,30.39,72.98,61.06,7.65,558.095
1,5.28,70.53,35.3,95.93,35.58,81.82,4.55,58.730
0,9.94,95.31,71.91,57.46,37.24,51.8,8.93,56.492
1,7.56,91.57,74.92,52.81,72.7,52.74,7.75,680.625
1,9.57,98.13,87.15,93.03,74.53,24.54,5.3,7.903
0,8.51,79.03,50.2,33.87,53.79,76.84,5.31,52.921
0,9.13,80.55,98.7,27.94,40.28,10.33,8.8,49.911
0,8.33,77.5,60.76,76.38,92.03,48.24,4.96,760.315
0,5.13,77.37,50.72,53.88,33.71,26.95,5.14,45.844
1,3.27,48.83,54.39,82.34,80.22,79.39,5.79,72.362
1,4.33,72.62,66.37,30.14,39.8,70.61,7.4,49.062
1,1.18,63.16,95.57,53.78,74.62,73.61,6.15,7.235
0,5.72,66.55,81.46,42.65,76.46,23.37,5.56,62.707
0,5.55,71.42,70.4,80.47,86.3,70.19,5.34,785.635
1,5.73,47.7,41.4,42.04,57.65,72.18,4.63,5.95
0,9.77,61.57,40.45,59.35,31.53,10.24,6.73,41.144
1,9.2,43.81,65.15,86.42,86.77,38.58,5.37,7.324
1,2.46,98.78,81.01,93.65,61.08,17.86,5.66,7.265
1,4.32,47.11,82.57,79.2,89.3,71.33,04.04,7.941
1,4.82,55.51,45.81,57.19,84.32,29.09,6.66,6.143
1,4.24,93.48,37.01,67.9,64.88,33.82,7.48,59.815
0,8.19,68.96,56.91,76.73,99.96,17.05,8.64,741.515
0,5.72,48.14,94.27,90.62,62.35,53.54,4.99,7.349
0,6.15,63.05,68.18,91.64,78.76,12.97,8.6,71.714
1,8.68,46.95,52.41,94.82,76.89,86.1,5.81,7.440
1,8.25,52.01,52.65,85.8,66.26,12.37,08.01,61.609
1,2.19,43.12,39.25,36.01,70.97,15.55,8.48,4.755
1,7.43,66.29,63.13,81.07,85.9,67.64,8.81,763.515
0,4.92,88.4,85.4,86.09,70.01,92.52,5.63,8.119
0,3.65,75.16,97.8,90.84,61.51,90.29,5.3,803.435
1,1.45,76.38,65.11,94.36,76.35,17.53,6.2,7.272
1,5.39,52.04,41.71,63.19,32.49,35.96,6.77,44.311
1,4.2,60.63,77.81,74.13,37.64,56.89,7.45,590.205
0,3.26,90.71,82.98,25.72,38.78,12.4,7.46,46.910
0,7.25,45.27,35.02,67.96,59.8,57.58,4.58,55.208
0,7.93,91.48,89.51,60.49,91.02,50.3,07.06,790.595
1,3.2,69.02,88.05,97.17,75.03,62.96,4.84,8.136
1,1.45,90.23,63.08,92.63,98.08,92.83,7.56,8.840
0,8.64,59.08,69.23,84.82,32.8,34.72,8.88,55.911
1,01.09,60.33,79.94,29.27,80.54,67.52,7.85,642.795
0,9.43,85.1,77.37,55.15,51.99,48.68,7.47,60.836
1,6.65,87.1,31.16,77.2,31.63,49.16,4.39,50.228
0,3.9,53.78,38.57,27.22,87.81,68.25,4.92,574.555
1,3.22,98.37,41.38,42.69,41.39,95.62,5.78,52.834
0,01.08,45.07,82.9,91.56,44.99,87.67,8.67,684.905
0,3.12,44.11,60.81,34.73,53.83,67.56,5.65,50.852
0,2.24,75.73,68.19,28.85,85.18,51.54,08.07,63.390
0,6.51,83.36,84.09,68.54,73.72,48.16,4.52,72.907
0,2.5,97.65,53.87,95.98,48.54,80.84,7.31,69.607
0,5.76,64.3,82.42,87.6,41.79,29.64,7.9,624.045
1,6.31,41.52,60.96,98.11,37.67,62.89,6.71,60.345
1,3.68,76.17,56.4,81.51,40.49,55.45,7.83,58.991
1,1.32,57.38,53.31,57.8,90.77,68.44,7.62,6.946
0,1.34,65.98,97.55,96.0,94.59,26.87,6.38,859.015
0,1.24,69.31,84.04,57.0,97.76,72.62,8.33,79.467
1,7.65,43.87,31.41,51.26,88.43,66.43,5.71,610.775
0,3.86,69.16,97.02,58.61,92.12,26.21,6.13,7.583
0,8.17,65.58,84.28,86.05,87.13,50.47,6.7,80.469
0,4.89,82.75,40.44,93.83,97.06,71.08,4.65,808.995
0,05.08,78.74,35.34,51.83,89.2,91.14,6.58,6.823
0,5.62,51.11,51.57,59.67,62.34,20.99,5.62,5.426
1,7.42,52.37,73.69,92.37,52.63,10.79,5.28,6.256
1,3.46,55.06,73.16,28.53,70.89,24.86,6.88,5.456
1,02.09,50.74,49.31,83.79,72.57,99.03,5.65,71.186
1,6.0,79.43,61.2,59.07,70.24,79.15,8.28,674.495
1,3.94,99.67,44.83,53.24,79.47,65.29,06.05,665.865
0,4.98,79.13,33.54,58.52,78.93,21.97,06.07,5.907
0,6.82,76.4,66.19,56.4,36.1,47.44,8.91,52.357
0,5.45,64.6,54.29,81.75,49.99,74.37,5.71,62.689
0,6.58,58.75,68.0,94.6,92.29,90.63,4.66,844.895
1,5.9,94.66,96.26,61.86,71.3,44.36,8.38,73.574
1,7.66,98.14,40.04,87.46,53.0,99.97,8.58,68.234
1,7.35,69.81,30.14,79.9,89.53,22.58,5.13,665.775
0,5.81,57.41,35.38,49.8,47.43,44.82,8.41,463.495
1,7.11,86.21,62.39,69.05,58.64,88.79,6.47,677.645
0,8.86,47.95,79.49,75.01,49.34,68.49,4.22,63.563
1,4.89,85.94,70.65,26.76,90.99,82.98,6.74,695.585
1,4.71,89.14,64.64,54.7,80.98,91.7,8.24,73.03
0,7.88,47.49,54.78,99.45,62.22,55.66,5.98,679.105
0,6.24,98.61,51.7,72.79,95.26,31.13,6.76,748.525
1,1.64,99.13,56.34,50.07,94.92,72.43,4.7,741.635
1,09.03,96.2,72.81,43.75,79.81,60.71,8.21,69.124
0,1.28,69.76,41.74,40.71,92.44,79.54,4.53,658.095
1,7.74,54.76,84.0,55.12,80.36,56.05,4.47,6.978
1,7.83,74.92,70.27,39.49,73.97,83.0,8.67,65.608
0,9.58,65.2,48.84,35.14,59.45,91.18,8.37,5.499
1,1.49,52.36,65.08,52.3,49.14,77.46,6.87,56.272
0,6.37,65.42,97.39,70.52,34.22,76.93,4.53,6.332
1,4.85,79.83,31.43,35.98,86.06,62.85,6.73,59.67
0,3.98,44.25,43.97,28.33,38.55,52.45,8.6,39.039
1,1.81,60.01,61.39,27.6,58.72,97.53,07.06,55.484
0,06.06,41.07,74.69,45.05,46.42,68.06,4.99,533.605
1,5.31,84.97,44.86,39.26,61.82,85.63,8.53,57.484
0,1.94,78.44,95.2,65.44,52.05,55.49,8.33,6.701
1,6.51,43.76,74.98,59.18,88.08,59.94,6.73,70.989
1,7.64,97.88,91.42,49.36,98.47,69.66,8.26,8.184
1,7.91,41.36,53.05,87.52,95.91,75.57,4.28,777.515
1,9.15,75.4,88.03,62.87,73.57,50.35,6.31,7.164
1,4.69,86.58,56.48,31.86,98.55,42.07,4.89,666.185
1,9.58,87.27,47.69,47.18,58.05,31.55,8.19,535.325
1,8.79,42.06,93.82,98.0,66.57,48.13,8.86,755.825
1,3.67,94.38,36.46,98.27,47.98,29.01,8.65,6.99
1,2.43,95.11,96.0,44.1,92.86,47.51,6.52,76.988
0,4.92,73.68,62.1,37.54,42.58,88.72,6.55,52.948
0,4.62,68.92,99.48,62.18,72.73,97.94,8.54,775.825
1,6.18,42.69,67.77,61.11,85.96,61.94,7.61,693.805
0,6.25,73.72,83.02,55.76,71.68,23.14,4.37,65.318
1,7.75,64.56,30.49,64.7,35.51,48.48,4.64,460.055
1,5.59,86.37,64.77,42.41,72.8,64.19,8.76,640.925
0,1.94,64.23,81.62,33.62,83.7,43.37,5.83,64.784
1,8.72,81.01,84.8,67.78,43.15,28.46,4.94,59.954
1,3.79,46.08,41.06,94.94,81.59,30.41,7.68,681.525
0,9.74,47.98,59.33,35.33,91.5,52.65,8.4,62.786
0,02.06,48.38,59.34,77.86,99.05,29.48,05.03,7.378
1,9.62,42.73,37.25,57.84,58.7,32.46,5.26,49.974
0,1.82,72.48,61.01,47.05,31.76,88.58,8.5,5.118
0,03.08,87.64,86.5,88.98,59.34,80.12,04.07,7.708
1,1.42,76.62,51.01,59.24,76.22,14.98,8.54,60.849
0,7.35,74.5,60.28,68.75,92.4,38.82,4.2,7.291
0,8.65,80.84,97.27,58.23,95.67,57.87,4.48,81.367
1,4.91,60.38,32.22,31.09,93.67,15.45,8.31,54.584
0,9.36,61.72,71.41,69.62,76.06,71.49,5.24,7.162
0,6.31,58.86,82.04,56.41,77.78,44.6,5.12,680.795
1,6.67,82.73,83.26,31.51,30.17,45.75,8.22,47.937
1,8.61,49.7,80.12,69.69,55.46,33.88,6.71,612.155
1,3.67,40.78,80.85,25.74,93.48,40.05,5.75,63.406
0,4.19,75.77,34.13,40.64,78.27,87.55,7.57,607.125
1,9.15,96.54,67.39,83.58,62.75,80.97,08.05,740.865
1,9.11,76.56,84.81,27.84,37.3,94.22,8.31,54.055
0,9.79,86.98,36.58,73.5,47.24,72.91,4.6,5.821
1,9.12,80.37,30.84,96.23,68.84,62.01,6.91,685.575
1,2.15,69.85,87.02,37.84,92.83,33.33,7.39,696.725
1,8.41,83.1,79.86,56.28,36.71,70.02,4.58,5.820
1,4.69,89.45,58.85,68.16,40.76,91.55,07.05,61.176
0,9.92,53.48,95.83,58.78,75.85,16.22,4.16,673.785
1,5.25,60.17,83.66,71.53,50.59,49.88,5.71,63.326
1,5.98,53.42,97.75,55.31,41.88,23.44,4.86,557.215
0,5.77,67.13,95.05,36.14,42.49,82.96,6.81,579.255
1,3.9,93.1,63.69,31.68,64.48,65.27,4.96,59.063
0,1.68,60.71,82.83,80.83,70.86,89.17,7.95,765.625
0,09.06,62.47,76.84,42.9,93.3,15.68,4.61,6.656
0,8.22,91.62,86.8,88.56,67.09,91.52,7.79,812.955
1,2.26,70.92,85.14,80.73,78.39,16.05,4.49,7.334
0,7.99,72.13,40.73,28.71,42.65,35.88,6.21,41.052
0,6.63,91.65,46.36,40.09,79.94,24.05,7.49,588.435
0,4.68,69.43,48.6,46.9,75.41,23.08,4.81,570.895
1,3.29,80.89,87.29,69.59,45.13,25.45,7.76,6.128
1,8.74,45.14,86.75,85.74,76.86,53.22,8.77,7.552
1,7.3,50.72,64.67,29.52,44.8,80.59,5.87,49.125
1,5.93,64.26,70.66,43.72,71.55,90.84,4.0,6.561
1,6.49,69.69,87.88,53.22,76.82,61.02,6.38,70.839
1,1.82,97.94,51.88,38.75,78.53,24.2,8.51,59.763
1,5.27,98.24,33.51,65.9,93.65,17.13,7.33,674.915
0,2.74,91.07,63.78,60.85,96.35,54.47,7.52,7.624
0,2.88,58.94,93.96,48.74,86.71,78.88,7.96,751.075
0,6.95,97.84,85.33,63.77,91.51,65.81,8.54,8.140
0,9.2,81.36,55.66,51.69,31.35,62.45,4.62,4.940
1,4.63,63.58,34.53,50.74,55.39,14.33,6.95,467.685
0,2.87,82.1,74.58,44.9,32.78,47.04,8.45,50.528
0,6.84,40.99,88.41,65.53,45.74,59.53,7.88,601.255
0,8.84,48.77,76.55,58.31,56.72,63.85,5.24,610.015
0,7.73,89.78,59.76,39.72,90.73,10.43,8.37,636.585
1,8.82,78.73,38.63,25.97,65.82,27.96,5.47,47.924
1,5.83,61.85,93.75,36.32,75.42,95.48,06.05,69.96
1,7.77,70.04,49.32,28.21,55.4,55.78,4.93,4.888
0,2.26,94.31,45.7,57.37,72.2,73.33,8.43,655.165
1,4.13,77.89,87.12,41.88,87.09,37.74,4.47,699.385
0,4.51,63.89,98.69,56.53,51.09,62.68,8.97,6.440
1,5.6,47.22,76.21,49.71,95.26,42.08,5.64,699.405
1,9.36,57.62,73.74,65.35,44.93,36.73,7.55,56.245
1,8.87,98.7,52.36,79.29,94.35,47.03,4.64,77.89
1,2.21,66.24,31.43,60.95,31.98,51.38,6.44,44.478
1,2.56,68.31,43.43,29.65,67.99,39.8,4.2,50.705
0,4.22,69.92,70.91,26.31,98.96,33.22,8.39,657.095
1,3.62,93.05,40.59,40.99,72.68,66.14,6.23,59.722
0,6.53,76.24,91.87,56.87,68.84,44.27,7.71,687.365
0,9.12,81.62,43.17,28.37,77.77,28.16,8.47,53.924
0,9.66,63.36,66.55,49.58,50.25,78.25,4.34,574.535
0,6.88,41.75,65.84,91.53,33.77,75.14,6.56,59.559
0,8.54,95.86,72.28,31.75,47.57,89.81,4.95,5.761
1,5.73,96.95,52.92,96.14,42.34,59.95,4.35,6.512
1,2.87,96.95,91.15,89.25,94.65,35.15,7.11,86.88
1,5.72,96.62,61.1,87.38,89.66,87.73,4.57,83.881
1,6.0,88.91,79.01,89.77,52.24,35.23,6.46,6.894
0,7.68,81.08,74.51,31.0,88.52,69.0,4.98,68.642
1,2.98,90.67,38.2,36.34,44.82,27.14,4.99,44.193
1,4.31,76.03,73.58,35.08,43.97,66.63,6.61,531.415
0,4.28,48.06,68.55,33.34,83.73,85.68,6.78,6.472
0,9.63,63.47,92.9,49.58,52.89,58.59,04.02,616.925
1,5.0,98.28,91.66,87.27,34.54,52.38,6.5,673.045
1,7.8,61.07,40.57,43.9,80.4,99.41,7.35,63.277
0,7.76,92.07,35.72,43.32,99.27,12.02,7.39,6.312
1,3.39,45.59,50.62,75.69,69.62,39.86,8.25,61.958
1,6.15,60.05,99.06,32.27,48.46,92.67,8.48,60.112
1,09.05,61.06,31.51,52.02,56.1,67.84,7.11,51.832
1,5.28,43.1,77.1,47.16,75.41,58.79,6.41,637.925
0,9.51,47.15,72.6,88.55,79.1,67.39,05.02,7.579
0,2.93,51.59,75.26,63.59,92.04,38.97,4.63,7.221
0,1.67,90.27,45.28,73.49,93.62,16.41,07.05,708.635
1,09.02,43.8,45.87,34.68,90.29,34.76,8.73,57.301
1,8.63,57.92,60.14,94.67,75.39,40.28,5.39,71.902
1,9.93,40.61,36.71,49.18,61.49,53.19,4.5,50.538
1,7.11,81.74,35.22,78.01,77.55,45.45,6.12,66.408
1,9.43,77.22,36.19,96.6,76.66,56.89,4.0,71.63
0,8.44,78.7,70.11,63.15,45.26,27.65,6.77,562.855
1,8.6,62.46,57.84,63.07,65.53,26.56,4.25,59.173
1,6.12,52.5,50.55,33.79,44.58,41.65,8.65,435.755
0,4.44,83.22,52.11,54.27,92.94,52.63,8.35,701.035
1,9.41,88.67,44.51,88.93,52.63,40.76,4.57,62.498
0,4.89,48.32,58.81,35.13,86.38,61.89,4.73,617.985
0,5.85,69.21,44.21,93.81,56.41,37.9,8.77,62.748
0,05.02,54.92,78.86,75.05,83.46,25.95,08.07,718.325
0,06.08,50.09,38.68,56.57,45.46,87.65,8.71,51.563
0,5.23,84.06,96.38,65.99,83.46,28.05,5.67,7.619
1,1.43,72.29,36.29,36.29,42.57,97.0,4.55,48.159
0,8.94,52.97,96.04,41.31,64.36,98.87,07.08,672.455
0,5.0,58.6,88.33,46.48,37.95,72.71,8.83,556.995
1,6.3,98.0,77.65,53.86,66.95,55.18,4.65,677.455
1,2.25,90.92,93.86,93.66,87.45,81.59,08.09,900.455
0,01.03,92.8,39.75,52.57,82.89,88.59,5.8,68.243
1,3.21,67.6,42.34,64.29,33.55,73.86,4.58,50.429
1,7.34,77.43,47.65,37.15,64.45,19.18,6.3,51.036
0,1.89,62.61,47.14,80.2,89.66,10.27,6.44,6.814
0,9.18,44.66,51.76,67.02,75.51,27.27,04.05,60.728
1,2.94,64.06,70.29,57.99,34.14,26.97,6.37,496.075
0,2.84,75.64,31.97,96.04,52.79,26.43,7.24,590.875
0,2.63,57.23,56.76,91.8,68.96,55.88,7.82,69.749
1,1.13,90.88,47.25,74.46,42.09,56.81,4.49,5.756
0,7.95,49.07,72.46,94.14,77.73,75.07,8.38,776.465
0,8.88,62.03,98.96,67.36,74.44,28.13,4.84,7.170
0,6.53,47.49,66.24,87.02,44.17,18.34,7.29,57.45
0,2.69,64.29,59.8,55.71,68.53,69.95,6.76,6.329
0,3.57,42.38,55.78,31.51,86.82,53.56,8.4,590.145
1,5.28,56.35,84.95,99.56,56.24,69.97,4.19,7.419
1,9.59,64.04,35.04,37.42,47.29,44.27,4.96,437.455
0,3.23,68.69,97.18,43.86,79.09,77.57,4.61,727.085
1,7.58,72.62,59.25,37.23,34.96,71.43,5.64,477.985
0,4.96,56.5,51.96,50.31,88.29,68.53,5.69,6.637
0,3.68,71.38,98.18,46.7,96.04,12.48,4.44,73.311
0,5.1,70.54,95.51,70.08,97.54,87.23,6.57,86.538
0,1.64,58.97,74.94,99.73,60.28,43.89,4.58,713.045
0,8.19,89.81,31.3,28.94,73.62,22.21,4.37,50.464
1,3.19,72.74,82.4,83.38,90.02,78.0,4.17,8.390
1,7.53,59.94,53.49,34.6,45.64,53.78,8.65,46.693
0,1.62,96.84,57.18,26.49,31.94,12.88,5.98,402.095
1,9.6,90.71,41.11,72.89,56.92,80.37,5.42,634.745
0,2.74,98.96,66.64,90.5,91.91,49.15,6.41,829.325
1,8.94,81.53,82.12,38.22,65.36,77.94,4.79,64.802
0,8.29,62.69,49.11,50.62,67.12,78.0,06.03,60.38
1,9.71,56.85,95.71,37.66,78.4,18.99,4.95,63.581
0,5.3,79.8,43.63,92.99,70.22,65.19,5.52,710.495
0,7.55,98.85,34.64,45.28,33.81,42.41,8.62,442.075
1,4.34,77.6,75.11,58.35,69.26,59.18,4.74,675.285
1,2.66,92.9,89.45,92.11,75.36,17.97,6.37,783.805
0,4.99,59.75,96.72,66.47,74.91,62.94,7.3,74.449
1,2.49,64.42,83.7,94.96,80.98,79.98,8.59,83.263
0,9.84,94.38,43.98,94.48,66.39,98.81,8.62,749.715
1,1.87,85.41,98.44,59.62,93.0,38.83,5.24,79.567
1,6.3,98.88,94.36,68.68,62.5,23.96,8.72,7.20
0,6.64,86.49,41.42,42.27,66.27,42.93,5.66,54.988
1,5.84,66.91,69.12,99.29,84.62,11.74,8.47,7.612
1,6.96,71.86,68.89,45.87,88.33,46.79,4.47,6.802
0,02.05,94.03,60.98,83.75,75.39,92.31,4.99,78.154
1,6.0,73.1,98.9,48.47,38.85,27.49,4.39,5.555
0,3.58,55.32,34.17,48.48,53.24,52.99,5.5,48.419
0,9.46,66.14,73.9,32.79,31.41,61.54,8.37,46.739
0,7.86,70.98,44.37,66.99,50.68,26.19,4.8,53.76
0,9.75,45.8,66.91,43.36,69.92,39.71,5.12,57.245
0,1.34,84.63,84.58,36.13,86.37,92.02,05.08,7.384
1,3.57,46.56,47.27,42.0,71.0,36.62,5.37,53.122
0,2.76,64.3,57.54,43.83,32.79,67.18,04.09,47.09
0,1.1,88.28,96.55,62.81,48.14,22.33,6.12,6.292
1,3.18,68.05,83.3,53.94,70.46,70.29,8.88,68.64
1,7.11,90.52,70.09,30.66,79.63,35.12,6.24,621.175
1,03.08,60.51,45.54,65.2,90.65,30.81,08.07,662.675
0,5.58,97.46,59.77,84.08,97.74,21.17,6.86,7.904
0,8.99,52.57,84.18,68.07,92.43,14.21,04.07,7.288
0,7.24,42.3,87.44,98.09,62.71,97.11,6.93,77.9
1,4.55,92.35,47.12,32.44,82.29,47.25,8.73,602.955
0,4.35,85.13,76.34,86.59,46.84,79.99,6.77,698.215
1,5.1,53.92,36.65,62.93,34.47,92.81,6.64,49.8
0,2.59,99.08,31.62,64.12,33.85,28.36,7.35,469.455
1,6.71,70.14,68.41,63.93,46.89,88.29,8.35,61.919
0,4.28,97.06,45.71,49.4,32.63,73.72,6.82,49.990
0,8.67,70.3,35.52,49.34,89.52,62.02,06.03,64.003
0,7.81,68.31,81.09,72.39,64.29,82.82,4.19,71.93
1,6.49,66.95,64.86,28.36,86.76,19.96,4.56,59.119
1,4.28,60.09,85.74,69.16,95.79,33.72,7.24,773.455
0,2.89,72.02,76.48,79.34,99.57,21.79,07.09,7.936
0,7.99,67.15,81.09,51.72,95.6,90.64,5.2,78.387
0,5.38,42.2,51.52,41.3,80.16,18.89,7.59,54.794
1,03.02,55.63,48.43,41.0,60.94,98.2,5.4,56.648
0,2.76,52.79,72.06,31.14,71.86,19.89,5.52,54.616
0,2.49,92.05,44.01,31.73,87.15,69.56,4.31,63.398
0,7.99,75.93,87.08,37.5,92.83,69.44,6.75,738.185
0,03.06,85.82,66.6,26.44,96.95,93.81,5.44,7.182
1,5.74,97.41,45.89,44.97,81.14,39.08,08.09,624.685
1,05.06,78.64,73.76,47.98,67.8,39.88,08.01,6.232
0,6.22,98.96,96.15,99.64,97.79,86.17,4.64,9.687
0,8.89,58.71,35.75,99.38,97.1,98.07,4.8,8.165
1,8.81,51.18,37.65,39.03,63.43,12.71,5.6,45.877
1,05.06,64.2,89.07,40.98,75.41,67.18,6.9,6.759
0,1.14,68.25,37.67,61.89,86.65,31.93,5.71,63.352
1,4.84,93.72,32.76,36.16,60.32,75.52,5.75,5.362
1,6.46,73.6,54.36,62.8,88.06,79.54,4.7,7.270
0,06.02,57.53,62.67,54.95,37.8,78.63,5.68,531.175
1,6.86,84.56,69.86,49.35,63.68,49.2,6.35,619.735
1,2.39,70.35,65.51,86.7,63.78,24.2,8.92,66.555
0,6.82,49.73,93.92,87.11,77.93,62.63,8.19,7.907
0,2.64,74.61,83.81,99.09,38.15,81.01,7.96,70.449
1,7.75,94.68,98.87,41.73,37.22,92.1,6.8,61.911
0,04.05,90.56,63.35,91.62,93.04,50.74,5.8,82.269
1,7.39,75.21,35.9,65.34,51.26,32.11,8.28,52.188
0,1.43,62.62,96.89,69.36,52.88,20.69,5.74,63.557
1,4.67,45.22,30.29,92.22,84.38,81.78,6.96,71.346
0,7.35,68.18,84.33,95.7,59.04,58.18,5.29,74.091
1,03.04,85.12,32.19,79.51,88.3,70.68,7.88,728.005
1,8.16,61.62,83.28,51.09,58.1,24.33,6.57,5.835
1,6.68,54.13,95.66,61.73,83.24,10.59,8.48,7.17
0,6.29,95.88,57.25,71.13,66.77,97.08,6.84,71.898
0,4.18,89.29,46.87,87.15,95.51,82.98,4.82,8.181
1,5.34,78.3,45.84,74.35,52.92,46.0,8.96,58.707
1,6.38,48.21,64.42,52.41,55.39,51.14,6.51,5.530
0,5.25,48.69,41.96,56.34,97.9,93.62,5.25,70.973
0,7.28,46.19,77.1,28.78,81.63,28.69,5.65,586.735
0,4.9,76.98,55.78,94.32,84.08,82.25,4.61,8.8
0,2.82,46.93,52.62,31.61,50.72,11.61,4.37,420.325
0,2.93,90.56,62.29,68.49,67.24,88.81,6.25,7.105
0,01.05,99.58,67.98,90.37,51.95,63.04,8.76,7.63
1,3.71,61.98,39.94,56.56,48.19,52.98,4.61,50.490
0,7.74,67.22,79.54,85.01,67.47,73.58,8.51,7.485
1,8.15,82.7,91.81,85.29,99.14,16.09,7.98,8.426
0,2.82,96.23,49.46,29.49,45.02,27.6,08.03,454.045
0,9.63,93.65,42.63,55.91,46.98,46.63,7.55,529.745
1,5.52,43.46,83.24,76.83,47.02,65.61,6.96,632.195
1,9.25,50.14,42.85,56.68,85.42,23.01,4.61,59.952
0,7.36,85.28,32.89,65.89,65.73,44.15,6.88,58.998
1,7.5,81.33,73.35,69.58,56.93,33.48,5.76,634.715
1,1.77,47.99,46.78,36.34,89.07,68.1,4.53,612.245
1,2.98,70.12,42.03,55.9,50.82,92.74,08.02,56.454
1,01.08,86.85,98.71,27.13,57.46,24.94,6.73,578.145
0,7.45,53.13,50.43,36.22,35.15,27.03,7.72,394.595
1,4.1,92.28,93.24,63.42,38.32,64.05,6.4,63.548
0,08.08,43.18,42.48,68.02,39.57,50.82,6.76,48.750
0,04.05,86.93,87.33,35.97,54.29,74.63,7.56,61.616
0,8.37,76.95,65.14,81.67,66.69,35.91,5.23,6.807
0,2.18,58.91,35.5,52.97,30.05,59.03,8.24,42.653
1,2.56,83.26,81.35,94.05,43.3,44.81,6.1,677.445
1,04.07,86.94,92.45,54.07,42.3,35.31,7.54,590.375
0,4.68,96.03,41.41,36.24,47.73,75.64,5.63,512.145
0,4.14,62.07,80.79,81.85,41.63,81.63,7.51,65.561
0,7.87,81.16,61.15,67.59,43.66,39.61,4.22,56.485
0,1.87,76.16,82.77,54.0,98.87,66.07,8.65,788.815
1,4.16,71.51,79.97,51.7,71.63,26.07,7.93,63.747
0,8.54,93.42,31.86,36.31,83.39,81.19,7.32,62.96
1,1.6,40.19,42.51,50.56,87.35,35.31,5.62,592.645
0,9.48,56.93,62.97,27.2,76.74,25.39,8.21,54.485
0,9.88,72.3,95.35,62.68,79.29,94.6,7.84,791.815
0,1.8,50.7,53.95,92.25,74.26,48.02,6.27,6.971
0,3.62,94.47,74.02,84.65,75.46,67.91,4.99,786.155
1,4.35,78.86,30.85,27.14,94.99,82.83,4.88,623.705
1,7.99,68.67,79.78,91.09,43.0,71.75,6.44,6.782
1,6.36,88.88,72.21,58.92,49.23,60.82,7.92,613.725
0,6.8,67.05,80.08,39.32,36.53,43.45,7.57,496.815
0,7.82,73.52,93.33,81.43,88.61,92.67,6.47,8.665
1,02.06,40.17,40.25,49.22,61.41,22.02,05.02,480.675
1,8.5,61.94,48.31,44.0,93.5,89.55,5.2,68.536
0,7.35,48.33,99.7,37.1,58.82,73.89,4.29,6.202
0,6.2,81.38,40.94,61.5,60.98,61.43,4.88,59.187
1,09.01,68.74,80.44,32.0,61.38,39.23,04.06,56.368
0,7.3,58.11,80.76,83.92,72.87,23.14,7.37,7.76
0,2.82,68.07,77.81,60.3,83.63,49.88,6.94,717.025
1,4.87,52.58,45.92,58.52,54.59,80.54,8.94,5.623
0,5.45,95.51,45.06,25.14,74.11,77.08,7.81,584.945
1,1.5,43.24,76.64,86.34,44.28,68.09,5.23,63.544
0,9.59,91.93,43.04,61.96,68.78,99.32,7.54,67.296
1,2.16,70.68,76.31,57.99,68.26,97.54,04.06,7.47
0,7.28,77.14,64.48,82.1,92.21,46.0,8.93,780.085
1,5.56,58.16,57.06,29.72,92.71,27.33,07.07,59.839
1,1.23,98.0,51.02,52.5,64.1,51.75,4.6,6.73
1,9.32,56.91,96.33,68.18,31.72,86.01,6.49,61.705
1,8.67,75.33,65.57,59.54,89.12,51.27,8.7,71.851
0,5.72,99.61,69.29,38.62,30.04,40.24,8.25,48.012
0,03.06,92.87,96.45,47.45,63.48,76.71,5.49,703.285
1,02.09,72.18,75.77,47.52,31.39,68.51,5.98,520.895
0,4.27,99.42,97.05,99.4,54.68,97.18,8.27,8.305
0,3.3,82.08,37.45,49.46,74.57,59.43,8.5,6.10
0,5.56,52.52,89.26,40.39,55.98,97.07,8.57,625.015
0,9.7,64.34,53.48,86.7,94.88,36.18,8.74,75.631
0,6.17,60.07,86.73,56.59,74.85,87.83,6.5,7.248
1,09.01,60.64,89.89,58.29,75.25,41.58,8.31,69.11
1,6.86,85.63,49.0,66.17,56.21,82.87,5.73,6.286
1,5.28,75.06,58.62,69.68,32.7,93.34,8.19,57.429
1,8.69,42.29,80.82,69.29,81.67,66.09,5.74,7.290
0,5.24,92.65,36.93,27.59,80.14,75.57,07.04,591.545
0,8.82,57.81,82.89,86.41,67.11,96.28,6.34,77.078
1,3.62,99.82,37.73,39.61,59.14,43.76,8.46,5.250
0,2.16,97.25,94.01,46.93,67.68,56.04,4.33,695.515
0,8.7,96.43,49.34,38.01,82.28,90.85,8.74,668.965
1,6.29,88.67,70.29,82.53,79.89,70.55,6.31,78.574
0,9.0,53.24,38.2,68.77,76.07,88.62,6.41,65.643
1,9.44,71.96,48.86,81.65,93.26,65.64,8.14,765.855
1,1.48,53.46,58.28,74.0,72.69,76.58,7.33,686.015
0,5.51,55.58,64.09,32.81,31.02,11.18,8.77,385.535
0,4.37,76.66,30.0,47.61,73.26,40.57,6.73,5.526
1,6.63,42.45,92.21,63.04,72.88,79.34,6.79,71.889
1,8.14,98.17,30.54,47.87,34.87,46.36,8.86,44.733
0,3.53,95.12,84.16,40.55,59.94,42.66,8.63,61.726
1,06.01,62.85,62.94,90.24,75.58,95.64,05.04,7.744
1,7.38,70.93,66.67,81.08,79.32,59.73,5.53,74.432
1,2.21,67.97,44.58,50.89,92.51,27.32,7.13,6.354
0,8.33,92.93,72.52,82.38,88.9,52.5,8.7,80.757
1,6.45,81.32,67.61,72.07,38.16,56.68,6.82,58.695
0,9.55,56.69,41.5,25.28,72.61,98.99,7.66,556.015
1,04.06,66.81,46.67,53.52,71.75,74.64,4.47,6.197
0,1.97,65.74,34.68,46.79,51.26,56.75,6.61,48.823
1,5.56,97.56,34.64,41.34,42.89,48.88,4.74,469.185
0,1.77,50.52,30.96,43.87,43.97,92.39,5.3,46.839
0,9.73,45.37,45.43,95.68,42.43,68.13,4.83,592.065
0,1.35,92.84,77.58,61.47,86.44,42.05,4.83,7.462
1,7.78,93.8,52.14,88.58,40.39,51.82,8.96,612.715
1,5.73,92.3,53.99,41.07,48.51,35.03,5.49,50.777
1,4.32,70.66,39.23,38.08,45.25,96.44,6.83,499.135
0,1.59,79.58,70.28,91.66,79.9,73.18,4.1,80.212
1,6.6,73.8,53.95,62.18,41.09,45.31,08.03,52.627
0,6.27,44.17,77.34,92.14,31.68,26.49,7.4,56.657
1,3.53,75.75,81.9,29.73,56.2,25.93,5.14,5.365
0,9.19,40.82,70.93,93.73,51.36,53.0,4.18,649.765
0,3.74,59.5,49.32,56.16,57.84,52.08,5.37,55.306
0,05.05,95.94,65.6,36.65,82.77,47.6,7.14,65.606
1,5.89,58.24,47.64,76.25,30.87,86.66,04.08,5.388
1,1.9,96.39,93.2,84.77,32.64,98.13,4.38,707.085
1,9.39,55.01,83.65,28.55,47.9,41.93,06.05,5.32
0,4.37,58.87,64.51,99.04,92.24,36.51,4.88,79.484
0,1.73,77.7,97.58,77.28,41.84,79.31,7.16,69.181
1,4.49,85.7,68.27,49.11,99.79,50.48,4.87,74.476
1,6.4,70.08,53.0,36.35,86.4,29.58,8.97,59.893
1,5.62,92.93,36.68,54.44,61.93,26.28,6.18,545.425
0,7.25,42.41,68.06,41.54,82.35,35.25,4.74,6.58
0,1.5,95.33,90.23,62.06,66.32,10.12,4.37,67.318
0,3.56,51.78,90.67,83.64,69.62,94.73,6.1,78.062
0,8.37,93.05,72.32,74.51,70.65,48.72,08.05,71.996
0,1.72,64.05,57.54,57.7,75.41,17.46,6.19,604.775
1,8.7,89.97,75.52,33.92,34.25,24.85,4.71,470.535
0,1.83,80.3,83.35,96.79,73.15,39.1,6.44,78.41
0,8.51,50.56,58.81,45.28,80.19,59.65,5.69,621.695
0,4.25,95.08,63.34,45.84,51.75,73.33,6.51,590.815
0,6.51,54.73,77.64,73.41,98.5,37.71,5.96,7.759
0,2.38,54.65,91.37,82.79,40.11,96.19,7.24,6.809
1,1.6,88.85,85.37,98.81,93.73,78.43,08.02,91.31
0,2.94,46.35,31.57,97.69,77.35,84.32,8.43,70.876
0,2.15,53.32,38.71,93.53,76.5,39.13,7.71,671.445
0,3.81,70.22,89.69,57.65,91.32,44.29,5.78,7.576
1,5.63,89.83,88.37,37.5,88.22,58.43,6.24,7.275
1,6.3,48.85,57.22,68.84,54.18,50.65,7.21,57.567
1,8.11,72.86,70.9,26.29,79.38,33.39,5.1,591.605
0,6.91,82.67,93.41,39.72,33.54,99.75,7.51,58.593
1,6.48,91.64,93.81,25.19,62.48,86.35,7.25,6.472
0,4.71,96.13,84.82,38.54,95.64,31.42,7.28,72.828
0,5.26,87.08,44.67,60.61,49.19,90.32,5.67,5.904
1,4.73,79.17,81.12,54.5,33.5,62.82,07.01,55.772
0,8.58,66.02,37.08,52.7,70.81,11.13,4.99,530.895
0,03.07,46.73,92.58,87.32,54.86,41.15,4.95,68.335
0,01.05,82.58,40.44,75.62,56.58,12.32,7.84,56.286
1,6.86,99.56,76.36,95.23,70.77,17.9,5.9,7.559
0,2.82,84.21,72.72,58.4,73.51,26.11,6.72,659.045
0,09.01,41.0,84.38,45.42,60.61,53.6,5.46,58.904
1,8.73,69.78,68.61,34.2,65.53,44.32,5.18,566.175
0,1.69,76.88,34.17,75.4,99.53,23.41,7.9,7.54
0,1.96,81.38,79.41,88.13,97.0,45.51,7.97,845.535
1,5.46,83.18,56.82,38.78,79.51,37.39,8.18,60.944
0,6.48,73.49,52.42,90.91,41.3,46.91,8.27,59.706
0,3.47,53.4,99.42,64.47,55.2,25.51,06.06,63.212
0,7.45,96.53,71.33,35.81,91.82,64.87,08.04,7.149
0,6.35,81.8,79.75,73.21,59.65,14.01,5.73,64.711
0,3.92,54.21,66.84,64.0,96.88,44.91,4.26,73.188
1,1.23,59.34,83.9,27.11,64.18,90.54,7.45,610.085
1,7.75,95.32,82.65,54.94,90.32,47.77,4.99,7.618
1,2.93,93.25,76.0,83.86,32.48,49.7,6.26,61.828
1,8.51,64.31,99.84,66.66,60.39,16.12,4.82,658.125
0,4.78,42.3,62.19,46.15,79.02,64.48,5.96,6.231
0,6.19,42.91,79.43,94.65,90.45,94.28,8.42,84.925
0,8.86,57.04,85.84,42.83,72.67,36.24,07.07,62.638
0,8.77,77.75,56.32,43.96,42.13,45.39,4.74,493.135
0,4.34,75.05,62.0,51.6,92.01,62.93,7.63,713.015
1,2.88,78.03,97.84,92.09,70.24,18.39,8.24,7.681
1,7.98,83.04,32.26,63.07,37.56,95.53,4.83,532.225
0,4.9,41.14,53.47,76.16,62.47,52.08,7.72,609.205
0,2.73,46.31,64.03,98.22,78.93,20.36,6.75,7.165
0,9.14,61.57,30.1,83.75,61.57,40.17,07.02,58.681
1,2.78,49.29,92.94,37.95,90.96,43.64,8.7,692.045
0,1.23,44.52,50.04,84.13,59.66,41.08,4.18,6.48
0,1.18,78.46,48.04,81.13,70.84,72.39,7.19,6.976
0,6.6,88.92,87.42,42.45,44.78,41.1,4.41,567.715
1,6.96,85.16,49.46,49.4,65.89,39.15,7.95,577.345
0,3.8,89.02,76.03,78.26,45.6,38.99,8.48,63.532
1,3.88,79.95,87.51,42.88,45.76,80.01,4.43,6.23
1,04.06,84.12,85.47,40.61,49.59,37.75,4.13,56.79
1,7.12,56.31,84.74,77.76,33.09,11.26,8.78,547.265
1,1.52,99.58,36.2,91.04,41.43,42.9,8.63,587.485
1,9.36,50.99,35.59,30.63,59.71,35.04,8.62,44.277
1,3.0,52.87,51.47,58.44,39.17,91.81,8.7,530.815
0,10.0,57.34,32.52,70.54,39.34,53.01,6.5,48.943
0,2.54,98.52,65.03,75.72,97.76,31.11,8.88,7.911
0,7.94,99.3,57.63,99.71,59.9,98.34,8.46,771.825
1,03.01,87.69,68.99,76.2,58.26,32.21,4.49,65.229
0,1.73,77.74,50.92,71.51,48.74,78.67,08.06,6.76
1,8.87,71.2,64.0,99.23,65.87,68.46,7.56,7.462
1,8.73,98.24,53.43,29.55,71.72,51.6,4.67,58.159
1,4.63,81.74,43.66,30.58,59.27,46.53,7.69,49.948
0,7.32,96.68,75.46,67.05,57.57,88.51,6.42,70.523
1,06.01,58.99,77.14,51.9,79.03,52.76,8.27,672.385
1,8.68,60.03,88.05,32.25,96.48,43.78,08.09,698.215
0,3.84,91.28,91.23,47.98,91.45,41.88,8.71,755.645
0,5.71,48.99,79.31,75.58,38.3,34.83,4.38,56.544
1,5.37,96.76,78.12,91.05,75.66,46.81,7.55,7.922
1,4.19,70.45,33.97,32.07,30.49,20.79,5.89,34.607
0,09.02,95.58,37.68,65.51,74.32,15.86,7.88,610.695
0,2.49,60.21,86.88,47.21,62.5,58.73,07.01,629.475
0,2.35,82.96,46.31,75.05,64.38,50.88,6.48,639.415
1,6.19,68.97,54.89,66.21,71.16,25.61,04.02,61.894
0,6.92,77.61,40.17,94.5,81.99,19.61,07.04,7.7
0,2.75,70.26,43.66,27.83,81.06,22.89,6.1,533.755
0,4.52,98.03,84.28,60.25,33.11,38.37,5.66,57.147
1,9.52,81.53,48.33,39.46,81.55,50.63,8.94,612.895
0,3.22,55.08,61.43,65.26,88.09,27.4,7.5,6.768
0,07.02,94.58,40.62,89.02,34.77,78.01,6.7,598.075
0,7.66,57.64,77.46,93.35,52.61,27.4,8.34,65.747
0,05.03,62.3,80.98,54.87,85.44,21.17,5.14,6.816
0,9.44,46.13,55.32,85.88,64.52,99.51,7.1,69.68
1,7.63,94.0,84.93,46.04,78.64,50.29,8.3,70.449
1,5.12,57.17,46.79,25.47,65.16,25.3,4.62,46.778
1,6.12,55.54,78.43,89.14,98.48,90.51,5.18,87.044
0,7.23,95.22,81.1,33.96,95.53,30.8,4.41,707.475
1,6.33,88.33,97.81,26.32,49.68,93.3,8.96,61.693
1,8.91,48.46,46.26,51.53,57.01,20.71,6.9,49.4
1,4.21,86.16,36.56,53.45,60.19,85.76,6.45,58.933
0,3.7,94.78,48.41,30.79,37.29,26.58,5.69,42.567
0,2.92,44.71,38.6,86.06,58.29,94.45,6.25,63.552
1,1.34,89.51,41.88,55.42,84.24,61.68,7.88,66.834
1,1.39,72.85,53.39,61.74,89.28,27.09,8.58,67.355
0,8.83,80.15,58.98,44.85,92.03,86.03,4.52,7.183
0,7.11,69.57,93.26,63.36,31.02,45.15,5.5,56.821
1,6.94,81.87,43.69,82.5,85.22,75.95,4.95,74.972
0,6.53,42.05,98.02,92.96,65.18,67.91,6.18,7.665
1,8.64,85.76,86.71,97.79,44.43,74.29,6.65,73.345
0,5.32,42.0,91.7,57.0,64.91,40.93,7.61,636.015
1,8.83,67.32,95.06,99.25,89.1,94.49,8.38,911.905
1,4.24,49.06,82.73,47.12,60.4,60.38,6.71,6.40
0,9.34,89.41,85.21,25.52,99.33,16.98,6.44,688.265
1,7.29,58.82,60.65,82.57,73.17,16.01,6.88,6.586
1,3.31,67.25,65.73,38.38,64.28,76.44,8.44,59.608
1,06.08,65.73,95.27,28.93,50.64,86.5,7.24,5.923
0,5.8,86.35,56.48,94.3,30.77,72.58,7.94,615.335
0,2.24,68.87,32.94,84.39,72.74,34.97,7.6,63.528
0,6.32,87.34,83.39,32.7,70.42,30.33,8.62,61.267
1,3.83,44.41,70.12,83.27,66.18,60.89,08.08,685.345
0,1.47,51.5,87.04,88.3,67.64,27.71,5.71,71.078
1,9.54,73.09,35.29,92.9,89.05,44.12,8.27,731.715
1,6.77,96.83,73.49,65.78,52.18,66.58,6.34,65.747
0,8.89,44.49,47.34,77.76,68.52,35.64,8.24,60.903
0,07.08,42.59,93.23,82.17,77.6,43.79,8.53,749.865
1,4.21,49.39,37.69,76.65,44.69,42.45,7.43,51.525
1,5.61,78.47,89.01,73.51,94.74,51.45,7.59,823.305
0,07.08,63.94,36.2,66.07,81.6,70.69,4.71,657.805
0,9.64,89.53,31.76,60.94,33.73,80.41,5.62,503.865
0,3.28,44.32,46.45,99.71,90.56,69.86,6.79,773.315
1,8.87,51.78,53.31,50.32,95.09,12.36,04.02,629.375
1,9.32,58.0,73.86,31.62,85.56,90.72,8.24,67.495
1,07.03,77.6,39.22,82.38,59.84,62.31,5.85,63.373
1,9.38,81.11,60.61,41.04,99.61,92.82,7.62,746.385
1,4.58,47.45,44.3,64.95,38.71,96.75,7.85,53.65
0,9.58,96.63,89.87,32.19,67.56,52.11,6.74,645.415
0,7.33,60.46,33.15,71.45,41.93,92.47,7.95,54.461
1,1.38,82.79,54.92,95.8,60.75,42.88,7.41,687.635
1,9.16,71.45,74.2,79.2,94.92,33.43,5.8,78.35
0,5.36,53.37,93.92,41.09,85.6,16.63,08.08,660.165
0,5.14,90.77,90.76,97.84,84.75,50.66,7.18,864.175
0,6.1,89.09,92.66,48.03,54.77,71.98,4.8,65.816
0,2.34,63.76,34.4,57.75,95.4,97.92,7.86,708.755
1,5.22,75.32,88.86,62.36,55.78,56.92,7.38,6.610
0,8.48,55.47,84.59,99.3,32.8,76.1,5.42,66.38
1,1.14,81.39,93.17,30.17,74.65,90.65,8.21,69.508
0,3.46,58.54,51.81,77.25,55.39,58.89,5.87,60.804
0,01.02,90.64,93.82,52.14,40.76,25.01,6.76,57.629
0,4.74,53.04,58.18,30.87,95.43,86.34,5.72,6.669
1,7.55,40.89,74.39,95.13,74.61,61.68,7.62,75.031
1,8.19,56.11,59.69,69.24,95.84,78.27,6.91,76.23
0,9.51,51.46,59.94,81.51,70.81,69.26,6.35,69.221
1,6.48,70.5,68.26,43.03,34.47,15.49,4.1,4.507
1,3.29,52.22,54.91,82.12,32.1,25.22,07.04,50.491
0,9.32,85.79,85.49,87.14,93.04,35.76,7.11,83.602
0,7.98,54.48,74.35,57.31,32.71,35.62,4.91,49.656
1,6.17,82.42,78.28,67.9,73.06,85.53,5.66,74.997
1,7.26,74.71,46.17,97.89,50.86,63.84,8.39,653.625
1,9.32,99.17,97.87,88.5,78.14,17.5,6.75,80.715
0,7.41,99.99,76.21,58.36,49.93,44.85,6.18,61.791
0,4.32,92.17,43.8,74.84,32.61,60.07,8.68,54.107
1,7.42,85.6,82.53,83.82,81.16,32.64,08.06,7.769
0,1.36,63.19,42.16,26.82,51.76,13.59,4.49,40.931
0,4.48,85.2,34.44,69.13,68.56,44.22,8.29,611.085
1,4.66,97.4,66.93,98.84,84.17,51.51,4.75,8.244
1,2.5,41.4,68.75,96.04,79.2,91.43,4.87,78.763
0,1.21,72.27,43.23,87.43,54.4,91.75,4.38,6.594
0,2.2,53.08,54.39,32.97,82.35,55.04,6.41,58.754
1,6.89,73.47,96.2,99.55,94.8,52.43,7.22,898.975
0,8.22,67.99,49.95,70.72,72.7,67.65,7.77,66.679
0,9.89,74.55,40.89,41.72,79.25,33.23,4.13,571.235
1,4.12,73.06,99.48,75.57,90.61,35.71,4.89,8.137
1,6.39,97.61,51.16,89.24,89.05,10.23,7.11,744.935
0,9.43,73.13,77.62,33.42,54.61,17.04,6.63,520.095
0,2.5,90.77,46.21,93.73,99.42,26.07,4.26,7.915
0,7.46,59.19,68.51,94.02,32.0,67.65,8.68,61.90
1,7.79,66.29,57.04,26.01,99.07,29.14,7.79,62.128
0,1.8,68.22,97.31,92.52,47.22,21.17,5.79,6.805
0,8.75,56.72,60.3,96.01,60.83,65.47,6.68,6.957
1,8.32,62.79,70.89,27.83,91.86,68.66,5.87,664.315
1,1.3,75.91,96.13,47.06,47.1,15.37,6.28,56.604
0,1.82,74.81,99.25,52.98,45.73,79.56,6.98,645.375
1,1.44,78.19,37.12,51.17,75.02,64.55,5.99,607.475
1,04.01,61.11,88.4,81.93,79.38,45.74,7.1,7.663
0,5.58,58.95,56.75,51.86,30.52,98.49,6.33,5.74
1,5.79,76.7,71.64,96.74,61.53,10.92,7.29,6.881
1,3.41,47.97,56.25,99.62,64.24,59.04,5.31,6.933
0,9.2,55.18,58.08,48.76,49.03,24.37,4.86,48.921
1,4.31,42.53,41.12,63.16,68.23,39.64,04.07,561.115
0,1.41,44.36,70.09,66.83,40.82,21.99,07.01,516.475
0,3.7,54.6,68.27,68.46,52.65,70.14,8.9,61.670
1,5.78,41.17,43.25,53.07,79.93,46.14,6.1,58.623
1,4.67,54.72,67.92,37.45,91.17,98.77,05.06,7.20
1,3.46,79.3,98.12,29.09,71.26,68.85,04.07,666.525
0,2.18,43.67,80.01,32.98,35.24,92.56,6.56,50.204
1,8.37,66.2,63.67,92.6,77.51,31.67,8.96,7.279
0,9.97,94.79,94.13,46.03,92.83,38.69,8.92,76.172
1,3.97,87.48,70.27,30.76,65.3,42.64,4.51,57.611
1,4.43,58.33,39.45,71.76,64.56,85.47,08.08,62.806
1,6.56,95.49,68.33,30.65,99.4,29.05,4.87,6.857
0,7.47,59.78,42.67,30.25,74.54,95.2,08.05,5.768
1,4.53,44.35,83.73,71.62,86.42,13.92,8.27,70.725
1,9.14,99.64,97.7,69.35,75.25,90.09,04.04,8.218
0,06.04,92.2,55.26,28.11,45.46,50.63,5.19,482.735
0,05.05,67.96,60.44,59.54,49.89,57.33,4.28,569.635
1,6.82,79.98,59.5,57.68,76.6,99.77,6.49,71.105
1,9.58,80.27,49.97,66.0,61.92,88.3,4.13,65.023
1,8.15,51.67,85.59,80.34,58.3,91.36,7.13,71.911
0,1.36,52.0,73.24,46.21,31.57,62.7,6.79,48.720
0,3.99,68.17,34.48,57.46,91.91,96.07,5.9,698.535
0,5.23,94.69,88.72,84.46,91.91,71.9,6.31,8.768
0,3.83,40.6,43.1,94.19,62.27,83.74,8.95,66.396
1,7.3,86.95,98.54,91.85,79.05,74.88,4.84,8.652
0,8.44,43.45,56.37,60.82,42.45,80.28,7.66,537.095
0,7.58,68.69,73.15,64.06,65.27,67.42,7.23,671.005
0,9.9,78.27,35.45,64.68,60.72,75.38,7.32,59.876
1,3.45,81.21,54.13,90.15,75.96,49.23,5.73,729.935
1,8.87,43.51,86.16,88.0,62.88,73.62,05.08,7.295
0,7.9,65.12,63.4,48.36,64.89,34.91,7.25,574.845
0,4.26,75.03,93.32,37.21,50.7,67.14,8.56,599.285
1,7.61,43.96,70.26,53.42,33.39,57.14,8.88,49.203
1,1.94,48.11,95.0,46.63,94.19,90.87,6.4,7.752
1,8.1,79.82,98.78,96.31,30.86,70.59,6.13,696.755
1,5.79,71.3,61.77,44.94,49.69,63.7,5.74,544.805
1,3.63,49.71,69.56,38.59,61.33,38.18,08.05,5.381
1,6.9,72.11,88.44,92.46,52.34,87.65,5.28,75.098
1,6.77,94.76,45.51,31.49,68.63,14.87,6.57,51.958
1,2.89,40.94,90.31,44.52,62.31,90.98,5.73,641.925
0,1.27,78.56,71.43,57.93,47.88,68.77,8.38,602.595
0,4.9,44.42,80.79,69.63,36.16,27.05,5.41,533.685
0,6.13,40.39,35.59,49.58,39.63,91.27,7.43,465.495
0,8.89,49.04,83.63,62.22,64.04,39.37,6.94,63.536
0,9.35,65.37,51.76,39.91,89.22,25.14,5.64,606.075
0,5.76,88.14,86.37,68.07,37.04,38.72,5.27,599.415
1,7.78,56.91,65.64,55.59,77.4,96.5,08.02,6.945
1,4.95,77.54,49.22,88.69,85.45,77.75,6.55,77.453
0,7.71,64.67,96.69,56.18,49.37,92.51,07.06,663.805
0,2.84,54.06,83.55,58.29,76.78,36.9,8.81,672.515
1,4.34,70.85,99.0,69.41,78.07,17.42,5.99,73.304
1,6.71,87.85,55.51,34.24,79.55,60.65,08.07,6.235
1,1.16,89.95,75.45,36.76,92.36,53.47,7.19,7.94
0,7.5,90.79,72.81,84.27,57.9,74.85,6.97,7.245
1,8.52,60.31,78.13,45.51,47.06,58.84,4.27,553.895
0,4.59,87.61,32.68,76.35,68.07,45.68,8.56,62.776
0,05.03,52.73,50.42,32.31,34.38,10.42,5.14,365.095
1,8.66,84.31,93.65,86.64,53.37,52.1,6.37,727.105
1,7.98,96.9,59.67,99.12,91.83,20.86,7.76,806.305
0,3.59,40.82,97.25,53.03,67.24,92.98,6.61,696.215
1,3.92,66.42,44.95,62.91,60.57,92.95,04.02,61.854
1,7.11,78.87,99.82,58.2,48.6,82.33,8.75,6.764
0,06.07,82.11,78.83,92.06,47.53,24.21,4.1,660.485
1,2.46,50.57,84.35,25.75,46.56,23.27,4.45,469.875
0,3.79,98.33,57.78,74.01,88.05,60.7,5.12,76.779
0,9.1,76.92,93.49,73.93,98.95,75.47,6.99,8.705
1,7.19,49.86,68.18,53.68,67.44,91.41,8.86,64.787
0,9.87,41.23,77.67,41.45,35.59,90.46,8.61,51.522
0,7.9,87.0,36.64,42.98,82.57,23.98,7.26,580.705
1,9.48,44.78,74.22,85.03,91.39,99.59,7.71,8.252
1,2.95,48.46,91.54,29.96,95.19,24.11,7.56,663.715
1,7.94,74.49,42.48,67.29,74.01,85.61,7.43,67.232
0,1.18,76.21,81.64,48.01,65.48,62.83,08.06,651.525
0,07.04,81.21,31.78,44.89,73.44,71.05,5.7,58.508
1,5.22,63.61,94.83,62.93,30.91,64.36,5.11,5.831
0,4.12,86.43,98.8,92.34,75.88,88.27,5.74,8.687
1,8.76,98.46,54.79,71.36,79.68,67.34,4.24,73.266
1,8.69,56.27,37.5,84.15,80.54,86.38,8.84,709.915
0,1.2,82.18,76.1,70.05,69.42,23.89,7.7,676.365
1,6.49,95.71,32.09,77.33,79.0,88.0,05.07,717.715
0,4.31,81.18,63.77,57.43,74.72,99.37,5.28,7.131
0,4.74,80.87,49.02,94.45,38.09,69.54,8.96,61.789
1,8.49,53.43,63.13,62.65,92.89,97.87,7.84,75.93
0,3.79,72.11,31.28,66.38,73.59,29.79,6.13,587.975
1,9.49,73.75,33.61,64.37,80.95,84.64,05.03,66.986
0,2.62,82.01,31.12,48.71,54.0,25.21,4.2,480.235
0,6.96,99.81,73.34,42.34,94.35,56.43,7.35,7.389
0,07.05,42.02,69.21,30.54,65.18,69.76,7.9,55.467
1,3.27,43.91,46.32,78.86,77.53,69.42,4.54,674.475
0,3.92,44.68,75.27,46.7,96.65,70.38,04.01,720.625
1,8.51,84.58,91.89,54.19,94.13,38.88,5.79,77.217
0,7.86,48.18,49.41,93.99,75.14,97.63,7.34,742.595
0,3.96,77.35,88.24,67.48,41.6,10.59,8.62,57.872
1,5.81,59.48,76.38,32.28,96.54,65.89,8.4,69.672
1,1.56,67.44,32.37,84.97,98.89,87.95,7.44,77.867
1,2.88,52.94,56.26,44.21,37.24,90.2,08.07,496.525
1,5.37,91.97,65.54,66.45,61.52,74.82,5.78,679.315
1,1.77,75.17,81.22,63.25,68.38,61.73,5.23,6.967
0,8.59,96.67,50.1,42.86,36.45,51.16,4.62,482.755
0,7.46,74.48,98.79,33.68,43.28,50.46,4.91,5.582
1,9.49,47.43,77.92,40.84,67.64,48.26,8.81,59.37
0,7.24,50.25,56.1,32.3,97.42,72.99,8.65,6.571
0,9.46,99.34,36.79,45.67,31.95,75.81,4.23,47.473
0,5.99,83.53,42.7,99.8,93.87,56.33,6.35,803.305
1,6.4,42.96,64.13,55.16,92.9,76.67,5.87,7.109
0,9.79,82.23,64.63,89.79,90.0,57.56,7.26,8.85
0,6.78,64.73,83.74,66.19,56.43,18.76,5.64,61.395
0,1.28,58.43,80.83,74.99,64.36,86.65,5.4,719.475
1,7.51,49.24,44.09,36.73,58.25,88.34,08.05,5.214
0,9.15,90.39,71.65,45.61,96.33,33.98,8.74,71.885
0,8.16,43.83,31.44,63.28,66.49,80.78,05.01,578.405
1,6.25,57.39,57.9,91.09,35.64,56.01,5.18,581.665
1,07.04,58.38,83.49,28.22,49.18,21.16,6.1,48.919
0,9.91,49.65,57.97,63.02,62.34,45.82,7.53,58.715
0,1.82,70.49,88.49,28.83,96.75,16.89,4.84,67.506
1,07.01,40.7,98.33,59.26,69.83,80.78,6.34,710.695
1,3.55,58.06,72.5,72.17,78.73,27.66,8.2,68.67
1,6.76,96.02,40.15,80.85,36.2,24.8,5.17,529.945
1,6.47,58.63,56.58,35.39,91.41,28.77,4.24,60.897
1,2.38,61.63,30.66,37.49,67.73,30.35,8.53,48.408
1,2.86,68.39,72.19,60.25,94.49,70.66,7.94,7.647
1,6.59,73.7,87.51,99.85,61.18,67.47,7.49,779.945
0,2.15,88.52,74.1,51.7,77.82,21.64,4.44,65.998
1,3.39,51.42,85.03,57.06,62.96,75.2,8.5,6.596
1,8.52,92.3,85.99,57.43,39.98,41.42,5.53,58.920
0,3.94,85.45,89.57,31.05,49.04,51.17,05.06,565.025
1,5.39,83.36,48.67,83.06,34.71,21.24,6.44,531.075
1,9.47,45.21,90.99,43.98,60.82,73.78,8.61,62.379
0,03.04,41.3,75.79,77.78,75.45,43.86,8.97,695.265
1,4.51,75.64,50.28,60.63,47.06,66.89,07.07,559.375
0,6.46,91.79,99.11,70.88,64.33,48.45,8.78,740.815
0,7.8,75.07,96.51,29.05,62.13,14.4,6.27,57.257
0,9.11,52.79,70.21,91.75,67.34,73.31,4.15,731.585
0,9.24,45.43,89.02,43.29,42.92,59.73,5.38,541.645
1,7.99,81.98,48.3,75.26,67.38,49.08,5.51,65.164
0,03.05,83.31,59.12,84.85,55.49,28.14,7.91,63.603
0,1.22,50.35,42.88,65.5,50.02,66.19,4.62,54.111
1,4.45,41.69,66.41,50.3,71.02,34.77,4.87,58.36
0,2.27,64.5,64.72,98.34,40.36,48.63,07.07,62.968
0,7.39,74.96,44.9,45.88,93.05,15.08,4.65,620.215
0,6.95,82.36,77.1,96.15,95.44,79.91,6.48,8.908
0,1.4,88.6,38.25,36.72,76.24,18.1,4.18,54.184
1,8.53,76.63,34.32,54.19,51.22,90.18,7.34,55.19
0,3.24,46.65,56.94,35.39,73.82,88.08,8.54,595.455
1,4.89,80.95,58.69,25.17,72.11,97.4,8.37,61.104
1,07.01,99.05,52.38,44.52,57.39,91.76,4.37,607.735
0,4.86,94.34,48.06,31.54,50.11,97.43,6.96,54.212
0,4.97,92.3,53.71,98.98,41.79,89.85,4.52,683.285
0,1.59,58.13,41.44,82.12,45.22,20.13,4.27,52.471
0,4.61,85.05,58.24,25.28,75.71,49.39,07.05,579.105
1,7.88,91.07,93.32,41.77,92.01,16.85,6.86,72.102
1,9.24,80.7,45.71,75.26,56.95,59.08,4.47,618.675
1,4.72,55.03,77.91,54.89,38.53,57.68,5.8,54.061
0,4.81,97.23,39.92,87.39,30.9,93.0,5.58,596.695
1,7.32,67.05,54.77,62.86,58.41,97.27,5.71,635.445
0,9.48,47.79,52.48,74.02,46.28,33.37,5.67,53.315
0,3.4,46.59,95.59,69.78,52.58,62.41,8.12,65.866
0,4.96,78.85,59.96,72.86,46.92,51.8,5.77,59.694
0,8.16,66.26,78.33,42.26,76.49,59.21,5.65,655.495
0,6.49,45.67,72.17,53.0,74.7,57.86,4.15,64.182
1,2.0,84.42,39.87,28.8,93.86,92.27,7.95,6.569
1,6.65,87.96,95.77,69.07,78.98,90.65,7.3,819.255
0,2.68,83.52,54.21,59.44,41.55,21.05,5.71,50.701
1,5.59,52.14,33.13,82.05,82.61,41.06,6.26,65.372
0,5.76,81.39,51.03,40.48,42.69,77.75,7.97,511.815
0,8.89,40.64,53.49,57.76,69.1,71.56,5.72,6.54
0,5.16,58.31,36.49,38.56,35.4,66.81,6.37,41.84
1,3.51,63.93,73.4,71.05,33.31,99.44,4.1,60.438
0,03.08,90.11,54.27,88.6,62.5,40.32,8.59,67.922
0,8.87,63.42,74.04,82.41,37.35,56.37,5.86,60.461
1,2.54,40.68,30.47,95.81,51.47,98.12,5.48,61.941
1,4.83,61.14,98.74,97.88,53.72,72.6,07.05,76.394
1,2.68,69.94,41.94,82.9,83.86,68.38,6.63,7.229
0,7.96,96.94,76.15,46.51,53.29,23.93,6.0,57.596
0,5.27,96.46,80.1,41.44,64.6,32.2,8.61,61.855
1,4.16,50.85,42.01,58.57,84.08,43.97,5.81,61.954
0,4.25,51.11,37.82,99.54,44.34,51.84,8.99,58.263
1,8.67,49.8,40.68,55.95,86.34,54.75,7.95,627.975
1,5.98,87.34,47.28,39.93,88.23,91.19,8.52,68.172
0,7.46,40.36,41.78,95.83,99.22,19.65,5.41,730.415
0,09.07,47.63,77.18,53.94,61.08,32.35,4.35,5.829
1,9.12,72.28,59.46,76.82,55.95,22.93,6.1,60.200
1,3.96,54.85,67.65,84.11,79.14,76.18,5.57,753.595
1,9.57,45.54,33.31,88.24,34.07,97.35,4.3,54.935
1,1.22,61.59,90.29,86.6,32.78,90.46,4.36,66.386
0,4.39,56.45,41.94,87.72,53.45,75.1,4.87,62.180
1,09.06,70.67,55.21,75.07,81.07,11.94,5.89,66.445
1,3.47,98.75,35.03,55.29,38.15,41.23,8.68,48.178
1,3.46,47.46,39.58,75.05,74.49,87.73,7.29,66.269
0,3.72,62.36,76.61,87.76,48.87,68.78,5.99,674.805
0,6.51,95.92,78.48,51.3,75.62,28.86,8.0,6.746
1,4.94,92.61,77.39,47.24,61.99,51.98,6.84,6.344
0,7.54,63.66,68.65,50.78,38.06,17.91,06.09,47.903
0,09.05,81.94,96.68,66.35,47.31,56.87,4.72,66.363
0,07.07,45.27,65.5,28.93,45.38,91.09,8.64,4.985
1,2.84,82.75,61.46,83.42,41.52,13.48,7.12,57.302
1,9.39,98.37,47.33,35.41,62.78,65.25,6.2,566.535
0,3.38,72.25,36.92,34.96,96.83,30.98,6.19,603.375
1,2.35,69.91,68.37,39.82,76.07,99.13,7.83,671.575
1,1.81,51.24,52.04,68.27,88.52,15.86,4.9,6.516
0,06.07,78.03,66.68,46.42,98.68,65.56,06.09,73.838
0,02.02,75.43,44.43,52.61,67.84,33.07,4.32,566.325
1,2.25,79.12,88.67,94.87,46.66,89.42,4.4,7.463
0,3.7,41.56,99.98,88.54,94.95,20.97,6.63,816.165
1,3.53,72.92,52.57,88.91,78.93,48.63,5.9,72.522
1,6.44,75.7,88.96,68.32,97.13,26.68,7.6,791.055
0,8.35,52.45,91.11,89.98,75.57,81.95,8.93,8.60
1,7.85,52.5,99.73,83.39,84.26,41.63,8.3,796.975
1,3.36,56.57,53.99,96.49,92.34,26.8,6.21,7.557
0,3.21,82.7,82.92,29.83,83.15,75.33,5.89,68.947
0,9.69,76.38,46.02,27.15,69.39,83.55,6.93,56.270
0,01.07,90.75,73.74,38.13,63.03,51.62,4.46,60.577
1,8.92,57.74,79.34,94.68,87.64,44.1,8.94,80.396
0,2.8,94.72,81.88,70.42,84.04,66.89,8.9,79.556
0,9.53,84.62,44.5,56.96,55.65,68.63,8.61,579.425
0,04.08,63.7,89.41,63.45,64.88,69.47,7.31,6.976
0,4.96,45.72,59.47,87.22,74.45,34.82,6.52,678.105
1,7.36,55.42,45.15,94.68,31.99,94.72,7.53,58.910
1,6.29,97.41,67.98,79.73,47.33,29.21,5.57,62.756
0,3.86,58.62,90.43,81.99,47.52,43.67,8.26,654.445
1,5.98,59.79,97.7,49.03,91.83,35.53,4.67,73.47
0,7.58,51.38,82.37,60.03,53.2,93.8,08.02,646.195
0,1.38,88.41,30.39,91.39,68.16,84.55,8.34,7.7
1,1.1,56.54,39.43,83.95,88.21,83.01,4.85,73.702
1,5.12,59.82,35.34,76.32,48.18,10.42,6.39,50.035
0,2.19,64.86,37.08,29.89,38.66,71.73,8.46,42.78
0,6.98,66.02,56.81,27.96,96.39,30.72,8.8,617.625
1,2.93,64.68,53.69,34.78,79.33,97.1,08.06,633.765
0,4.9,70.22,37.96,68.6,42.39,57.77,8.7,523.775
1,2.78,88.87,91.76,65.23,87.38,60.82,8.68,802.115
0,5.94,89.16,73.08,95.7,85.1,42.08,8.9,8.144
0,02.04,87.9,85.75,77.11,88.63,58.31,06.07,82.069
1,1.21,46.07,56.01,47.05,49.33,77.48,5.43,5.258
1,1.46,87.98,58.72,37.11,61.4,60.57,7.16,573.665
1,9.59,47.22,52.23,88.71,78.56,67.71,4.94,716.125
1,2.28,47.48,60.69,59.47,57.35,52.52,6.79,57.77
1,7.38,96.87,72.73,74.01,34.9,74.48,6.9,623.985
1,1.61,89.16,64.51,67.39,39.55,90.96,08.03,61.604
1,1.97,73.14,88.65,33.06,71.8,14.59,5.81,59.898
0,5.58,92.5,93.01,29.28,56.26,19.66,07.01,56.829
0,5.18,99.36,62.88,53.28,30.38,71.7,8.52,53.635
0,9.56,76.64,46.78,52.12,83.68,43.99,6.11,63.737
1,9.5,76.77,96.16,75.53,59.17,35.35,6.86,70.036
1,08.02,85.27,81.45,72.42,51.96,26.07,7.94,63.715
1,6.42,53.93,74.81,97.67,79.95,61.54,5.25,7.890
0,05.09,50.03,82.18,89.36,61.86,41.28,4.52,69.558
1,4.21,85.57,35.32,62.24,78.64,55.72,7.41,64.277
1,9.52,60.69,34.73,62.5,30.92,96.27,5.85,49.89
0,6.43,48.1,40.72,75.56,30.66,78.24,5.91,50.399
1,6.21,58.89,40.32,33.56,69.19,81.64,8.65,547.235
0,03.09,61.52,59.45,99.99,98.75,21.18,06.04,79.72
0,1.42,97.91,41.02,63.91,49.07,39.25,8.77,5.507
1,9.51,81.88,89.82,93.24,77.8,19.56,4.53,78.648
1,3.82,71.85,70.47,97.55,42.06,97.17,5.71,701.045
1,4.98,98.13,55.78,68.62,51.81,71.4,7.46,633.975
0,02.03,94.19,34.87,32.75,35.47,11.73,4.63,38.168
0,8.53,70.72,71.37,68.0,91.66,52.8,5.94,75.707
0,1.25,94.34,38.16,69.82,51.73,33.72,8.26,5.599
1,8.51,64.26,82.03,84.19,46.13,58.6,7.81,65.885
1,2.26,53.83,86.19,28.62,81.14,26.08,5.41,60.783
1,8.98,53.96,68.08,59.97,43.96,15.12,5.78,509.025
1,7.57,79.74,40.47,94.21,46.82,39.09,6.53,599.165
0,2.48,70.06,85.08,99.35,37.25,36.6,7.66,65.557
0,06.09,79.54,51.55,39.35,97.4,74.53,4.76,696.445
0,3.81,81.16,45.59,90.29,47.33,52.71,6.64,61.643
0,2.6,41.34,62.94,35.97,99.7,36.22,4.37,642.315
1,8.73,43.24,94.59,88.09,42.33,61.34,5.99,66.214
1,4.63,71.96,50.82,45.8,31.45,16.42,4.95,414.595
1,4.59,51.46,93.39,96.97,92.7,69.61,5.55,874.725
0,2.53,77.95,33.76,77.16,70.6,23.26,5.66,60.873
0,4.45,73.13,35.85,54.93,54.6,35.17,7.85,5.84
1,8.84,75.15,78.9,46.07,65.93,35.39,5.33,6.142
1,4.27,58.15,43.34,42.64,48.25,51.93,7.32,472.235
0,9.56,78.39,52.16,76.06,74.43,95.78,6.67,729.145
1,9.52,89.77,39.55,92.18,73.15,39.22,08.02,694.565
0,2.3,99.88,53.26,81.62,35.61,35.32,5.61,57.40
0,2.6,90.31,49.63,87.61,93.75,25.19,8.97,7.619
0,8.76,73.45,81.54,83.6,62.24,45.28,5.48,70.865
1,4.53,51.61,79.14,98.44,43.66,26.38,6.9,63.518
1,01.04,80.89,96.84,81.84,51.52,22.4,7.16,6.818
0,3.46,96.26,80.71,40.77,90.64,87.16,6.69,764.005
1,6.38,52.71,78.64,84.37,56.82,14.74,8.29,634.525
0,8.19,55.36,78.59,49.16,69.34,73.97,4.56,65.21
0,2.2,48.94,91.81,99.68,96.34,28.23,6.99,8.471
0,1.99,84.2,50.74,53.25,75.62,11.05,6.53,594.525
0,9.3,64.39,51.01,46.96,77.3,81.56,06.09,63.592
1,7.76,43.76,81.88,42.94,47.4,73.21,5.73,55.397
0,6.31,92.5,46.01,74.39,76.78,40.09,4.76,679.315
0,7.92,73.46,93.84,33.19,57.57,17.14,7.25,56.275
1,4.86,59.87,67.43,96.52,93.77,42.46,4.59,8.66
0,7.83,60.64,51.01,47.07,39.07,26.32,8.15,44.339
0,4.35,57.42,84.33,47.16,49.99,93.93,6.24,6.128
1,3.2,67.33,51.86,28.45,34.62,57.67,07.03,421.015
1,7.56,60.22,97.43,43.45,56.66,96.75,4.39,6.587
1,4.78,72.88,98.81,56.42,40.39,41.62,4.47,59.453
0,9.83,86.41,76.68,52.72,89.16,60.08,5.18,74.371
1,4.15,80.47,37.95,45.48,94.75,27.11,7.9,628.805
1,9.3,57.67,48.42,28.06,76.86,82.76,6.43,5.764
0,9.4,71.72,66.08,47.54,37.23,13.7,5.55,4.667
0,3.18,90.41,89.6,83.37,53.91,72.61,8.25,7.393
0,8.18,44.09,42.94,57.91,97.51,45.25,4.96,66.128
0,4.9,44.7,37.31,46.81,39.54,62.06,5.3,43.679
0,9.26,73.37,35.21,47.86,68.95,63.3,7.88,568.065
1,05.05,78.35,65.49,66.58,54.71,73.97,4.14,6.412
1,7.7,52.68,91.93,47.67,99.94,28.38,5.1,733.885
1,5.2,84.71,32.97,72.31,49.98,57.82,6.61,56.417
0,03.05,78.78,44.86,99.21,33.34,48.42,8.58,581.635
0,2.79,95.4,78.53,28.09,79.15,35.4,5.33,63.510
0,4.83,50.14,87.81,37.66,52.87,54.62,05.07,559.575
1,7.8,85.08,86.52,38.43,76.03,95.68,8.87,7.159
1,6.45,45.02,84.95,58.53,37.33,95.4,6.62,58.730
0,7.2,73.92,39.09,28.11,66.61,35.09,4.31,49.06
1,3.54,73.11,57.81,60.81,56.27,89.58,5.38,62.728
0,5.33,63.3,98.93,94.67,67.57,88.91,6.67,8.232
1,1.4,90.67,99.22,25.87,89.74,32.46,4.36,700.335
1,8.36,40.26,72.17,52.37,98.09,63.91,7.46,7.227
1,9.91,71.21,79.65,82.07,82.72,88.29,6.61,8.134
0,4.66,53.03,96.59,36.59,83.68,56.35,7.55,686.915
1,1.1,84.61,61.49,30.82,67.03,43.28,5.71,562.525
1,2.53,42.58,39.58,72.31,36.82,68.57,6.1,499.955
0,6.87,89.89,76.83,25.75,76.69,25.52,8.64,6.18
1,6.51,90.29,97.21,85.13,40.34,24.56,05.05,663.285
0,08.09,89.97,78.8,30.01,47.2,84.94,4.2,572.735
0,3.28,49.15,86.23,64.33,79.53,13.77,8.91,67.456
0,7.87,77.82,59.59,80.51,75.99,82.33,04.04,74.657
0,7.19,40.86,36.75,43.15,52.0,36.14,8.44,44.37
0,3.91,90.88,41.82,32.77,84.04,53.48,8.13,604.065
1,5.91,83.38,98.79,38.17,95.75,58.92,6.44,7.704
0,2.33,71.87,64.52,89.1,68.17,79.04,7.53,741.295
0,05.07,83.84,30.84,77.93,77.44,89.55,4.53,700.935
0,8.93,45.66,96.88,39.86,49.02,82.38,7.82,5.930
0,4.79,71.72,64.84,78.71,97.96,61.51,7.92,802.545
1,8.56,57.48,88.54,78.15,49.16,41.32,4.26,643.315
0,6.31,98.36,68.39,99.83,92.12,57.39,6.49,864.525
1,2.73,91.43,37.12,54.37,94.95,12.7,8.74,64.662
0,6.23,84.0,73.09,89.86,80.37,32.05,8.76,7.681
1,5.55,96.02,99.82,58.48,86.81,42.95,8.92,788.645
0,4.59,60.81,32.43,92.33,62.05,38.78,7.28,61.245
0,02.08,94.05,88.93,31.87,94.37,18.56,4.71,70.044
1,4.75,59.51,46.48,38.15,81.99,14.57,06.06,54.938
0,1.65,83.97,57.57,88.75,52.87,47.86,7.63,6.538
1,1.89,84.19,56.09,86.45,32.45,16.73,5.42,54.28
0,4.74,41.1,92.92,47.91,67.85,35.76,08.05,61.995
1,3.75,61.66,65.31,69.76,88.85,52.73,8.31,730.385
0,9.33,41.17,61.3,53.7,90.25,28.9,7.82,642.795
0,4.38,99.83,87.26,25.77,88.46,17.16,5.71,6.655
1,7.82,47.33,33.42,26.96,45.03,48.89,7.71,388.065
0,5.77,72.57,36.05,29.07,59.83,50.36,4.36,4.771
0,7.34,87.43,31.52,69.56,72.97,92.41,5.68,672.175
0,3.34,52.08,78.16,45.94,76.73,21.51,7.83,613.315
0,9.48,69.1,66.79,35.8,53.42,65.35,7.97,5.444
0,5.77,76.45,91.32,95.58,78.48,38.77,5.59,8.114
0,8.48,49.61,64.9,34.1,71.36,21.12,8.8,53.554
1,4.29,86.71,45.53,75.55,69.67,45.38,5.37,6.558
1,1.9,57.96,86.36,92.06,76.41,48.51,7.3,7.767
1,07.06,52.66,50.6,37.29,72.24,42.72,8.39,542.645
0,01.07,73.5,95.5,41.1,41.68,78.92,6.76,59.205
1,5.28,64.62,47.53,68.04,91.21,85.53,06.06,734.545
0,2.74,95.22,41.74,63.13,46.84,23.39,05.06,523.855
0,6.65,92.8,64.53,64.08,82.11,25.11,4.98,694.555
0,9.81,69.0,33.54,66.6,42.35,47.91,4.79,4.987
0,5.18,61.56,32.55,96.24,76.27,38.82,6.22,673.025
1,8.36,59.53,64.72,29.04,92.7,83.76,6.74,6.697
0,5.57,56.05,45.06,82.03,30.68,99.71,8.2,558.335
1,5.46,72.67,30.65,42.44,98.58,26.3,05.09,61.14
0,9.37,88.3,50.72,53.03,32.08,78.63,7.78,5.132
1,09.01,58.65,63.42,31.7,30.8,64.65,7.47,4.371
1,08.07,51.41,57.6,58.42,90.03,68.0,7.17,695.765
1,3.67,68.53,39.48,85.32,79.61,33.8,5.7,673.225
1,5.91,44.14,70.58,32.41,37.41,18.75,5.59,41.601
1,03.02,82.08,79.72,45.67,95.62,58.89,7.79,749.255
1,5.0,71.1,77.29,52.98,77.04,65.22,5.37,69.299
0,5.36,69.78,57.56,32.79,37.77,96.67,5.65,49.574
1,8.48,58.03,39.63,82.17,90.24,70.77,8.83,7.293
0,09.06,94.28,64.96,84.02,63.66,49.93,8.99,70.699
1,4.73,45.43,92.33,87.69,49.47,99.46,04.01,7.219
0,1.16,92.19,62.81,68.79,87.75,43.59,7.43,74.05
1,8.76,62.6,43.7,63.04,81.69,24.63,6.68,61.814
1,2.57,92.84,36.51,44.69,73.61,65.62,6.3,60.83
0,6.6,83.73,96.07,74.14,92.9,33.96,5.38,82.033
1,1.22,46.25,82.01,58.34,90.29,93.0,6.54,7.651
1,4.6,89.89,51.91,97.81,45.88,48.51,6.28,647.325
1,9.87,80.93,50.67,97.61,91.51,23.47,06.01,77.005
0,1.91,41.94,92.67,92.89,56.18,22.75,8.25,678.885
1,4.81,48.02,42.43,52.01,60.22,68.47,5.35,542.145
0,3.76,78.14,67.45,52.6,98.06,42.93,6.99,7.306
1,9.15,79.76,79.95,88.95,83.19,42.74,8.32,7.959
1,8.82,84.8,57.75,79.69,52.5,65.11,8.9,648.385
0,3.14,83.21,32.79,77.83,75.35,29.94,07.01,6.370
1,1.73,79.57,45.94,45.97,67.75,23.09,6.6,54.659
1,6.64,85.97,93.13,87.5,38.16,69.15,8.2,69.369
0,04.03,74.51,66.62,68.46,92.14,10.47,4.94,7.118
1,07.05,55.65,87.08,58.51,87.53,91.66,7.15,77.41
0,1.29,94.74,68.9,89.91,84.44,26.47,4.32,779.325
0,2.2,41.09,96.05,54.57,69.14,50.31,7.3,6.619
0,7.18,61.99,93.64,74.04,45.46,29.03,7.98,62.251
1,2.91,83.73,63.8,59.94,91.87,29.64,4.32,7.123
0,8.72,65.63,52.28,69.46,54.71,85.15,8.24,620.475
0,1.53,41.49,72.12,28.04,31.41,62.65,4.62,428.415
1,2.94,43.96,77.24,59.58,98.72,38.03,4.88,73.094
0,9.99,78.92,64.88,66.74,90.28,32.6,8.18,72.411
1,4.9,97.89,87.56,61.95,73.59,29.16,4.62,71.461
1,7.33,73.11,42.83,88.56,30.87,59.9,7.37,548.115
1,2.64,70.41,53.41,48.33,45.94,75.77,5.47,5.346
1,6.49,59.1,78.05,91.31,61.64,32.82,5.24,6.920
0,7.53,55.4,47.27,55.26,73.97,39.91,7.25,58.689
0,3.83,41.26,60.79,77.09,79.57,74.83,4.53,7.88
0,8.46,56.38,97.46,31.5,85.18,76.36,6.87,7.45
0,6.43,66.95,73.81,40.01,68.9,28.66,8.62,584.405
0,4.5,51.88,96.43,82.09,75.93,44.4,8.26,76.012
1,06.02,45.24,80.57,25.92,86.79,88.3,8.26,663.245
0,6.19,83.06,80.73,97.64,80.39,76.62,5.51,846.605
0,2.49,93.68,71.43,39.3,96.84,24.62,7.51,69.835
0,4.62,96.21,39.95,92.6,91.23,44.74,7.9,771.655
1,04.09,77.08,66.38,63.7,41.86,97.6,8.51,6.131
1,4.61,43.17,47.69,67.34,96.32,57.28,5.32,70.13
0,7.85,84.45,99.91,31.31,44.29,74.74,7.8,59.23
1,5.34,46.61,48.69,52.39,99.39,18.28,5.16,64.111
0,9.46,80.18,46.15,36.72,79.09,84.93,4.14,626.025
0,3.64,86.76,73.67,64.44,73.93,64.43,6.41,7.183
1,4.74,83.55,65.77,66.3,52.7,25.8,7.83,59.108
1,08.08,97.11,31.49,78.23,39.32,44.22,05.07,53.750
0,5.91,84.29,39.07,90.87,38.83,17.47,4.24,54.298
0,5.92,81.59,86.77,60.11,90.66,79.93,5.87,802.645
1,1.48,55.7,63.86,42.5,60.27,77.04,05.01,577.655
0,4.59,95.49,40.22,50.02,69.19,54.12,5.91,59.726
1,3.44,50.77,62.57,88.53,95.23,50.68,8.6,78.122
0,9.99,94.29,47.72,35.94,47.87,51.71,7.72,498.835
1,3.78,58.76,45.65,72.04,83.48,13.37,5.86,63.571
0,8.96,47.81,97.04,25.98,62.93,43.14,5.63,570.235
0,07.09,89.6,55.34,43.43,44.89,21.57,8.61,48.754
1,04.07,40.15,33.25,69.36,89.71,26.63,8.44,6.206
0,5.89,89.93,97.92,59.23,77.6,96.59,07.02,8.20
0,8.56,55.74,85.64,62.02,36.64,33.56,5.79,54.387
1,8.95,93.08,47.81,74.54,67.92,53.53,7.96,66.63
0,2.44,81.49,58.62,42.59,89.62,89.9,7.32,708.775
0,04.06,79.97,90.36,46.06,34.69,47.21,6.82,544.465
0,04.02,61.92,55.02,76.33,59.14,57.58,7.69,627.355
1,1.38,43.56,69.72,65.37,86.37,25.19,4.67,67.391
1,6.38,89.8,67.44,26.09,90.09,35.66,8.65,6.408
1,8.69,50.25,58.09,75.27,84.28,55.55,8.86,705.135
0,4.43,62.34,74.77,71.51,51.4,42.84,5.77,613.395
0,7.66,76.02,63.13,30.9,65.49,13.44,8.73,5.221
0,6.65,68.94,31.49,81.06,81.89,46.07,7.98,667.255
0,4.38,51.92,87.01,64.16,40.68,83.36,8.71,61.208
1,2.27,48.44,37.92,40.36,71.65,20.45,8.59,496.405
0,7.38,47.39,62.49,66.95,80.43,11.69,5.0,63.294
0,8.69,91.78,70.59,69.66,89.5,20.68,5.3,74.104
0,7.17,41.89,79.39,94.01,37.82,71.82,5.3,639.885
1,1.16,98.62,58.76,80.66,53.08,81.52,4.47,6.850
0,2.95,51.91,81.49,47.64,67.92,14.39,5.99,58.61
0,1.63,46.62,39.19,33.86,79.07,89.88,5.81,5.762
0,6.13,74.62,75.74,88.99,81.1,66.46,5.72,798.885
0,7.81,44.8,87.84,88.46,47.73,56.63,5.74,665.315
0,2.0,76.15,92.26,38.15,30.97,32.82,4.31,49.726
1,8.55,91.04,70.57,29.66,78.57,43.45,4.93,6.247
0,6.0,42.87,51.9,78.39,93.64,95.23,5.48,7.656
0,7.21,87.99,41.43,79.19,85.83,92.04,8.44,7.612
0,9.74,63.67,54.19,38.29,73.57,66.29,8.63,59.156
0,1.75,49.57,67.8,75.12,98.43,62.1,5.43,7.795
0,9.11,50.57,43.74,45.92,60.32,28.95,7.47,4.929
0,2.13,95.13,96.68,44.55,66.75,95.8,8.25,72.929
0,4.54,46.64,92.8,49.34,30.86,77.99,6.53,54.159
0,8.66,92.01,32.31,64.03,96.22,44.4,7.78,697.875
0,9.16,72.65,69.34,85.33,70.83,83.42,8.88,75.598
0,5.56,42.34,85.25,62.4,57.36,29.07,4.81,59.867
1,6.35,67.87,47.18,47.35,33.12,29.19,4.35,4.257
1,7.37,89.05,66.67,91.3,55.37,81.19,7.2,725.625
1,8.49,83.57,58.42,29.13,30.25,60.34,6.54,43.945
1,02.09,69.33,43.76,84.78,52.7,60.03,5.48,61.328
0,8.29,91.6,73.03,83.83,96.6,61.63,8.58,846.965
1,5.33,47.22,99.56,44.02,40.8,21.32,8.23,52.051
1,05.06,94.6,55.57,39.87,68.18,41.46,5.32,585.505
0,4.82,90.79,68.67,90.6,43.06,61.58,7.87,6.669
1,5.58,82.5,52.95,66.92,84.84,32.28,8.14,6.849
1,9.51,89.07,91.39,28.45,69.37,55.36,5.63,64.113
0,5.93,72.63,90.52,91.81,44.16,60.13,4.5,697.885
0,9.58,80.51,42.51,51.18,90.64,94.85,8.25,70.557
0,2.62,73.64,93.0,50.66,84.88,32.12,4.48,71.549
1,7.52,61.33,40.61,73.25,96.59,49.54,6.39,7.132
1,8.31,74.13,36.68,74.6,30.04,98.34,4.97,53.747
0,7.11,55.45,75.71,51.5,62.0,26.81,8.64,57.943
0,6.46,66.42,57.01,35.75,99.99,80.2,4.54,69.998
1,06.08,56.85,67.15,66.42,86.78,25.94,4.58,68.687
0,8.75,47.37,75.68,71.89,88.19,86.5,7.51,7.736
1,8.39,59.31,33.7,89.52,73.48,53.92,05.03,66.161
0,2.1,91.12,50.51,61.33,79.9,97.49,4.66,7.226
0,8.64,62.86,62.26,73.43,86.37,25.31,4.84,69.856
1,4.73,84.88,48.66,29.08,36.46,71.91,6.98,45.442
0,3.28,50.51,33.43,92.09,78.48,72.58,5.11,694.855
0,8.83,65.47,36.07,49.54,87.08,74.7,5.89,64.094
0,4.89,46.89,86.12,72.42,32.86,19.09,8.25,53.428
1,8.28,48.32,93.8,93.7,50.79,35.97,4.88,683.905
0,3.37,77.05,40.66,85.79,52.68,40.42,8.13,597.645
0,01.04,76.45,47.45,72.83,89.82,39.19,7.88,7.69
0,5.46,52.8,75.66,77.77,84.62,70.75,8.16,7.654
0,1.9,68.47,96.8,94.07,75.95,14.93,5.74,7.779
0,7.79,91.8,50.97,85.91,86.33,75.71,6.36,78.638
0,3.48,50.45,89.86,70.74,61.74,57.39,7.54,68.05
1,4.99,41.15,65.42,74.4,91.24,25.57,4.19,7.28
1,1.78,79.12,96.96,36.05,46.4,30.35,7.32,5.559
0,3.58,43.21,39.54,60.26,79.32,18.78,4.6,56.934
1,08.03,98.8,98.16,47.57,46.92,51.32,5.44,629.585
1,2.36,76.58,60.87,57.4,32.79,63.54,08.05,520.125
0,6.82,68.22,96.71,74.67,49.89,62.29,7.18,68.522
1,9.26,65.8,62.11,36.19,64.5,96.61,7.11,602.855
1,7.12,74.38,67.11,26.3,89.04,36.64,5.13,62.263
1,8.3,45.44,86.33,54.77,65.62,78.59,7.34,663.285
1,1.98,95.8,80.58,49.16,42.54,75.08,4.66,60.383
1,3.26,77.54,73.37,56.53,99.49,15.52,8.82,72.934
1,09.05,51.04,59.19,94.84,48.91,93.7,5.26,671.405
1,7.44,73.75,85.47,78.03,98.97,93.82,8.13,87.998
1,6.76,48.0,96.38,49.56,95.54,45.67,8.6,74.472
0,6.97,41.05,30.69,38.45,67.97,47.59,4.86,48.403
0,4.73,77.83,71.15,71.39,36.44,83.76,04.05,609.905
1,1.4,78.91,90.62,74.32,78.68,54.55,8.37,7.758
1,08.06,75.02,75.72,61.27,89.2,81.93,7.82,773.765
0,7.11,51.01,86.06,40.96,61.17,13.25,4.77,55.287
1,5.26,76.21,92.65,27.14,46.73,32.52,8.15,5.254
1,9.1,43.39,82.57,44.92,86.2,18.2,08.05,6.407
0,04.03,76.55,80.19,59.29,68.16,50.88,6.31,6.745
0,3.65,73.24,97.53,84.1,43.83,86.87,8.73,718.825
0,8.86,79.32,90.46,89.03,96.47,61.28,6.91,88.174
1,8.17,93.73,87.08,55.97,96.37,56.83,6.21,80.194
1,5.63,91.02,36.05,84.71,55.69,42.95,04.07,61.275
0,2.18,98.84,46.73,99.5,34.48,15.72,8.76,57.745
0,2.94,98.57,68.97,78.75,74.16,78.98,4.64,771.925
1,6.91,86.34,79.67,79.64,52.21,61.37,5.48,688.885
0,4.47,97.39,51.23,93.22,34.64,93.79,7.65,64.793
1,8.53,92.04,36.53,50.36,92.43,48.88,04.03,6.633
1,9.55,83.65,51.78,25.84,99.87,46.13,6.71,6.474
0,8.25,44.52,83.97,99.02,54.53,97.69,4.79,748.555
0,4.4,42.94,91.42,61.79,82.13,22.7,4.11,69.041
1,8.1,90.26,93.9,83.93,34.6,32.71,7.21,641.695
0,4.16,69.38,56.52,85.94,55.88,53.93,07.01,64.678
0,2.5,88.88,56.08,54.81,37.61,57.12,7.67,52.681
0,1.3,58.78,58.47,65.6,33.87,59.38,07.09,517.645
0,4.47,63.86,56.31,65.49,71.22,29.09,6.21,618.565
1,9.13,82.01,76.63,41.52,86.14,93.42,6.39,73.398
1,3.15,94.92,55.08,33.82,61.71,73.32,5.1,578.935
1,2.86,45.27,31.42,65.77,66.69,33.26,4.42,53.921
1,9.73,91.69,60.73,34.01,48.95,36.48,8.3,50.598
0,1.23,87.58,45.69,50.96,81.55,89.23,7.46,681.015
0,08.07,58.93,32.02,38.96,55.28,44.23,4.61,4.580
1,3.89,61.31,62.96,78.02,34.72,60.07,5.32,56.387
1,1.34,42.79,44.42,90.4,41.59,20.84,8.32,5.240
0,9.26,40.94,61.69,68.34,38.99,32.66,8.8,50.429
1,2.26,68.62,49.44,55.76,60.51,47.49,7.96,5.661
1,5.97,45.73,72.26,99.75,34.56,69.05,6.85,629.635
0,3.47,51.64,99.36,26.59,86.45,35.22,8.35,65.463
1,1.59,90.81,68.31,47.83,93.56,95.57,7.13,770.035
0,1.45,74.26,75.28,45.9,47.39,29.82,7.5,535.255
0,02.04,78.02,94.35,51.72,63.99,80.1,8.13,700.085
1,1.64,51.25,56.18,42.29,66.33,42.81,5.77,54.43
0,7.85,89.72,41.66,44.82,98.95,85.01,7.92,716.425
1,5.37,92.08,49.8,44.33,34.59,93.08,05.03,51.665
0,04.09,71.4,58.2,62.93,76.75,26.83,4.97,6.405
1,4.77,94.75,75.15,54.33,54.2,54.23,08.06,624.805
1,9.36,90.69,30.32,72.95,65.13,23.89,6.82,58.555
1,9.2,83.88,89.74,63.58,45.19,73.52,06.07,653.995
0,7.44,84.04,35.33,38.76,41.22,84.9,6.62,48.77
0,8.96,46.32,93.05,85.75,47.05,45.05,8.89,65.652
1,3.88,56.25,96.46,60.41,34.99,45.71,8.47,56.836
0,4.43,44.01,99.31,36.49,49.47,28.35,6.54,5.353
1,6.52,40.52,86.67,37.52,78.32,37.59,6.74,6.193
1,6.61,49.5,39.93,84.77,75.6,39.15,07.07,6.450
0,5.34,92.83,79.43,77.72,68.81,24.0,7.95,710.825
1,4.61,54.39,44.23,62.99,30.03,37.9,8.37,44.333
0,9.88,98.21,92.8,47.96,38.8,91.65,4.73,6.311
1,8.39,75.84,52.16,59.54,89.0,39.28,7.14,67.979
0,4.91,54.24,52.88,72.74,49.02,34.7,5.14,54.812
1,7.55,69.83,94.24,90.95,93.85,44.62,7.11,85.878
1,3.43,53.15,30.93,66.69,91.22,96.42,4.86,6.974
0,1.9,99.04,43.58,45.76,40.84,78.81,08.04,5.223
1,4.17,90.84,59.54,28.21,92.87,28.16,7.3,6.336
1,4.63,41.57,79.05,38.16,73.95,77.73,8.33,6.316
0,1.15,96.87,75.33,73.76,74.12,78.96,8.72,7.703
1,8.33,83.26,76.86,37.03,89.69,95.51,8.67,73.898
0,4.23,44.94,91.6,61.12,58.35,90.2,4.73,675.365
1,6.22,80.24,38.47,77.42,81.47,18.57,5.88,6.544
0,1.67,78.82,66.55,48.12,76.74,50.91,6.42,65.172
1,2.57,53.13,80.78,75.18,84.01,73.27,7.94,769.945
1,09.01,85.51,74.53,68.58,76.21,97.6,04.07,770.355
1,6.48,45.22,61.38,57.92,35.6,17.66,8.63,45.504
0,9.55,69.37,31.2,92.29,50.49,43.14,06.04,58.235
0,9.99,40.6,34.23,76.9,95.79,54.3,7.16,690.875
0,4.35,98.12,38.33,52.04,45.64,47.19,8.9,51.181
0,3.69,85.09,54.03,85.32,63.06,51.02,8.41,67.818
1,8.73,49.53,38.24,80.36,54.98,43.22,5.81,56.256
1,9.99,60.5,59.83,84.38,36.04,97.36,6.42,61.461
0,6.67,49.63,42.5,73.07,42.68,82.29,7.85,548.975
0,8.16,86.0,84.54,53.45,50.07,76.3,7.72,64.025
0,08.04,43.53,91.0,51.14,62.43,46.96,7.52,61.884
1,4.2,90.42,57.28,74.06,91.22,89.34,04.05,79.874
0,6.17,96.53,65.79,34.82,66.09,18.4,5.0,56.487
0,8.5,80.6,96.74,86.49,75.63,22.91,5.11,77.792
1,7.19,52.78,67.49,52.78,59.82,95.87,5.25,62.495
1,1.19,61.61,99.66,72.28,90.9,61.03,4.48,82.081
0,04.03,68.63,39.95,62.43,76.38,24.35,08.03,596.285
1,2.3,76.28,90.36,63.95,36.34,95.42,5.71,639.485
0,3.1,80.12,64.8,80.35,63.43,97.74,7.88,7.303
1,9.15,73.25,31.59,72.0,87.91,89.33,8.66,713.445
0,1.33,61.08,98.06,43.77,81.36,31.47,5.57,682.855
0,2.98,93.46,97.55,30.57,93.37,35.06,6.27,72.684
0,3.79,44.88,56.83,88.02,45.94,46.63,4.44,58.600
0,6.55,67.98,96.79,91.37,98.4,62.14,5.47,896.525
1,5.81,86.53,39.87,37.34,49.96,99.3,6.73,53.378
1,2.96,43.65,77.61,48.21,33.51,96.05,4.9,53.273
1,2.48,82.32,43.44,46.18,64.7,92.9,6.69,60.4
1,3.13,89.18,47.27,95.31,37.72,18.03,5.56,57.204
0,5.52,79.65,84.55,40.36,77.69,78.14,8.95,699.705
0,3.44,40.78,56.42,37.49,93.04,88.92,5.88,661.905
1,9.53,50.81,30.5,38.64,94.49,40.0,4.2,57.912
1,5.17,60.53,59.0,79.74,72.49,29.76,6.36,661.355
1,1.53,54.02,45.96,91.6,67.47,77.36,5.67,688.445
1,7.56,97.76,77.83,54.5,99.58,18.18,5.85,7.563
1,3.96,79.1,43.61,35.21,70.56,94.68,5.85,595.985
0,6.88,57.82,88.96,68.93,94.92,24.05,8.41,764.335
0,3.52,95.78,48.7,40.75,94.16,51.18,6.49,675.795
0,6.14,84.44,57.51,29.81,50.27,98.45,5.26,54.838
1,7.95,57.08,50.86,91.47,30.96,98.94,7.96,594.775
1,9.35,62.73,75.07,90.31,60.74,79.84,6.22,7.310
1,3.35,51.97,37.08,98.19,90.3,85.53,4.73,773.185
1,04.01,98.26,63.47,60.55,88.53,97.05,8.99,7.834
0,5.18,71.04,53.41,47.05,72.26,93.47,4.14,6.418
0,9.34,93.76,91.89,82.73,40.97,65.99,7.55,6.937
1,9.11,60.79,35.14,38.54,37.53,76.12,8.24,434.895
0,1.81,91.65,88.08,43.25,96.83,63.44,5.77,77.828
0,2.19,43.23,41.74,44.18,59.5,55.58,4.79,50.99
1,5.46,98.93,36.2,96.37,75.37,89.27,6.18,7.653
1,1.96,94.72,44.16,79.74,93.41,76.42,6.41,7.857
1,4.11,61.79,37.19,35.03,90.89,87.38,9.0,62.924
1,2.34,86.48,66.47,31.96,69.68,18.63,4.1,56.183
1,6.72,85.14,99.18,88.21,64.15,61.88,7.28,79.043
1,9.55,94.08,32.4,85.17,81.47,39.66,08.02,69.661
0,9.97,58.44,62.28,75.32,54.48,56.21,07.09,61.819
0,4.38,67.93,57.02,39.71,73.78,65.17,7.15,604.645
1,6.39,91.9,53.77,61.02,31.62,86.12,8.38,54.878
0,8.71,86.71,53.23,70.2,87.7,12.87,6.83,68.849
1,02.06,63.61,92.65,94.91,99.86,24.76,8.41,860.455
1,7.21,90.74,31.33,37.71,96.83,92.93,05.05,67.951
1,4.68,42.82,84.24,63.66,55.19,97.05,6.58,6.606
1,2.86,86.92,47.71,36.83,67.18,14.99,4.17,52.453
0,4.62,52.41,56.83,58.29,46.54,39.86,08.02,5.145
1,1.68,57.17,59.41,40.01,51.21,10.88,7.89,46.613
0,7.26,69.59,51.33,87.71,62.01,78.17,6.7,68.673
1,3.27,66.98,36.55,44.11,82.3,71.37,5.98,609.775
1,3.8,71.23,38.0,56.28,31.25,60.83,5.85,45.813
1,02.09,72.69,50.87,55.58,57.56,72.25,05.01,58.709
0,8.78,59.89,87.53,89.97,68.95,58.4,6.14,7.596
1,5.44,50.51,39.42,81.83,45.06,31.5,5.52,523.135
1,6.15,86.11,81.98,29.32,35.49,77.89,6.89,525.475
1,6.12,64.0,50.22,30.03,67.77,80.49,7.93,55.72
0,4.69,70.35,91.84,66.34,74.65,86.88,7.47,768.035
0,2.73,78.68,59.98,57.08,74.87,95.87,6.57,699.255
0,7.71,94.58,42.02,45.67,54.96,77.28,8.74,56.243
1,2.14,82.45,99.01,84.45,46.62,14.91,4.99,669.675
0,1.93,42.73,42.36,34.65,45.43,11.88,7.2,38.495
1,7.39,90.31,69.73,98.05,32.84,76.59,4.44,666.425
0,2.88,99.36,69.85,26.81,42.93,15.04,7.37,47.138
0,3.76,68.35,56.1,33.87,87.3,38.44,7.63,60.921
1,5.28,98.18,96.6,48.35,30.21,22.25,7.91,54.024
0,05.04,72.84,89.07,63.19,33.07,97.2,7.32,62.19
1,7.38,67.58,88.09,41.21,38.89,38.48,4.61,52.138
1,6.61,59.88,98.19,80.22,59.42,14.96,4.22,67.974
0,6.8,79.45,62.0,51.82,53.36,95.46,7.57,61.522
1,7.43,53.79,36.8,27.89,42.45,64.79,7.99,41.47
1,3.63,46.3,83.58,90.83,37.77,13.25,4.16,58.598
0,3.9,41.63,56.66,95.79,95.72,85.0,4.75,8.144
0,4.94,57.54,43.32,71.39,93.79,23.73,7.95,67.465
1,3.77,63.75,63.83,85.49,84.03,82.22,8.84,78.146
0,9.86,73.12,94.8,34.08,47.64,64.25,6.6,5.789
1,8.33,57.56,41.99,45.16,52.66,25.94,4.77,46.469
1,2.48,99.04,89.41,49.39,76.61,77.73,5.61,74.72
0,01.05,57.5,59.27,97.06,50.42,50.91,7.91,64.607
0,1.39,66.46,39.58,63.42,67.14,67.43,6.72,60.659
0,3.2,46.2,89.39,25.56,75.59,88.26,4.29,641.705
0,02.03,55.64,97.87,53.51,66.34,33.43,5.54,6.507
1,5.8,42.9,50.39,25.58,58.93,42.94,7.76,456.825
1,8.72,73.57,51.25,42.84,54.35,99.75,5.63,573.145
0,7.63,85.06,57.34,59.1,84.44,55.73,6.16,69.876
0,2.94,51.74,86.99,49.25,81.73,60.27,8.53,6.951
1,4.59,62.07,30.73,27.46,78.74,35.69,8.92,50.346
1,5.57,41.0,45.68,33.73,56.23,47.44,7.79,46.92
1,8.29,90.37,79.41,66.32,84.3,55.14,5.2,76.518
1,8.55,86.8,58.39,77.17,97.04,33.26,5.22,7.694
0,9.19,43.8,53.12,55.34,78.23,31.43,5.52,59.362
1,5.58,61.89,91.06,79.86,58.55,64.04,4.8,7.126
1,7.25,97.32,94.21,37.25,85.75,26.53,4.89,7.55
0,02.01,63.52,96.36,34.15,72.65,59.81,5.28,6.557
1,06.09,71.57,49.08,87.96,91.44,73.56,7.3,78.323
1,3.24,61.31,93.88,50.44,79.92,27.84,07.06,68.273
0,4.89,75.77,81.59,57.42,83.89,77.13,5.7,753.245
0,6.71,98.69,40.8,96.07,76.72,42.37,4.98,731.355
0,3.31,99.85,72.72,56.81,36.44,99.33,7.12,614.185
1,1.47,86.48,31.84,25.26,63.96,98.12,4.65,53.529
1,01.09,64.26,79.59,95.35,33.95,81.87,4.73,66.251
0,1.2,69.67,81.35,26.06,61.33,40.84,5.92,55.301
0,01.08,61.4,85.25,74.67,80.15,94.35,6.84,79.345
1,1.99,99.13,42.08,49.22,59.49,99.89,7.64,61.444
0,3.16,82.47,73.98,60.28,30.11,51.61,7.43,538.125
0,2.99,66.94,42.52,66.05,55.85,65.31,5.89,57.789
0,9.88,40.73,96.27,55.63,34.74,10.54,7.27,50.447
1,3.75,71.23,77.25,83.08,84.64,13.92,05.06,74.359
1,2.15,99.04,36.67,94.8,84.86,55.05,6.47,7.614
1,5.91,71.38,43.09,31.48,86.45,64.84,07.08,603.675
1,8.72,50.95,76.44,85.02,32.12,38.12,7.72,5.669
1,7.1,41.33,63.37,34.65,32.26,18.92,4.4,386.525
1,3.66,61.28,81.54,31.02,93.24,80.4,4.51,70.865
0,06.05,95.09,49.66,96.69,38.66,47.69,4.37,619.135
1,7.43,99.79,76.05,61.7,76.91,68.4,6.73,743.725
1,7.55,96.72,42.39,36.45,85.68,68.52,6.85,6.410
0,7.0,83.77,68.06,67.75,61.35,59.22,04.06,66.321
1,8.84,73.49,97.05,44.74,68.25,26.06,7.28,644.375
1,8.83,75.44,73.98,59.82,45.92,65.45,7.82,59.912
0,6.21,72.34,33.5,71.85,94.65,38.99,4.58,6.892
0,4.87,82.42,99.21,90.2,51.13,83.72,5.69,769.015
0,6.77,65.13,40.98,25.23,45.25,27.39,8.25,39.592
1,8.36,80.15,80.26,41.06,66.78,36.2,7.44,61.324
0,01.05,47.3,67.28,32.22,43.34,49.63,5.52,46.373
1,9.93,55.94,50.61,32.28,78.07,76.6,7.71,5.877
1,2.65,90.16,42.41,95.93,66.06,74.87,8.44,720.885
1,5.23,94.22,42.44,95.21,40.35,40.34,5.55,59.869
1,8.85,72.34,90.09,81.2,34.71,55.97,7.42,632.975
0,03.03,41.9,91.1,73.23,39.59,31.08,4.47,57.681
0,5.29,95.62,62.56,88.6,39.56,79.33,4.29,66.003
1,2.19,82.12,37.25,29.38,51.9,27.7,6.93,4.394
0,4.56,64.84,91.89,33.96,88.33,83.74,6.46,726.415
1,2.59,75.9,64.09,48.78,34.01,94.32,08.05,53.938
1,4.27,65.79,60.71,87.44,38.97,99.25,7.9,641.455
1,4.36,67.92,58.51,60.42,51.2,87.13,5.43,60.232
0,9.94,93.21,55.55,62.77,68.73,29.95,6.56,63.174
1,9.95,49.67,66.82,42.19,83.4,47.49,7.78,628.175
1,02.03,46.22,72.32,73.63,94.48,18.0,5.35,7.236
0,7.53,40.16,62.65,91.59,58.85,24.81,5.81,62.522
0,1.47,58.84,92.77,49.71,37.41,14.47,4.3,51.406
0,1.27,48.84,52.24,71.44,44.95,67.7,4.65,55.694
0,1.95,53.2,70.48,49.9,50.11,57.99,07.05,552.285
1,9.69,40.67,51.0,84.45,85.03,92.53,6.48,74.393
0,9.47,53.63,82.73,60.62,78.07,51.67,4.84,695.555
1,2.75,59.96,37.15,50.46,44.63,67.81,04.04,484.425
0,2.46,41.89,43.21,56.5,88.71,46.14,4.85,626.185
0,3.16,76.47,86.08,31.84,90.14,84.65,7.75,72.837
0,5.64,74.13,42.82,89.96,91.77,93.37,4.47,7.992
0,6.13,45.82,73.8,96.86,49.25,48.86,06.01,656.805
0,2.99,75.7,97.92,60.81,39.36,17.44,5.19,578.765
0,7.81,99.92,66.6,41.6,37.28,24.72,6.75,49.232
1,3.79,96.67,43.12,74.85,58.01,74.85,6.56,64.792
0,9.3,40.16,52.45,58.93,60.05,39.27,8.91,54.183
0,6.91,87.72,87.64,43.92,90.77,80.68,7.86,771.175
0,4.93,61.22,54.62,27.88,48.74,77.48,8.69,4.882
0,8.11,43.82,80.65,91.73,73.88,72.49,6.89,765.515
1,8.36,57.76,84.41,84.76,85.17,83.28,7.69,819.855
0,3.61,59.3,65.08,87.18,48.84,78.09,8.48,65.644
0,04.06,71.39,84.82,57.99,48.7,66.93,4.21,623.385
0,9.42,79.67,52.18,81.49,76.84,10.38,8.58,667.075
0,2.48,84.94,66.13,68.59,80.83,56.41,05.06,72.799
1,1.38,54.75,78.06,53.11,97.18,63.57,7.53,747.345
0,05.09,59.31,41.77,88.21,89.5,96.46,7.87,773.085
1,8.21,58.5,49.15,99.91,87.54,68.54,4.55,781.505
0,7.95,61.76,75.64,92.45,78.46,61.79,8.77,780.565
1,9.28,99.98,75.88,83.21,38.29,58.71,8.63,65.249
1,5.8,86.68,64.53,81.06,86.65,19.3,7.27,740.965
0,1.9,98.5,85.69,73.77,95.47,48.49,4.78,8.369
0,6.3,81.59,63.74,89.02,57.35,22.09,6.83,654.435
1,08.01,64.38,91.69,61.98,51.96,14.74,5.72,59.931
1,1.84,63.38,81.51,38.63,66.57,39.65,8.65,59.562
0,2.55,69.31,52.03,82.6,96.95,68.09,06.03,7.872
1,1.11,65.01,57.67,93.96,33.56,88.01,7.47,62.072
1,6.34,89.7,76.74,50.6,79.62,82.93,7.19,73.128
1,8.98,67.9,92.61,83.72,87.03,36.52,5.36,803.545
0,07.04,57.74,42.51,45.53,85.21,14.14,6.68,56.896
1,9.84,86.49,66.03,95.7,69.67,46.24,06.05,747.885
1,1.57,91.27,38.31,76.26,94.44,38.33,5.87,72.741
1,9.13,65.23,49.56,67.7,39.42,43.41,8.32,51.498
0,8.33,80.07,78.02,83.49,47.16,60.32,4.7,670.215
0,3.83,43.53,35.44,85.99,51.49,12.74,06.05,52.234
1,9.76,71.77,76.37,91.93,30.61,43.37,04.03,60.484
0,3.59,42.7,93.06,92.58,55.95,60.28,5.31,716.375
1,9.0,41.75,97.86,28.95,41.25,48.79,7.11,50.300
0,8.93,76.78,45.16,34.22,80.72,70.05,4.44,60.522
0,7.82,58.2,82.42,86.95,59.05,26.75,5.36,67.384
1,06.07,84.55,94.85,95.95,79.31,23.84,8.4,8.155
0,02.08,93.76,36.4,48.08,50.56,37.71,7.46,50.143
0,5.79,48.36,58.98,25.65,39.23,19.16,4.35,38.690
0,4.21,83.47,94.36,49.2,39.24,31.26,8.96,56.379
1,8.13,70.87,44.2,53.71,44.23,17.82,8.73,46.617
0,7.82,46.73,95.36,82.08,38.07,46.18,4.71,622.075
0,9.2,79.1,66.9,28.57,45.44,74.03,8.61,5.173
1,1.13,76.57,36.99,40.95,70.53,35.79,6.75,53.557
0,8.28,70.94,61.49,92.05,47.94,10.34,8.65,602.175
0,9.45,95.59,52.84,36.61,54.01,60.14,8.84,54.197
0,8.1,71.26,49.75,81.94,33.69,72.27,7.47,5.657
0,2.17,99.43,67.9,52.1,92.45,45.22,5.46,7.342
0,1.73,70.55,63.85,74.7,39.67,36.73,8.62,560.575
1,1.19,46.95,63.74,30.54,54.41,54.16,6.87,495.375
1,6.66,68.23,36.17,46.49,56.56,19.11,5.71,47.386
0,6.67,50.94,86.16,56.86,84.05,67.95,6.3,7.275
0,9.88,75.83,63.7,89.29,63.85,76.0,06.03,7.259
0,4.58,81.59,87.46,67.26,56.81,73.42,8.68,696.915
1,3.99,68.11,87.72,28.39,78.71,39.58,8.1,62.958
1,6.62,45.86,52.2,85.14,71.79,85.84,4.16,700.215
0,8.43,68.12,30.3,29.09,35.47,95.22,04.05,42.081
0,9.43,44.89,93.79,95.08,51.89,36.74,4.35,6.885
1,8.23,80.93,83.25,40.88,98.5,33.64,07.05,72.802
0,4.84,87.42,37.51,61.59,63.83,73.37,08.07,61.319
1,6.71,97.74,79.12,30.42,59.69,73.75,6.57,614.695
1,8.71,48.93,31.4,67.13,40.49,55.94,6.67,47.721
0,5.42,71.95,31.94,62.29,88.73,93.1,5.2,69.521
1,2.95,74.05,66.81,55.77,39.33,23.17,6.3,5.79
0,2.53,95.35,36.72,27.67,37.36,52.96,5.28,42.168
0,1.0,77.64,97.5,90.92,60.73,13.17,5.37,725.665
0,7.46,48.73,92.57,85.2,60.57,14.74,5.96,673.605
0,2.0,66.18,75.49,72.48,98.7,14.83,4.24,75.864
0,3.19,79.29,34.46,67.92,38.93,54.26,8.77,50.852
0,3.68,82.02,52.74,77.12,63.87,63.01,8.57,666.855
1,06.04,91.78,56.02,35.8,44.09,10.31,7.98,457.945
1,4.58,50.83,63.66,94.95,79.12,66.93,6.84,7.593
1,07.07,97.09,41.82,46.35,57.42,54.07,08.07,55.164
1,1.5,43.55,70.43,74.24,75.39,30.14,8.87,664.015
0,2.12,99.03,60.5,70.51,53.69,11.36,5.42,5.955
1,5.49,91.47,96.31,72.75,69.52,24.05,5.82,733.335
1,04.03,79.62,95.53,90.92,62.84,64.03,7.65,7.819
1,3.66,84.1,69.58,47.19,56.21,69.3,7.21,60.727
0,1.6,44.36,75.1,81.17,67.63,68.24,8.12,70.243
1,09.06,42.49,39.65,69.88,56.87,23.78,5.73,519.315
0,7.23,46.11,45.63,30.7,86.42,92.01,5.55,60.86
1,02.09,45.24,93.05,56.06,64.67,46.99,6.93,644.825
0,1.59,72.84,78.94,87.85,93.22,79.12,4.73,8.557
0,9.77,52.93,43.26,48.65,45.6,24.98,4.2,4.456
1,7.13,91.61,69.91,61.17,37.85,52.35,5.22,56.918
0,4.76,66.74,95.43,61.65,56.67,56.94,4.79,66.701
0,7.32,81.73,54.16,71.35,42.86,79.33,04.03,597.765
1,7.81,79.17,43.01,91.3,57.52,65.94,7.89,66.07
1,08.02,59.19,95.94,38.02,44.52,45.94,6.72,54.788
1,5.3,54.59,62.29,62.85,90.78,35.43,7.34,689.455
0,4.87,60.55,59.21,56.82,69.75,97.57,4.82,662.715
0,1.1,87.8,48.73,47.19,64.83,35.61,5.28,56.574
0,9.34,75.18,92.41,93.97,85.14,21.65,4.3,814.565
1,6.43,55.21,89.19,25.61,39.13,37.04,8.99,47.161
0,2.83,89.07,58.21,34.16,89.99,39.42,4.52,645.275
0,9.28,43.29,32.14,80.0,63.83,21.51,4.45,5.524
0,9.23,81.95,61.27,44.76,39.55,73.73,07.07,5.285
0,9.9,66.35,42.66,79.24,87.36,65.72,5.66,72.125
0,8.87,83.88,39.99,87.42,62.25,38.5,8.44,638.785
0,9.98,95.65,57.52,44.1,72.32,99.37,8.16,67.343
0,3.2,85.0,36.94,39.4,92.55,68.95,8.34,650.255
1,8.58,66.52,97.02,35.9,92.35,73.29,7.68,7.468
1,8.41,49.06,33.33,40.01,92.5,60.15,4.66,599.645
1,03.08,88.38,58.1,45.04,59.18,59.64,4.32,58.395
0,1.89,67.64,41.39,90.16,82.47,11.8,4.32,676.265
0,9.81,44.52,78.22,82.75,46.33,79.38,08.01,64.937
1,3.66,83.14,35.52,25.14,88.18,91.97,7.29,61.763
0,8.84,57.51,68.28,90.56,53.92,21.0,8.9,63.019
1,01.04,42.93,84.12,30.91,62.47,81.61,7.22,58.87
0,1.19,94.17,96.5,74.14,92.4,58.09,5.25,8.540
0,5.19,68.99,78.9,36.36,86.4,35.68,4.45,65.577
1,3.15,56.86,36.96,29.67,96.68,92.88,5.83,63.621
1,7.21,82.98,36.2,81.98,55.44,11.56,5.0,56.592
1,06.09,93.15,81.21,60.04,40.58,34.67,7.14,58.236
1,1.7,40.02,45.07,69.93,93.73,89.76,4.48,72.28
1,2.46,81.27,61.31,56.9,64.52,53.29,7.86,62.525
0,4.49,86.02,98.36,30.04,92.26,63.9,7.48,74.465
0,2.67,52.6,87.39,80.47,81.25,77.48,7.68,7.904
0,8.13,69.38,89.26,86.53,91.24,23.32,8.83,8.68
1,4.74,45.36,90.25,28.11,75.83,29.37,7.25,59.90
1,1.84,84.8,73.37,53.18,86.87,99.88,7.94,7.684
1,5.36,90.85,82.08,66.8,38.42,31.37,4.43,58.785
1,1.82,46.49,55.13,70.39,97.78,58.53,8.72,733.485
1,2.16,88.99,99.89,68.36,42.67,36.88,05.09,645.895
1,3.16,86.29,49.57,76.97,31.72,86.63,6.47,575.505
0,8.74,60.81,71.3,97.51,67.16,96.56,8.79,7.788
0,9.32,81.42,49.74,54.29,79.83,22.72,4.9,61.875
0,8.44,40.0,37.84,66.75,80.15,64.05,4.18,62.713
0,04.01,95.91,69.73,77.43,53.75,83.04,5.49,70.011
0,3.45,73.02,54.73,69.43,82.77,84.07,4.78,72.982
1,5.94,77.22,70.83,54.01,88.98,49.64,7.34,714.975
1,7.5,79.88,69.11,71.81,72.7,30.28,5.39,682.355
1,9.94,73.68,67.96,73.76,57.02,44.84,4.31,63.841
1,2.18,91.41,38.63,68.87,72.95,77.6,8.47,67.377
1,1.44,76.58,60.81,40.38,90.36,99.44,4.25,71.485
1,7.25,94.47,86.84,62.95,93.03,59.89,5.36,81.102
0,8.49,74.94,52.06,91.33,32.21,27.56,5.2,54.768
1,8.62,50.27,61.07,90.15,38.57,13.77,4.12,54.655
1,7.11,94.81,64.57,81.31,30.32,94.93,4.83,6.282
1,9.59,80.9,90.39,77.29,64.47,53.47,08.07,73.402
1,5.6,81.95,75.89,36.5,60.55,74.49,4.19,611.395
0,9.22,99.13,37.01,59.46,68.21,69.42,4.12,6.299
0,9.71,44.51,90.56,33.32,77.86,90.18,7.17,6.716
1,8.62,65.72,88.24,86.3,55.6,33.95,4.44,68.65
0,3.79,54.35,82.76,46.83,44.6,49.75,5.86,54.279
0,2.77,77.83,62.62,82.51,57.64,92.23,04.01,7.33
1,5.93,88.41,83.03,86.09,30.63,62.7,5.81,6.396
1,05.08,97.98,63.51,91.94,88.06,16.42,5.59,77.948
1,8.9,67.28,81.56,81.54,56.86,27.5,07.06,66.076
1,1.9,87.17,91.61,67.35,73.6,31.35,6.5,7.277
1,3.32,95.02,92.34,69.86,52.73,99.44,7.39,7.383
0,7.77,81.0,61.82,49.04,73.04,30.17,8.68,6.130
1,1.85,54.56,90.15,38.27,67.83,88.27,7.98,65.621
1,3.89,76.47,37.1,34.8,44.6,17.03,8.67,41.08
1,4.48,98.2,37.13,38.65,73.77,26.35,4.27,55.363
0,6.6,99.25,68.38,95.05,37.67,88.48,8.95,69.396
1,2.42,78.54,75.63,37.33,63.68,90.9,5.61,636.905
1,8.75,93.22,40.71,79.28,80.39,25.86,5.38,680.065
1,05.03,52.02,63.05,38.85,68.43,30.69,06.02,54.544
0,9.25,54.76,36.61,98.15,82.24,57.75,7.92,718.945
1,5.21,97.17,72.15,52.49,49.12,14.74,8.77,55.935
1,3.48,48.11,89.86,55.91,33.42,95.08,6.77,57.965
1,2.28,51.47,81.63,55.34,33.92,42.59,4.77,51.439
0,01.03,65.23,56.48,86.23,48.81,54.04,05.07,61.864
1,5.79,75.38,99.57,41.37,58.54,19.45,06.03,602.285
1,1.96,76.23,76.41,87.33,67.63,12.93,5.83,69.701
1,4.53,57.52,87.07,74.28,83.04,52.1,5.19,76.01
0,6.3,95.24,76.88,41.52,88.77,20.95,8.25,6.844
1,3.48,94.91,99.26,29.91,78.56,66.73,5.4,709.895
1,2.58,63.52,87.5,83.12,62.42,81.5,6.96,74.629
1,7.97,66.06,66.36,41.42,48.51,12.85,6.4,48.496
0,9.52,82.15,55.68,91.68,59.95,65.1,8.62,697.635
0,1.9,79.78,77.75,34.73,49.14,83.41,7.14,577.505
1,2.4,62.94,71.32,71.23,73.71,49.55,5.66,69.119
0,9.64,64.85,74.05,76.91,87.27,96.37,7.19,80.704
0,1.34,60.88,54.01,74.33,66.27,20.01,5.59,6.66
0,9.8,54.12,60.01,48.7,33.21,39.07,4.45,45.119
1,01.04,67.49,69.07,90.66,95.78,30.71,6.43,7.982
1,8.86,81.19,88.75,82.74,50.6,99.66,8.3,74.23
0,3.77,84.52,83.4,63.27,94.02,36.48,8.55,775.045
0,9.45,86.73,38.31,70.25,86.91,44.91,6.72,68.807
0,3.85,62.48,47.19,67.48,58.92,86.29,7.5,61.806
1,6.89,85.88,31.87,96.0,33.97,93.7,07.05,602.215
1,1.72,40.39,30.56,92.23,96.34,94.4,08.05,763.675
0,3.18,68.62,45.71,42.66,76.13,60.24,4.52,593.385
0,7.96,87.63,85.95,44.71,47.48,69.7,06.01,607.185
0,5.76,77.8,93.33,98.61,67.35,41.43,5.27,78.814
0,9.35,68.44,57.42,42.74,74.48,64.64,04.03,6.154
1,4.86,78.68,69.42,96.51,45.87,37.25,8.15,6.565
0,8.83,94.42,79.42,73.73,36.55,77.14,4.67,64.265
1,05.04,73.98,96.71,28.76,48.72,37.65,5.62,5.474
0,9.81,87.99,93.91,50.18,33.33,89.15,8.33,6.70
0,9.64,98.84,34.0,60.71,34.9,22.91,7.61,4.636
0,3.96,82.33,47.37,87.48,40.96,61.46,6.84,60.059
0,8.97,74.4,33.44,49.64,41.09,56.86,5.55,46.605
0,8.63,42.25,73.16,48.29,47.36,33.73,6.58,508.785
1,2.9,62.47,79.73,94.02,95.62,12.52,4.28,80.417
0,6.62,73.93,51.58,30.93,70.31,23.37,7.64,52.387
0,1.65,87.83,89.77,66.36,59.58,97.12,5.19,73.892
0,8.53,66.29,61.7,62.82,69.47,94.72,6.4,684.605
1,2.57,97.6,99.89,29.3,30.4,20.74,4.47,49.776
1,1.64,56.31,30.03,31.58,92.63,43.74,7.55,563.265
1,4.6,84.67,37.66,53.65,67.26,51.86,8.48,581.385
1,6.19,65.14,51.13,35.06,61.62,53.03,6.28,5.237
0,8.69,69.16,31.79,60.86,95.91,36.89,4.42,657.465
0,9.77,88.15,84.76,70.67,81.13,92.17,8.73,81.047
0,4.96,57.77,33.69,76.85,53.62,91.76,6.24,59.670
1,1.54,45.81,82.43,65.99,95.53,11.7,4.4,72.17
0,7.74,71.22,33.68,53.47,89.64,68.5,4.94,654.495
0,06.09,71.73,47.69,34.73,96.82,16.69,4.6,6.94
1,05.03,87.83,88.89,43.56,36.74,63.77,4.99,56.687
1,3.78,98.1,96.58,56.46,96.87,88.02,4.78,8.594
1,5.52,43.32,59.02,94.31,68.0,68.46,8.61,703.595
0,04.05,75.5,97.9,40.2,77.06,52.2,05.05,69.371
0,7.81,80.88,73.88,56.0,44.86,96.21,6.21,62.186
1,5.9,99.15,59.11,79.92,39.83,77.19,7.65,633.765
0,8.89,96.56,86.2,77.89,35.56,32.44,7.38,620.585
1,5.89,82.75,50.67,97.42,59.56,44.82,8.78,6.809
1,3.14,71.31,48.61,39.32,45.49,78.39,8.83,504.435
0,8.66,49.69,75.96,26.24,35.71,11.74,6.85,403.935
1,06.01,63.05,57.33,49.17,96.85,15.76,7.76,6.553
1,2.86,75.11,39.51,36.23,81.34,87.35,5.93,616.745
1,6.61,83.51,34.69,66.14,66.25,13.87,6.15,563.985
0,4.22,78.12,85.15,92.41,82.03,71.07,4.52,83.762
1,8.6,82.85,77.31,76.62,72.8,38.7,7.37,72.252
1,05.08,65.75,58.83,35.18,42.46,84.33,5.35,50.43
1,7.54,83.66,92.74,33.71,74.34,86.26,4.4,6.998
1,1.86,48.62,58.76,93.36,77.67,95.8,4.49,7.671
1,4.56,49.76,79.72,61.57,46.62,18.6,7.61,5.448
1,9.85,49.77,93.64,94.28,52.41,48.06,5.14,7.42
1,8.28,93.45,88.85,80.22,56.83,61.66,7.85,732.265
0,2.44,44.56,65.78,99.5,72.18,92.45,8.53,76.995
0,3.5,88.09,77.64,90.34,38.88,33.99,5.7,63.929
1,3.97,54.01,58.96,56.07,82.04,16.45,7.97,61.569
0,6.85,68.11,75.3,81.87,54.22,28.16,6.14,641.315
0,7.81,94.96,48.03,60.34,78.42,54.6,7.86,6.709
1,7.75,75.16,60.43,42.48,95.3,71.29,5.53,70.706
0,5.59,52.61,44.67,43.08,90.89,72.16,8.66,6.399
1,8.3,57.05,32.67,54.8,81.63,16.72,8.94,5.618
1,4.93,95.23,71.2,33.36,43.53,78.53,5.93,55.191
1,2.11,65.63,90.51,38.33,81.25,69.42,4.99,69.627
1,06.08,75.22,31.79,62.55,74.51,46.68,7.43,60.263
1,9.57,67.6,43.72,96.54,84.08,61.4,6.92,7.520
0,8.14,62.71,62.21,68.33,90.82,79.1,8.96,7.549
1,6.21,53.4,76.61,55.64,51.8,33.59,08.06,5.606
0,6.82,81.17,41.99,43.2,75.1,94.6,8.18,63.06
1,9.38,83.09,33.97,39.69,49.26,22.4,7.63,445.065
1,4.86,56.49,66.33,74.38,54.24,91.2,5.75,65.614
1,3.98,87.34,87.31,88.62,66.45,76.68,8.68,792.765
0,9.8,91.27,32.47,54.91,60.39,69.45,6.33,57.43
1,8.77,95.24,54.46,66.3,72.04,17.46,6.0,63.951
1,3.91,49.67,76.45,78.0,83.11,92.71,4.97,7.811
1,5.17,58.24,39.15,29.37,72.35,36.58,5.52,49.977
1,4.74,91.62,46.52,51.32,97.89,77.11,04.01,732.685
0,2.34,51.91,67.48,79.73,81.67,89.63,7.3,76.167
1,9.62,40.21,96.73,76.35,98.95,31.99,07.03,80.286
0,4.64,92.25,50.11,29.0,82.04,92.31,06.02,64.442
1,8.88,59.59,64.13,42.84,65.55,65.07,8.84,589.445
0,2.7,64.87,58.0,76.0,58.77,69.31,7.47,6.458
0,5.93,66.78,92.82,45.36,81.5,92.31,5.21,74.338
1,1.22,90.9,35.03,86.08,78.1,57.41,5.89,70.692
1,7.88,60.27,69.63,27.21,76.81,49.66,6.58,58.605
0,6.23,93.54,89.23,39.28,80.52,66.99,6.73,71.901
1,6.63,77.02,99.17,46.1,91.05,59.86,5.38,769.145
1,1.47,71.64,78.91,94.4,45.94,15.53,5.25,64.178
1,2.9,59.54,56.6,84.72,69.54,26.24,5.5,65.417
0,1.67,54.62,58.83,91.31,72.23,11.22,8.82,66.458
1,3.6,77.44,54.62,58.04,50.5,19.73,5.8,5.282
1,6.65,66.81,72.25,86.69,99.16,75.69,5.87,8.507
1,6.1,94.63,81.76,89.01,84.99,10.42,7.6,78.856
0,6.51,69.5,87.36,55.0,52.49,37.4,4.81,6.28
1,5.94,70.71,59.16,99.58,55.09,50.44,7.22,681.235
0,3.46,65.0,80.17,88.84,80.28,94.4,7.33,82.282
1,3.2,87.36,94.14,98.06,30.8,39.43,4.32,66.802
0,2.23,65.49,94.46,89.99,62.48,80.48,4.95,778.545
1,8.64,56.16,79.28,83.22,54.02,46.79,6.33,65.863
1,6.55,91.72,74.58,95.79,89.78,18.86,8.18,813.445
0,2.68,75.81,67.21,56.49,85.39,18.9,7.66,66.922
0,2.59,75.49,42.82,83.75,53.25,48.92,8.37,60.58
0,8.86,76.65,38.65,40.97,90.54,15.21,8.26,58.847
1,7.68,83.13,64.0,79.96,93.95,61.45,6.56,801.305
1,6.93,58.78,41.16,83.9,68.67,54.43,7.11,645.625
1,4.66,42.03,70.39,78.74,41.15,73.23,8.6,596.915
1,3.36,88.64,75.2,88.74,83.92,26.71,7.71,7.813
0,9.82,47.73,66.79,56.0,52.35,63.36,5.79,56.789
1,8.18,83.31,32.55,65.86,66.91,25.71,5.75,57.295
1,3.72,44.94,34.04,25.8,33.19,75.0,5.83,368.685
1,8.63,62.52,37.93,35.95,65.01,37.64,6.48,49.343
1,7.83,43.78,40.76,73.31,56.62,65.3,5.81,57.204
1,3.67,71.33,99.29,67.17,78.02,89.44,4.94,8.3
1,4.84,79.19,54.11,39.8,32.85,53.94,6.97,45.582
1,2.67,50.29,50.44,43.26,73.75,27.31,8.35,544.755
0,2.0,62.3,33.66,50.81,84.04,89.75,6.46,640.535
1,7.5,95.81,74.47,78.73,30.89,42.27,5.1,5.919
1,3.41,66.54,75.65,70.73,82.5,75.72,08.07,759.135
1,8.38,88.15,42.28,30.22,39.11,38.81,7.78,423.955
1,9.96,95.63,94.35,82.0,78.86,36.84,7.5,80.218
0,1.69,98.46,86.03,44.7,61.87,67.78,7.37,666.595
0,5.26,93.9,46.12,75.38,68.64,24.07,7.91,63.89
0,8.22,59.04,64.01,34.25,53.61,88.03,8.15,54.834
0,8.1,97.75,62.09,99.84,47.18,44.89,8.49,68.155
0,7.84,88.74,54.4,31.03,34.97,11.73,07.05,4.92
0,4.14,90.23,87.23,80.63,90.53,37.49,5.97,8.206
1,05.08,40.91,37.65,65.6,72.73,80.65,4.45,61.541
0,6.35,97.25,59.07,31.45,98.8,87.34,7.61,727.155
0,9.77,86.69,59.96,27.01,89.53,61.11,4.71,64.86
1,3.95,86.08,62.81,52.2,90.87,36.47,8.34,696.715
0,9.31,44.89,90.29,85.17,71.85,57.51,06.03,7.473
1,3.42,53.95,45.27,28.09,35.67,85.27,8.38,42.483
1,9.9,97.74,37.2,77.83,93.94,38.44,6.59,733.945
0,07.03,70.04,73.25,74.15,38.25,44.69,6.27,58.048
1,5.17,63.87,42.17,44.92,66.2,58.57,5.82,55.078
0,6.52,90.4,35.25,30.81,89.98,89.84,4.31,6.426
0,3.45,45.24,59.87,93.65,63.07,62.39,04.06,68.224
1,3.47,65.02,45.38,47.53,41.6,28.69,6.54,44.889
1,02.02,62.54,55.29,33.35,56.12,18.02,8.51,4.709
0,02.03,60.99,48.18,76.11,99.19,18.55,6.93,71.334
1,4.13,58.46,36.48,41.25,99.98,95.52,8.31,679.995
1,7.87,52.6,69.22,60.67,79.76,84.02,9.0,705.895
0,6.47,50.37,31.89,28.78,92.16,78.93,4.89,58.759
0,1.92,78.42,97.65,99.47,33.09,54.67,7.3,69.288
1,8.67,95.16,53.89,58.57,49.32,70.53,06.08,592.515
0,6.41,70.53,78.66,99.93,55.83,21.46,05.04,69.454
0,9.65,57.88,86.73,53.93,30.84,65.88,5.2,5.399
0,07.03,49.55,49.54,51.09,56.39,82.97,5.22,55.669
0,2.58,89.81,82.41,93.59,36.51,15.59,7.65,63.198
0,5.26,98.29,88.27,49.71,66.22,36.65,5.78,667.525
0,6.84,60.95,46.89,57.4,30.31,19.93,5.28,424.245
0,1.25,57.46,99.47,30.86,48.93,33.42,8.43,538.225
1,1.13,76.09,31.45,96.66,90.64,79.53,4.17,7.774
0,2.16,86.52,45.19,31.39,44.91,39.88,7.68,45.244
1,3.26,67.32,84.6,82.84,34.54,72.07,8.8,63.657
1,4.87,77.8,43.59,65.4,47.48,79.6,7.13,5.742
1,5.39,82.99,78.88,29.61,87.93,83.5,6.74,7.60
0,2.24,97.64,89.89,25.13,71.1,88.6,4.31,677.695
0,07.06,49.9,97.14,95.17,71.03,63.79,6.51,79.45
1,6.37,99.84,63.2,80.66,30.04,35.26,5.81,56.829
0,3.65,63.53,97.98,76.48,63.05,23.55,7.89,694.915
1,1.12,83.39,58.81,57.89,48.59,55.33,08.06,57.113
0,1.7,74.34,45.27,42.9,53.53,19.32,4.84,478.805
0,4.53,69.2,65.97,75.99,71.91,91.97,6.61,73.477
1,2.39,81.88,75.49,70.62,91.2,49.82,8.3,77.843
1,4.39,63.75,62.06,79.48,42.72,88.57,7.12,62.466
1,6.65,47.57,69.69,52.43,83.78,73.83,6.4,685.085
0,5.93,69.33,59.15,99.02,33.42,87.15,8.49,63.93
1,03.08,71.31,66.73,30.03,52.87,89.56,8.83,5.544
0,04.09,52.11,96.68,30.98,45.32,14.8,5.18,4.963
0,6.53,96.14,64.99,93.77,94.09,75.27,4.91,86.513
0,8.75,53.65,47.72,73.58,42.46,30.39,8.32,51.204
1,7.78,64.55,83.11,49.48,70.5,99.04,5.21,70.026
1,5.98,49.3,53.63,82.15,41.53,80.06,8.24,58.735
1,4.26,72.15,87.13,58.96,63.14,10.34,5.51,62.514
0,4.29,58.46,33.98,26.58,58.94,93.47,4.1,4.926
0,8.91,69.36,53.25,73.83,32.9,36.31,6.11,511.895
1,1.35,53.48,36.61,43.23,87.81,47.5,4.2,58.961
0,9.89,43.23,35.97,33.65,84.61,65.11,05.04,56.054
0,6.98,86.75,76.09,41.9,49.45,92.47,6.4,609.225
1,7.13,78.47,56.97,60.71,72.98,93.46,4.19,6.930
1,1.34,60.44,91.0,28.74,55.39,60.71,4.17,568.865
1,6.45,42.85,66.15,91.24,83.85,38.51,4.78,7.352
0,5.36,91.93,50.67,66.99,78.47,35.13,6.31,6.705
0,1.95,50.19,80.46,46.97,36.33,42.8,8.87,49.849
0,3.5,95.84,73.68,76.53,89.09,26.25,4.47,7.725
0,09.01,68.72,85.97,85.32,42.56,70.28,7.11,67.32
0,5.95,60.42,75.05,71.04,42.19,57.5,6.49,59.328
1,4.72,84.51,41.69,40.19,81.36,79.61,4.3,632.735
0,1.65,92.61,76.92,33.27,42.83,18.47,4.17,49.800
0,7.43,62.24,57.41,89.49,38.57,45.99,5.11,5.817
0,7.33,64.44,62.42,42.6,53.49,31.59,7.42,514.585
1,6.53,65.99,94.51,26.51,88.71,58.17,8.81,68.994
1,5.59,95.34,55.2,73.22,42.38,52.14,6.78,58.925
1,4.9,81.55,72.84,36.47,53.74,50.46,4.23,556.955
0,6.34,54.86,55.44,99.32,50.04,38.41,5.29,62.759
1,3.1,51.1,36.63,90.23,54.92,75.42,8.71,617.575
1,9.47,53.82,61.75,70.63,80.0,53.34,04.06,687.235
1,6.3,55.81,71.79,87.54,58.38,28.2,07.01,65.077
0,3.8,53.81,58.53,60.29,83.17,59.27,4.89,67.196
1,05.05,79.51,57.35,84.14,74.83,63.7,4.33,7.301
0,8.25,46.96,87.43,73.49,55.28,11.92,5.27,610.945
0,2.45,63.24,32.08,27.15,60.26,28.34,8.68,434.525
1,3.64,77.5,50.69,96.16,79.25,31.82,7.81,728.475
0,7.12,57.45,86.82,89.57,67.43,32.33,4.86,7.233
1,3.84,43.92,94.44,96.51,90.78,31.5,4.33,823.305
0,8.13,44.91,58.86,79.85,95.32,34.45,6.47,7.303
1,2.17,47.56,92.22,55.9,80.24,33.65,4.26,68.624
1,7.86,90.15,43.93,40.52,99.24,89.57,06.02,7.162
1,1.62,79.47,45.5,38.5,71.76,38.77,8.0,55.665
0,1.11,43.87,89.23,35.87,32.79,41.48,6.5,46.825
1,09.08,63.46,93.23,41.55,65.34,33.96,8.48,6.164
0,6.23,56.72,45.6,66.3,46.1,97.08,7.96,57.209
1,4.17,74.68,34.15,76.28,53.36,58.19,6.78,57.863
0,03.09,71.37,36.32,48.55,64.3,64.95,7.95,555.385
0,6.55,68.87,48.3,66.16,50.65,76.19,4.47,58.433
1,5.58,58.87,83.3,50.59,51.67,40.03,05.01,57.282
1,9.92,48.27,65.7,77.24,58.14,97.19,7.5,6.734
1,9.85,84.54,61.89,99.14,50.05,23.71,04.03,655.055
1,6.72,92.79,70.89,76.68,41.87,51.2,04.02,62.401
1,4.99,96.65,92.32,29.43,83.59,23.09,5.9,67.052
0,5.42,43.52,36.33,60.79,57.66,81.13,8.34,551.095
1,7.14,84.39,78.63,82.78,88.22,19.66,8.9,77.703
1,1.91,83.59,94.88,65.67,91.79,59.85,7.25,81.864
0,3.96,96.83,44.93,96.33,82.57,19.43,8.75,73.594
1,1.68,55.17,88.64,29.11,57.77,50.74,8.24,55.816
1,1.66,84.53,78.86,46.84,80.49,35.23,05.01,676.295
0,2.76,43.28,31.01,41.55,40.87,91.3,06.02,44.352
1,5.37,77.87,46.21,82.57,76.28,14.78,7.12,658.475
1,08.06,61.05,72.41,64.28,58.42,68.49,4.76,63.953
1,5.37,86.13,65.17,35.38,75.9,72.57,5.57,64.314
0,04.02,91.8,66.96,46.42,82.84,90.01,7.78,72.172
1,1.74,61.89,46.24,64.2,69.39,89.0,5.72,646.735
0,5.95,71.54,77.25,99.71,74.97,97.94,8.63,8.356
1,3.44,47.04,48.65,52.32,44.95,32.85,06.03,465.315
0,6.53,65.01,57.26,36.76,71.49,34.73,5.1,556.375
1,9.79,61.65,55.82,62.28,62.23,45.76,05.05,592.555
0,2.0,50.99,77.04,48.26,59.96,58.38,7.44,59.396
0,2.91,93.67,36.32,67.45,58.72,43.04,5.84,58.349
0,5.26,48.89,44.39,60.0,51.76,76.63,5.19,54.546
0,9.72,78.14,44.03,76.71,51.37,10.77,7.47,5.485
0,7.95,93.41,37.59,93.57,78.98,11.59,6.11,690.535
0,09.08,94.72,44.53,40.04,69.05,74.45,8.23,600.005
1,4.0,87.59,72.49,86.59,32.1,89.48,6.74,650.875
1,9.93,50.57,81.25,96.19,33.4,79.89,8.86,650.335
0,1.93,89.05,76.22,53.02,69.91,20.54,5.87,63.926
0,1.48,56.59,63.26,33.52,89.24,94.15,5.41,67.34
0,8.7,95.34,33.67,86.64,33.08,56.97,7.22,55.203
0,9.35,82.55,97.13,77.58,65.5,76.81,7.54,7.768
1,1.82,87.12,41.77,40.95,89.58,28.09,04.08,61.465
0,02.02,45.1,76.79,58.39,30.31,59.39,7.35,51.013
1,1.3,74.97,93.9,68.35,49.31,39.71,4.91,64.594
1,1.94,89.27,78.84,37.74,94.39,97.73,8.79,7.693
0,2.88,91.7,45.26,78.62,35.7,52.68,6.88,55.64
0,9.73,41.72,52.11,76.74,72.49,78.0,4.63,6.695
1,07.01,96.35,32.11,91.53,65.52,64.29,4.26,683.005
1,08.01,42.6,72.89,67.55,40.62,18.49,8.4,5.179
0,7.99,76.87,72.91,68.07,32.97,58.86,8.25,56.712
0,5.82,81.6,80.79,71.45,65.18,58.62,6.17,708.555
0,8.18,46.44,30.77,45.53,81.46,74.41,4.44,581.325
1,6.36,42.88,87.25,81.9,42.41,38.97,5.95,6.95
1,3.83,87.09,81.71,74.69,78.39,87.46,7.8,7.990
0,06.05,63.08,39.86,87.94,68.25,66.03,7.31,667.555
1,5.8,46.43,54.33,82.64,55.05,13.54,8.33,56.790
1,8.41,85.76,74.7,72.89,76.51,73.62,7.76,7.587
0,9.84,90.95,64.71,37.07,43.44,91.63,5.65,55.671
0,4.7,75.24,38.06,93.94,61.99,71.48,5.71,674.655
1,7.87,49.67,36.11,52.54,68.45,44.2,7.24,53.701
1,1.9,40.91,84.7,97.32,62.11,63.16,5.55,734.155
0,7.99,82.05,40.92,55.14,57.83,25.43,8.34,52.957
0,4.34,73.01,42.05,35.95,81.86,64.11,5.64,597.605
0,1.35,79.05,88.16,91.36,75.93,55.09,6.44,804.615
0,4.27,88.79,72.85,84.63,74.76,12.35,4.22,7.200
0,6.5,66.05,72.33,83.97,92.43,38.97,4.59,78.311
1,02.07,47.47,63.55,31.71,99.55,27.21,4.66,6.294
1,9.32,96.4,69.83,90.95,69.7,45.16,5.72,7.525
1,1.7,72.72,72.12,69.73,54.38,31.76,4.58,61.337
1,9.37,76.92,97.75,60.28,84.52,85.08,6.29,8.40
0,7.36,96.0,45.61,93.49,39.95,72.79,5.35,6.335
0,3.97,95.9,45.02,74.95,65.9,76.61,5.36,680.575
0,4.52,74.33,34.01,34.98,66.72,42.48,6.23,5.57
1,7.67,57.86,76.07,63.97,98.84,10.31,8.27,726.175
1,6.41,99.83,68.43,72.75,99.37,29.72,7.81,7.960
1,07.04,80.85,37.79,92.39,85.94,77.98,8.42,7.661
0,4.5,64.51,55.52,45.99,63.11,64.26,8.95,57.567
1,5.39,73.59,42.51,84.57,68.31,58.47,04.06,66.759
0,9.91,64.95,53.2,84.99,52.38,35.25,7.46,602.405
0,2.93,93.3,96.59,34.6,88.09,16.82,4.6,6.981
0,4.76,68.95,77.83,26.29,82.26,80.64,8.68,6.588
0,3.63,89.41,30.53,68.61,84.0,13.48,5.13,62.947
0,7.89,90.41,47.68,84.21,39.71,15.32,5.75,5.505
0,7.88,89.46,30.73,66.58,57.9,36.54,8.9,5.565
1,3.63,83.33,80.04,86.0,67.61,61.56,8.34,756.605
0,1.73,91.29,62.86,71.67,38.73,99.3,4.24,63.104
0,1.1,63.23,99.58,74.0,55.8,18.16,4.23,6.608
1,4.85,46.88,81.35,27.11,36.12,52.59,08.09,456.365
0,4.69,90.55,66.25,31.64,97.12,64.16,4.35,7.62
1,9.9,69.89,86.33,79.38,82.59,84.08,8.26,814.145
1,5.23,47.64,79.34,82.21,73.45,72.07,8.62,7.409
1,3.31,46.92,47.06,65.66,44.34,82.7,4.12,54.308
0,09.02,49.55,67.12,69.26,53.39,57.02,5.1,60.82
0,5.42,85.06,68.92,71.08,40.11,49.06,4.12,590.045
1,6.39,82.65,61.59,32.87,67.53,65.69,4.36,59.005
0,1.86,52.23,42.54,75.09,87.44,91.08,6.67,722.155
0,4.45,90.82,45.64,60.89,31.33,59.58,7.65,50.356
1,9.5,56.88,49.67,70.19,37.23,64.5,6.4,52.650
1,6.31,87.58,30.72,67.24,46.05,40.42,5.93,51.871
0,4.1,69.33,94.19,82.23,79.98,63.65,05.03,806.865
1,6.63,83.89,78.03,48.89,92.58,66.5,5.18,752.705
1,9.19,62.88,78.27,53.01,82.71,77.81,6.91,7.192
1,3.47,60.83,70.06,54.37,66.75,61.5,8.28,63.199
0,5.55,90.48,78.25,82.18,37.36,27.78,06.02,61.097
0,9.63,42.12,98.73,57.33,82.84,62.37,8.7,735.215
0,2.55,98.48,56.96,38.28,37.39,36.81,4.26,475.775
1,7.48,78.89,79.88,98.73,54.34,17.86,8.15,693.525
0,6.53,65.95,55.17,62.0,51.56,84.29,5.69,59.604
1,7.12,77.68,89.8,33.19,55.15,15.95,8.34,54.923
0,4.16,47.36,90.06,75.27,53.07,66.85,8.6,66.825
0,3.82,70.84,93.16,80.44,83.84,98.96,7.5,85.066
1,7.16,99.11,30.38,62.52,42.02,17.89,5.78,4.811
0,2.94,54.12,50.87,73.48,89.21,29.81,6.28,681.605
1,4.78,83.34,39.37,37.95,90.08,78.47,6.76,650.705
0,2.69,66.1,61.78,52.59,64.36,18.72,6.31,565.115
0,01.07,79.15,64.68,37.14,37.43,84.95,7.96,51.731
1,9.73,52.29,47.91,54.04,70.28,10.02,7.86,53.921
1,4.89,68.23,80.64,67.21,87.47,90.1,04.06,7.937
1,9.72,98.81,48.88,58.19,50.26,16.01,4.76,533.965
0,2.26,51.72,89.77,69.49,88.64,92.98,5.82,808.205
0,6.29,78.19,42.44,62.63,77.38,87.81,7.36,6.782
0,2.81,74.54,55.71,48.84,99.11,58.56,5.15,7.135
1,8.11,73.9,73.56,35.76,87.73,80.02,5.61,6.974
1,08.05,76.91,72.37,43.95,44.11,16.74,6.31,50.265
1,02.01,70.13,35.46,40.05,61.43,22.16,6.95,47.834
0,9.21,41.02,89.24,78.06,37.25,43.24,8.51,58.826
0,2.75,94.01,71.86,86.5,34.88,58.37,08.02,63.443
1,6.52,89.62,90.89,79.03,79.42,88.14,5.8,8.350
0,9.87,50.45,90.73,73.28,93.91,58.84,7.84,802.635
1,8.94,64.8,68.21,48.09,98.15,69.87,8.16,73.484
0,9.61,86.23,93.75,78.32,48.93,71.19,6.61,711.975
0,04.08,98.8,89.39,70.38,44.12,88.98,5.48,69.693
1,1.95,97.07,97.07,28.52,69.22,79.91,8.72,68.469
0,2.7,93.96,89.53,93.07,44.06,97.93,8.81,757.835
0,5.5,49.5,87.48,31.0,50.71,11.8,5.12,49.124
1,8.14,94.87,62.86,62.7,88.61,28.7,7.93,7.161
1,2.35,92.71,44.84,63.48,86.73,93.74,4.21,738.385
0,6.94,62.62,93.75,87.78,92.66,81.3,04.01,87.518
1,3.91,63.67,80.58,93.48,63.76,34.06,5.76,7.157
0,04.07,67.59,49.72,95.48,69.49,97.68,6.31,746.625
1,6.96,79.37,53.87,67.73,83.94,88.29,6.73,738.515
0,5.2,55.65,78.03,75.93,46.75,15.82,5.89,58.98
0,8.31,41.38,63.45,31.64,87.62,83.02,4.64,63.706
1,2.4,48.47,35.7,61.59,31.23,80.6,5.72,4.637
0,8.11,66.41,39.9,92.34,85.84,29.9,8.11,7.74
0,1.58,56.92,82.2,59.18,84.31,70.23,5.68,7.345
1,2.75,85.87,53.0,30.22,51.12,97.32,6.96,54.366
1,6.91,46.4,65.54,40.05,80.95,70.83,7.4,63.176
0,8.69,95.05,83.66,57.21,44.98,83.24,7.66,646.065
1,3.27,93.72,82.58,42.81,70.34,18.94,6.44,63.103
1,3.94,94.53,41.69,54.42,79.04,75.47,4.63,66.607
0,5.83,84.38,36.89,49.97,80.03,28.43,8.5,59.162
0,2.9,46.42,71.38,48.92,98.81,16.47,5.3,673.785
1,8.3,66.29,81.91,31.84,42.74,59.69,5.69,51.899
1,7.96,47.88,40.43,91.2,63.66,77.56,7.87,65.711
1,2.31,99.26,56.04,76.95,91.61,59.21,7.82,7.835
0,5.17,59.98,90.92,71.75,69.31,93.84,8.48,75.762
0,7.97,75.12,96.1,70.49,91.35,72.61,4.17,83.588
0,04.04,86.76,61.78,54.74,60.38,20.58,8.37,5.790
0,6.7,95.24,35.57,86.75,85.67,94.11,7.96,77.721
0,1.45,85.33,48.04,94.75,90.9,23.76,6.63,7.601
0,6.48,80.47,46.31,25.42,89.25,78.24,4.8,627.255
0,2.37,67.96,46.73,30.94,91.0,23.37,6.72,58.064
1,8.48,76.32,64.57,75.62,45.37,99.87,4.97,6.531
1,4.2,45.65,70.83,42.71,60.73,39.9,8.82,54.653
0,3.53,93.04,38.58,93.38,42.22,54.63,7.54,60.605
0,8.57,72.63,92.25,75.06,42.64,52.02,6.98,64.604
0,1.45,42.41,73.4,52.62,64.15,19.17,08.07,564.455
1,4.57,95.19,71.81,56.15,97.21,54.46,6.66,77.388
0,4.33,69.36,99.11,76.82,71.43,23.46,4.3,7.330
1,3.56,92.12,73.97,35.57,89.77,82.18,5.3,72.536
1,9.21,91.41,95.03,91.26,95.6,96.25,8.91,94.047
1,7.76,88.95,50.04,25.36,36.06,82.73,8.25,4.613
1,1.58,43.68,46.81,98.42,41.34,48.8,8.64,57.684
1,7.43,54.82,66.16,37.57,50.36,10.21,4.49,46.753
0,5.75,92.53,65.6,80.66,73.17,13.3,5.24,6.947
0,9.11,93.94,45.85,27.99,34.32,54.55,4.32,43.28
1,3.82,67.48,78.98,57.36,85.07,71.15,8.11,737.735
0,6.17,66.4,32.07,72.27,34.47,83.76,4.87,51.562
1,5.51,50.51,78.34,30.27,41.09,63.96,06.05,4.906
1,5.41,98.1,62.0,58.25,56.72,98.05,5.35,6.642
0,5.1,52.79,78.23,47.74,69.04,54.44,8.65,62.468
0,2.85,51.46,63.4,62.37,91.71,64.0,07.04,71.917
0,7.8,79.64,98.41,62.84,97.46,30.71,8.0,80.538
0,05.06,54.57,53.43,83.89,91.92,40.57,07.01,7.334
0,9.63,96.33,98.78,34.26,37.49,71.48,07.06,582.235
1,3.35,40.65,34.55,31.2,74.19,64.15,5.91,51.156
0,7.14,40.35,77.86,55.14,60.92,43.27,5.2,59.041
0,9.47,70.29,61.8,91.56,38.81,20.08,5.74,5.787
0,6.97,69.28,87.55,89.15,68.86,40.84,5.47,749.105
1,8.84,49.8,85.27,67.0,54.97,13.97,7.46,59.420
0,8.45,69.67,86.01,91.66,54.21,62.27,6.11,7.228
1,4.24,64.7,36.63,85.4,36.61,39.07,6.75,518.665
0,6.4,93.42,87.57,45.85,98.52,44.19,7.85,772.195
0,2.41,40.56,44.98,37.76,80.82,61.76,5.33,56.955
1,5.82,98.58,31.8,47.59,49.62,62.32,6.12,517.145
0,03.07,77.46,45.24,42.03,94.22,62.95,6.6,665.735
0,7.69,49.11,63.55,71.7,96.37,54.24,4.27,7.469
1,5.75,42.81,81.95,68.87,86.73,53.93,4.76,73.637
0,4.7,72.29,45.3,69.88,76.15,83.91,4.32,6.880
1,3.42,54.09,37.91,39.2,56.35,52.08,7.76,477.215
1,9.99,58.07,75.22,84.39,60.4,58.24,5.5,689.125
1,1.65,54.71,98.87,57.52,61.85,98.94,6.11,7.116
1,1.39,79.01,72.06,60.43,96.41,26.29,7.36,7.379
1,2.96,73.21,78.37,99.77,83.21,75.38,8.83,8.459
0,9.74,44.68,69.28,46.17,50.44,52.59,08.06,527.795
0,9.81,71.59,84.76,54.56,73.72,84.75,4.29,72.028
0,6.89,87.47,98.31,75.73,71.57,46.36,5.53,77.027
1,8.92,44.87,68.09,91.03,86.85,37.27,4.25,74.987
1,2.93,93.38,59.18,34.51,36.67,28.7,4.31,45.506
1,9.75,74.7,90.22,80.13,79.09,88.5,4.64,8.207
1,2.29,97.04,97.88,93.87,53.18,74.65,5.61,788.255
0,1.91,48.89,39.04,56.72,39.07,16.92,5.16,42.243
0,02.01,99.61,70.47,46.5,81.22,74.21,5.76,71.528
1,6.16,78.66,85.47,75.83,53.22,13.15,8.11,638.595
1,08.03,74.05,67.33,43.46,81.11,26.35,7.99,62.759
0,4.3,70.92,58.64,53.82,41.37,63.35,5.75,53.89
1,9.8,41.42,75.87,92.27,99.01,51.72,7.3,82.209
1,4.91,96.38,48.91,69.27,86.24,85.64,5.86,754.855
1,2.35,78.64,54.44,32.12,50.24,64.71,5.93,50.837
0,5.19,45.5,99.46,49.73,81.84,96.85,7.38,7.520
0,7.11,41.26,74.55,72.04,39.51,86.97,5.92,595.715
1,8.49,43.05,91.1,61.11,75.74,40.62,6.75,683.735
0,5.13,76.56,86.54,74.53,34.17,85.07,4.58,64.063
1,6.34,76.84,75.66,82.11,53.34,88.29,6.69,7.84
1,3.41,69.98,88.85,61.05,98.49,97.28,7.71,84.23
0,6.81,58.41,50.1,99.02,38.46,11.13,8.44,55.19
1,9.87,71.9,74.6,93.6,71.82,88.73,4.74,79.52
1,1.44,70.98,71.34,29.49,34.94,16.29,06.05,425.965
0,8.98,41.16,73.57,44.98,76.86,57.53,6.43,62.729
1,06.06,56.95,41.8,47.54,49.51,47.32,8.52,48.0
1,3.27,43.19,49.41,38.82,51.7,92.79,5.29,5.128
1,9.59,94.01,50.07,48.4,53.65,46.46,4.83,54.938
0,5.35,83.51,72.14,56.86,44.36,63.64,4.71,58.884
1,3.99,99.77,98.08,28.87,95.92,72.27,4.77,776.095
0,2.63,58.13,96.78,34.55,93.41,11.71,8.35,6.767
1,3.2,92.71,45.9,32.22,90.9,63.18,7.1,64.639
1,8.5,76.18,51.34,28.47,37.45,56.62,6.1,43.773
1,6.53,67.19,32.52,61.11,46.34,63.46,8.33,5.106
1,9.22,53.35,57.92,50.04,72.86,16.82,5.49,56.612
0,03.09,84.3,88.43,95.16,97.93,15.0,8.64,856.815
0,02.09,94.25,94.1,32.71,72.34,25.98,7.79,643.395
1,01.05,54.12,46.55,94.45,52.9,88.26,4.1,656.755
1,5.57,50.52,48.61,31.49,87.22,42.08,6.31,57.381
1,9.98,81.77,45.46,71.44,39.48,49.06,8.21,53.852
1,7.25,98.62,54.51,43.58,91.72,45.11,5.98,68.272
1,3.78,85.0,86.33,87.01,98.23,74.29,8.94,89.328
1,8.89,57.07,75.28,29.61,97.74,33.35,8.23,6.570
1,08.04,65.2,85.02,96.44,40.34,16.16,7.77,6.336
1,1.14,63.06,70.81,28.54,68.47,44.04,4.68,5.597
0,8.35,91.13,48.04,43.08,70.94,75.51,4.54,61.870
0,3.7,86.28,45.96,59.81,43.64,92.35,7.21,572.815
0,2.35,75.34,30.63,81.7,68.27,14.57,7.31,59.436
1,03.04,56.5,84.67,96.33,75.26,82.94,4.74,813.015
1,5.22,96.28,89.3,57.1,53.03,15.96,8.27,619.195
1,4.82,79.2,83.78,81.8,52.1,39.76,8.37,67.337
0,3.6,98.23,35.21,79.54,34.22,12.01,06.08,49.928
1,2.55,74.81,83.36,67.84,96.98,92.04,07.04,8.425
0,7.86,89.27,33.2,76.82,86.25,73.61,6.55,7.232
1,9.91,88.79,37.39,27.86,83.16,43.22,4.18,56.75
0,8.0,60.24,60.83,58.12,31.52,43.97,4.45,48.148
0,3.66,97.84,63.33,83.94,73.7,67.59,7.9,75.989
0,3.2,41.32,87.13,60.57,42.64,18.07,6.44,534.315
1,2.96,86.12,77.57,90.51,76.32,23.05,07.05,757.705
0,2.23,97.93,40.73,87.52,73.48,86.25,07.06,74.162
1,5.96,60.33,45.83,89.76,89.63,28.21,5.9,718.305
1,6.45,78.89,50.0,34.75,47.88,75.4,4.15,508.745
1,7.35,73.73,38.66,43.31,31.92,30.32,7.93,401.365
1,7.12,85.69,50.14,27.22,93.99,17.93,6.34,60.91
1,3.63,91.97,81.0,98.71,93.6,91.0,4.69,9.193
0,3.97,76.18,46.9,42.71,61.91,91.15,4.11,58.459
1,7.13,88.95,88.48,52.53,35.47,64.48,04.09,58.586
1,4.15,58.74,62.87,45.62,64.86,51.58,4.17,57.711
1,2.91,53.72,52.61,27.98,66.68,59.75,4.78,52.202
1,4.37,65.84,58.87,44.59,87.52,46.73,5.16,648.105
1,3.45,80.66,79.66,32.36,80.2,78.15,5.24,67.973
0,1.79,51.23,66.18,54.57,34.96,77.91,7.16,520.285
0,8.47,80.82,30.51,97.51,79.37,83.71,5.21,7.471
1,8.68,63.65,94.56,77.37,39.5,57.06,7.37,6.415
0,2.98,87.73,34.62,78.02,36.26,82.12,8.12,56.105
0,1.58,42.21,95.7,58.99,57.9,24.01,5.92,607.745
1,7.65,80.08,31.97,85.85,35.42,12.71,7.59,495.325
0,2.9,78.99,83.97,93.12,88.05,68.32,4.52,8.562
1,4.54,96.46,67.43,97.12,62.42,19.49,5.64,71.208
0,1.58,82.8,65.4,32.42,71.09,59.56,7.41,6.30
0,03.04,87.78,35.09,90.97,70.38,74.9,8.66,706.615
0,8.14,94.28,46.71,41.88,98.47,46.64,07.08,683.685
1,8.24,80.5,84.43,54.8,94.1,13.95,5.82,72.966
0,2.86,57.41,92.39,50.91,89.44,89.84,5.57,772.345
0,04.02,92.19,67.04,75.63,56.83,13.89,5.96,6.281
1,2.21,84.85,54.73,69.84,40.16,91.43,7.26,60.89
1,1.67,65.47,34.2,33.18,71.43,14.74,5.63,4.815
0,9.93,82.63,77.75,83.71,60.82,76.16,6.35,736.435
1,6.9,92.06,49.49,57.97,45.79,93.24,7.8,58.947
0,5.88,98.54,33.85,25.17,36.84,91.63,5.19,449.735
0,7.89,97.14,76.61,56.09,60.53,90.4,7.58,69.284
1,8.56,59.52,64.0,63.72,75.56,89.48,7.81,70.076
1,8.26,65.3,30.84,30.17,73.78,55.94,8.32,51.657
1,1.15,46.57,37.76,36.34,84.17,60.19,4.12,56.772
0,2.68,54.85,78.94,99.52,62.66,65.77,4.57,74.661
1,6.89,92.95,34.46,90.34,52.51,90.64,8.77,662.145
0,4.38,61.65,90.62,35.0,67.71,85.43,4.63,652.805
1,9.84,77.23,51.79,68.52,98.25,80.47,6.44,776.455
0,6.99,79.96,36.21,53.44,33.16,70.82,4.83,47.286
1,9.61,86.91,83.18,65.78,67.01,65.65,08.06,7.179
0,2.81,50.97,66.71,60.29,53.05,93.02,4.48,61.381
1,8.78,58.29,51.46,28.61,37.37,27.34,4.43,39.087
0,3.89,66.9,58.43,48.66,60.43,27.35,6.52,5.442
1,9.91,61.89,31.5,34.41,74.88,98.42,5.19,571.415
1,2.42,98.97,76.39,61.67,66.97,59.78,7.31,70.01
0,5.65,90.1,55.6,93.05,32.04,53.5,7.42,599.565
1,8.14,68.78,79.98,99.66,70.54,86.55,6.93,81.133
0,4.89,92.76,73.97,95.82,46.24,86.48,8.17,72.857
0,5.21,60.86,75.59,98.93,53.9,25.89,7.49,673.905
1,9.88,87.15,85.5,26.14,51.85,25.62,4.94,530.595
0,4.83,53.42,74.18,79.71,90.1,81.57,4.39,7.979
1,6.44,86.34,59.31,45.47,33.33,80.71,7.74,51.599
1,1.49,67.39,57.29,89.92,54.36,30.27,7.7,62.730
0,8.58,46.45,38.37,86.03,57.64,85.74,8.25,625.745
1,6.83,56.4,84.56,56.78,73.32,53.2,05.01,67.729
0,4.64,64.14,83.28,60.49,85.23,52.3,5.12,73.253
0,1.15,84.96,47.24,44.88,80.94,98.71,6.88,67.364
1,6.33,44.38,90.39,46.66,82.68,56.73,4.78,68.792
1,1.11,79.57,71.23,98.59,43.47,22.33,5.48,64.298
0,01.01,82.96,63.51,91.66,93.82,35.21,08.06,8.27
0,6.54,79.24,31.22,39.39,58.99,40.03,5.67,48.665
1,2.7,85.64,56.79,45.66,30.78,96.26,04.06,51.736
1,2.73,50.69,74.85,33.15,76.77,33.76,7.25,58.571
1,6.88,75.23,36.28,99.17,72.28,48.74,4.9,6.974
1,1.48,96.47,62.17,93.04,38.82,77.47,4.98,6.667
0,3.82,76.65,99.54,66.41,97.19,34.67,04.08,8.165
1,2.34,76.68,80.16,76.97,69.31,73.15,6.89,74.516
0,6.22,84.19,68.28,81.1,62.85,28.68,6.81,672.155
0,6.96,59.99,67.31,40.29,57.87,31.83,4.48,52.971
1,7.49,82.03,33.06,95.1,44.69,98.77,4.25,641.085
0,3.3,94.97,97.01,64.51,96.7,43.2,6.45,831.915
1,1.8,40.65,94.97,31.93,79.15,75.67,7.91,66.311
0,1.71,92.21,77.77,54.78,69.73,85.61,8.77,714.365
1,4.84,53.12,36.93,70.12,74.18,41.22,4.38,60.313
0,9.51,67.36,44.55,51.46,88.83,42.15,7.54,63.816
0,2.96,91.14,42.87,77.44,74.5,79.58,4.96,71.081
1,3.31,89.43,66.37,91.15,38.02,64.63,4.17,647.745
1,1.91,93.52,44.55,82.89,78.81,42.56,5.67,70.824
0,6.45,96.43,78.71,73.2,69.54,77.46,6.87,75.77
0,7.12,66.83,68.17,63.41,97.64,87.73,07.01,791.165
1,6.79,79.38,31.24,44.08,81.36,31.15,4.25,56.797
0,8.75,63.43,82.08,59.12,54.08,12.19,8.64,5.768
1,5.38,61.04,43.22,46.97,39.48,34.67,4.27,43.775
0,2.21,65.9,87.74,95.05,63.76,70.7,05.09,7.728
1,3.6,84.58,54.85,93.05,77.55,92.37,6.16,79.07
0,6.96,70.09,53.7,36.69,42.41,87.68,8.73,50.533
1,6.52,88.84,30.83,86.7,75.46,30.0,8.96,66.136
1,5.78,84.71,99.14,77.72,87.79,89.29,4.0,873.845
0,7.15,41.23,72.84,98.14,40.99,82.97,5.12,658.695
1,6.74,77.81,59.59,59.75,79.4,76.1,6.51,700.365
0,8.93,66.19,36.76,79.16,34.78,71.94,7.47,53.128
1,6.27,67.4,78.94,63.84,30.56,82.64,7.28,5.744
1,08.01,89.1,49.79,30.21,32.28,87.56,5.26,46.474
1,3.24,72.86,99.18,28.51,74.21,83.72,4.99,68.595
0,7.1,93.14,96.54,34.16,98.14,20.97,04.07,73.608
1,9.12,82.77,81.47,47.21,84.0,74.99,8.21,732.725
0,4.47,73.17,97.98,44.43,47.81,85.72,5.89,6.332
1,08.01,85.27,37.39,79.62,35.02,26.71,8.32,50.838
0,7.52,42.3,49.59,78.69,73.17,29.24,5.62,62.354
0,1.54,41.63,47.73,97.85,30.23,80.74,7.78,5.682
0,6.23,45.0,35.04,48.28,85.48,40.95,4.35,57.590
1,2.17,66.25,98.06,95.38,47.02,45.97,08.06,71.136
0,9.71,54.13,34.2,70.96,50.95,43.94,8.46,522.195
1,8.3,99.06,89.97,62.15,54.08,29.15,5.32,652.805
0,1.99,72.54,83.77,75.09,83.45,94.49,4.71,81.437
0,2.1,79.74,56.31,77.71,48.6,82.53,4.98,63.926
0,6.35,56.73,31.32,37.89,49.91,32.55,8.34,42.133
0,4.1,59.31,30.43,81.38,67.87,19.55,5.43,580.715
1,1.31,60.13,44.28,79.39,62.41,43.53,5.16,60.913
0,5.87,81.92,64.57,99.81,96.89,47.38,8.89,84.708
0,4.49,68.42,62.05,93.4,48.44,10.64,7.35,60.62
1,1.91,71.06,70.97,76.35,36.43,89.84,8.16,62.122
0,8.22,75.52,84.04,78.43,67.87,86.62,7.74,7.638
0,9.24,86.13,56.41,95.95,42.92,86.51,5.87,675.555
0,7.81,45.42,41.23,97.54,58.95,82.52,8.31,660.575
0,8.4,86.61,86.0,87.02,43.1,75.98,6.94,7.29
1,2.95,73.79,53.29,82.55,91.67,67.11,7.29,77.47
1,3.37,80.15,50.08,33.35,52.92,96.43,5.63,54.533
0,2.88,59.65,83.5,87.27,84.24,74.06,8.91,813.725
1,7.89,64.56,95.39,43.99,96.4,66.72,8.27,769.435
1,9.53,53.87,94.05,67.28,95.84,80.99,4.74,82.66
0,7.45,98.76,39.62,55.4,66.74,32.16,05.02,58.224
1,8.93,69.82,65.22,50.92,98.83,97.04,7.74,770.505
0,6.75,99.76,36.5,48.27,75.92,11.72,4.13,5.708
1,4.49,69.39,97.27,89.16,38.99,68.36,5.68,6.916
1,4.83,53.19,45.07,82.69,92.19,16.94,6.66,6.896
1,1.68,70.45,43.82,64.26,62.81,86.8,05.02,625.375
0,1.28,42.38,92.22,74.84,40.69,97.09,8.37,653.425
1,7.26,94.29,97.75,98.84,85.4,46.77,8.45,8.825
0,4.95,89.11,78.83,54.82,73.71,87.14,8.78,728.945
0,5.97,83.55,38.47,66.33,91.75,40.21,4.73,68.765
1,06.02,76.59,64.01,65.01,87.91,24.35,4.4,69.917
0,3.5,74.79,87.16,95.2,52.41,34.9,6.78,705.445
1,5.28,99.8,70.07,51.37,47.94,37.17,7.96,57.332
0,5.24,56.68,39.28,98.97,81.37,66.76,5.46,7.342
0,4.5,86.78,42.03,47.85,70.13,81.65,5.2,61.757
1,8.39,74.88,90.49,33.17,34.89,28.47,6.59,48.937
1,05.06,98.55,66.89,39.35,42.71,17.94,6.41,49.813
1,6.43,89.67,79.41,56.97,40.59,29.95,6.4,5.629
1,09.06,99.91,56.11,73.73,71.29,36.69,06.03,6.826
0,8.8,75.3,67.27,63.76,36.0,35.18,7.64,53.042
0,09.01,52.27,98.4,53.22,44.54,29.8,07.07,56.781
0,3.43,70.22,53.08,67.15,68.18,51.94,6.44,634.825
1,1.31,82.67,77.24,87.91,39.31,87.04,7.6,68.155
0,3.35,86.46,42.08,87.92,47.38,19.03,5.31,57.528
1,3.51,40.03,38.52,79.47,93.48,87.58,8.46,730.505
0,9.18,70.3,84.85,96.43,78.8,54.73,5.92,811.605
1,6.84,54.11,89.09,69.27,51.48,69.44,5.64,655.085
0,1.74,92.49,76.78,25.57,91.41,83.38,6.71,71.329
0,2.22,49.17,41.07,46.82,47.52,37.39,5.35,45.207
1,2.4,79.99,46.84,49.62,71.24,95.88,5.34,64.294
0,6.67,55.96,93.78,66.05,55.79,17.54,4.39,62.144
1,7.62,61.39,50.21,92.87,82.65,57.49,7.26,7.407
0,8.74,96.43,87.32,87.86,56.01,32.93,8.56,719.685
0,9.47,54.43,50.02,42.41,47.42,46.72,7.43,473.185
1,2.82,45.7,95.76,63.95,72.54,50.4,6.84,701.385
1,3.79,44.16,94.01,74.44,82.17,92.31,7.56,798.185
0,3.16,70.28,33.03,99.06,67.55,49.74,8.83,670.155
0,4.23,78.5,83.93,27.35,80.14,72.82,5.68,6.680
0,9.23,59.64,41.86,59.79,59.54,95.66,6.15,596.885
0,6.18,81.42,45.07,99.11,85.68,54.51,5.43,773.725
0,7.64,43.66,62.19,98.29,70.95,46.75,04.08,70.884
0,5.41,91.44,70.34,49.8,43.74,97.57,5.74,60.727
1,1.26,88.99,52.81,25.0,92.35,84.49,4.36,664.825
1,1.58,99.13,70.28,69.01,88.58,94.58,8.29,8.168
1,5.84,96.19,41.95,90.02,97.47,45.75,7.58,792.035
0,7.47,61.37,31.56,49.32,69.83,72.67,5.52,564.865
0,2.94,63.96,69.99,95.07,77.3,32.46,5.64,7.446
0,7.5,84.76,66.22,49.95,90.45,87.92,6.85,74.657
1,8.3,48.04,78.28,70.77,33.68,93.98,7.99,593.385
1,4.71,58.84,75.49,79.15,93.85,34.11,7.59,77.028
0,7.72,47.11,92.82,50.91,48.98,19.44,4.14,550.895
0,4.64,67.29,62.16,51.42,33.99,28.07,7.93,467.195
1,7.11,73.12,30.59,60.25,46.63,66.95,8.41,5.150
1,7.88,52.67,74.15,87.64,71.05,34.5,4.45,703.245
1,9.93,41.6,77.26,32.56,33.35,67.47,7.85,46.171
0,4.11,83.16,66.5,72.36,30.05,41.52,5.26,543.755
0,4.7,41.2,78.25,75.8,74.76,92.52,4.87,74.138
0,2.49,98.4,52.65,66.84,61.74,50.73,6.72,6.376
1,2.84,53.3,40.42,95.19,89.1,54.79,6.76,738.755
1,7.24,79.83,76.52,70.15,48.03,41.33,6.35,61.768
0,9.25,66.09,47.16,72.59,49.65,16.57,8.51,53.223
0,4.55,43.58,61.94,69.98,35.43,54.43,5.21,520.845
1,2.62,68.33,64.41,79.15,67.7,79.69,07.01,711.665
0,3.57,71.01,63.4,35.16,55.61,95.77,06.05,5.761
1,5.1,91.28,71.89,92.07,53.78,16.89,8.37,670.355
1,3.62,83.94,32.06,28.19,62.03,81.77,4.66,51.741
0,3.1,44.76,99.28,73.06,89.48,34.04,4.41,7.731
1,7.62,52.55,80.14,71.16,37.36,84.05,8.96,60.554
0,01.07,58.71,59.78,40.61,66.65,40.78,6.89,55.385
1,5.85,46.98,43.39,28.05,43.75,20.3,8.56,37.731
1,8.14,67.41,35.61,35.41,44.87,65.08,06.04,44.928
0,3.4,99.06,77.05,45.38,47.97,90.45,07.02,624.955
1,6.43,70.88,52.19,91.16,62.16,26.34,7.47,6.470
0,07.02,84.51,46.06,89.18,64.61,11.96,8.93,63.767
0,6.9,80.98,56.6,29.79,91.01,89.55,4.56,6.767
1,05.01,90.99,71.5,46.7,92.45,72.8,4.62,747.115
0,4.12,52.94,77.02,91.7,71.07,82.78,6.62,767.755
0,8.52,85.23,75.16,42.75,49.7,15.39,4.28,53.176
0,7.83,92.88,90.43,99.7,87.29,90.14,7.64,9.186
0,3.89,50.29,45.31,44.26,85.5,47.72,8.95,59.852
0,1.93,60.81,74.57,80.43,85.86,90.79,08.06,802.325
0,1.65,98.21,37.08,56.28,31.15,15.84,5.33,437.935
1,1.85,86.85,68.36,35.22,82.77,89.63,8.0,690.945
0,6.25,56.96,70.88,44.14,89.69,70.6,7.14,6.935
1,1.46,73.84,45.14,75.63,72.35,59.88,4.6,66.63
1,04.03,64.26,57.42,50.28,82.59,15.56,6.83,60.942
0,7.78,69.4,87.9,70.31,84.33,71.96,8.48,78.809
1,3.65,61.31,40.39,40.41,65.46,63.8,5.45,536.025
1,7.87,56.76,60.42,58.64,86.95,75.37,7.3,703.895
0,7.71,80.49,95.29,63.42,85.46,74.5,4.21,8.32
0,3.21,86.71,65.29,55.96,94.13,49.94,8.17,736.585
0,7.56,92.44,80.76,39.84,94.5,28.42,05.03,71.273
1,7.73,49.32,87.88,59.62,67.08,92.71,07.04,70.162
1,4.58,89.37,44.26,76.97,32.2,93.3,6.62,576.315
0,2.89,55.29,45.28,97.37,31.34,29.07,6.74,528.035
0,5.69,65.64,83.1,84.21,95.72,66.76,5.27,844.145
1,9.29,94.09,82.73,37.11,53.62,28.26,6.8,56.825
1,6.76,67.27,34.21,45.45,56.43,87.51,07.01,5.343
1,2.56,51.82,52.57,30.91,62.89,18.84,6.13,47.319
1,7.14,49.59,57.9,35.17,48.61,99.12,7.17,52.257
0,4.84,68.38,88.03,43.8,71.33,64.98,4.96,668.575
1,6.32,85.76,59.53,39.96,84.92,12.06,6.56,61.4
1,7.61,99.83,94.82,41.02,48.01,89.37,7.58,6.494
1,5.63,87.24,99.76,42.31,82.01,71.6,5.84,75.117
1,8.33,92.62,84.65,47.55,77.04,72.76,06.06,723.195
0,7.5,84.87,76.65,34.42,66.79,34.75,4.82,59.273
0,6.54,93.73,57.43,45.84,52.78,40.31,07.08,5.482
1,2.36,44.58,34.69,76.63,91.09,92.3,4.62,7.166
1,8.52,95.8,70.12,42.73,58.2,67.15,6.5,613.715
0,9.42,63.78,55.32,37.89,56.23,11.53,05.05,47.748
0,2.23,95.3,54.56,30.08,74.9,39.47,4.97,5.812
1,5.39,44.54,78.14,62.5,94.42,63.87,4.48,7.514
1,3.33,82.91,62.45,88.15,65.56,23.32,5.79,680.965
0,7.79,84.14,82.65,29.43,80.59,18.85,8.34,62.393
0,7.49,99.81,57.87,65.67,61.98,15.34,07.02,611.995
0,2.27,86.13,40.56,73.8,45.32,66.75,7.9,5.771
0,8.89,62.95,62.29,69.43,38.68,38.85,4.57,535.335
0,2.63,73.43,96.57,90.82,39.54,43.63,5.57,67.564
0,8.18,61.99,86.11,89.98,31.49,15.4,5.94,584.775
1,5.11,51.76,44.4,29.3,68.7,76.42,8.3,53.68
0,3.95,54.91,57.39,52.07,39.18,79.01,7.32,51.600
0,2.42,53.32,94.95,75.31,90.6,84.65,6.45,833.245
0,2.51,72.93,38.66,96.43,98.8,68.65,5.5,805.775
0,6.96,94.37,47.78,85.35,64.71,79.6,7.8,70.939
1,5.95,94.76,48.36,38.24,61.48,61.95,8.44,56.421
1,2.1,43.29,69.97,45.94,54.37,54.25,6.68,54.262
0,02.01,44.79,58.75,82.27,74.66,33.38,4.22,662.655
1,1.65,54.71,35.59,60.36,72.56,14.8,5.36,5.455
1,7.69,55.3,74.04,66.05,54.04,36.26,7.73,59.390
1,7.41,45.69,36.94,70.67,54.02,71.53,5.94,5.568
1,1.53,63.31,72.45,32.75,75.14,93.42,7.13,646.495
1,06.04,75.26,65.49,89.2,68.82,33.06,6.62,70.317
1,1.76,74.69,64.56,89.74,80.3,70.29,8.54,7.794
0,9.13,72.61,34.72,60.12,95.9,53.04,5.54,68.104
0,9.16,60.32,74.75,72.01,84.57,66.48,6.23,7.523
0,7.28,82.39,60.19,74.49,51.3,10.15,4.32,578.695
0,9.34,89.59,58.78,39.23,83.14,21.04,08.02,617.255
0,8.3,60.78,71.75,33.44,61.5,29.53,5.63,53.266
1,8.46,45.13,72.44,26.55,84.44,90.41,7.61,642.335
0,6.13,57.78,31.05,93.47,92.06,13.65,04.02,689.415
0,3.75,48.24,38.77,50.93,47.5,61.27,8.34,480.625
1,2.96,68.04,46.56,31.44,46.71,93.58,8.86,49.682
1,3.94,49.36,77.46,59.93,60.28,68.69,6.35,633.775
0,6.66,67.77,70.37,30.67,33.61,53.6,6.41,45.642
1,2.55,53.26,83.03,31.39,78.0,44.74,07.08,6.155
1,3.33,84.32,81.84,61.67,82.48,66.18,8.88,757.035
1,5.21,41.65,89.72,63.16,54.18,53.23,6.79,6.218
1,3.1,73.28,56.38,68.51,62.57,73.49,4.37,64.98
0,6.3,50.17,54.15,74.22,71.32,65.6,6.83,6.592
1,9.31,40.06,88.17,75.12,35.15,61.07,6.1,58.829
0,7.73,92.15,46.63,57.47,79.79,96.11,7.8,7.44
0,7.0,80.29,62.28,73.26,66.87,85.21,5.52,707.255
1,6.24,45.94,43.6,47.86,73.7,64.8,8.62,5.755
1,5.39,79.84,93.97,58.1,80.67,58.48,8.0,753.855
1,2.68,76.7,58.55,54.5,77.29,75.15,5.63,675.715
0,09.05,68.4,44.87,49.68,36.67,82.35,5.76,493.035
1,3.24,65.16,78.44,42.89,84.78,36.57,6.59,662.565
1,1.82,93.22,47.13,30.88,72.7,70.03,4.5,58.916
1,7.75,54.71,96.05,62.94,80.04,22.16,7.45,70.646
1,2.58,63.9,55.73,65.3,48.31,48.74,07.05,556.435
1,4.35,59.75,76.52,50.21,45.5,94.46,5.59,592.025
0,1.25,86.27,54.17,98.19,87.83,39.37,7.19,7.868
1,2.23,94.99,86.51,66.77,57.33,23.88,4.49,65.947
1,2.56,90.99,92.78,91.68,70.27,23.15,8.76,774.845
1,1.49,87.86,85.15,67.76,68.61,45.44,4.33,7.131
0,6.91,99.21,89.39,39.24,70.96,30.27,5.64,6.547
1,8.53,81.83,37.13,98.1,34.87,48.42,8.85,57.180
0,4.36,85.06,94.68,91.4,51.17,74.7,5.99,756.715
0,8.87,98.97,73.7,60.35,34.65,89.93,8.43,60.845
1,2.92,40.42,90.85,43.23,63.61,19.91,4.75,57.274
1,3.93,78.04,77.91,41.7,93.15,79.16,4.33,743.295
1,2.36,84.34,44.13,85.45,57.24,19.31,4.54,6.58
0,6.59,95.07,72.67,30.18,84.77,44.15,8.86,6.567
0,4.78,93.03,36.37,72.85,50.11,99.69,4.44,62.297
0,6.52,90.52,78.7,73.01,89.94,16.18,7.26,7.614
0,7.86,96.75,58.63,38.68,59.37,12.06,6.2,530.565
0,5.91,72.24,40.62,77.87,54.87,40.03,8.3,5.802
0,6.65,40.42,98.55,77.91,78.82,95.6,5.47,803.765
1,9.42,40.66,93.08,51.25,65.89,11.8,4.14,59.736
1,3.69,72.68,92.55,61.25,53.61,30.04,7.74,62.858
0,4.23,66.12,85.22,87.46,34.07,64.28,6.94,638.735
1,7.46,67.07,78.44,64.24,41.66,31.04,6.17,5.613
1,6.5,64.02,75.86,71.36,84.06,14.84,5.62,70.319
0,2.61,95.06,37.43,55.96,94.45,14.72,8.5,655.115
0,4.39,61.55,93.04,36.22,41.82,60.32,4.61,54.486
1,5.21,91.37,91.68,99.85,69.86,60.57,4.71,829.435
0,4.77,94.17,82.35,64.87,32.39,73.58,04.07,6.79
0,2.6,69.97,94.91,50.23,50.36,21.86,4.36,58.348
1,9.32,66.82,68.72,78.53,61.42,54.99,8.29,670.545
0,7.86,85.66,61.33,71.56,81.51,64.09,7.97,7.365
1,5.33,82.48,97.76,42.47,33.09,30.01,4.51,53.0
1,7.12,59.71,62.49,90.77,84.69,59.26,7.9,76.729
1,09.08,46.15,74.89,30.32,44.19,73.74,7.21,500.135
1,2.23,55.89,56.11,70.43,83.17,99.18,5.94,73.446
1,3.25,47.86,74.54,60.84,73.78,63.68,4.42,67.095
0,5.88,57.68,80.41,48.86,53.77,87.51,07.01,6.163
0,8.19,55.71,73.73,86.98,80.66,85.03,8.2,7.879
0,1.33,78.26,66.02,74.22,46.54,94.62,6.1,6.533
0,9.86,97.27,51.01,81.96,45.38,75.08,6.12,63.81
1,05.09,81.14,75.07,56.1,34.32,29.18,8.13,52.083
1,4.23,95.6,93.59,95.68,57.52,36.83,05.05,76.013
0,3.63,87.05,30.48,50.85,36.84,80.62,4.86,484.695
1,2.57,83.67,39.38,64.83,59.37,56.87,7.48,58.917
0,8.12,64.84,38.38,95.02,30.69,32.62,7.28,519.185
0,9.6,59.49,94.62,31.24,40.86,69.1,8.56,5.389
0,4.72,90.78,76.39,33.16,95.27,91.59,5.67,751.495
1,9.57,94.32,96.63,99.56,85.69,42.19,05.01,8.785
1,8.41,67.11,70.8,97.85,46.53,63.66,6.14,67.985
1,5.33,40.54,62.32,82.88,80.28,62.34,5.92,71.57
1,07.07,87.55,85.46,61.31,76.79,21.43,8.69,70.194
0,4.91,57.1,41.27,62.95,42.38,18.12,8.59,463.465
1,06.03,40.59,56.69,44.29,55.97,90.05,6.14,55.064
1,1.52,88.3,62.64,57.45,93.96,94.02,06.06,780.085
1,7.27,71.04,50.89,57.35,81.71,91.38,6.22,69.356
0,1.48,81.11,55.99,27.71,83.22,45.7,7.65,59.933
0,8.35,94.88,35.47,58.99,69.47,35.89,6.75,59.233
1,8.42,72.47,43.86,60.98,76.59,94.8,5.44,675.505
1,3.13,70.19,53.48,74.93,65.61,89.45,7.84,68.356
1,3.91,57.44,85.71,63.73,81.86,83.78,8.52,758.475
1,5.33,58.31,42.77,89.63,81.29,40.08,7.59,69.252
0,6.37,87.79,54.26,52.57,32.18,67.49,4.97,50.785
1,3.59,66.94,34.54,55.73,74.22,77.54,7.96,612.655
1,6.33,49.81,69.0,67.86,74.09,61.85,8.94,678.625
1,3.68,45.67,72.79,40.2,34.71,64.18,7.43,477.415
0,1.5,68.38,90.59,54.51,58.73,78.1,5.22,66.949
0,01.02,67.9,87.34,76.46,92.92,79.01,04.03,8.379
1,1.91,79.21,49.98,55.89,96.74,31.6,5.93,689.085
1,8.13,68.26,39.59,93.0,84.75,45.16,6.35,7.217
1,9.65,48.61,40.93,71.15,40.6,80.31,8.55,53.75
1,4.84,70.47,97.83,36.53,56.23,33.53,7.1,5.877
1,5.61,94.41,77.13,61.56,42.78,92.4,5.41,64.47
0,2.32,49.57,32.98,82.36,75.65,85.5,7.46,671.705
0,5.96,81.39,39.57,73.25,84.12,90.59,4.46,728.665
0,2.3,75.63,64.01,91.39,91.86,36.76,05.07,790.395
1,6.5,84.92,44.55,81.25,90.25,19.46,7.72,71.248
0,9.4,49.04,86.26,29.62,36.94,19.05,5.49,44.394
0,2.76,96.5,70.13,33.44,38.8,60.03,4.16,5.161
0,7.88,77.26,72.88,73.73,93.68,37.5,6.48,7.727
1,1.21,90.82,62.4,42.88,89.06,33.72,7.29,66.825
1,4.38,54.8,47.92,69.09,62.23,30.02,7.95,57.119
0,2.0,84.36,71.26,84.42,60.1,60.59,5.53,70.887
1,4.17,86.86,80.19,68.27,68.7,59.33,6.12,717.695
0,2.56,63.85,55.97,56.16,71.76,48.01,6.78,61.536
0,4.36,63.04,65.35,73.47,47.8,22.46,4.37,567.175
0,4.76,79.47,88.78,35.77,58.26,93.59,4.99,643.955
0,3.71,45.6,40.41,79.24,73.38,48.51,5.85,6.298
1,6.91,84.14,68.17,77.28,44.44,21.13,5.34,59.035
1,9.27,42.57,54.39,63.58,99.92,13.34,6.33,6.733
1,4.61,51.44,79.2,45.91,49.81,23.73,7.25,52.268
1,2.73,79.85,31.32,84.82,68.67,36.74,6.7,63.162
0,3.44,45.9,76.93,63.29,68.79,66.71,7.87,6.654
1,8.69,98.31,37.2,29.44,61.6,97.38,7.13,55.929
0,6.14,92.1,34.53,93.9,46.91,34.49,5.46,59.458
1,5.1,77.58,80.72,82.58,69.57,81.08,4.6,770.045
1,2.35,89.14,74.82,68.86,36.37,92.02,7.2,630.245
1,05.05,93.25,92.65,57.76,57.08,45.24,05.06,66.797
0,3.51,55.57,66.38,96.99,45.7,32.79,5.59,623.545
0,9.49,90.96,67.1,83.13,38.69,54.2,7.98,62.260
0,8.96,51.69,79.49,65.12,94.78,90.7,5.1,7.958
0,1.76,64.8,52.64,73.99,79.0,10.99,6.69,642.545
1,5.65,73.5,32.58,46.06,41.82,53.8,4.47,45.398
0,03.03,82.83,46.1,39.68,96.46,78.18,06.08,69.002
0,4.7,41.81,46.66,45.5,45.12,64.1,8.9,4.708
1,8.89,57.43,53.5,46.99,46.49,54.76,8.77,49.938
1,5.75,76.51,96.04,80.48,39.33,59.83,8.73,667.275
0,04.01,61.44,86.34,35.5,80.95,65.73,6.98,671.925
1,2.87,86.5,95.52,83.32,69.96,71.39,5.47,8.20
0,8.2,79.1,99.9,64.25,34.08,42.06,5.77,600.865
1,6.62,54.06,60.36,53.84,31.77,56.56,05.03,47.713
0,5.21,48.76,45.9,47.53,67.29,34.62,4.49,52.952
0,2.96,77.74,69.2,63.49,75.61,98.56,4.84,7.380
0,04.01,67.03,91.68,48.81,87.6,26.86,6.34,7.58
0,9.64,50.14,62.6,57.21,63.48,23.56,4.14,564.105
0,5.68,59.58,65.38,80.43,77.36,34.19,8.7,696.365
1,4.61,58.18,39.41,71.95,81.36,92.8,6.81,694.435
0,5.69,46.49,59.43,81.1,72.91,69.3,4.87,692.585
0,08.01,72.81,57.09,78.47,54.66,51.03,06.08,625.505
0,04.06,85.82,54.62,86.13,39.23,93.29,5.88,64.098
0,2.61,74.53,92.11,40.13,75.33,91.01,8.18,71.374
0,6.26,89.58,34.15,99.63,83.81,46.14,4.6,74.643
1,6.99,47.65,98.05,60.68,43.29,60.73,6.15,607.695
1,7.41,66.14,30.58,78.87,64.64,91.48,7.56,642.195
0,8.94,76.56,96.19,75.83,57.81,38.75,5.87,69.96
1,4.34,80.56,68.36,67.46,44.4,46.68,5.79,58.801
0,1.68,81.75,79.17,99.69,47.17,81.37,5.7,73.578
1,9.63,83.74,43.1,41.3,46.64,72.88,7.81,50.931
1,4.92,79.09,75.79,56.63,59.33,14.38,4.6,59.428
0,6.61,45.65,91.74,34.58,57.33,20.56,8.28,5.367
1,7.0,81.72,39.76,38.64,68.79,86.16,4.35,584.765
1,5.92,83.49,38.9,78.47,36.52,12.68,5.6,4.979
0,2.85,99.61,51.28,25.36,70.69,92.79,5.95,605.775
0,7.8,81.6,41.32,91.74,31.53,34.46,5.97,5.384
1,8.23,81.21,37.75,72.49,48.02,63.85,4.94,569.855
1,5.98,70.89,77.48,58.07,65.15,60.81,07.02,65.986
1,5.4,92.08,44.97,49.85,78.09,45.66,6.27,62.562
0,02.03,99.81,76.69,34.47,83.99,12.83,6.84,64.616
1,1.76,86.74,90.34,94.12,32.49,27.32,07.07,6.437
1,04.06,76.75,75.64,78.42,67.62,65.35,4.96,72.61
1,3.8,44.74,38.36,50.23,54.81,50.17,8.6,48.903
0,9.58,83.6,70.15,30.32,78.64,47.25,8.15,62.219
0,08.05,82.51,57.55,49.43,49.86,18.79,8.14,51.448
0,6.94,86.53,54.04,38.85,82.06,41.24,6.66,620.185
0,5.66,47.47,52.3,83.97,72.16,57.38,8.1,671.935
1,2.51,79.22,95.06,78.97,85.28,16.99,7.14,7.822
0,9.81,57.74,81.98,62.36,98.91,16.0,6.25,739.785
1,4.38,85.62,39.37,91.44,93.6,54.24,7.76,77.48
1,1.96,54.42,63.32,38.55,71.53,60.51,7.0,58.830
1,5.44,81.04,52.28,58.9,92.56,33.19,04.01,69.0
1,8.87,57.7,98.46,78.3,40.72,39.32,8.99,63.221
0,8.99,40.54,98.46,30.09,33.01,81.72,6.15,50.994
0,1.1,78.0,52.37,52.95,67.32,88.23,6.86,638.965
0,8.98,46.8,54.65,67.87,98.21,39.27,06.03,7.87
0,3.44,79.56,71.96,52.51,79.68,42.01,4.5,675.645
0,1.35,95.54,63.55,61.01,51.36,84.73,8.17,639.655
1,8.63,98.15,44.92,70.61,76.81,97.65,7.41,73.1
0,8.77,54.16,76.23,52.63,32.79,38.85,8.14,49.181
0,6.37,88.56,53.39,32.95,62.94,80.99,6.42,57.899
0,6.17,61.21,75.76,35.46,46.61,53.17,7.96,517.685
0,8.32,94.03,56.86,64.53,33.44,33.74,7.99,519.855
1,08.08,87.25,79.01,38.11,47.49,71.36,5.68,5.781
1,09.01,44.44,76.75,91.74,80.57,51.63,04.02,760.915
1,5.97,64.43,65.62,87.56,68.58,34.13,8.3,6.887
1,9.71,60.24,79.33,51.18,31.64,19.65,4.92,47.724
1,9.97,87.11,62.27,87.32,58.68,88.03,8.34,72.336
0,02.05,64.62,38.13,64.99,82.65,89.08,07.09,68.171
1,8.65,81.08,42.75,36.93,96.82,16.75,7.17,61.452
1,5.5,76.15,47.22,71.07,91.21,69.71,5.24,7.372
1,4.49,98.54,34.43,75.96,30.11,24.63,06.01,487.315
0,6.52,96.27,79.8,31.29,45.31,68.17,5.56,56.085
0,1.5,65.66,55.72,48.58,44.54,91.69,4.95,54.613
1,5.56,83.41,36.55,25.4,58.92,33.42,7.62,45.964
0,8.84,89.77,87.4,48.73,75.2,41.31,4.48,690.905
0,2.92,93.93,77.86,50.16,40.71,81.56,6.56,599.095
1,4.84,44.09,61.66,72.27,94.1,76.18,6.68,7.536
0,9.46,58.12,47.32,39.93,84.4,46.78,8.78,59.476
0,4.86,59.21,40.62,27.26,59.35,86.37,8.35,502.695
0,4.23,66.07,62.09,48.67,70.88,92.85,6.46,652.855
1,4.96,50.16,91.97,86.92,67.93,50.74,8.22,739.895
1,5.68,69.77,43.19,54.94,70.76,13.55,7.95,5.547
1,6.69,79.79,69.81,56.13,90.21,55.85,4.14,7.313
0,8.21,69.84,97.32,60.18,44.01,76.57,8.61,6.455
1,05.07,79.95,74.6,81.38,77.86,29.8,7.44,73.491
0,8.36,43.99,60.8,61.0,37.49,18.95,7.36,46.825
0,5.8,92.56,80.15,31.85,62.14,35.67,7.57,585.645
0,04.05,96.34,87.72,40.48,74.51,11.04,5.12,644.805
1,6.92,77.07,71.34,39.09,30.88,74.39,4.15,499.945
1,7.46,92.88,91.03,63.09,37.56,23.15,5.16,5.872
1,06.02,47.89,66.02,27.24,36.39,75.13,7.97,450.525
1,1.51,87.85,88.1,46.27,56.23,31.11,6.99,60.763
0,2.53,47.15,96.64,70.54,73.54,99.29,5.81,7.734
1,3.57,64.48,65.09,51.6,99.72,57.86,5.21,73.054
0,3.54,59.43,72.35,78.08,47.79,13.72,8.0,58.31
1,07.06,75.14,72.66,54.34,39.52,79.54,6.29,57.417
1,1.17,58.09,84.7,98.44,59.03,46.91,07.06,727.105
1,7.8,78.24,87.61,97.4,40.22,64.66,04.06,70.239
0,3.39,62.04,31.91,84.99,31.72,95.61,6.15,544.965
0,3.79,91.65,81.34,96.58,69.48,56.55,04.08,79.551
0,5.75,78.03,84.87,40.36,91.57,82.39,7.94,7.515
0,2.94,52.92,79.03,81.32,90.26,37.25,5.25,76.744
0,8.96,60.17,79.96,49.12,37.06,74.31,4.84,54.690
1,1.77,90.85,32.9,79.4,40.32,18.94,8.63,51.521
0,5.0,63.19,60.94,53.04,64.38,90.4,04.09,63.339
0,8.64,72.15,87.27,46.71,55.74,27.98,4.99,5.865
0,6.54,78.94,95.38,96.91,79.22,37.17,5.2,826.415
0,3.63,60.87,46.06,40.74,64.65,96.24,8.11,577.355
1,4.79,57.64,70.54,81.89,31.41,23.97,7.55,53.735
0,7.36,68.52,86.3,75.6,49.92,32.9,8.84,6.377
1,9.76,52.89,82.67,47.76,93.1,62.22,7.47,72.57
1,09.04,57.05,73.32,59.38,65.81,98.26,5.18,6.807
1,04.08,43.72,31.31,35.72,85.86,72.23,4.83,56.837
0,9.98,58.24,80.67,94.09,58.16,20.28,7.78,678.645
1,01.03,59.24,84.13,97.61,77.39,77.33,8.5,8.197
0,1.25,97.71,80.6,79.93,41.83,48.36,8.56,65.35
0,8.41,75.38,83.61,88.71,81.56,99.31,7.86,849.145
0,2.8,87.24,60.16,31.2,85.06,66.58,7.97,64.985
0,1.55,42.72,99.56,53.8,36.31,57.88,7.31,56.130
0,3.13,46.39,83.96,49.81,42.83,60.15,7.68,54.889
1,4.83,88.87,70.51,67.37,62.4,67.74,4.58,6.844
1,7.58,77.41,95.39,38.75,74.62,75.86,5.65,7.20
0,6.62,51.46,93.57,67.25,74.62,17.05,6.29,684.945
1,3.14,64.29,87.02,74.08,76.77,21.76,7.32,713.985
0,5.53,72.32,69.46,34.93,80.01,37.04,06.09,61.564
1,9.34,90.62,66.9,34.88,65.4,53.02,5.87,59.354
1,8.34,43.62,53.01,27.66,70.24,38.0,6.82,50.263
1,3.91,75.8,47.56,82.07,30.59,29.25,5.97,5.124
1,9.84,83.02,65.87,49.83,41.66,93.25,4.36,578.395
1,7.38,98.67,70.44,41.91,64.9,12.93,8.85,584.405
0,1.56,88.43,47.12,83.36,82.19,94.48,8.63,773.215
0,1.32,56.57,94.58,35.74,86.62,91.65,4.2,72.99
1,2.52,82.57,69.01,57.04,81.03,71.54,6.65,718.335
0,7.55,85.8,66.86,80.86,64.05,12.93,7.56,658.775
1,2.65,83.78,60.49,68.04,49.69,30.28,07.05,57.905
0,5.6,89.21,34.06,66.55,61.13,98.12,5.77,63.577
1,1.84,94.22,91.77,36.81,30.65,91.54,08.02,56.86
1,9.29,45.91,52.19,38.57,71.86,96.81,07.07,59.503
1,4.1,46.29,74.97,68.69,35.22,99.65,5.19,590.875
0,9.17,87.78,72.52,26.77,40.18,15.75,07.06,45.612
0,9.5,55.14,70.91,90.18,73.82,61.38,5.37,74.216
1,01.06,43.51,66.8,51.29,30.93,85.07,6.98,4.986
1,5.18,64.07,42.7,56.25,70.15,38.77,7.82,5.743
0,1.22,89.19,49.64,44.38,74.69,49.2,5.51,610.035
0,9.18,47.59,66.69,90.75,85.18,35.54,5.41,741.515
0,5.67,80.31,85.25,73.19,34.76,13.43,7.63,56.887
0,1.67,40.22,60.24,58.74,30.21,16.54,6.54,42.982
0,1.99,46.58,44.27,68.9,83.68,11.93,4.69,61.218
1,4.45,61.05,36.16,53.53,50.3,57.45,6.73,50.69
0,9.46,45.02,76.41,59.92,92.1,65.66,7.32,73.565
1,7.24,90.75,59.63,51.82,42.95,37.69,6.46,527.575
1,8.81,91.84,38.78,55.8,70.99,84.35,7.12,641.715
0,4.3,85.33,77.21,48.62,37.66,89.92,5.82,58.303