target,feature1,feature2,feature3,feature4,feature5,feature6,feature7
0.5033005384815504,0.8162351310270347,0.9246414801364146,0.8926861300784467,0.9960255617186777,0.7747831035150644,0.7149344119644515,0.4789892624368257
0.02824907950074318,0.5819591995137626,0.6192602409762261,0.6858163213826999,0.7269257823475226,0.7982102514137789,0.09879726651556098,0.4169543158748876
0.8553198303106396,0.4706867916329993,0.7130443244555558,0.4512354216243303,0.8911196079318854,0.26873608441200914,0.8174439055585621,0.6733818196760254
0.03284840817705326,0.8005231427180861,0.4907368937108898,0.47073587969825825,0.4182530390168404,0.6179872490931273,0.6996234021165065,0.8437892241606059
0.7034113679479568,0.6497099706512907,0.2794921616153204,0.9517355693402555,0.23238056586165468,0.18631326255381975,0.4562168226628214,0.702181664014323
0.36570123964279133,0.1299586605216968,0.4732437920204724,0.000772755003707104,0.9370597433969431,0.8250362181896089,0.150667859215859,0.18324156639646327
0.7782141701436719,0.09900439519981452,0.5922442455730028,0.46104356877428765,0.8774439247912555,0.16937577743714338,0.38531622261579446,0.46054804394048166
0.2415540595285125,0.3497358049133773,0.7027765796404368,0.4433528377475443,0.5189124126774963,0.6396717949250151,0.21396331806734104,0.2727120600982258
0.02412992490740129,0.38341374971109865,0.24869159886620962,0.8504274495327657,0.028245335389515458,0.8236501531961566,0.017527536150589662,0.40814264922262056
0.3788618027931827,0.5516074617556431,0.9005134439265529,0.3633620909318248,0.05988735355351349,0.2147470594658596,0.5966727300531693,0.13601817474144196
0.45092279366240573,0.23695960608449007,0.7458118697323329,0.24988773490789273,0.35422969372875146,0.9701163548101949,0.7087209281748788,0.6958119310543321
0.7182379336125373,0.38988904084657994,0.42637381050942336,0.7746609085608135,0.22691459467534425,0.29002248896061067,0.6808748636941229,0.5180062997352379
0.5373053558790386,0.6802185039098663,0.18794173626489985,0.414435008241522,0.18076805033391052,0.8045701617861588,0.7196251486059906,0.984009943910139
0.6945073132245104,0.4114064131586277,0.8461827117713369,0.918649530555969,0.8509538777150094,0.5143439224801182,0.5701958987186212,0.46271072340344754
0.23796612028281405,0.6127433795820324,0.12452829653464548,0.6230703770662257,0.6322962033297971,0.08552411007108951,0.9522135440958256,0.775052479055006
0.043096973651907455,0.6914126109645867,0.6065705921320999,0.011196635390027465,0.11305103355534751,0.2937414124014567,0.8605121176847618,0.04875274356978565
0.49470291969476643,0.9765714065681854,0.49449185529679285,0.7073608280874425,0.25816877720816944,0.9213017988658813,0.5655337961885513,0.17576987231263974
0.2737353975635667,0.3350632584049209,0.3960275029045853,0.950279299720213,0.6506676965785207,0.27302783805109265,0.8095896766684838,0.8433329550094779
0.286871683542417,0.5298963907363686,0.738214162004374,0.9151514632415262,0.26550227281135963,0.8221992004724573,0.5116916547191215,0.3867173503182336
0.28412569663912934,0.9303674863554612,0.7390950581693891,0.06636727968113998,0.8516473699190132,0.009436210100643438,0.9017626348018585,0.9119396796791759
0.02173041795501285,0.9290057947285758,0.575076385785106,0.963626340576369,0.032940097802908186,0.29043605560831476,0.7903133197123087,0.20432105784075827
0.9223249955559629,0.3186459075294453,0.26441985011685065,0.4443345130416261,0.3553007526714287,0.6686293443901367,0.3308445128287939,0.9916179974456186
0.1442057475875721,0.6004462352720145,0.9086006622031344,0.5388836220018464,0.9011552054353825,0.3346212483176051,0.022237743695461276,0.22136820352432707
0.8161380679463436,0.78682388264237,0.7785495512374706,0.6071026674112565,0.1628384061394177,0.5696530910622856,0.7427904253638572,0.47905043601413433
0.2811081236865529,0.1045214085429127,0.5107478858686798,0.5577703597399227,0.9232980791612262,0.8829461698193056,0.6208378771358176,0.8556633240086876
0.10025080898901484,0.7805605575123675,0.2387647045078808,0.9847009590136165,0.8291689246175941,0.5578803201640515,0.4381484191291748,0.7794148638360979
0.028899195374310405,0.46492982204833133,0.4434788199560089,0.8993369902379077,0.41324815353204525,0.6035421327451744,0.17689350833404127,0.23407511745090548
0.1407069579483914,0.14474107126842173,0.6295926387434922,0.3789533320793633,0.5227412799145341,0.7530881253625414,0.9124248520385119,0.47829124163111647
0.05907930307775022,0.7006833904414466,0.8601529526299294,0.20397701406515278,0.9916178239284417,0.6756808805825413,0.10313812515107756,0.6438509027378435
0.7751538539087742,0.2764320260489769,0.3047042447613878,0.5472255713595542,0.7321703277742959,0.746713120328939,0.9821722300039304,0.17678011566321972
0.7874943767422334,0.5982026617248454,0.43231180280824255,0.2303212771451265,0.27001189307226003,0.5731924905924429,0.7522364556529586,0.7076331549061651
0.13078166088554655,0.7613366240187913,0.1493475756046191,0.6811625215852697,0.17832784390546597,0.4037416907071856,0.1321233569214092,0.903630744167994
0.8524719453421002,0.1041017189527037,0.9385645347250744,0.18214153442535752,0.29775988959048494,0.26444920739943334,0.4779011598119459,0.11992253425493848
0.39562652090801,0.8680976480876277,0.4280979073894122,0.2742223149298686,0.15963781630130847,0.7460955337008341,0.6695399530827444,0.5516294894640266
0.942187745614313,0.6216513587489109,0.8131284611295574,0.5602744301313466,0.08152975802561224,0.7676705671365042,0.1036537878331878,0.6153241539736016
0.4843768545392255,0.8745170678141527,0.23365659783031045,0.11198541443804233,0.6290737287885204,0.8676060176739598,0.6423389725118361,0.12699611007253075
0.9100067976574019,0.6226992716467407,0.9953372219886785,0.6528143983127339,0.34090393191908164,0.04289893261273192,0.8276904426670698,0.9537423726877753
0.24516891736856816,0.03388547923413521,0.6541414836681869,0.019628475275352608,0.7277032964835403,0.5128514372793388,0.7180634293357452,0.8630834542676521
0.4555800453468175,0.8939800464302113,0.5040473390822336,0.42552034922809845,0.061757156619961395,0.357328690538533,0.8012331650051026,0.6196738155637849
0.16977680504694226,0.8851932670913948,0.8970056957198816,0.33314833133447674,0.020765872068017166,0.5045427844380426,0.5464829001565993,0.7159155571899322
0.2119668331609006,0.368414736920772,0.8320678566040216,0.06556427476057769,0.23503949720191075,0.7283557625935483,0.3703852656353229,0.19136264337200215
0.004743434450900308,0.307294988980891,0.2825009242741211,0.3681377553685006,0.6950348512842184,0.8204110762331528,0.9233518134262835,0.6110601556322003
0.4481280965971246,0.9803512846053903,0.48920641822971234,0.09600002295210053,0.7529389682675883,0.9331458750957095,0.904979497208054,0.08127900457282344
0.9044693740112213,0.5575322413650982,0.722873190255579,0.6758098052553982,0.1157749707437512,0.5706154925895106,0.5888915913930074,0.5201472375467753
0.34265991131480367,0.3878095073591148,0.6771466961248205,0.44481200297090717,0.3487224963629124,0.09478767520454245,0.9780443443758673,0.9042479978566428
0.9278457289800656,0.2572724019499133,0.5297794196724483,0.6714710939161835,0.06706016118928315,0.8856738124522429,0.39083195010290905,0.8019923094666003
0.1754800811922338,0.5516806204629245,0.8440268410833673,0.6167354389637764,0.902965678518871,0.3692455037361284,0.007630239043987075,0.9088110156988348
0.46888374870397276,0.9423866627467816,0.4051341373234095,0.7904804125712126,0.5610941303416324,0.8396340014633803,0.40029731903299237,0.27032062493627884
0.5558914105983619,0.7963893178606615,0.8760029357007719,0.12360721912983996,0.011490425274584437,0.9278214910168937,0.52225248966235,0.42783916688991297
0.028047858806563797,0.10362960295237755,0.64948187568893,0.5865015003047305,0.40745792485504284,0.9076544849404836,0.28569755078792136,0.6729449381529322
0.5370470660875429,0.17307319633528062,0.4394068937668847,0.0652561854395497,0.07194114967913767,0.23944221245110042,0.6936384690506266,0.48877906594613285
0.87095012710511,0.9793089716282128,0.818878706431488,0.17928259992316853,0.1778732757736099,0.6447902640771741,0.36098200755724397,0.2294543177833711
0.5784193222104691,0.17235980942555795,0.42712343404518405,0.3955302377338864,0.8570217663062165,0.16508216646850415,0.9809563193248061,0.7774625372184552
0.15412300907044374,0.6104277847242792,0.694582128128224,0.4002746365481723,0.7846565951577247,0.7850079354579603,0.006473242647184851,0.8870631198147342
0.8137543323955015,0.976106435121406,0.09310466324800692,0.242030766298711,0.2551824422058311,0.7313328241183967,0.2348067360605416,0.9849356204496836
0.5175476623469878,0.04242874162905186,0.8910061103253125,0.9872440149726397,0.33408082441286313,0.42222122703047826,0.35244801584100605,0.9229423549140948
0.2775803413223237,0.6501274209547927,0.6832954367717939,0.5793352935505799,0.5097206689937314,0.6556816512884512,0.5691903977791207,0.8241403325794533
0.7317672332475847,0.8088092024316107,0.47956021898435974,0.05028176714751875,0.7437548386084444,0.08284531786735239,0.5524227135627222,0.9549239871519953
0.759685633873327,0.552675412985597,0.5541704875957696,0.7918241990909228,0.6544764187771818,0.5610294913067415,0.4284870370979932,0.5312307705614809
0.867642886932945,0.40510481145577226,0.8960973377903247,0.17891724320758196,0.8901628883959937,0.1444836112527661,0.07346479491304236,0.5245487884509438
0.09491724641448862,0.5936678376735588,0.8551284224092224,0.06291672563183126,0.9470351918370231,0.8127566334090297,0.08995110269534945,0.09667662570285351
0.7362495282432078,0.45170156089746394,0.4442920670951971,0.6545336042716846,0.7566807172146425,0.39712207698544766,0.7924068159244765,0.3555177894559959
0.487755946518058,0.6166268248660731,0.6785678285069793,0.45799934357056404,0.24618317297906656,0.547011090010681,0.9214800662169536,0.2947247091246801
0.4213264249867287,0.15168656531235003,0.1708291900781358,0.8041974049967764,0.4489857468234839,0.37910821713124776,0.16404054745689056,0.6255534785101221
0.6671137525830162,0.7667122963688505,0.018769126984413798,0.1852199345199339,0.18414684907509637,0.9465044900628671,0.9416725717101015,0.4606928833804098
0.9219158868975386,0.57237768245322,0.6308458086050835,0.14205614921967458,0.35231160834667496,0.09823584199177637,0.8187769049818147,0.5265070904275341
0.6014345775405658,0.041641555283125076,0.2670818556360294,0.10469485262260092,0.40005245120447797,0.14684507608389819,0.6547768849777286,0.5247043182642555
0.41072886841627465,0.8945933795490772,0.2334828595076779,0.9124130902128432,0.9201946871525282,0.18628410010771101,0.1319648092307456,0.8983105815711676
0.1470485221559813,0.6718125699707603,0.07817512497208445,0.2038006369131753,0.9669672827539366,0.6442166781364788,0.04857926185892891,0.6112319786930733
0.49501202921770027,0.46738064061675144,0.8727827077829258,0.6837675505172165,0.7342293059491256,0.3591252233431521,0.4432322402589425,0.3717621773555717
0.7368588543767731,0.06198086687167992,0.8039150602455873,0.6110909267109736,0.3085278594077492,0.8059726630423063,0.47862067550909704,0.5026383243778073
0.050743916511733045,0.9124613742450379,0.7940209948047842,0.6430470714642741,0.32705246275250843,0.26553381343374993,0.08214618702504839,0.21368177472664152
0.9682241492116352,0.3551640869476347,0.1003223026412241,0.8813891146845265,0.6627014553081779,0.7955942972809571,0.41188313106533747,0.3068081916261206
0.745075611122988,0.9970015707771547,0.8047682497491858,0.43475114725077135,0.08924605545667841,0.9307389636664584,0.22302261216391928,0.4227905715513315
0.9598230290390761,0.2115917451219549,0.1443982951898688,0.0884267786628512,0.5220900069790402,0.2756550273690379,0.33093121431438377,0.22125412479808004
0.444172549150468,0.26703663065099437,0.31405293979406046,0.518287417116095,0.4020362995817349,0.9456315047460917,0.4174491173211069,0.9438420885847254
0.19557349536111945,0.20607779846823582,0.29227120720448563,0.8577015185588017,0.8029360992259787,0.8916683066915339,0.6569760010220986,0.6665377621882052
0.6802397923492597,0.7632028901974565,0.9949953929597564,0.5778125042100416,0.17520854513126194,0.4007950421175802,0.08038681130346692,0.9648381474180368
0.5577340626107088,0.34931668661332327,0.4443700232764095,0.4191927593160064,0.8920381623786461,0.3207435538016652,0.016916489293261616,0.4900542077466139
0.7910347456409368,0.22057055713494245,0.9259452225931789,0.5432591802687521,0.27359125859234157,0.11386752498247799,0.2392677917616629,0.8657661288496648
0.8231327016238071,0.0055556670563671195,0.17234434591620795,0.061449741682105374,0.18767715125918893,0.19732493245688953,0.8849849537233335,0.7474687014042314
0.05970570192164559,0.8565455440925176,0.46500627269395034,0.5802129293151123,0.023010904659763298,0.20171006526354907,0.6682452653275157,0.27686967738859924
0.3479178460744565,0.8287084386733716,0.016356024169762673,0.3109403370848407,0.48494403000445874,0.8788212267219421,0.991913946404513,0.9841203448596406
0.7770456766208661,0.8209195361379729,0.9047525376194688,0.2540290793330531,0.009210609559337835,0.7439788894144831,0.6000422366136922,0.7798988875446529
0.9769431848761141,0.19853842087320184,0.8212582740146772,0.26546026202728934,0.7875708139914943,0.03572908153347876,0.9393798487787358,0.8461146212990288
0.5466257310219987,0.9874617375425337,0.2732748162522599,0.5755588611924397,0.3484923985961311,0.8529046672157785,0.24621712337679713,0.8977188304195062
0.39749998067794023,0.6628625283425248,0.8289554441227733,0.44045353899897866,0.8022195582800937,0.09154221811019614,0.7948525915445197,0.7273084887702578
0.4170777539154006,0.7509456552540137,0.13027190545305734,0.8201801020058404,0.9011864697942581,0.060433485418452615,0.3321916482459507,0.0338222811365001
0.9896436455085812,0.8945623201845916,0.24848014854126166,0.19866129892253148,0.7589188472005809,0.4909767117937053,0.20352219996436238,0.042517229990701066
0.7486524679881357,0.09577247583588744,0.4902671499552568,0.5395981714069531,0.8081061076606766,0.24382705345727107,0.9863799041464025,0.75574804803637
0.24801803498440844,0.26255984164810864,0.13896875474094017,0.5218328112663417,0.6995667848650277,0.5865793244307594,0.5451487835357276,0.008747559186751297
0.3684271257685745,0.40837263408357927,0.3837328093767305,0.07137001868662396,0.07618911509508297,0.6934248842684864,0.17574374025654305,0.21742888520732562
0.18434818414260834,0.6233969217774948,0.9296050508112188,0.8803167643152379,0.7081889714514354,0.400206011762992,0.8818947063560619,0.996200701008503
0.990290216184948,0.5522464506204222,0.17234906519000515,0.39802175897291336,0.9164361040709912,0.26588216427065736,0.5729530785481355,0.8997997172344031
0.11422785543051361,0.622643802208964,0.9551531117748545,0.34685434370954615,0.41361307225405,0.8149343378475171,0.31800333914580614,0.04159324567607614
0.25425983616698233,0.2954989646467798,0.6432351506684919,0.1623713034824188,0.48524944121352787,0.32157916351637816,0.6760774840444818,0.1963922320541055
0.11543099667619416,0.6008850744888594,0.299984888705477,0.4092590999019823,0.23318548443170817,0.808112903111301,0.5762892025313638,0.5936204877318556
0.774156043033887,0.11011701434526333,0.5150803481674384,0.837142414308987,0.09932441605450171,0.4872848587172942,0.8758705112560966,0.7154570854600343
0.6580002157813537,0.7638318403472397,0.8527918240304506,0.3286089353618544,0.6641712368563005,0.293186755505051,0.312845744162643,0.713459741843945
0.5850019988041324,0.6296157972390248,0.7179614287060543,0.138188343449536,0.04230575532441938,0.14630951678561555,0.6421582252564407,0.5867525966019956
0.721720210273693,0.5943867522882275,0.8506324889403646,0.16478725408858674,0.5008721133735412,0.7266892621437655,0.6669580132647197,0.508857764459491
0.9133930463234351,0.410495865363661,0.7142006475119991,0.6531219911011686,0.8327387856679137,0.4585631586621043,0.04152358735490058,0.9663886383709156
0.48265655795179907,0.682778907790549,0.9672028031707228,0.10754303098906381,0.6369555766930228,0.37961160400758287,0.25345071593463486,0.13180890893414587
0.17591634504039488,0.5002507496994818,0.004741102295886979,0.18284417727729652,0.6954891978498043,0.19648793147778898,0.11836258983975367,0.07275076950965742
0.004072521015469621,0.10712358734955774,0.6811941355729852,0.09304836752735035,0.31289527381089954,0.08124769845969082,0.9613692978364135,0.7293249729250243
0.6308114329051175,0.6518393184164496,0.012851350078173174,0.46294810961682353,0.8979228276218136,0.37478036017795935,0.1781755166950123,0.21755308718458122
0.12287722204454399,0.7833771650568169,0.7044220290302898,0.928115725456852,0.9893894810079189,0.29813291439059286,0.449435581986102,0.5062491620429578
0.4761999755138058,0.9216672616343206,0.4262226681101148,0.3780124890757909,0.8788267094169138,0.4260092568858319,0.7926979252262619,0.9939975033545813
0.299038656502873,0.27007199454179176,0.5877267872906418,0.35765676597746154,0.7388193792585838,0.07604129061787768,0.47853121180306324,0.028228584221630215
0.13615263853929027,0.9890748584066178,0.33233331156910995,0.7032174835961613,0.4472070053527155,0.026717150485071173,0.553608189902741,0.040710706483720105
0.6954380765101318,0.2201492043974359,0.801465980308005,0.9220409885989607,0.4384339103215139,0.0571563933346374,0.7666859708013569,0.8921440510759983
0.33323929515232464,0.5315018843325097,0.4297627016368658,0.23447865614057783,0.03849013187018491,0.5033730630341446,0.9081191779318318,0.03518486749938199
0.6202981034411664,0.5186470441219007,0.46096831499184865,0.4925885046301144,0.845630247670002,0.2541833432486411,0.1444553962727032,0.7314442723765316
0.6774152143822569,0.41884332282985215,0.179782142359743,0.32478106667990125,0.2929481328788591,0.7617160006268724,0.15653994039220542,0.671672442755265
0.7722522349527662,0.9463310334039069,0.3268019046749313,0.38185926230442246,0.13318713773592816,0.20934331666402306,0.7723846262118232,0.15531965035700346
0.5317454473340234,0.3863982759463378,0.862870304432196,0.42364367753599375,0.713856376982094,0.9891159158930288,0.8995496625501872,0.9666788071916761
0.6384722118568579,0.2898982266828525,0.38068480738804766,0.8908409826983946,0.8414618812825883,0.05684200457123778,0.272115900300715,0.8308200802176389
0.442401101990214,0.37717944482425625,0.9757232068925651,0.16774423894218304,0.2262901366620531,0.8320703348068249,0.6632806452041708,0.3443368964675494
0.7099276604744165,0.8733799280352349,0.6799954406427573,0.9615514174747025,0.6561119305193399,0.5380122647788985,0.5064088455051446,0.7933014937154813
0.6711838451323918,0.3712107220330463,0.9255774204352976,0.4146782672352023,0.9600930588437846,0.4548011778167258,0.7594408417620673,0.7858228492164382
0.6729827892456284,0.6927792941146986,0.8844529206210234,0.17488899824574144,0.5513386083731693,0.3177270198987775,0.15724936255101918,0.21272215837945319
0.6263521434784727,0.23832439798673644,0.13508787527604948,0.5373705235470312,0.6462818191087047,0.09451981570399903,0.8091673659146688,0.6621788191373751
0.4962909916735184,0.18349430907227204,0.6965806720568023,0.5602978000352778,0.03213104266243616,0.7979605430228486,0.39780443218538053,0.3686155661403674
0.8958587026724517,0.4553282705397521,0.526437127981576,0.2142641286228929,0.14480327263934833,0.4804149146997785,0.7894171208041134,0.6190870186850445
0.6932479672862173,0.8301659418602253,0.5902880141680541,0.222242255170908,0.7085806959268263,0.5570527708362302,0.6274020819207924,0.9160897775401357
0.47734681289384495,0.33564301306498256,0.9314430289566294,0.2055716513179593,0.8165737861752418,0.556050529345206,0.028650310119562206,0.003258211203627348
0.8411390964917672,0.5017616958296259,0.6993516129890891,0.18066899076681764,0.7548766925767318,0.4848981612999492,0.09952842437895071,0.029696362607029125
0.7451949399012159,0.8707597263954124,0.4234864710879026,0.1509407349118872,0.8526416813064535,0.9379672400917377,0.4032768605807068,0.8844386561442037
0.12066835675478726,0.3151871981458426,0.22826315751704784,0.38658352016420194,0.6852254452211559,0.6127578217430831,0.08139606657837961,0.5375523705062639
0.9299407796691996,0.11111597293507303,0.9019313751260082,0.04414967471141684,0.29836696609724367,0.15228483232802148,0.5619459706890909,0.9687451701355068
0.5609769641960966,0.6993564874370788,0.6391657662411452,0.18435099287394507,0.5939540539714796,0.8730322605101277,0.3030077061370967,0.6682625052879477
0.2947170375727062,0.40456676186668317,0.8598223517282942,0.5779232641953628,0.9852381336510065,0.18680134599693632,0.37209578397799326,0.956806954410204
0.45858248302255034,0.5476554707841641,0.3925842957749337,0.47604640549130484,0.009530421527898847,0.07962010998264468,0.06686471408191452,0.5965734626391349
0.25225047655719535,0.42564927541171504,0.4726438988306668,0.1883797112156822,0.6453805810420192,0.6762356112836639,0.9382699056928997,0.7795867145070398
0.8850443336516397,0.6751059246432116,0.02200286206915414,0.8522177437961932,0.3766740572050309,0.18147167303679157,0.46858282482164293,0.9629339636392414
0.901715751111061,0.32051393970380126,0.4363434744707524,0.4244321058649714,0.16081916625876513,0.8545604778824868,0.1873256053243183,0.8527862514360725
0.5665284404731181,0.5441565612933285,0.8064937845162725,0.5759030643946679,0.7011528499435942,0.5625963715646692,0.3808993286850141,0.9581833454635525
0.7318071881090817,0.2887470459118442,0.09135452625495777,0.14659807656245927,0.2831220907230545,0.7287266701430832,0.7760339391271288,0.6643015892926726
0.7780210193031937,0.38803123496026204,0.34198938462680795,0.12477887320688885,0.5889609424992638,0.7090518259838484,0.9828550154716857,0.3328396595523073
0.42880450001817894,0.68146077747229,0.7288185060746769,0.6085740013849931,0.9633920598489442,0.6909390751560877,0.30814569858786367,0.8441638169037778
0.9584353053921559,0.5415726531878762,0.5815673013262141,0.43788873286027685,0.7937680857548987,0.6177598993461287,0.08552025205414204,0.2471741371160886
0.12432750564642714,0.46612569801612413,0.19449515172432763,0.1872753098512937,0.8909985313324665,0.5262554179697426,0.5358037694277775,0.5630762390649469
0.04390718407756955,0.45108278865793394,0.22639981854702074,0.7851780243730974,0.10480141364531148,0.5399055710925427,0.22299896335180291,0.8368079951144518
0.09838639273569605,0.9407249083440347,0.5435927641477464,0.10122060409517852,0.9253160938476929,0.3186634888595701,0.9059107145599667,0.3673648867603506
0.326527685620307,0.49715973332014185,0.915923677789282,0.5692718319533498,0.9454394270196255,0.7123534837013945,0.8033257199606347,0.41066330070564583
0.43590266498178143,0.06174402139757129,0.995549508521394,0.6351813296099262,0.39270331769193034,0.0875983204557913,0.4613723201411759,0.1874282426215661
0.13438742368466128,0.4299375780199609,0.6636402846204961,0.008136200843293029,0.19394866463243665,0.08584417410269196,0.049160088297363846,0.9821215359430746
0.3679087090310996,0.4019611086462185,0.08852137358894696,0.7903496977060936,0.9436902117732356,0.03133249010165473,0.08151187350199662,0.896929761863596
0.25206591329896666,0.740525185180823,0.4002476459262183,0.09321976972657642,0.013958506035210538,0.5855358488621525,0.7256465597105968,0.40277453981205313
0.3246042193999541,0.8191482198329815,0.7683223758896696,0.04313119582555347,0.8796837436161524,0.7972142723194127,0.2316501646710819,0.19025971497723648
0.3399302081794099,0.7520157236675993,0.5682234050239274,0.34015953194669335,0.40630379204114275,0.8045655733634222,0.3915985622691167,0.5551591903800145
0.06258229025588424,0.7695958303398764,0.23527500223648035,0.41739902712931876,0.933217234949337,0.20665615272452464,0.14404297252117337,0.34330988125114614
0.48459972446012056,0.49826090044233007,0.7592468924280398,0.4458436360132082,0.6319608896092347,0.7905644697454447,0.7106536496668601,0.47232791463290713
0.8905210176106345,0.5838672758707683,0.280191669078101,0.13314654681058402,0.6573263462292351,0.4177156930204643,0.33010659982724755,0.38146140339723134
0.17088561509836264,0.8173327460171466,0.5578498502445671,0.004117942671888142,0.21366427840889468,0.1313766599061702,0.6686224144711571,0.20194272794822132
0.4028199079914855,0.893709929589201,0.8195025333812342,0.9885226216469948,0.07610691042988149,0.73230038072405,0.6121736511833756,0.19198505196219529
0.8263443551534299,0.2582653998349088,0.5873359100107368,0.35197303142585346,0.24974365975428703,0.680513596164876,0.7405950635408108,0.9680921537933262
0.9332237719933208,0.25697628152371055,0.7872999703538615,0.13327134985831568,0.5188695864218117,0.9123883447169738,0.3672326605011683,0.5596947686938883
0.9959859286996925,0.33591519005057235,0.07320086558208039,0.16213582140342075,0.8934942601827679,0.9091951149771095,0.7326639758289578,0.45452453958022154
0.9998290514837744,0.06056960492730845,0.41305701550323404,0.368689649821908,0.18787781588757457,0.2033605123848674,0.9625643150711678,0.10175847309236252
0.6521115674075584,0.1100466218229128,0.956492134460105,0.33199308437847863,0.46152148483265787,0.920585501279631,0.40251302526324717,0.36857053829201103
0.7527669625508505,0.9603965403994893,0.674664591447167,0.11453066172928317,0.09746074754356737,0.3642531869664498,0.9121744249240793,0.6769993408429456
0.788439255756809,0.2574669870232289,0.5575894684269552,0.8802774137191954,0.2775611876851264,0.9514254985997938,0.8124865796679566,0.7686539648291002
0.24342276151324493,0.5330627897934473,0.14964013625338357,0.8566670601509184,0.9356262876307275,0.16502545921811362,0.09556488219274062,0.6428550964013396
0.3798827307896607,0.49180748696217813,0.041305996286217894,0.5991702188989447,0.4360630514453354,0.48903680330816024,0.36483783494050936,0.9399987834933143
0.8100698335342851,0.7742377067599157,0.03870396031411805,0.31873638565207085,0.9150978984262079,0.7297402150915765,0.9768507056150016,0.11962341469476301
0.8206756964258823,0.20196008352640593,0.024906026984715446,0.16668274627153823,0.9266501656245033,0.4032578947297437,0.5813266512178444,0.4052615571558781
0.031845891352679456,0.4533845419973622,0.7093245202548348,0.5494417494780663,0.8373029981515253,0.680637775620741,0.3454774805454486,0.5835728291537432
0.30556634966316676,0.011023303012806851,0.46379606054708344,0.161940658554814,0.41862656231863427,0.4133369063470691,0.25359841826124563,0.05008262142184283
0.7790517632387296,0.2640405763993027,0.40371713968251766,0.26479011487112303,0.8314663437321974,0.8448193699152973,0.44922300915589297,0.5777080079038855
0.5454501296430289,0.1341822076867205,0.7125229197434402,0.8785272192042359,0.4212883223724555,0.12907260577357804,0.031831633008779336,0.5424742700403249
0.8082224201540718,0.6114645014761698,0.4732089347580254,0.9071257573222813,0.6207869445011811,0.5614397155506103,0.883417167270602,0.30464449081735956
0.8742802432463245,0.8678715052825605,0.9264512049418286,0.693467530182931,0.17127983068831576,0.9804938243768383,0.14784822852662505,0.698182434391313
0.7262496865322579,0.01693433438441394,0.6890716321469577,0.8602838782561582,0.07223093958130145,0.3910499187545101,0.09639345529038557,0.8146161731185003
0.190096957908805,0.10517901868731638,0.5095809312321136,0.2286046903080382,0.5534529352201055,0.8787960931751008,0.8569964251126405,0.31752403370817817
0.032112263303515576,0.9092791447339029,0.2417812130142155,0.8646450077018238,0.917972788096437,0.4661857036241742,0.6283445136119207,0.3891050062299035
0.47726303763433253,0.810244639079022,0.4385088499321037,0.135061043443918,0.5811065430479457,0.9995663860545898,0.4662238025237263,0.3851206909777465
0.39148527249782195,0.9992523612013487,0.14498538686778795,0.376621162117999,0.3999790730044632,0.3717150920346338,0.5832534935441861,0.13449021504413838
0.5814606019351344,0.9253035872040345,0.07200692428508981,0.9590301761725634,0.8397888624482391,0.8386554918444147,0.11203000005636365,0.6218203164700965
0.0066264432951678165,0.6742306156628303,0.18901184080796762,0.4517620386639548,0.03276832778618377,0.2658455627543256,0.4604731640523976,0.9486128120149341
0.41086322327998015,0.6319273289895411,0.9442991709581445,0.16709508021686237,0.42126098506985576,0.49958252349382226,0.832824919442421,0.9760397150018193
0.5312049309269482,0.6408276872355342,0.846215474066949,0.1988913730451961,0.5331469196923599,0.4758037178530158,0.39737630522690415,0.47907917265949673
0.49146091341396503,0.16199089905893482,0.18352220702694044,0.8039274593710969,0.4499544052265665,0.08634155654451958,0.9589611084201387,0.7104963891188291
0.9647798977009908,0.40875929037725245,0.4402839773007513,0.811755318207596,0.26127032715950393,0.6833433221736961,0.6090383508697399,0.5077381372689986
0.3866998131640056,0.07184580960255749,0.1363371146907738,0.9963591452308547,0.7287668298008296,0.28317695799427123,0.05027099479979891,0.5273769701016621
0.07042717230243045,0.40788624980785804,0.8610653908793146,0.27577682843960594,0.9144668447555307,0.2343089678870961,0.855275345826899,0.07998446799630665
0.9673188171889835,0.17888940272746812,0.6693078252792289,0.34662072450294856,0.9215562492058471,0.04596312376835221,0.4751556592843955,0.8429588220058494
0.020292460168809145,0.8442045932738608,0.6122394975827138,0.451514618923195,0.7175204989826715,0.9856883164037386,0.8756997542457601,0.8247183462380829
0.731465631622909,0.9692497758083233,0.6270480241871541,0.7834592164285055,0.26712445312276745,0.89775767201103,0.14083112481655147,0.9607822334828854
0.24790003593024323,0.3352436353321724,0.47969819063604546,0.09871961042519417,0.9444746527447281,0.16071943878237904,0.062186817546018736,0.9219862033819586
0.3190145455077159,0.7397140256442843,0.7821243958678333,0.38787906082636314,0.24483769259726595,0.9435336249100044,0.43168806977331853,0.16670416702656277
0.766816508816389,0.4860738933348061,0.17345463632959468,0.6929196558157104,0.467028802120508,0.5088172776155013,0.009092754835082317,0.9038507561862231
0.2631064935079549,0.15579524219112717,0.732252781544319,0.6283775403755022,0.24026283147660343,0.09778791996561009,0.02689692062666782,0.36951014580744346
0.2984502907391775,0.48481099704992836,0.6566964368542602,0.4452724371778384,0.12124241329074703,0.3540206977167447,0.8425710027149171,0.3991199439389016
0.639666567441682,0.2918770475234538,0.9485188963182832,0.1970123363688565,0.22301009578912656,0.7906833715569521,0.11566931939425373,0.6770327101562907
0.470152943421955,0.9747488667786228,0.743778827148526,0.4526814918566119,0.49023159279850137,0.16030859032731237,0.9215022936867383,0.4467822939243762
0.47924651444750954,0.8106075410587057,0.8030260509031228,0.3016749175177733,0.608291385611547,0.4397271766811116,0.5572189708956288,0.8086430866424459
0.02307572716763695,0.11042001707274574,0.8707310830832173,0.14801281407530675,0.6446227954158372,0.6450658248549836,0.3919382913288362,0.5575991111338371
0.3584336948318779,0.4168697303976169,0.03306388535319105,0.4089404002387146,0.48284922235614125,0.4272756830425005,0.09047136578635528,0.3160591118742536
0.8498679422700827,0.9867654886078635,0.11353891615341427,0.38965530722168573,0.7345662066787966,0.22965529337194335,0.01701073212469406,0.4193249660879176
0.5144967641082355,0.5889872906112397,0.9050980192538944,0.5952727392288764,0.10433367209634081,0.3512273668768602,0.7540136862747306,0.8413253530696734
0.44916090021317756,0.7749852174303233,0.660340121942697,0.7578581290808678,0.23803449336739468,0.06258830861048659,0.5610510334362108,0.32298450631802855
0.1463208139709271,0.38878166079432186,0.7071295671598418,0.1735639005203976,0.9801525455398212,0.9783727015824849,0.2894502321391056,0.0523519076033615
0.9196465142307567,0.7994527914810012,0.28673210134783755,0.37497306722064483,0.39808448734682444,0.6758080151875715,0.4001301121575358,0.0685728564574235
0.05190390090180064,0.6046825719354075,0.9894546391853074,0.05674203879781048,0.9481406807468331,0.5299454287547466,0.11128338747872402,0.24996452379083267
0.4407769462257467,0.4317688170364882,0.1116492610282318,0.9049835275758595,0.980874767411536,0.2571468081277106,0.31107705031152044,0.5385459889149136
0.6636857227022258,0.34404186394103786,0.2849405894306214,0.23448514206713356,0.8888548286511837,0.8162908501184125,0.5634761609411988,0.08740327394324332
0.6466884895452669,0.6310147987907443,0.6198006572122996,0.31888556210457863,0.6994411796630161,0.22665784157073676,0.3062400005313556,0.6927309759023343
0.1515487439415839,0.1087474936566315,0.9246191677314094,0.6729395812783497,0.6942926345236676,0.8889606022903167,0.11800558241322734,0.8638321903018783
0.5494682453496821,0.4453485650789637,0.2585824058748414,0.5577898164834151,0.38087629834146386,0.9279324757042461,0.9646544785672816,0.04090985591203644
0.3427342700448799,0.789660162200249,0.7196355593018321,0.8467062339368354,0.5338808293392849,0.2766798621225848,0.8174773304396235,0.8193315331485521
0.6586780610203906,0.6560888645309373,0.6758839399566036,0.2632030819494807,0.05410120859492351,0.6702197808383759,0.7508382508078394,0.42832424912898903
0.329392553124641,0.17031148519287154,0.9407146793603977,0.3770029904733374,0.8557089337658341,0.2917761104262824,0.7464540604950027,0.925624560164115
0.9874157385188508,0.16127401215744763,0.5361369573139676,0.607400094067774,0.9582020951312163,0.9362846243796302,0.06844864748039714,0.14571435811948708
0.9421957584185149,0.9298940595747688,0.5329707886131451,0.46097951906506296,0.06284701999013353,0.6251014226106243,0.20868533922871912,0.43333783096315737
0.8482684654894206,0.18242450270862243,0.5854702894903986,0.5671924201763142,0.5041185258596206,0.3345062075148164,0.4327858573388923,0.8842628182693403
0.689717046085474,0.0827663951956884,0.485702977461558,0.3741034472955035,0.22632673881359966,0.6797290347726498,0.015736651358062792,0.204610175292667
0.0011745730701823165,0.767885727852382,0.8722041470897134,0.5686822503076863,0.24969582857437156,0.21399274957085945,0.8791217250571567,0.3568841214049068
0.4818847845382672,0.1736431882177203,0.7257962726786908,0.6249190927994251,0.11110752948803182,0.16430952940627963,0.611394413809542,0.018114639402389554
0.3788517417648205,0.5755891766130627,0.5603419108004363,0.830800761502097,0.38737347933797117,0.2921047154181504,0.21606285162911432,0.8081530529563641
0.3925758986515929,0.7203634014915272,0.6408637972046732,0.6877276677663877,0.8423670434702059,0.3232598816069464,0.6620350791698119,0.42502648089488526
0.4279753284430873,0.4566369314216957,0.9064730417595391,0.3991464340403106,0.7576870518522606,0.5823757978494528,0.6292208010807767,0.024373959146894997
0.14469937494844065,0.8392427524304864,0.4287206671439612,0.22586313364848043,0.3347906955985095,0.1316278798623558,0.6663581955409352,0.9692575468240555
0.15459610809277102,0.11867411846970788,0.3984113918997354,0.01653812607358829,0.48519351104302333,0.7918554345547195,0.7534609607562012,0.5076839701410829
0.9973813925460143,0.4251958678285763,0.3849364941882485,0.8047740168660663,0.2569710257453648,0.6629536580132146,0.9507620556753853,0.8124867259999472
0.15845897089405137,0.36077042662945014,0.1320540746452017,0.04498588225752631,0.7530296085443814,0.7579047854446039,0.9117149015561429,0.28796043189896103
0.31877893493139375,0.09721872035939927,0.27908015627556826,0.019591669145835433,0.9540522530378718,0.3590093838031517,0.9791262139673907,0.799478000886951
0.5862926052548383,0.2763450911319375,0.6765123395599576,0.5421932626126242,0.44654928034448127,0.5696175579192296,0.11937106367651662,0.6610292659311938
0.1471122229984283,0.7884525687545306,0.05078274618334444,0.7106197523293798,0.7689226201957787,0.763690669006792,0.4702010540468916,0.9708847929120825
0.07441609149993622,0.7560287584683739,0.5517915732302819,0.9034900900462809,0.2157354878689024,0.6609191324804006,0.37125690566105574,0.6423834392988776
0.7397649888582134,0.25494589967451486,0.18888994914145463,0.4956285655172814,0.0501467061613724,0.8102186309709655,0.434174913223907,0.7284965404577032
0.5028172932010261,0.2928809856619392,0.6911257659690586,0.8758954366964906,0.48394598401830613,0.4719466635447763,0.6724558529146395,0.24259081287335227
0.7463682417281776,0.8944050502918911,0.3848490785741866,0.009436489185560615,0.7349223271090531,0.2023402507890798,0.14163619584437848,0.7526413405686446
0.1654118430859477,0.30679693146601117,0.9004817860811056,0.018037476477567482,0.05971149048034652,0.7518448031751626,0.7756102118655082,0.4183726987984433
0.6562174848495292,0.3408212426181684,0.6370828338847917,0.663259545273804,0.839388672270097,0.9175003737329064,0.44344583352807443,0.44598860258378625
0.5138851516308783,0.9317277095393381,0.6084943714098002,0.8692138911220123,0.9820197493975975,0.36193560333753383,0.4060327847417693,0.7775025644924884
0.8921113408872746,0.8647207709553516,0.35115085685383596,0.35835895519632543,0.08795493763404794,0.599458146759266,0.1251665894667725,0.9650468946077171
0.7522998546750393,0.9157399201375773,0.832793916439431,0.2914312936968817,0.037190165708696266,0.2652213060432612,0.46791450145365265,0.5201539760312386
0.3339371939795447,0.33116000049304606,0.29516673466360843,0.5648614041265081,0.5588609533849943,0.2885143855920438,0.47917174475298363,0.3964765009739256
0.15567632586465519,0.23213444630406033,0.5561219999527278,0.6575394909191639,0.3055345710148685,0.31952822959020133,0.022967235668956643,0.2796525367295374
0.6775007279791462,0.8692572964139478,0.7715492777714903,0.3804886610602197,0.4103588465347402,0.853335488431881,0.34703892095744127,0.912376103463082
0.9378705278562816,0.6136663728692152,0.6274807479321861,0.012605426211073634,0.5152192791597547,0.8316270302320914,0.6842593542261837,0.729537595448273
0.7205781773716872,0.3259843365197377,0.3325216530125734,0.8854422993440733,0.7220701242859042,0.7100120980982382,0.511547845594003,0.13456890428609225
0.12081253784340851,0.15276213968133867,0.12597434588360423,0.25746919588244355,0.8257545635633833,0.21402846453624047,0.6215643427355129,0.2796046379384335
0.3148959566222612,0.5914899295713252,0.7897039966712114,0.49159699415431324,0.3931746122171498,0.6632506683713286,0.616318208539775,0.14592337070542738
0.6500463061764381,0.06211220668277306,0.31362914619399773,0.3251673322060752,0.03844712732365596,0.9542072063852434,0.710988232673419,0.4614480748962382
0.7089771430082331,0.3748387362439388,0.9525151958283543,0.5728965293875133,0.07637172489804411,0.42273042551613726,0.6670382034490255,0.8980362267059048
0.7164094128093562,0.9062668145241406,0.4001923398709668,0.48350763686414033,0.9101368861995309,0.30800847246776497,0.36467425558075794,0.3727519722057252
0.8547766708160639,0.21257677099844818,0.5780369766868398,0.7739217500505675,0.4619627344003041,0.08044915120710006,0.5988893328487026,0.36026095753758236
0.30363182838488567,0.4072300413192764,0.7150536352447137,0.35845977457146505,0.9719482818672947,0.7663742651068525,0.17089102342587925,0.4079331788868559
0.7203830562495206,0.7756998670259795,0.6297600928996854,0.920941801606302,0.03300024022788328,0.7339961440164166,0.1948539963435968,0.025991980869876863
0.09096218661651734,0.8095459287794267,0.7754193563367642,0.04549525011612354,0.9912174241090025,0.036491326293843884,0.1079993214317807,0.7711536205064303
0.4842958157075633,0.3683654520503592,0.500962432354745,0.6865417989939645,0.0026448050307001925,0.6056605890988455,0.25052202156182424,0.49490347233320764
0.6357213427626173,0.08091501151187108,0.9469208922826987,0.8281530518060817,0.5211229891086351,0.6589310583756235,0.8851956341864141,0.6880794117005516
0.1482576017057159,0.6236077447026274,0.761390809047285,0.7070018571612273,0.7716776963134498,0.37487902645653726,0.6433190927027808,0.5104271388709437
0.6409411723762326,0.32668033981680555,0.8345927013609707,0.8821822983571934,0.41696411836668057,0.9754747997282838,0.3879921574430135,0.31673201956332075
0.09301317398486808,0.4274036351767988,0.6892293507065413,0.45133295376360516,0.8808620165698852,0.7582513423440222,0.11432106288646648,0.3035824082503378
0.5296128012851002,0.253080494134614,0.8929034813950049,0.7132235861921372,0.6905236523773939,0.6830634948785006,0.6608602195225045,0.44161998876226705
0.9748174564963246,0.6686793849770485,0.2910146440189677,0.13923113186056058,0.7726319178024896,0.8284246890101095,0.6150307154475302,0.4176083853148884
0.18808600719021462,0.8713081196359385,0.7979961674401334,0.3057640198398466,0.1925030142166262,0.9078511234588367,0.6666988357116675,0.7706899120771485
0.10892388447829371,0.5274519699440574,0.7157157186825115,0.981550363185728,0.9365137997597,0.7706206195739893,0.23966923244828386,0.8870642659297374
0.22689511759071923,0.6706812750219878,0.9856562217060917,0.22188578214737875,0.88725686570348,0.0315835398191483,0.6987613625407807,0.24777612320210118
0.6232140525028853,0.9692945789095547,0.9828111646444441,0.7550166290133029,0.4768993707282265,0.7419932673721583,0.5810076985752273,0.5298901002381534
0.9662132427812533,0.1483940167551152,0.5568325454610916,0.6554762935060204,0.14966240989792534,0.8740402777841656,0.24035696721425448,0.7237372589281988
0.533192666183904,0.38440735877848375,0.06319384439037834,0.8118553162676423,0.11936987553612866,0.37321552367185196,0.23957523478175324,0.7207516145250105
0.30852327359022425,0.5214022180870608,0.2388001845940093,0.9729401740668182,0.4856281983221581,0.7146480234023543,0.32040316556734716,0.7987590136781237
0.30955556279632135,0.2043702918383603,0.5209730511432388,0.730821303174052,0.8176329468803638,0.672618316033776,0.206295703083898,0.4970982394242357
0.6905112753935517,0.3221457679724289,0.5624452852451284,0.5352095018423071,0.7906701733361211,0.5829082462066922,0.4531018989123088,0.9411325626393299
0.7078614213927036,0.1390022731294528,0.41477227390239846,0.6926784332913901,0.13156446305828762,0.8158001929289749,0.5676777099432728,0.9620630941601688
0.9275983913745538,0.9054856362007109,0.6748496994768954,0.31304164644233945,0.563920285003317,0.2913109881137428,0.5648788115480585,0.6685230675660196
0.023911291614152175,0.8474700123948379,0.7037898212573147,0.46033506027518756,0.9595497200815878,0.7315296116176624,0.7094902726223328,0.6784669221569998
0.5332212417007545,0.18553399271257143,0.5947206454611295,0.59751849555881,0.7945055026990505,0.051503770398086846,0.3684499579194832,0.22000079131143224
0.6568879837069772,0.4993014020396933,0.8329372955557621,0.49290405385658875,0.7294479294448503,0.4044969273939717,0.00531377341745054,0.7741471764612304
0.6475282075137683,0.3815541806367362,0.8918483550654465,0.4518569993177578,0.858909134343278,0.35024548415598444,0.44120110449224825,0.32504808658967
0.34552938820774337,0.0848681673774001,0.8935326763047946,0.45001290426031726,0.8168281834126444,0.6369846105845106,0.33267352422325924,0.2473724409755268
0.9604293956927313,0.6273980407706609,0.9262265864358427,0.6069907412918721,0.44818056454855526,0.5032657317738342,0.02245256994828604,0.977825887979545
0.5359729392460827,0.8615388048389623,0.9917788698882058,0.5663174086758777,0.4011640505388726,0.016768063847874548,0.10930379628028808,0.1016128261283582
0.8339397145988179,0.2529387528935325,0.006828362676447708,0.33853006211299286,0.549591030274518,0.5070208012832785,0.44795106565647214,0.6752420505258967
0.02975611241099141,0.8029004971692396,0.8408919861868124,0.992017637416567,0.6487020797723464,0.6964834392198894,0.36953624546487396,0.8051522051968762
0.019844019442813332,0.6442481730699671,0.6000162240649091,0.2749752573048835,0.09583875062846947,0.14033756836911937,0.3045051777991148,0.8636166870880155
0.06023870255581443,0.14050262696493743,0.42231309270703676,0.843868220253308,0.017948489822079194,0.17055378234717655,0.35634802268466403,0.22932959939925202
0.08731981075733974,0.6741784238067099,0.9873643865149818,0.20900049855030411,0.3268512978641612,0.17075042478226732,0.9128882322524099,0.10876800802783226
0.9239384497767722,0.24239722714649692,0.5294847785194298,0.34569412626285145,0.8807795102773615,0.07502600182587726,0.22699860175411246,0.28103392054496545
0.9784431378693379,0.03340813760317274,0.20619359352847577,0.08363379459512343,0.19071404581557905,0.8268776793831599,0.09187350668872529,0.3515904971199608
0.8571923063819273,0.5165692638035249,0.4654700217687515,0.8454411273950306,0.7546852065306945,0.16151982275413845,0.41985320043706975,0.29486351859883075
0.4136148875777157,0.3811746373596343,0.4138097394865079,0.46824600308666564,0.5718186723300638,0.22676321211007633,0.0947855382652848,0.8251094475028766
0.82958429263816,0.865010141285176,0.5450976190002038,0.06459602990430824,0.9052878145409036,0.6299459643153558,0.6584324548203186,0.41794770897657063
0.5578381632564471,0.25831822358910606,0.8902603245990122,0.20898277650388086,0.5165091877540985,0.12770642306478897,0.7780752442374729,0.7692700034807602
0.0011077744600986872,0.6704007371217464,0.5726068445008857,0.8065594123011647,0.1698368544086457,0.8229572808631103,0.28492022385926685,0.21637297019523094
0.8837278829519798,0.46940339002938813,0.7773731571217946,0.6453671414367838,0.522834350058288,0.25568595195413435,0.708388475494119,0.27398943023197875
0.21057896009636012,0.6380738033288204,0.7732840445843467,0.19477097498667684,0.9902897195822333,0.6593443897718952,0.060894676667073155,0.13204733350452758
0.5815406403666865,0.7930932712464056,0.33200050673959147,0.27831316827383035,0.5264541153620556,0.3654367673567376,0.9451186408225738,0.44196961561396686
0.35536937060029505,0.5300050521413521,0.42965294788055697,0.053566984450548416,0.09960612943711467,0.3783685527156663,0.9931869742106086,0.1223391099585649
0.5512666628617316,0.7518986215585439,0.7599913948125016,0.07198727373120983,0.11275127611239799,0.2332410840161222,0.5038849110711691,0.859349691590403
0.5777258212315479,0.08584425633553827,0.17341207132433156,0.08919949805542493,0.7087134584881614,0.682549661591174,0.44873359146313596,0.6529744929723371
0.6950124892293922,0.820886240102549,0.33028157785027656,0.7283672030654023,0.4367375470179998,0.5788235045142607,0.31940940247023986,0.7219062242777525
0.927322150357788,0.6269927062130615,0.5164533357978431,0.7285898679579816,0.08631166664914558,0.43159430966214873,0.6627522197714089,0.6917578942175694
0.03197260372242805,0.5427120396293336,0.22327733997041355,0.9000244122656128,0.23801140894178374,0.6349406557663163,0.7054992015472181,0.2675147540465598
0.9344154934209766,0.5864561542135063,0.7308810300541373,0.8671927355573843,0.06203672605595234,0.7842466529419686,0.017218578456144162,0.2642903712172917
0.7077750468797324,0.2592254916315333,0.5539384242429873,0.9938266584082616,0.2706966849535727,0.05317092673591928,0.9198929203752162,0.7422740278447406
0.07553649887436675,0.9179510308794592,0.8787296820170214,0.8226746226911955,0.5875883842694193,0.8711576830035749,0.5530810522357641,0.5925852751302488
0.2690772726506214,0.07036448748937807,0.01658589818586398,0.0691028599466148,0.33902753798835206,0.3736904181048202,0.7246937142020156,0.03866066817151537
0.48806137246917203,0.3101060241068404,0.3695392491566518,0.9875365436012529,0.3508430486931624,0.19385701386798448,0.7518481591049465,0.8920538104459581
0.20384923049261272,0.9701697116312913,0.5266744506309832,0.9624176401538902,0.553174143255943,0.032123825930378436,0.3349834981565757,0.708684088550203
0.1579467490086549,0.43040193416433736,0.6806118169726662,0.37021508351359644,0.45339685521027373,0.4742945366901916,0.5940913937822642,0.3895694530560577
0.2042435040943401,0.9725628691513725,0.16995143181845362,0.2368404829650793,0.5400780273406036,0.14108668304421168,0.09302134618134394,0.10879514955177894
0.4083090550714378,0.25715134668325645,0.720464330913941,0.47182603812988455,0.9793513255516082,0.005668031992382416,0.9499745156107501,0.4262936087450254
0.26636967032606396,0.22388201945911457,0.2713521397747396,0.5259530720974601,0.2087109542972907,0.8374636578680902,0.964306657444138,0.8944469458432612
0.4923228748899491,0.29123365404735624,0.7808105951571606,0.6816558749292748,0.7041639832061116,0.8677698364437825,0.9388694490311154,0.3910754101254018
0.49500925627379944,0.5510883830292047,0.9956345585675024,0.4902376930277954,0.21825970332334776,0.9982098588148497,0.421348798455196,0.20877223993348026
0.8974009070512506,0.41553642734064633,0.7184396193919553,0.8250456050058327,0.5514234191721693,0.3808494625256258,0.5268120645860151,0.4187927781816815
0.5458205633867732,0.7644095303461191,0.22537064736723544,0.4529421369932587,0.5625394092582201,0.9792782981294209,0.8252156133865044,0.6059974801699489
0.7425561634464835,0.7009329533363048,0.9572445086793908,0.582390396903775,0.8495278640609216,0.9985705622598667,0.6376855195804945,0.6949599526910577
0.36500366505808235,0.8296727026743183,0.5979136130740805,0.625659546174932,0.680689065730598,0.9490056410181633,0.6622088204712705,0.22335392733330395
0.5070553099146013,0.12031109945155183,0.5793793331409032,0.3224425296210013,0.7702262760748456,0.7319486349616667,0.1687681461937317,0.9374947860795075
0.4058604106059799,0.610667691937034,0.43015303867429666,0.1298662924954913,0.5760450614204817,0.28777714154881495,0.7997502967431641,0.2316625710658069
0.5091908050595478,0.8211127088445059,0.3500172967122164,0.2320504113136791,0.9891890831297914,0.869374788837599,0.10528943181373285,0.18611163325722024
0.3237024881566274,0.024088411737202664,0.7121609271367365,0.9120232133110597,0.08905556834866413,0.2512073691004537,0.2700083306866353,0.5650327589772679
0.8414239950683795,0.6828404701158458,0.20220130864201047,0.5592127539550713,0.8915765727752034,0.8044840421012176,0.21189408555220246,0.6144930690058823
0.6741463552220299,0.6546693652611331,0.13761672703225536,0.764876136829281,0.1725435193353525,0.3401772311172977,0.5607879535859417,0.2195459746146431
0.5052741428143289,0.9469551442881727,0.2486254442233976,0.04674534473240499,0.22186327294661456,0.35365276447658267,0.7514220594975783,0.14253916641236142
0.4994327238141919,0.7208758458079004,0.3819485883323894,0.10983859166539056,0.2767823106735854,0.5269751272690543,0.6320199873862731,0.763819061509345
0.6580254097521719,0.5402314740666426,0.25247814321857565,0.2807343109898839,0.34550349270157554,0.27446557759649404,0.9621904122362919,0.3203012036102689
0.28036214399150583,0.9129771753080388,0.2559879299185672,0.24213571232610542,0.5327302143840168,0.5699002767139179,0.5458681713404755,0.1662856487645421
0.9773307625483897,0.8059347599832369,0.4047417981930975,0.6377068576865029,0.18068644658294475,0.7962013958891887,0.9792656764826269,0.18673173141274035
0.90103681906855,0.7099847088574883,0.7849261226973963,0.13762233528030876,0.06998498804274522,0.7339339623342522,0.49058238146294264,0.8796674733718164
0.972226281599341,0.763676205620015,0.06087579794108322,0.6837438996528348,0.7788518266870385,0.8340869825239289,0.5710703187638184,0.38077261689497366
0.0983211464662399,0.00897579545839633,0.0940073584974962,0.9660526374538022,0.9802136504067008,0.10387416649779035,0.9717716938919277,0.989054366859216
0.2397030998192694,0.20727089529195453,0.626053288532024,0.7159137226365413,0.44142526335515997,0.44486143539797374,0.962513010117601,0.565066059946922
0.3280233473626213,0.3553043768927041,0.5063564232061033,0.4777748077650672,0.12113330272058487,0.5482087503995705,0.8596279839288413,0.519672399109064
0.6118970102779512,0.4874032048561542,0.0010153008656238471,0.8976634325264837,0.5805553388011531,0.09912837683878595,0.7990038455406393,0.9487235115940075
0.2726420027583989,0.6217717576196492,0.7477947025423417,0.07051161127609273,0.007100638217743427,0.6421577669913359,0.12021295520265596,0.7367029775625283
0.7224325861184061,0.2774100787908339,0.20179845531483942,0.3920009566730074,0.31379022462410033,0.32062325832554206,0.058363627334322765,0.941353249232255
0.5079484948169207,0.9487021964409026,0.5751757254885388,0.30867756107476463,0.7901734649055338,0.5904528533721287,0.7471490947610541,0.27480714184326427
0.3267273729579926,0.9650601645563812,0.24070136317335367,0.031582672003862444,0.1859131766113249,0.22747431676237206,0.37982564297574395,0.1794515886034571
0.41748511838573266,0.5662359838878838,0.3265094646485427,0.4346970771934877,0.5318465837415959,0.4228887412924722,0.9147400270817194,0.19506667101005437
0.22496825494055683,0.903493736601827,0.6689670066282072,0.4611354904491356,0.5375642836887802,0.4357121624447168,0.14188340836096114,0.20476563212405807
0.7428800533936185,0.45047645724205043,0.48537729307312194,0.14567673581707885,0.8204049163078941,0.716997205505853,0.8982239658745311,0.5236685299973945
0.7305266013366131,0.2727219800931574,0.23828637487227455,0.6190077230040908,0.3917963658082656,0.3839804779902154,0.8299443745018261,0.3498428534404422
0.14714523755592068,0.4617204178987766,0.6320039770693858,0.49499838873334434,0.6101494544681173,0.12948101516269606,0.16391939694918678,0.25049611343750366
0.42462235093958667,0.3461272607120539,0.722025262999053,0.7146632350786175,0.8658949185280873,0.39865042896020597,0.9799987237017219,0.17595491855184675
0.9615070791906047,0.42028364930370765,0.617142659460297,0.4573958385314608,0.25523224713042003,0.6865753858959971,0.1052469797053972,0.7220216257658109
0.9510203191995871,0.5536691646155537,0.6364994361913056,0.6151863115459456,0.6868873141539494,0.603471733569667,0.04759462357005362,0.9752010133597357
0.3126236383621549,0.44883311058112463,0.9102785007683795,0.21442984266015697,0.08962875742891718,0.5393151362189237,0.4372240176222666,0.2579300438909061
0.8440159398396343,0.7919878860133003,0.11899687624924016,0.9113606378459672,0.148064389869892,0.41788202269132935,0.1404983581765441,0.2088900880084288
0.9407403775213373,0.7218965719571093,0.36760952480649167,0.6898104570400685,0.5058568863349625,0.3389774309599558,0.19590893030824752,0.6562134627844692
0.340213976119649,0.14962143934612315,0.25633843032564096,0.36082980207737547,0.7793742194948684,0.10461360387834351,0.9919124502129707,0.13980818133797035
0.8037231224274237,0.4902311373406084,0.6006856348669838,0.6717753365541653,0.8351721694739224,0.32075324912922853,0.25372385074112713,0.556333214032922
0.10874628552692633,0.9756549234704108,0.056861416283955024,0.7844623644056113,0.7700439256823655,0.4631920437643353,0.23939997670805624,0.6009003212841391
0.9139265360857225,0.2340286987327067,0.25954322548888153,0.24164634468937596,0.1068493180210297,0.8434492123678587,0.9525601816884595,0.030370826200732393
0.002915460537155079,0.9641005664363781,0.32615407724170586,0.22910272593587844,0.8894449555222288,0.9311046444155593,0.415599498262473,0.38642792067092957
0.6529280662633098,0.18521311470815838,0.40040100104121146,0.8229378973620942,0.6177944893689843,0.29954393507132127,0.8399703020039831,0.5976485007057417
0.03848511764993545,0.8174158204386613,0.7525024805888184,0.8493346165438559,0.905396763819095,0.35725190663845496,0.37014917640315137,0.8821834386808246
0.6198509056648952,0.6717035038779127,0.01642457278101528,0.417808720266027,0.316005827107264,0.14677995413175893,0.15531502104334716,0.0232966248160964
0.20294814264733163,0.47529581660039777,0.8444200067277701,0.6172257030128582,0.4820627064132387,0.47368254510809316,0.8734985672493335,0.3534304078562577
0.9207844974952755,0.8138320702663119,0.10265616770063124,0.9436847003103925,0.07984369069053021,0.550368839953656,0.3043215858043755,0.54820709383573
0.4172766793844047,0.12888761390023773,0.10703479377899527,0.3804481672546217,0.49691034941439005,0.4309558812579346,0.6838485675442967,0.5876296905673947
0.22144157793034713,0.9076494515578514,0.31691810154835476,0.48868936590854284,0.5933678481519646,0.9726521209935979,0.4518349654087893,0.26064653964692186
0.8053141810053689,0.6118630831468291,0.23959291794515103,0.8712146354209129,0.24967861173385475,0.24392091680327044,0.7069699285423292,0.912473207344504
0.9072646868111699,0.7147081347073001,0.047713537577343534,0.024737134995588717,0.7792230454539326,0.3350775316832726,0.06809354367220666,0.0219899446783155
0.05219171081180951,0.9051900648598235,0.2564146932788752,0.7725368691549306,0.42286029673091474,0.9486303054627341,0.1796099553738938,0.2028506313067766
0.295664127689124,0.964312729517772,0.6404891467949111,0.7169309921556158,0.18932445692739464,0.7253497763189833,0.9024701218660086,0.829956339371434
0.30772969316216936,0.07184410040668365,0.29564105163987753,0.8965071182044823,0.6191763377306038,0.9078988144513763,0.15434052067008197,0.12806689696464368
0.3726203679841188,0.23905187918315174,0.45744528217294245,0.8011080511979526,0.21201008281956835,0.1828622491771087,0.3601173611728167,0.4724523994679135
0.24814039245051434,0.701356705141673,0.3096885080644953,0.058628996787343346,0.4727710749043976,0.3077383942295613,0.15124215367644356,0.6638785371562276
0.24813248788311526,0.49704855601933196,0.762000771670245,0.5574477950656853,0.8655210645263628,0.6217478810035686,0.2599220724220095,0.3521172025989928
0.2754996158824701,0.42173862775512994,0.8098557980259589,0.39923278242492743,0.45553531178883855,0.9756821290049446,0.5994953918186418,0.7942842934265582
0.42394205858593415,0.5328526276505474,0.9638134611720167,0.1909319440917009,0.705280857487622,0.66288057025461,0.9272245805828205,0.8854696823477931
0.6853321500641206,0.23610863324543518,0.5590038868595373,0.8188692068495887,0.2185226704725225,0.3844574033355509,0.04588604485918957,0.6609305221353787
0.0799030666929299,0.2824601293224438,0.9792560769122517,0.7244877357585857,0.5724464233357496,0.8047441794545213,0.4391586473711332,0.944621859431548
0.19017228116219353,0.1383320319142599,0.03575812295986569,0.8465883730477902,0.18672336331636707,0.4348633025432298,0.3138686272566913,0.07896873917788239
0.43054373640745014,0.759381835914816,0.46337531263522613,0.3238038818069966,0.8964027599940909,0.07333469074530052,0.1246791801835504,0.8123916473542401
0.7990098404610797,0.6392613548124986,0.12379014661433585,0.5163863383699536,0.6844267713474161,0.36581883967740403,0.9936430005669411,0.7075011203490281
0.05232443697695521,0.4583827408327633,0.9461801377112437,0.3482760299730989,0.5635927530862512,0.644054134635528,0.8336268250675667,0.27456948867221465
0.49228077728924025,0.6521252427514868,0.3651663227188128,0.7434391100218033,0.9499169157330624,0.9737231138311363,0.22801322650808242,0.9284185390516487
0.6101426543565012,0.6166302006146375,0.8309573566982229,0.32327962194723425,0.6354244981671409,0.22044647473177537,0.29518996769872563,0.07710304945661473
0.9132321523532552,0.320431270814164,0.9445583671815726,0.9086945916041949,0.22786314493876836,0.6097251230772333,0.34991119718112684,0.8397345004127261
0.8650642302970022,0.16137520108457692,0.311750924956649,0.542279464571443,0.613798280600621,0.9301237621357313,0.04270608804593712,0.35280260170834243
0.651933959931701,0.7562317371174365,0.8911723930240381,0.34799793526191547,0.8248465984827023,0.5660109511203036,0.6540623510218352,0.8180747919416521
0.44765599475010565,0.6502226213644304,0.9917818188537926,0.8565657249798997,0.9123426158364051,0.18136825171140392,0.3556404026508483,0.9646759174251773
0.5534576881139066,0.5620118043266468,0.13893131880066656,0.8730997514360413,0.08666991266452828,0.8971410351750858,0.04111410484493905,0.0058817246669535805
0.33656571859665796,0.13941752083790937,0.98567414984944,0.3044492924284685,0.6530094872125025,0.8255571683640137,0.48783916000992067,0.5693958221544326
0.5804285755224045,0.3164937600877388,0.9890960744820624,0.6932051504533369,0.7305022025873767,0.9032316235349729,0.23334713488037873,0.024548880941835494
0.6026842655644659,0.4864399071901683,0.8280241629730651,0.884816188179654,0.29974456404387173,0.3013680922953025,0.430376417164381,0.8035055824350067
0.8172183338682805,0.9617627231260737,0.09535652914072112,0.5141406090913319,0.680664798470767,0.07820619535475859,0.6737016618548572,0.11393353906786652
0.493521007668965,0.5991474968692604,0.4474304594713334,0.6170400748618791,0.562809358908495,0.8885592846225294,0.18307323272638698,0.11301473077029678
0.4265300585216255,0.6616086089852479,0.89847967259309,0.8820003291655228,0.19805779572782956,0.409273450036849,0.4245964392040963,0.17763425011612943
0.8730261154405301,0.8412655289896404,0.6476586978353548,0.5993338370005074,0.24770871432057096,0.6076466271352498,0.7827638685412414,0.5053366758262531
0.5048264754033672,0.9081411594428569,0.7801309842056297,0.4471867442708798,0.6194491831240503,0.2106781032675875,0.49006765127787744,0.4980864850337605
0.3153712381085594,0.6151328324546138,0.6848082796415599,0.20550164244064495,0.6128959157217057,0.8596491332962899,0.21938639016344408,0.816623892597622
0.7994446000498949,0.13168927005966502,0.33142194908761424,0.1872637844491637,0.07583182912572772,0.27766053552084746,0.34776371121263927,0.40064127271475547
0.4386717135805559,0.09369994525547354,0.2062216643361655,0.8959829753212805,0.33690197958530266,0.17687108732364787,0.5090131567487106,0.5989892206893537
0.8265113930581308,0.20262648889812196,0.3041276929551934,0.7947826368101255,0.34618974838903493,0.8244491433319889,0.5629516629151483,0.23581284621378007
0.19157217274330096,0.7986901692200616,0.08562067500347803,0.804032543995585,0.8231429132711688,0.8443289126151704,0.22288687342074398,0.5548486251506498
0.7636711810427345,0.9098561871735327,0.9200910314961754,0.5698372177350767,0.6801677873915515,0.3693867953358314,0.22599223100973864,0.19901178098311356
0.9321588124557391,0.3667947854672402,0.18267048130270958,0.8352451120212238,0.9455787092884401,0.775477970446902,0.8094744402130724,0.0870225746882547
0.8752102408670368,0.9161606412454965,0.16228563475655833,0.31558205084051627,0.819302590459304,0.18664459830815394,0.796086559372978,0.37242898413967074
0.13179307964737697,0.7758479695431895,0.27557521878254687,0.013037187604942657,0.20399902103831535,0.5704889793775899,0.772198757906658,0.880771038021739
0.14851952853407535,0.7460178563088686,0.2331895438673628,0.32512235606585393,0.455210487615913,0.2644011034140331,0.6548937091178767,0.23735145768745036
0.7910989293807438,0.36699005890083847,0.2627385358036627,0.05784326152145591,0.1044423009796056,0.9353167957208193,0.1445453376790985,0.21592086419314271
0.7245560822720934,0.9577738083457917,0.290079183959172,0.2690448719471291,0.12265151098261529,0.4527966331430693,0.10548503231289919,0.8497247153758873
0.3600238354133446,0.24555664905954078,0.26863636908296096,0.7525070365135452,0.30387663707829826,0.3367188321089891,0.536811729234514,0.7158159764479562
0.15175630119466632,0.36410084961265254,0.009770013114226095,0.4515140429990312,0.7309130707718293,0.3547876743591646,0.7719057814899205,0.13957802444299228
0.3056842486141652,0.0364825230912883,0.1491062244776057,0.509770690660326,0.26844084946145474,0.78509359838195,0.41440365633714626,0.11440003192499315
0.3694977507869185,0.5667587741704587,0.6070405371986572,0.6085654757034659,0.8397548207870704,0.21154954575578522,0.9726476452482915,0.1570810545436957
0.5808680201720955,0.37796462431815037,0.6317708239445577,0.33412600916435087,0.04655880886580077,0.2242380664868837,0.4696147969507355,0.08356715940730675
0.17005091289402696,0.23968361754303336,0.2580348782169497,0.2155584447080564,0.3401875458867505,0.9648553453352764,0.08570479469951009,0.7784678298246428
0.4192828892828452,0.4378266010637546,0.9130213781750797,0.7904787841749016,0.039934712712882625,0.7528471599250959,0.4168863712513047,0.36132671741648015
0.6095542885177835,0.4679428792941649,0.4756049889580791,0.11990256401258426,0.2333091594402762,0.30764068163346425,0.8092194668774565,0.33680560716693675
0.6396838955579107,0.0967367405836721,0.16150745528673582,0.19744376362168548,0.8993173456154832,0.6996166989482006,0.24477475417968364,0.5681146307017695
0.7634854792370827,0.8885204019322535,0.6854029005647203,0.6728113265741364,0.46655133815213967,0.0483618099606673,0.9119309825600208,0.7721773327368397
0.4054549552412475,0.7866427412343173,0.7419538563251333,0.5464837601724231,0.5878063627855846,0.32226838683933534,0.9073800056390304,0.28496820945187695
0.5970226158567153,0.3483450501146561,0.05390525255080947,0.8109713100905521,0.22824917428363678,0.07946372003761215,0.19968597834102308,0.9536618314779777
0.5814462620101543,0.35404537089976296,0.3225093493817054,0.046062217658790816,0.49161318492958206,0.11737949904596745,0.7954988264899575,0.6600599245874027
0.426816171266846,0.9657676133903431,0.5266934693500634,0.7364730671559211,0.5415781710133467,0.1618981774588104,0.24600383268891612,0.22021143074789917
0.4957395241846748,0.839387261392095,0.12350201763008395,0.03977539542274133,0.16466720128797407,0.18800411921955595,0.9021999790208705,0.9433940310934884
0.7540617934240146,0.17797484247835405,0.8231856132624088,0.7163404572823461,0.10327134479737576,0.6729955846969335,0.7649256405773224,0.8222276807265022
0.874871744853443,0.8324395166447284,0.8650946777691588,0.7654128378437599,0.04645712358884713,0.3902053255527618,0.34565470901836925,0.8179969662269817
0.8414130108152357,0.965370787419809,0.45225070162510583,0.31792899480349746,0.5665054319020374,0.6192066672213193,0.8645418201491555,0.6472976007520175
0.9739749376064428,0.08136448146540065,0.4627972292695246,0.28881788769943806,0.0406353072589849,0.5828176028851064,0.09596239898784553,0.16767315129929372
0.7119305025134436,0.2071890250078059,0.4689176739702028,0.054329237056987,0.8885433294576511,0.09713908634418189,0.5359380021650241,0.6744230587783439
0.5843979311920355,0.5704874215049021,0.7430395097745273,0.3748997229210126,0.10855985032770754,0.192662187902798,0.872405543293232,0.680820524521515
0.6989212618700854,0.28909217763702133,0.6874362738039466,0.9453154433565191,0.7415170528370992,0.028449542581165166,0.24980827924468274,0.10512971044361186
0.5933671948960251,0.7600551843938155,0.05606944030259953,0.6766046901610584,0.38099757298525394,0.20636190191775705,0.6198932580846646,0.497940217467291
0.013426417674088142,0.3733424312708663,0.17442795878538953,0.8343832543659555,0.9814356881154008,0.5501154159694196,0.080789852628664,0.9018327690042007
0.7302690689306881,0.49076691389358884,0.11802786909410201,0.7936791002166553,0.46854721044490477,0.27403402359366513,0.008973930362120242,0.29819511362966467
0.5687406662162812,0.7472909273963918,0.65080858096879,0.7939050639535141,0.4915415909644424,0.6696535662432188,0.43590570959595865,0.7739413709033988
0.7194149552882647,0.9978252696020381,0.6245922233314171,0.3086786025145918,0.9328430575148442,0.3466350896316033,0.9136855538302172,0.274488489535328
0.42266314234827274,0.6599881677023478,0.48928859460238194,0.5984529726387309,0.06804941258175656,0.4315880987327636,0.5931973330749749,0.8213330525112373
0.9508270743246388,0.6924122075157881,0.8302298600387008,0.7860035248590591,0.7133672824039595,0.9412333971748102,0.18258971005004843,0.9171781476333364
0.8078923781934657,0.2895681256479554,0.670122049815846,0.9975670168423038,0.01902777524677779,0.20741187105864023,0.8263329267710391,0.11172270190235989
0.5887438298264149,0.32413616035569515,0.38099050872062235,0.045220392905348517,0.8476224609016413,0.37309349993653396,0.6746965927296614,0.7791205622639752
0.14173861011093114,0.6035879609719108,0.3457966415903251,0.9034484320542404,0.7758819614174712,0.5780307047995871,0.716591744988946,0.8239499849474766
0.6720791869170409,0.8726553159886814,0.5817298859692043,0.39156929416769415,0.37846345168219475,0.939689233810991,0.34890655679829696,0.5789534602854693
0.3173699286196566,0.5739602191947556,0.5852710240433102,0.7058648807275504,0.3174522430668788,0.11549883344765122,0.27780027781020455,0.28146530933407443
0.5855363164233438,0.9862096920112792,0.236337295040685,0.4044588045727854,0.8812506972535535,0.30991152428118096,0.9474488345233263,0.28156968817880945
0.5607503048180861,0.8704386584721074,0.7093013582459282,0.06677874113025817,0.7913937317246429,0.3549721031243588,0.20681185181539885,0.2681617808459392
0.4912264484764447,0.34391051550995433,0.16718541467016357,0.9907782419026788,0.9062959544572731,0.42850451071172413,0.06509906158633716,0.8892608999439007
0.08297651717255783,0.17722331757534393,0.7655118559004935,0.2608522163585437,0.6907106281624346,0.4091159428172011,0.962597039537634,0.4171335709180972
0.2244708123825988,0.24072685724049436,0.8028086126823982,0.0052833944083856554,0.7175557950502621,0.8774184164452493,0.9077745234763729,0.8587344410670731
0.038789030111137435,0.7918229190276473,0.21949379294932514,0.1906360048065595,0.5811590077492362,0.7253979476641393,0.4362976945652135,0.7554306242380803
0.5030086838096659,0.7864093082495319,0.6958176069641601,0.574859789529651,0.11271179139348142,0.34043752145494255,0.3330567653370785,0.6019071176569519
0.8490336270791095,0.17350793354317506,0.13995089775491665,0.6701496098378905,0.02607029981383313,0.1627128063469202,0.9344923997044049,0.16193165227949435
0.21997973153751615,0.878021451662481,0.6444966013043895,0.07317165172546614,0.25608004877229973,0.7798797282900308,0.5239486783611783,0.9013318832722327
0.3150481761954629,0.011853370400306873,0.5016061996645019,0.00912940610984414,0.8069454102049677,0.5407454827843846,0.9274050271921503,0.18678166240684901
0.07334867500240916,0.10282380053041551,0.19926318823051758,0.5530067595557138,0.8626822626624377,0.41210743089709556,0.3796503565887037,0.6816705444859082
0.7417357101538086,0.41309167775237265,0.7172098010251201,0.09507658317099188,0.6718938113173106,0.2092377831686031,0.46484583453140726,0.1966410945608975
0.2117195453439995,0.8645303203883165,0.8011670551001077,0.06753688567593996,0.475386919659581,0.46896765786541394,0.7976510500760471,0.5449033266226085
0.33226968278291635,0.8145252488804114,0.6213080111105942,0.622205240737353,0.12444543823669518,0.3700756958761926,0.13248958918912201,0.46054988449560763
0.717366444845322,0.24069924354637307,0.579448228511745,0.3018891302461544,0.5302800276740913,0.2836516164745917,0.8116295768667553,0.3634929318503203
0.18823880299563112,0.7521068205207858,0.5567386868413989,0.6814270077519039,0.2623900498185897,0.19160996309603884,0.26137998282434316,0.3966296944691575
0.3527293350175107,0.8001510348348346,0.4429666936590867,0.47700176769452174,0.6176053798481157,0.2765916808952419,0.16692038532660736,0.36626845031593447
0.8294652032225567,0.044269678484009534,0.3208831483114438,0.9380595356774251,0.0022442137791942596,0.07516451209126196,0.5777481646157141,0.8663256643305666
0.8843086679372866,0.4455015506569441,0.8590162620709832,0.8492562072487857,0.08335189716476543,0.8097823496771412,0.25255325218444724,0.17263974587383135
0.41553426238360536,0.5231453048137201,0.6449145298749025,0.45026481226379267,0.7603719386005178,0.8505286003019796,0.5958194253891292,0.876204905400637
0.9890548467062452,0.6403874739879476,0.06596399781257867,0.8736010514561738,0.8881658162856075,0.479946693749409,0.7878509498261017,0.6294670807139432
0.04605743160600129,0.6478001371085431,0.1361163291402222,0.2564382367276683,0.5495046378317219,0.9554331138296908,0.1505229669593412,0.9193216755116601
0.8584086065209133,0.22317080643486986,0.15243964105544805,0.41381480857094954,0.8187516920134933,0.653011275189787,0.11183223500226169,0.11921198495820584
0.13901388462032715,0.7235063480176296,0.06525997222188074,0.8097927420069518,0.5373213412746121,0.14795127478987324,0.8259604957105904,0.42267001087424794
0.862731697795547,0.6164931785656896,0.477960249428394,0.15471925900391703,0.03345364469459711,0.3910904229363952,0.8873078297309118,0.23244442373646923
0.2355786676476045,0.6257841006059768,0.5180621049491204,0.5299599213455379,0.7651093025980736,0.01692033137209048,0.8863497474548702,0.8267600596384147
0.142034868423078,0.10749829691843082,0.3575123888306161,0.08471927855806649,0.16825963577476455,0.03362856753603949,0.36297491412581895,0.04231371506320769
0.9633140960434603,0.5909105716854705,0.14927055257418564,0.49771705051541293,0.5489975926279975,0.8256968593194217,0.8009544467983625,0.609514657695117
0.856095108278964,0.3182218750332467,0.26440402216840897,0.4109628397428483,0.2779695976881077,0.7223882229509238,0.9203438992235554,0.0330143308194355
0.30759069101289305,0.29997470850059615,0.5518465715888726,0.6450130604758705,0.9365728268598297,0.9375206553954271,0.9181863347556104,0.3564840763619952
0.05585181096140224,0.8641465526492681,0.6438277888566603,0.044926505984961285,0.02663145601134209,0.9580303341693021,0.20862919020732051,0.1546185204482845
0.14090813553713122,0.24775626894226588,0.7455232796240102,0.5837212881288396,0.838761304603142,0.8448713455202131,0.23631907575271982,0.14834284153026078
0.7822132899373725,0.2594638090299419,0.8479989741205142,0.7063016441958692,0.026248524518235672,0.04702747677953922,0.8655069916615653,0.8671314416214068
0.3393657526092908,0.6244885179635448,0.19110369748238887,0.6182554497693828,0.9176816531148577,0.08002283531708232,0.7920528876092711,0.7492293222700427
0.9572696127555508,0.12297980101101258,0.9705439879314688,0.46408142514377015,0.40166892940501464,0.6658889810745983,0.6669635415788473,0.06202280984044728
0.7067294571718543,0.455071263843696,0.5787686095236853,0.31091387636555146,0.3703874235046045,0.555192975280201,0.7479332776211973,0.11872347047057175
0.16605052572274948,0.7846326292151389,0.18290762659337256,0.9006907630184364,0.3825842148057609,0.3365935610781382,0.4612795112593284,0.8145652105817681
0.6634723594517654,0.3587641901431232,0.7664942599047493,0.027925648580648943,0.263950095805889,0.31885436610776263,0.6717395140272143,0.8338886224430992
0.39699713327030484,0.7472925607021869,0.2971570759154729,0.39989521187952193,0.8198640515070854,0.8394485190033694,0.5506628456656474,0.8535235049448179
0.03202023971383172,0.32946886832257327,0.5333765569645095,0.7845082183828693,0.6164280283709823,0.2685792278172876,0.6258134045475291,0.9722274708485941
0.45653918198622,0.3336522178145289,0.002593103189144741,0.760802905620925,0.46582564165396223,0.48100470953220453,0.5170646614831071,0.4483161108835365
0.18120915445502384,0.4915299220837476,0.05422933961933096,0.41265639276965815,0.4273561742055535,0.029449669986576055,0.42263677486942763,0.6927921458809247
0.4632191176875121,0.796416888243423,0.6500477390141578,0.04089582868953934,0.3878679774372852,0.052564604066618226,0.7968963134359928,0.13905237438790108
0.5531530571835562,0.1959912951246684,0.663961844545473,0.7828777429105729,0.12970768715726166,0.2652147058101645,0.2667813263809574,0.20732272014766906
0.3421751373873264,0.5436508749448598,0.8506399410342439,0.4154711188076664,0.7232846343155727,0.4200290376788457,0.5288362975080795,0.2783958068397684
0.04294869305927074,0.4933710509424666,0.2740598591150911,0.23819586380302138,0.514724679039138,0.46544328137781565,0.017727407088164227,0.1230969941190675
0.8795957328863339,0.16235939236265795,0.7927478568706713,0.45519659921046696,0.28853309575089137,0.6933890486668183,0.816077029099436,0.5859606385381074
0.02443339735339456,0.2120596118025554,0.1320925976045466,0.8818953819436915,0.932650050173006,0.3899227040111819,0.9083383661564419,0.3632562880060781
0.5389022387617856,0.5898225072099842,0.2664312666736708,0.5111042086792047,0.7837081701367958,0.5588688952891732,0.4971892132528105,0.2606716331784884
0.7108865325695701,0.5493744965817287,0.1734778386650937,0.27229217903691805,0.027350864460741642,0.7228711431257986,0.013779993300660154,0.9821262394403928
0.2139941839097521,0.7106411864337541,0.6414103705402612,0.5104123807747176,0.8958929041446237,0.4109824105702973,0.4292498765368771,0.7341741417031696
0.46872139350493214,0.6755755315591707,0.463119579926653,0.901387984791797,0.5439559457971684,0.6248431460286542,0.1936273172454528,0.22901116195236482
0.8096906474832283,0.12280807280950845,0.7278122323151637,0.792319119679338,0.61590480166028,0.25049008795599303,0.9303075455251391,0.6676714418067696
0.6576570741018749,0.24418017884359555,0.7731025002740868,0.04345788190486777,0.29760372355528286,0.5296545854116551,0.04500139531121505,0.0393303003910932
0.5251762036717242,0.9774595075971071,0.5188634864893458,0.24502177719011597,0.8143219036650229,0.0005795362134795035,0.14475541302918493,0.07654612199590127
0.8842034575787421,0.41465297241309174,0.5019172360030584,0.35303837215975575,0.42333862845103865,0.20936179518399334,0.5792006759323662,0.07653557870314365
0.7155259258060671,0.5324295738064381,0.9110382850562253,0.020943649517456975,0.15395164426273278,0.010292706616641278,0.9863832546766885,0.5197725561943047
0.2855432959959263,0.16818001032662644,0.938865286282412,0.47877304039955326,0.2135582400875503,0.050990970113886314,0.024296586427197453,0.549922271749957
0.2878210661572984,0.8493604252013512,0.9889790531272369,0.6664904835368876,0.06200767848508504,0.47352939550652695,0.9196678692119717,0.6958476679492305
0.023708311823195327,0.16069717644257953,0.11927392850480367,0.6195379584498116,0.9242226301787374,0.4164257088934583,0.10054921667077932,0.626093709612243
0.5137951562639343,0.4962869385308921,0.6176838955887293,0.5422247037482567,0.6480676881921242,0.14600307386650246,0.4125073838725033,0.39118730158949855
0.8127135262526282,0.01399699297421475,0.9716824727138795,0.30548434357272436,0.03202619226446668,0.46701266001826647,0.3132853247941795,0.5617960284892882
0.5260422302518118,0.9601895487792811,0.4422927136539533,0.8948514459745691,0.5463861885960684,0.5385967308542183,0.7433723484599635,0.6536794707198126
0.16472431155477374,0.1516854479897749,0.9092375064325838,0.0718432547467327,0.9057791060331142,0.6676633294030517,0.5448491723606939,0.4510628015431454
0.9896246882202263,0.10349735374740954,0.06812571387878641,0.7028599323038321,0.26587473895446456,0.0962092895777269,0.2669197590089204,0.7123512899042101
0.12683441848548216,0.7242931565747295,0.17960117089899796,0.8116470499722912,0.2114436218476875,0.16137232970585258,0.29530401196968115,0.14312579870988684
0.9109781234270395,0.7091006479689784,0.32838656751296036,0.021140131437625165,0.754858163167827,0.40797699994392034,0.9948916751371124,0.6902486849024493
0.380881268823305,0.6358815575430696,0.14251433710077532,0.8859545765698622,0.4440481212684584,0.48047508993230825,0.9036268220735522,0.6134492643741231
0.9804272946932097,0.6782283737684194,0.2778320743429771,0.4416196718663741,0.49137374467141914,0.5406662605090705,0.5201669920332115,0.06078021598972605
0.0048198715263740866,0.42673968948345975,0.9955736268791645,0.6488927242099688,0.7582000798841407,0.14391096573061357,0.8521190032095302,0.22275216966771383
0.17142378494090116,0.805597857897912,0.5820631422273654,0.21054687278565132,0.07674978051871373,0.7363491841815916,0.9853562998381281,0.5522062135116105
0.5983134700021169,0.2077732901284839,0.06713641848736396,0.4326729568533467,0.08996570172113993,0.4543797254437324,0.11191752055134374,0.08441134163230479
0.3895427882287358,0.8580134499515657,0.06704381926073355,0.7941915339937792,0.21898198993388174,0.6052171253422342,0.23762349393204574,0.9469420305442879
0.24044529559009065,0.36475616530810395,0.2222508306386164,0.22723165409334445,0.08375829186280737,0.8766041130207156,0.30270299024724345,0.023141279290155414
0.18705654403190974,0.996607233985535,0.9826700619135753,0.10685014625261635,0.2259758896814723,0.6758572382109922,0.22402128570253543,0.425423330345028
0.24083963163306243,0.38256466528031896,0.9126878147238744,0.9728556465647924,0.9525085146633556,0.8638467673492952,0.5585541758932767,0.20621470213971926
0.37985893046063723,0.4720584235369075,0.5928550742571084,0.20399873132470747,0.7354044971337524,0.2539915824343566,0.9370958578430518,0.7204430247032131
0.4821889691623691,0.5202606971852437,0.1496609173970871,0.2850667994319068,0.10808189850511885,0.5547879134597068,0.03941463015224844,0.7283851218828505
0.06481412230505845,0.9090267370600613,0.4491508992729575,0.01906943354464119,0.3771887972477119,0.827564010151134,0.956522279102818,0.39692102489166114
0.8510211291875798,0.2707814699590224,0.613494974428375,0.8532737198102305,0.5095361826411472,0.5754630057816834,0.6031746925828914,0.9421877237466303
0.001811435537558026,0.9725215287514297,0.35041283324567385,0.8290396712435232,0.5359027912523489,0.5680585805431146,0.864034909245214,0.9901699720056872
0.7562264673213979,0.9312616103290551,0.541674481279009,0.9764932580263231,0.794692967628825,0.11969331956484874,0.27529152569269977,0.7431974221454558
0.6768161661685711,0.5224409968996604,0.7361485975419988,0.7188360360799302,0.8479451872227984,0.4302923910623352,0.7130870245541545,0.996318852275673
0.31737887326616787,0.4627026353084468,0.3304988262159416,0.4040130027781421,0.04459104488595711,0.4149959482871206,0.6545996208133072,0.7740049665371199
0.21975656595816861,0.7102941209449625,0.4883347872524181,0.2935655368227623,0.33131423536638294,0.7784434628227098,0.6823174213051701,0.10439376958702018
0.09228917059104202,0.7047323590999116,0.9398189384361367,0.48880196397962905,0.12350865422537627,0.8638178537404378,0.39167083496276933,0.95473488019912
0.5443407665621329,0.21342313962393766,0.538100734624603,0.40115613908646675,0.41102809774072124,0.7809329002105172,0.4657385363445553,0.3290288190412405
0.6901662482869213,0.5047616446355193,0.36977016139567975,0.40967062234970697,0.9449164817349978,0.20485942096355847,0.41636771689737684,0.05716108193404512
0.3918334979255379,0.3813364803090491,0.201418006150052,0.22727597612868478,0.2613172647431371,0.252728489701056,0.5578773479922677,0.9619976104333339
0.1447169544247181,0.33322476077579477,0.25323288482402306,0.6951617548662647,0.31793121508358213,0.33345293313823243,0.6672859513131159,0.7359656228550675
0.41095766101522935,0.5443883689190477,0.7766241694281216,0.5741337553110991,0.09908935632394333,0.7480934557251707,0.5417939287352422,0.09041262524692495
0.22272184370010606,0.32151992061085455,0.4384575839964848,0.7245086696077446,0.724932361699292,0.9103912993010619,0.8187286045604513,0.46286313696726333
0.6147834757719238,0.9781031976334169,0.6187194302930079,0.41103534947622333,0.5162769212856153,0.37704525759523233,0.3895363392699286,0.08156634218874192
0.8940560412156029,0.8245212698778263,0.8086935567538728,0.3785836963095587,0.8444254249579792,0.2717661051669368,0.8991910011092042,0.27204795348478017
0.02841857642228862,0.984926492078542,0.7321425037107826,0.614624412939417,0.6406545528867708,0.5429566197911154,0.5782401491397551,0.8739131770842072
0.4050117445420951,0.049948377294797286,0.21639372659712153,0.6342653973198896,0.5582617217015468,0.11054230985811775,0.4105270399381923,0.2636003413713345
0.4841397863733128,0.8658250790729746,0.4916947525482813,0.4873028243225469,0.08923910834893634,0.37753029644032565,0.5341899943463904,0.1552163455683142
0.4546689085924355,0.0020992056377071577,0.37066660609178415,0.7702120462048322,0.7904056535754228,0.521388330802059,0.6196768574080647,0.36483425885885323
0.47239576185472176,0.05566325835566999,0.7990332145217793,0.9921703499348179,0.3270113780229431,0.10701901459359009,0.46102733761887416,0.8304845008010204
0.1572931014779425,0.2677935608160027,0.4840216979616594,0.7100297351491542,0.1589864493182911,0.06898015547842129,0.860829522114171,0.8622979127287771
0.9730781583990297,0.8924145373421989,0.6301208684568959,0.42268165325937246,0.851212718692946,0.9279399986687514,0.7964540327344833,0.5145504530500268
0.8166996565283345,0.18993418727685807,0.10051113643045595,0.5814130755024449,0.10813512892494803,0.6867676767836861,0.6141803417387137,0.982849048213212
0.2643211081490364,0.20009480971017668,0.038783351208518724,0.3482012848197529,0.21949241249641382,0.9780571213819861,0.6687601809368043,0.23032472817945127
0.9690580846914121,0.8088116572587933,0.6226502880519915,0.47374704366401177,0.2969335560339531,0.6470131510403757,0.6045292039109543,0.5459645691436482
0.8345014943101139,0.7560625146069271,0.4300532757637989,0.6053685598839184,0.5430840103617566,0.5586801803688894,0.6087662534495019,0.014439978932878517
0.2646773594097096,0.6085187633445321,0.732091265471796,0.637694689461194,0.44473700930603033,0.6990804769114164,0.42748775817449225,0.006819867289018733
0.22945639070884527,0.6729009239571838,0.27679115453554615,0.7802100932618972,0.9254763983499319,0.49301124416070485,0.13732334913871747,0.9531378016923652
0.8513122832037082,0.48888257201820506,0.9156403047834603,0.4808495425428514,0.7411177835220883,0.07223914648281249,0.9957620386405909,0.5950510749603863
0.016490173744965197,0.9406942009897521,0.024572864806888917,0.6242930899574658,0.25068973537675177,0.7120929294758707,0.182788584373891,0.04918625379121788
0.7381657745131815,0.5381209868517207,0.1576412757156349,0.8216381857032706,0.38987711220638066,0.6466476493575042,0.48210502919466025,0.4950816582204697
0.5764374046984078,0.6580926559295736,0.42885690168248036,0.6089173392561149,0.7158174565846775,0.004905670802593409,0.6330532125575328,0.4491483051033627
0.11875690776053516,0.2405329326646356,0.028188629078009453,0.24583998319433553,0.7143874746867181,0.15979100072201902,0.21136765094287702,0.7137279684862082
0.6179034592825143,0.6646502184594486,0.08734002440363486,0.9137783789246182,0.01706568507640771,0.7632859693872794,0.08952620760139918,0.7758104607969678
0.0362310198718534,0.32596736648835667,0.7008896636827617,0.0862221540764655,0.043769459519659826,0.6268975602617003,0.895707860617922,0.27134963830081116
0.961042944008984,0.11336740659293987,0.5069761665037212,0.08485054431408068,0.4539153845975913,0.8959000624715167,0.6645715551008726,0.7744557341277688
0.8208369759047512,0.9512047715296158,0.1324052821943511,0.22280214886800198,0.5680811596281256,0.36551514166626786,0.7690564965979146,0.6064160413447026
0.40010445177585297,0.2664920771594175,0.9523966633218846,0.0938369600072706,0.7664911636331119,0.2489279450557783,0.49407801355150793,0.6090218190284742
0.5596201313145347,0.8070591218856618,0.7617462197573929,0.07086056020684961,0.8255885488608176,0.27336466333850684,0.44186113721270237,0.7083290121261191
0.30228237560705074,0.6355951360583784,0.8966988511538839,0.324330491022624,0.6010001383766873,0.4619849469768953,0.029585897193144528,0.7685599207697051
0.8996451111285564,0.33874037554502223,0.9658544871250618,0.29096701283968496,0.16439741342256187,0.6922306337850587,0.7033705160458098,0.3883682946514596
0.6610288648115855,0.8670330779371779,0.8867669363633063,0.6169689064714474,0.6636695862307307,0.716423458944553,0.6027412984745211,0.566623590599857
0.8639274448441691,0.29107185783656164,0.3261074053303662,0.10066757903250334,0.20437211969387814,0.5267712571773049,0.11043926396885295,0.7129780691189544
0.3647144778908229,0.9521408924125864,0.8409683322226132,0.6415678124324352,0.13698151138767312,0.3496815555867344,0.1440221700374692,0.16711654062678205
0.13577221134384465,0.03593078156222773,0.5691648185479958,0.9566327746449084,0.7679469316737219,0.5245049628546666,0.4302050732927557,0.42718173319609754
0.4874723259852356,0.7435719594966147,0.5813297810398795,0.4045665617829407,0.9527763438712553,0.009264091602058211,0.7726340682271389,0.43991558823382815
0.9187943938010894,0.9633034952534116,0.757107856562555,0.5472937648986219,0.15662345530689414,0.9152384727327316,0.32003397649149823,0.19341255816933067
0.32134386582720653,0.15501391785059715,0.4415672940216997,0.048095170017997124,0.40892056188943715,0.9883939489036171,0.65671634649501,0.8491128219712738
0.4204182919852796,0.6746279329699981,0.7184279219887729,0.5415332455073465,0.14507685001489679,0.9603768537282179,0.6107935870804494,0.7041618879555086
0.9595376021293651,0.6789506554845472,0.42477824795626584,0.020969639954167896,0.17988144890508972,0.6998219137360587,0.002636134114477273,0.6623193119092836
0.9452715342939431,0.9655102948384534,0.5268960868630874,0.5801879633657497,0.3029909775652614,0.31437820394869087,0.11702569551819308,0.9495301335131057
0.5669674169197173,0.0023941016539699156,0.8462809473145657,0.8823715079339354,0.37088862920603183,0.7717789028530053,0.6698222402285202,0.6886388256821282
0.3916886643869504,0.7617123053206285,0.6141090671028564,0.35585687922302967,0.5188842221449712,0.08854221495508063,0.26804858727632175,0.7406991465854924
0.05840112101202488,0.9606871102884224,0.24495622701536213,0.03251426392830847,0.3870116561060426,0.7567446317923991,0.04307175065260971,0.07811791922981437
0.8854168669058101,0.9873342965431183,0.8640325630998398,0.13863831702846885,0.1820451086652939,0.8305350322158995,0.05360617283057334,0.4425285545322044
0.7858235174630708,0.9777415166203539,0.9140390486668546,0.06436483671171678,0.32526407182642003,0.7795311512627082,0.08311855819262826,0.16047085631924962
0.8747283046028428,0.7322264485394767,0.9879342549241218,0.5139383266512939,0.6702756368801407,0.036875250669234805,0.9123396031062174,0.5938853364596671
0.8984119635697616,0.03235916400990446,0.9370292679770617,0.8220893676693545,0.7541170411393469,0.786378931265077,0.9111298925977102,0.014272048269462378
0.012736596596504723,0.3000665783674187,0.5366326119186324,0.7250725152396137,0.3191664089135914,0.4111783732475969,0.6937038508539711,0.10613409735121415
0.5940675603334508,0.5994057559139996,0.7523575925606428,0.4788570739017004,0.892644317173284,0.034081558957575586,0.7654388998986825,0.17816440326721394
0.7223462991651266,0.27860318093711545,0.5890834582072159,0.7367857184064276,0.2794812369587185,0.5284325133103762,0.39923821159795747,0.2213509967947983
0.6084271626605733,0.7293796144064159,0.5817520362776135,0.6181716597580844,0.5818536377527274,0.5746088915943205,0.15662143138024143,0.5415568461076908
0.2652610500174092,0.615691783461187,0.6683655010172611,0.3989742326038116,0.9661964112316312,0.09425699932474685,0.34767060048793963,0.7731973260656184
0.8503070811273729,0.8459901880044792,0.6147409376492419,0.9790056853330389,0.6167488313092035,0.7804015994486784,0.8833362601191698,0.6105674408639692
0.06184448506426854,0.2551691002362566,0.1969353661360569,0.3470335286049989,0.7525898568736531,0.0036525413802447337,0.8447066110963276,0.8110568937373945
0.8741034156244685,0.7856301135179345,0.1665200768276457,0.26429871667298344,0.8915602464904185,0.7038430365932372,0.779438307412586,0.9985817323409425
0.3178957878750719,0.47243467503726544,0.5479955993511378,0.3929391552304565,0.5170076966251668,0.43521193209448694,0.9685199966852774,0.04418518732247512
0.8751180395249192,0.03337477470201011,0.42242991760941284,0.7417864282009269,0.06424543138758154,0.9181891958672187,0.8305104750443733,0.8765633103178009
0.6663994418992543,0.8920628869242085,0.493390735798533,0.5014255259562396,0.5308316723237216,0.3622610276157644,0.5135513751288152,0.24889090475338194
0.6465550849868013,0.6860762553613405,0.45280130836270704,0.8656136811953885,0.0772417060908942,0.8218867849869885,0.27770550472195143,0.9832993015353765
0.2558164595252299,0.6706277181601172,0.8526207481017264,0.8054727657671399,0.8422407178584937,0.38330473388043473,0.9147877478856256,0.8400961089012232
0.25530782191432333,0.09870394742131561,0.9892419404687895,0.09769618256401424,0.6686446181432721,0.6822351609913377,0.1755786287837935,0.08238238406023446
0.36582071175939346,0.40569934143501607,0.7316419307008852,0.7906820626684148,0.5526126369945457,0.16497682806069924,0.7705779593107378,0.7701214029564023
0.6720816246716799,0.2095568752805893,0.7096625770475714,0.7967882791323526,0.749347612814023,0.13798500973948202,0.7735484904749668,0.019965942805053705
0.8515505676728228,0.45359130673538306,0.06965269833710674,0.790658010320486,0.7147291744534675,0.9364140963594639,0.9141742677229147,0.18547701195196598
0.05106236233255623,0.21707527539190286,0.5517619644333274,0.530795825309374,0.4785106763348337,0.5255970990971499,0.1947789134565886,0.0056758206749528695
0.2710395058708912,0.7250164814141729,0.37264042621877613,0.23119969075997493,0.18204624499009125,0.16882317016528103,0.48796022455558064,0.014205105395257211
0.8736086488298337,0.5292958612320254,0.9239928092479208,0.15853126005390594,0.6824991358818936,0.5192243893015058,0.14914229519950295,0.07982587872394142
0.29607649644122747,0.01893610730039219,0.11875951703094179,0.42602343528388853,0.977462594843542,0.9255987901865546,0.840719368961923,0.6460138580158492
0.34710727635916616,0.15256270169275954,0.6071070884669705,0.45476995783477336,0.26838699385659626,0.9020315010911536,0.08373133566004431,0.6998458030448224
0.6753369934309434,0.07168089214966877,0.49762651829364524,0.9630855338452723,0.7672286302325981,0.36276147739912024,0.37915628457003536,0.1953820787005992
0.07155263983393034,0.8752999307220222,0.6261085590572648,0.451206488151377,0.565532290344974,0.16030278709119472,0.6963609882213986,0.1703895896659512
0.1818242306681136,0.2448823506954807,0.40915103516579665,0.4923334719406409,0.0343015478214137,0.6527935219605894,0.3924117210584357,0.4212571942999873
0.7056817817881611,0.9747262373022525,0.043903323353241874,0.9063101832824759,0.7615175687745045,0.24079564568836753,0.5378780844169954,0.5660068424818987
0.274799375441794,0.37169833962877274,0.9013221808806751,0.27001594109348415,0.903785695073739,0.06196650616752164,0.6437243608421462,0.710717526466212
0.09813854064758643,0.0756578355998686,0.43306295095781966,0.7836590443531415,0.24448551070896551,0.900007352329549,0.45889998405678034,0.3028851022074892
0.5488354511592635,0.934090281255292,0.19504615370023315,0.19464105605687432,0.4903298659982597,0.7660771180640729,0.9053232775545813,0.03782409644561213
0.024133446449253748,0.25958603453649676,0.5605750892630379,0.0028026710283085565,0.8202084063506528,0.6844141651182128,0.473341399876569,0.16716686091913946
0.2527724506302931,0.0179227693443621,0.058079062105732215,0.2034314971018487,0.5693809761811318,0.42685869234464435,0.20732912845649976,0.8695887492460049
0.8638169951144947,0.06260315234436342,0.48254026142809736,0.11799121955058467,0.4780952361323134,0.6609807136523009,0.5071594021767416,0.23364540015122737
0.3970300277840846,0.7357605870712507,0.4097425398752199,0.2781788306871885,0.4521072907195445,0.49704007216184654,0.8140522659586552,0.05288762158571736
0.05718754446644503,0.6607080589892321,0.6613943140312296,0.00669959474897841,0.5073111080539203,0.9869797640648611,0.01982614020054574,0.689198767795416
0.22535805224193617,0.21412977703684533,0.3589367626772221,0.39822102583176544,0.8031461710284972,0.10121224020170483,0.12701640183604823,0.3145806904725187
0.01233793157738694,0.927103249058975,0.9437873642272604,0.13447899551512033,0.3935029560985397,0.6115343591182172,0.062407459357471495,0.21618306779234142
0.06473754519059849,0.30126125476300614,0.38725598716780263,0.7566948845070331,0.27262852542884874,0.30782373904195104,0.02649234168169312,0.6385714335414481
0.17926785478284557,0.805825919658958,0.8897666359362457,0.7794138189679202,0.4819536663998425,0.31497203189515965,0.2668400106694595,0.8581530536611741
0.25994054723500004,0.11149593016084769,0.47976507213137864,0.8254017141711976,0.8398543385722481,0.13886776659971822,0.3416895507995541,0.48703863858051466
0.2907262724099432,0.3120540967678861,0.8049577164450165,0.19143263107325814,0.6628952254587588,0.5824513951203841,0.02111556443569551,0.8161746740368219
0.6857024966162538,0.5396087441508295,0.7834012419773198,0.5732636510330864,0.5689006487565684,0.30662545111917017,0.694753896490183,0.8653147605879592
0.28778193299876953,0.11822621142654322,0.872776408101376,0.17968863237928479,0.8057845860855676,0.9022572366698025,0.3774940310630214,0.927726087659368
0.1599331021294682,0.2642524079087918,0.69057093120511,0.12685025461865107,0.16829585884428377,0.17069060954818838,0.501722802368959,0.9453860351308931
0.49618401028762904,0.30696035961227097,0.4089316047752054,0.6193480918111149,0.6622732273726337,0.4732588328427435,0.6140565329827298,0.9484804384184653
0.6562477827775364,0.771850431270057,0.7553371967756831,0.5681886676403464,0.19759121924352663,0.8868751289711682,0.10451167678351125,0.4173616925578366
0.8085363863677659,0.7402303559389392,0.19267951980275633,0.9048049235814718,0.9134223561318237,0.6969909939518103,0.9025043698355733,0.39130140003719427
0.03325601412085677,0.01614232530508286,0.9622131216367841,0.10073488089157645,0.2847810448504704,0.9595118134212628,0.5294372298342448,0.7685121321499833
0.534291461975236,0.5002240581154783,0.5774886358309447,0.6895516022341123,0.7779798626182588,0.13783257148534256,0.8418039398703706,0.5846427834347152
0.2953161194156251,0.0625893869672991,0.5037451374915332,0.699905880745432,0.461202132344705,0.6863016658648716,0.4261946695730099,0.27086553512859857
0.053992957282314014,0.3998768785330873,0.919501167661219,0.1850561609498117,0.5170578476396568,0.3231998769182163,0.2671344882705128,0.3683581839834912
0.15481237462928987,0.5887903747318454,0.21976329239628867,0.7958481446844794,0.789468686014689,0.8048813648542289,0.9033725460816558,0.43217313718447137
0.1387929864000953,0.7315786248295221,0.42508327461009265,0.29798381017291353,0.49732367665435173,0.8860369418492139,0.2474445034878694,0.107426980293297
0.17637925041790825,0.971823564219894,0.9173622806193396,0.23269764004097515,0.5349851425748317,0.32084360612162366,0.3074660416266527,0.21905129388592337
0.6228155139572955,0.7801322859552623,0.0764169981381958,0.41392476895494523,0.6556778684657582,0.5210046844366611,0.7159317112177004,0.896175937478106
0.49124020208459174,0.8554138564882542,0.7423097155750302,0.763342141112275,0.15226377117932866,0.04393400443208506,0.12072487508071617,0.8340915654080673
0.6616735475790081,0.13497670913755688,0.5262908139079693,0.8688067495288261,0.7573431720393329,0.9579901880386639,0.006007169011588931,0.9311383274926426
0.6883906892422003,0.3867110029882235,0.2301579718702681,0.4945422620672958,0.18755097780531638,0.16573420841075126,0.4990053586631439,0.7229700018038738
0.0937630492909921,0.06259400138660165,0.4548236700858024,0.3729367243618982,0.8220750533607192,0.8217725970928196,0.0565776826214579,0.08663506232006535
0.15194408323368702,0.39184104511599993,0.12637901057677925,0.47817779317838605,0.537803242094719,0.2742062226906501,0.32850378936240543,0.548082524243561
0.5613910750664479,0.309912174369819,0.6862913784569763,0.6036149917532954,0.2863593101390868,0.16301168740238048,0.5133073231385802,0.2167583986823901
0.8242271268060409,0.07722873285038534,0.36267193080319604,0.5768730994492552,0.6484267001477527,0.6194984573259162,0.5903351189541461,0.9341436359891219
0.4125726968880231,0.1607160495344545,0.4327199496185773,0.7414408568056777,0.7004969618060494,0.06332550229579059,0.7045962288062552,0.13503155380284726
0.7824040105470553,0.11844818121699952,0.5813811858425941,0.9025693155186266,0.609005468262894,0.5429752561877361,0.424502193034358,0.760933364629267
0.12308474752398846,0.28006316767927064,0.5545602454986277,0.9263153439893402,0.5105849628331086,0.8624419094166427,0.44092164754229557,0.9679456254361568
0.9746787616579452,0.027531232151551954,0.9504161798205265,0.031861057858929454,0.7712438739530048,0.9821026506852555,0.7654147231016958,0.4036956205368274
0.6925026317406939,0.35501504977005627,0.7179072223886535,0.5934200723993681,0.14973373020817027,0.41869392240703285,0.9976668373515758,0.38932316521969346
0.38341016844866094,0.4506988778292438,0.40105587137307175,0.6779136249986346,0.3029500543127921,0.18648709782186856,0.6877462090186934,0.6422090425396048
0.346904186475678,0.18907321074406647,0.9354565169591148,0.07909072842183851,0.5572606760963122,0.5919356487546149,0.8425995856884985,0.023353665535822077
0.4263252393680246,0.6297753141971576,0.8732189200183426,0.4114203681583094,0.3574499077376663,0.5527749762868673,0.8746948293080052,0.23513356123925633
0.7097760673922057,0.6274233228470237,0.17901469282324622,0.12946406839403612,0.830511781407893,0.42852841096448624,0.9706790787856927,0.20700765485871342
0.2324373335566574,0.22662847672063646,0.33815390786117094,0.33054987961915117,0.7246351524401756,0.25011151983039215,0.3543361742098392,0.4718029334654942
0.0024768767372053135,0.5615066801848458,0.3173320422508912,0.4548986053052376,0.6841267962351685,0.13521206755114412,0.8407519164895594,0.5817570446452996
0.7911727954592078,0.15674623964971612,0.9783224798523253,0.09906840160203667,0.4161895162907119,0.32566067481716987,0.19581757513369824,0.35518580722272786
0.4355971714148197,0.07766464280724383,0.36497839135507215,0.018692264349608245,0.4771316436609786,0.17289139637591722,0.5791557704018407,0.06307361689348956
0.34793926325756885,0.2922151804930516,0.9565254915743515,0.6007779811369267,0.4360188318013145,0.5770594311510783,0.041161094944596854,0.6455171163824062
0.9487340496332077,0.07327127054697591,0.9191675953922067,0.5514202383927747,0.6619157996549881,0.6661431832295794,0.8710313721419419,0.8634311656460768
0.21723849812897256,0.8819167422661334,0.7247301930035001,0.47716886164755046,0.44858552992993284,0.36644414131622416,0.6651611262447761,0.49528243541481953
0.15758643943761985,0.7535888355442945,0.7941661551261436,0.5760201563857174,0.17540424151123934,0.8810371828129923,0.44117156785908673,0.8039763408412248
0.7431788126165062,0.5456850524082069,0.06820609165951785,0.0706570260642726,0.6285851658715377,0.5938952791762959,0.6846805754675191,0.8364090581461088
0.9409630965728198,0.5707105550551315,0.5047773612110323,0.8815126668141264,0.8574319487702295,0.4531044534066858,0.5210551065786154,0.35043556143896215
0.007455149759008961,0.56820761908501,0.3848343648143744,0.40634335611603545,0.42135363980627494,0.4186577896896475,0.2955116714230094,0.24875788226068785
0.8774295437570558,0.47137666331551864,0.5173315574636862,0.18978852778156075,0.6155285458396573,0.9781431554672269,0.04922430093218688,0.2471193068421994
0.1669622369202669,0.6101892878042867,0.9187988447819601,0.07095992132682793,0.5278835557041762,0.3571078662147952,0.3296373794495081,0.6740356499942782
0.4725041394345253,0.8607859206120141,0.12343158358347928,0.9472123927580125,0.5942148129167453,0.9775242074053369,0.05449087901265004,0.3588194741259948
0.7734119621955302,0.8179103540047089,0.1740302788415503,0.17757695124718786,0.27454918977992293,0.7451162410486348,0.5798822076802258,0.9816073374601869
0.1030304233137801,0.5563497310398136,0.10958684426511545,0.9050500752449083,0.9572939873689141,0.42782468295396825,0.03993873479954835,0.5674289018345765
0.7864745455095348,0.7197449955640689,0.6167263192294478,0.901884290798742,0.975340770414144,0.3153923808996255,0.8879432542110758,0.7338600399341593
0.2863269016801213,0.825584199079412,0.35877882412287554,0.6213155829348039,0.4188654358880768,0.06672521169916557,0.8269483418016912,0.6154050017779151
0.37052178647590395,0.5081210793357475,0.3383052290734305,0.13064410484647582,0.6903224447164893,0.7440295288559593,0.22581421428662918,0.19323620347033266
0.4333650480799285,0.055379001516912885,0.8708043551484178,0.5172259620045251,0.5241197004258121,0.6899795577981013,0.8309775203322719,0.35068322543447217
0.3487588473847224,0.4486742624885701,0.3912821955104937,0.03464143330188241,0.5362750430162917,0.4339972331256271,0.009318100115314976,0.4475354977992487
0.4715825549946937,0.02547806497903271,0.20944839973837148,0.5037213924088445,0.7266452416268914,0.36739493987191973,0.9481597215420492,0.7167352375220561
0.7867476455374962,0.45116301540047776,0.03338333141275163,0.4898421314710458,0.5452755025372388,0.9624520245279606,0.9383182151772957,0.49114916024234156
0.4925778239047067,0.9413863199536936,0.22605200955458504,0.845165433210686,0.05979889649701953,0.7443201297953328,0.6076298722037231,0.2612033167122084
0.7858858303358134,0.1550410274877806,0.35729595241762413,0.6469995863375091,0.6957957611292799,0.6817028022015366,0.03523485939816562,0.7196745516076308
0.4501829276941347,0.6856414886407689,0.4269242063830009,0.6395859980141393,0.9663725148742189,0.3849007610197418,0.5174830352194327,0.09641219942103585
0.022407860005647318,0.6067038207064667,0.5394013798396163,0.26592441352421414,0.39281509289098837,0.45004431369413367,0.8244839272328905,0.5604251697660306
0.29004165697494144,0.7295533545478593,0.3807112487971509,0.6405853395560775,0.3206350123376913,0.12827961703765656,0.5467101910653192,0.37374483168838657
0.19419414850862438,0.3462740993885026,0.9419294753871962,0.14637832342758794,0.7958785108794859,0.2510155702424448,0.5793934281208543,0.8009194678485243
0.3267339545366418,0.8479635338061026,0.7335011087298117,0.2148167379089424,0.5724354193141541,0.028966869312168186,0.9873237180715607,0.015908657388205683
0.5300078161732775,0.27262707069095515,0.9263195125382141,0.2516840983599511,0.033745453408928205,0.34309446696248147,0.8077840679460581,0.933916352866708
0.0721771322146576,0.06198509174939071,0.05562724963319754,0.08218074554847787,0.5131116522499328,0.14507432402819354,0.8042157190412407,0.1839581182118345
0.7984467290026553,0.5937417051978494,0.23225297133074052,0.9767477936739944,0.33832517926322636,0.43434022282955786,0.42526180511928335,0.8867026585034768
0.7332689605963376,0.8757595123020879,0.46014190160082225,0.4949330963437525,0.04770688254458877,0.07954234141217265,0.4971107945197517,0.5178185767635602
0.2122284483534731,0.14226259521550721,0.24155613179721358,0.513724123304344,0.2337229663979532,0.15149252362490262,0.4496277534629072,0.27734633116757257
0.8300174737739134,0.9303255430623747,0.32746714552798584,0.10259260993465746,0.7487927413092884,0.3221385653083938,0.7097313967131654,0.6403854377718967
0.9253863669256702,0.19635624195782575,0.6994758056576332,0.36623927218097097,0.08412579572584489,0.32177372298635964,0.16340653069221722,0.25392146652026637
0.39885443085480354,0.6537214786680365,0.6618169539801164,0.9857706606021864,0.49380293904318917,0.10389416906224591,0.2505983965933958,0.6842977078830618
0.4062153403921259,0.3356343043690466,0.3906643163670428,0.6851974248546938,0.23916139052963303,0.643473251208729,0.252097017884356,0.7800756967570551
0.29313799475922475,0.5442322074428775,0.9418887530072105,0.19788303023979426,0.4082295249392449,0.44631388573070885,0.3480413201107778,0.6402321493283182
0.49897002345410957,0.7008670856928959,0.554284835106215,0.26025778332257654,0.5590318259631459,0.14723951344581243,0.9949988394510029,0.4994638967587648
0.817283780173686,0.06632118068430437,0.043044567267937595,0.033942778353843406,0.2530864517381879,0.18506712033702766,0.20768355006617156,0.2764578169506675
0.18955574455566404,0.6407388539607028,0.920016745412054,0.3553881270302134,0.7733819728681002,0.8846704645057257,0.527754275964377,0.46377053113289246
0.5409527929296981,0.37094135970917896,0.6151880038942837,0.5078138329181355,0.5413065628418289,0.09091604894759664,0.09457424430201167,0.27696017052582145
0.9317203597027867,0.6157880034080973,0.20642867953434707,0.3215603048836635,0.022938697663090535,0.5981052570451743,0.3547143208513214,0.28940055266168496
0.8156187420578433,0.7054362893246284,0.4441801013215434,0.35697430112697204,0.0021062403775655714,0.13534024901997532,0.6336536248831073,0.7180432376063574
0.9029680043177591,0.36140224538572796,0.2263638520151393,0.9814168199390595,0.8151532045619867,0.23856383143729432,0.04796875012729429,0.7564915782823229
0.3625036174741846,0.09451361560156701,0.6832265215084873,0.17871454393311048,0.43543038475780527,0.6942395925917241,0.9960801511400135,0.7995593734696805
0.3450208597129173,0.011756245590346714,0.6740033517724976,0.8763091233426871,0.5277369089375563,0.3174988052592159,0.8554898564392903,0.654120885188589
0.1274287229268105,0.42604629465816146,0.06579424118515376,0.7178469987673639,0.8005431192758149,0.28907258842304095,0.5912346734772423,0.632711352709874
0.24103245289082587,0.29605207267625155,0.15634779346898087,0.6447744348102076,0.9048521811044665,0.9464044064442549,0.47316088032888914,0.15474256175618994
0.7540337415406154,0.31113897949515645,0.6580552608603044,0.6743064904648346,0.37420293961294815,0.09322882916015818,0.5557896202515075,0.365759141897789
0.9296385448539687,0.5538228817758384,0.2361589715206931,0.2889080434253999,0.2703071999771234,0.9387555163527034,0.3844965539235915,0.6074817873795287
0.7453110956033072,0.4439358581531162,0.020585628725850125,0.2706145262790135,0.6881867177431767,0.43936377487034206,0.7474737423072773,0.8812795494221679
0.6878746129065522,0.46522201122920126,0.12334325064787033,0.0652675863111235,0.3329681886122068,0.27858219663230777,0.19380885697054728,0.32863846734873825
0.018896680124867116,0.20707933830206227,0.7582008556240935,0.5521298759525692,0.8838980480015798,0.20244324257600832,0.13681793351529714,0.9792571358837424
0.589385898532065,0.3858778025755867,0.610336637212346,0.9942913128420755,0.31955605470023074,0.069751848177528,0.9604871595032721,0.6546611850790117
0.2777703360431485,0.9254224009961309,0.29656724150141844,0.07682412088403012,0.20694189789033834,0.44859960142709676,0.7049587063701953,0.5114738482228309
0.795996504706542,0.07107531154216462,0.33249221770835513,0.09109727331368755,0.843156131727795,0.902261982502073,0.8882966374451897,0.20822536152272375
0.6590690082840224,0.027788919260264167,0.4369771385328013,0.004833038255554256,0.6157129287163025,0.13636456985885959,0.923525055287892,0.8005582608908051
0.6976650056694909,0.8386857834455173,0.941663796623074,0.6329795100799295,0.6548303422615631,0.031430829139414085,0.05301694013372571,0.9812024048339993
0.3910566964357267,0.7190830598194619,0.5064880835112878,0.40169310781188916,0.56895000569425,0.16324231582327264,0.7931415417183997,0.0579932871222828
0.2668570610692065,0.7950901096382245,0.005825810326449354,0.6524191792856185,0.15254217600328668,0.6976196995287669,0.3493966194407703,0.36492540172015075
0.539492830568209,0.5754217150496781,0.7511920669127019,0.209350404409811,0.34422704059836207,0.779741620458513,0.004231077167576425,0.8839021618003489
0.2842531689435669,0.5253764710925299,0.6604366826768846,0.2878848269401115,0.9563143015348329,0.017105211379021434,0.08648213371912139,0.7681440957678565
0.5288069298189171,0.025510453558207913,0.38686354659988975,0.2327340400610235,0.7681638405756359,0.03842490586424696,0.02271681218891164,0.9653017369739356
0.6245014005978619,0.19754368826374502,0.899590228235773,0.4498617902903528,0.7017180748578979,0.8005831625174918,0.9799940434427485,0.7228121851516117
0.8377623471802641,0.20007079765543478,0.06289318705429447,0.054926566979548674,0.8121902622006284,0.8289386185144412,0.2665748566082997,0.9360663904111174
0.43675468415907703,0.7664067933430084,0.25755483787632594,0.7702891341777144,0.24831343398442585,0.9669599946783621,0.9805572193366144,0.5096493622306651
0.10298991056010154,0.3064025326625194,0.9729064578873355,0.3470267313256129,0.6624906725187333,0.05937726596814619,0.12175935013316974,0.13274895589836255
0.7556577164800864,0.43804275874829235,0.3984453947962311,0.012771807000068636,0.7496414143868262,0.3463093221059881,0.3969771027942156,0.44303922005261076
0.04618793371276253,0.8442129962847779,0.07455546951474445,0.5345250207617377,0.660896487560333,0.26323853736693736,0.34210880016154643,0.2993844111692555
0.12114374162108521,0.6960790779247511,0.2834020559784146,0.82925353875547,0.9191503083523275,0.2822740288329443,0.4119519312659392,0.10627305853634994
0.7024137430538789,0.08230191104099027,0.09017333366036118,0.6858135429787944,0.10093171434328707,0.9410941392981352,0.614725554545162,0.032727824798422955
0.141837943847951,0.2637921582403081,0.46698064419925767,0.0854391917002355,0.7445238400606149,0.49511411837581376,0.7526360633069432,0.46960223983511684
0.6336879761413291,0.6871815996037063,0.7864472681620234,0.8176399010845264,0.6164343829912041,0.0902978810727344,0.580201172563207,0.3158025787057187
0.23172458636287363,0.31632037933478785,0.8308798023503879,0.24005603540942877,0.024410479191268486,0.6175902913414165,0.40008911711152906,0.5622508973871353
0.6589822874561784,0.46083715367887745,0.31628274935743406,0.6104610926307881,0.17196338417706913,0.4666658071883386,0.18170141647188454,0.43331141872608725
0.6665092695132694,0.41770022456557543,0.8137853550296034,0.30655745195028616,0.942399499483886,0.3561680771526403,0.154913472158409,0.4902412273421082
0.9335500056568498,0.6526040310537317,0.7853120862562168,0.4018751920552981,0.19178968373640548,0.1789816558545353,0.07241259838310576,0.8535559232708562
0.0356333719483346,0.2380579356869592,0.291015207726827,0.1018839472746369,0.07670218282611452,0.2748687980382416,0.21565013449349268,0.18634803761957963
0.06729340083950075,0.47270868744300987,0.5302046385071657,0.6551786453269378,0.5374670850302855,0.765584812053922,0.010495024103843509,0.9620500210681603
0.7247454541730086,0.5647992525138263,0.2604895051864836,0.36795470528926644,0.20466370936492573,0.3456508371475496,0.1424185051034358,0.8642135461511199
0.7751268862503805,0.33894954448163095,0.16529949766992802,0.6849106312349504,0.7387968384451398,0.6843552600750828,0.9528263872884181,0.3572016382591481
0.8784096565312467,0.06604941960719968,0.8836019410148308,0.7121595630672638,0.4301293985409681,0.4330352540493342,0.8525809962212423,0.8250404919375509
0.17793663446616081,0.5120747303812647,0.9072999342335335,0.5163890443884703,0.03661367528784221,0.555400778955491,0.21134218926803827,0.6366516167741574
0.8483410959080873,0.7733290167680756,0.7021220730942515,0.8516447779765851,0.7789368108341873,0.09988456589021744,0.4278021214424639,0.6756260150607194
0.8636014330963173,0.008889427155404195,0.47787229941205733,0.16114644405018452,0.9647887636083596,0.1588088887218132,0.41937111957468054,0.8610676618844224
0.8978822603014041,0.339922130276173,0.8859870801082143,0.11827026294296439,0.7889780738935223,0.4813504273160182,0.9050133324360158,0.7304047916900588
0.9761757439163222,0.8423146195758444,0.6382171712375249,0.24766738183970316,0.23968528087787633,0.052850317109472966,0.2656303009028924,0.6561443679196809
0.6291154015159782,0.41429598529420153,0.12809379721954606,0.08577565946757637,0.7553176823374835,0.8564736178487545,0.9893006830814346,0.5579243682390841
0.6943934092499089,0.5880194846466263,0.0058696048278154,0.11363347777959465,0.9622766941689213,0.14526853787210658,0.7311584104699859,0.8069065333558211
0.4505669973839155,0.951068809272805,0.7509052833300769,0.4442581859585605,0.17006255751716992,0.2995527085683155,0.9412006644419642,0.47988540409979485
0.3520916418108869,0.12573846638225838,0.5626640573793606,0.25980814400701036,0.030235101261479658,0.8553410174268632,0.01606638254682946,0.3595839894555447
0.19925593644029005,0.6115834033428981,0.9214367461371498,0.4663614962749377,0.422610522140514,0.5082790661317153,0.41612897594167286,0.9024964920957959
0.11151072665322359,0.6584027759036347,0.6410288578695663,0.5083044788923992,0.04142431106210798,0.7756144259567239,0.5462083052604405,0.32070833019062706
0.14937080400167946,0.08280059694250097,0.2633960024869729,0.33466332029740486,0.21838398085563304,0.6991313037247627,0.357804970788572,0.6387017140560663
0.39241457152119574,0.011269910003398387,0.5782659794534006,0.7595797246929794,0.7257371418100222,0.03331962958221679,0.6854782003044665,0.6239832540576713
0.4678071352662322,0.6410637771922009,0.32151227680615946,0.5746402338549134,0.6483133430641517,0.7508179518907082,0.10741269623811078,0.07714090418874175
0.2713253360302813,0.556334046701957,0.6965069618672778,0.7812254060476347,0.35729567786609306,0.2432285417858393,0.15462952688319753,0.6952056979808526
0.5359026061155703,0.22602036066766062,0.6153551858820804,0.20678411959611387,0.35693617789299803,0.40324847385439977,0.8359766126613983,0.5138802188979112
0.5210150352626695,0.022157977945014506,0.0014985457086947873,0.4387341858231112,0.8823894651097015,0.5991399745670247,0.32773350107763277,0.46732224580624704
0.6672767016820892,0.7815032991038334,0.4297269457355355,0.2763599382259606,0.6521575799666867,0.6016504849081636,0.835612282281773,0.8572262408175014
0.07045420797575475,0.5099690481932928,0.26570270404746665,0.18965262308335706,0.9156992549927779,0.8577848508691088,0.3030248543555921,0.49746551574163134
0.6328847403949134,0.613163728172642,0.8457774905195928,0.9760275699280854,0.7594272167810471,0.9726872825429409,0.040602685140721184,0.8445952643500406
0.8392884195599971,0.646181962954987,0.7828893082460439,0.10487073336133912,0.4574012031328947,0.8457205038474453,0.12110948474241001,0.09426208343257414
0.5329458239047525,0.1870046812647147,0.928153019956704,0.42912930571408014,0.7430145209598253,0.05650332160112914,0.4533741700920769,0.7743896984633232
0.987073288067453,0.9553804484575015,0.47797290179167384,0.8946388952705492,0.25939645842512815,0.06085452409651759,0.21019975620049125,0.37769751079202774
0.9333209061393031,0.7157612335867896,0.4701811955903368,0.31809362256709706,0.36114201009757263,0.9920006918237788,0.14587269980942708,0.8571321157130364
0.30354129716321177,0.3050795165237854,0.16696714356599907,0.4211640185687706,0.2917103418302306,0.9466082323198498,0.832588727756042,0.9470245451768864
0.5503552323391728,0.4969321236755093,0.24890280239316653,0.8664040262206728,0.5919823569755218,0.2179896525546352,0.07524509812445923,0.9548538207702147
0.21169053508997782,0.9831240122600826,0.5200383375699165,0.9022263971383664,0.9211978990216114,0.00034448379515250593,0.04710354748740808,0.30213081141178644
0.5366448475822548,0.24407883717078538,0.9560265681132626,0.7661223557553289,0.9607900516432016,0.3812641903609082,0.9794957248491294,0.5435549876436139
0.12459976887342172,0.27710626201498034,0.07820788087786235,0.558721892681984,0.3378580765717797,0.4210365537632098,0.15168042142621485,0.17909614416307706
0.5492025781046399,0.056508957171682694,0.6596136691444408,0.45066975978841095,0.266401381226298,0.2890647609182052,0.5246904695974045,0.6156387096855488
0.3662157730473129,0.253498542357228,0.06505107038403635,0.8653184467434645,0.43816219521625877,0.729965595164343,0.4061136909001981,0.6570894253201054
0.20093083204354034,0.35120198592107665,0.647347583524396,0.6001499894425713,0.27014631264520683,0.7274431117297095,0.8195093836724497,0.031125279941186412
0.058539152703939834,0.7184526033953577,0.9991490888656169,0.8824389787120889,0.38763199548090654,0.8217537374652456,0.6538439571459133,0.14606025087191343
0.328256192034978,0.27358845701495793,0.16420166689357485,0.46630589823127777,0.22902229408689367,0.28950484952885547,0.6416606350028274,0.4140148356432266
0.4465685212878273,0.023812399272466256,0.05634296323536003,0.002190995946206642,0.1261071918381068,0.9782453248469176,0.4333112904255222,0.3440363267865728
0.21531681065986774,0.9438760652446838,0.5258733183807384,0.24254424053819634,0.4198885625792719,0.9034040972897716,0.8924874586403687,0.24709224956277598
0.21647735586527528,0.4437127846648714,0.38243028554849057,0.6993856131719323,0.688889444377205,0.5670111849486861,0.9745754150180977,0.3212076140534459
0.36564253448974804,0.2269344660409779,0.1775877746177409,0.43205182860511804,0.1183507948706346,0.9118321668753768,0.560967512337862,0.7109383092289076
0.12522498196284038,0.7540522705706387,0.6147170930708391,0.23348582822650066,0.13063469762222923,0.41351401097711404,0.6663230744995885,0.976578942153406
0.6294953996357165,0.431197648376052,0.8689642073601997,0.9085860231016358,0.7900160827054572,0.638943361038424,0.9205686233571956,0.3619869769593226
0.8199931370582207,0.10288849046287607,0.97553070188084,0.7485941523545951,0.5854861548915731,0.47340985815403847,0.12129142553531158,0.9634721531473603
0.9990327510818431,0.34686342890979105,0.17115508944088653,0.9443975408862878,0.4344518018946112,0.9920766468468653,0.18782972667648945,0.5237706400956638
0.36265515483468813,0.3742705338377813,0.11668052201430001,0.528882228969474,0.7602353180465986,0.6962107257074583,0.4938403052326841,0.5480703259623708
0.8027534533818266,0.7579375688748201,0.313163656180795,0.6745709071612757,0.5329428336442908,0.4250768465819912,0.1846854430163266,0.8256581573870517
0.02555946653702923,0.9080141326075957,0.47222662326087916,0.4322706055182898,0.14268146388930392,0.9290886672529803,0.5546710870251308,0.7015321628880493
0.35071185961286955,0.03248254596837752,0.5633639665670755,0.816806487721267,0.14953666491935746,0.37896724777345125,0.8579229675551999,0.09520420942481034
0.20793403200378902,0.11472002437623041,0.6036549901417358,0.7237062053673399,0.26352764280266705,0.8318920924707344,0.6658204137109538,0.015066591999845391
0.30230382664643884,0.9952932055651499,0.014374424462010205,0.5759205360738446,0.5641457542647039,0.7044852935974665,0.6567541449828698,0.678428854267216
0.7150222468675855,0.9669261063442793,0.5630397282119739,0.6295042322789779,0.10498243922329431,0.11981031033565337,0.6487356907177452,0.9110611274876256
0.03283419498023399,0.5936355968791597,0.44198502786157534,0.13688215232656864,0.3887631557415526,0.5671382821966684,0.40675023182363357,0.8338763292356568
0.6857845240967165,0.9164441109779387,0.674657883915038,0.9146387210986806,0.7674476026834822,0.7373566346091806,0.8978707195132614,0.6883987693155305
0.17636337361246757,0.8509393918770615,0.6291610416123185,0.12399349498163936,0.968627597457633,0.07997807496353271,0.13916589912077104,0.3325861178072713
0.7481389205489728,0.7278300651604993,0.9386668790267151,0.8843108695894905,0.08840122938550998,0.3203916755655063,0.24109491191395793,0.3200581177794163
0.5603249199805522,0.48845179087409873,0.7446065828651302,0.31205932569419226,0.9090012015387036,0.36878130661322817,0.005833745826333336,0.15904195625893658
0.8550890251863161,0.39732756500500244,0.22737617499615614,0.9031081774638215,0.9441194601260724,0.6446800397176433,0.4154970948656608,0.9578678738689999
0.7197728411871714,0.09900666524635215,0.09384305557756156,0.6539569817607007,0.24741070702165402,0.6419686728664546,0.7821723678763142,0.535050996649732
0.7051843871609301,0.5209863497249838,0.24250297889093408,0.49368298605640715,0.4124943298195136,0.1505974786686768,0.6426778576491712,0.8578613090276312
0.5122110460721839,0.03981817842862456,0.4098276694205606,0.04505627536226553,0.10615742302164932,0.28826270926896014,0.367980666300609,0.15804695495396126
0.9120459209222704,0.33306549239755145,0.9447789621995724,0.9234133492534738,0.817751249510944,0.5052546917704737,0.8261198816154841,0.2736341570161883
0.3311893118493885,0.3519001247961294,0.830138913823259,0.6307665988663224,0.8535305490182251,0.8582234532423909,0.3354812159438153,0.17821587600910638
0.9680285421712695,0.14223436093129393,0.8786749893246496,0.5131869259764361,0.9383913983478251,0.7868720388395403,0.44489886108916143,0.2659166820862102
0.7174697848215242,0.01471962888467171,0.7971275851001702,0.5643876713000927,0.07090963990082,0.9211450184439756,0.6380723032987281,0.8621638184105254
0.6836859399060503,0.8215503581095206,0.7431207370740028,0.4252339558803446,0.2680542311172386,0.9206562602877965,0.9211663711023353,0.7902751623712619
0.5966005014986554,0.3503837961602916,0.3352946298204166,0.8047287252992003,0.4008709380435159,0.06785415506265602,0.13492334545793838,0.003215377042772305
0.14252133049623938,0.7430635129932145,0.22626570529307777,0.0612714607964322,0.3707518174704374,0.3903398213354863,0.16452115994202232,0.59114065010489
0.01080715151129652,0.6994785569463918,0.4320249184980923,0.5898570584283205,0.06505471028761012,0.8091930199114347,0.05928607467297431,0.9369635722738788
0.8498913412022711,0.9822154709385156,0.40522541112546184,0.161807689734764,0.3040479293553807,0.8609685667346606,0.1337253602999814,0.6539659579740295
0.7992662123397272,0.6389072377585945,0.28273241210498,0.9057383572775386,0.5286286683768292,0.576003495536978,0.13351341712615317,0.544069487661537
0.3598436581616782,0.017850912241270556,0.9810272198452807,0.4281328598055646,0.9327368735223901,0.871373069026524,0.5906618786611767,0.0068027354108456395
0.4034045351730631,0.9868915205965199,0.8977852733314459,0.12868214704117886,0.3766423328362739,0.3348554126790182,0.8591994265639029,0.3025088313409632
0.12650432559473412,0.9892574242388205,0.9772597942416433,0.25023189418771563,0.3839991723815376,0.724772898051887,0.8569532614924975,0.4411912621491154
0.920477170939693,0.821303392989507,0.2912725580112354,0.11869180524391043,0.5459674262894881,0.1632454747828379,0.6366276029106979,0.0897598427245353
0.6714047644436415,0.8800710643874725,0.24798782604962522,0.6811648028143554,0.37685004501218966,0.5536976076150685,0.3100274748621834,0.9280348048242567
0.8924537267693095,0.564823041337218,0.7682898185507051,0.8860559011723942,0.40314708539374033,0.4645347063437889,0.7340818944260306,0.7292439434881068
0.9712604554362388,0.006908014498471338,0.4143457717683884,0.14254518767996038,0.4774719775824666,0.38872053097115633,0.8216918146531265,0.3168348037315979
0.5978193889180381,0.2476566886654239,0.32955197759440147,0.24901393736465682,0.5232075954133864,0.5513321107388345,0.31632139580146057,0.10198724057014263
0.4482225073722558,0.7975363780299473,0.12870857040418682,0.08620504136713869,0.38965551880920335,0.9562983784957209,0.5290804551099705,0.4829040562484441
0.24091513658282493,0.3387625382176517,0.4262648660715026,0.045761312264585574,0.8918610693828871,0.8831433555378749,0.9914297705267352,0.9023531596535567
0.9855521742978839,0.7569493999651407,0.8831160548092665,0.6717008079268276,0.2828372919744626,0.8002570155453035,0.48800838190658913,0.1306123011457394
0.02547432960030216,0.2084564407604571,0.20466340074137035,0.043705551206719484,0.09394978442811663,0.13948618257561818,0.4848100927065966,0.14299966847145562
0.6686104879936515,0.9344687002603533,0.4376213513212559,0.46537724369278755,0.7371104852791975,0.0017218324976623345,0.9956792399687712,0.38813986449406845
0.25554556242703597,0.36324209940068575,0.9093220420713537,0.7847810142509007,0.14848583537244864,0.6334163139965653,0.35460113403631754,0.508839066308753
0.031738409523727196,0.281611530891988,0.6260911812083204,0.7117381453941773,0.07501491346329836,0.8713965081846544,0.21503590446083543,0.05509192839531041
0.4145417443848747,0.38520812971294904,0.38490548631416077,0.7280403915069638,0.5759877372161005,0.9189977686940204,0.049729437809529986,0.5827477326927029
0.8647310274766132,0.323384072013857,0.260854753300127,0.30449523219247365,0.2847814866098576,0.9431370208068781,0.48819874166218946,0.10739224577761253
0.5114730053056902,0.8580613100387962,0.1366600879676052,0.1546959418917262,0.5201878489527815,0.3441798271737967,0.2888323092451155,0.990538310678912
0.19075128435604072,0.645175699113746,0.5337333184930694,0.10885291446135403,0.9676499761792284,0.07496903215512085,0.9147498477874402,0.932368844541124
0.2722430285905565,0.49423013527770565,0.3120224784439609,0.13522588638242516,0.8556431720281594,0.4884415192885213,0.015778450255635956,0.21339435130228523
0.7516345595208973,0.49110568986309855,0.5128723403708029,0.9794090386797223,0.26320464109275377,0.21342119818761696,0.0601886979798566,0.9595810627336391
0.20622615436647862,0.09853752325056253,0.1379185092928109,0.24126829441879183,0.5443068900077601,0.7081621209436625,0.15071829253948288,0.5541787499709325
0.9757867271037033,0.4202470488718594,0.43052826576010284,0.35527408724808573,0.33042202121024344,0.6225245209508027,0.8662948512296909,0.42594844874975135
0.5415022581500766,0.33654846548968087,0.9074800686458889,0.9977268988563941,0.9549508612840509,0.8471925701225282,0.7857625380241511,0.7626848545503438
0.6348986865502115,0.46629818544956214,0.461827618977275,0.4108184238672008,0.5608108539755932,0.6836034874503062,0.48691138826683866,0.04781430589045854
0.5634864689125396,0.7803259522159604,0.7247709865263459,0.5151055061731463,0.7032437450462116,0.4667418227330593,0.9718112532116464,0.02400259351526224
0.6564517266241534,0.39719955281497055,0.9804824449456948,0.31382227593622347,0.5987979205843115,0.3352167251103424,0.11834291772278105,0.3514180304851634
0.4017173602391255,0.6881234370276482,0.33812218829264507,0.8095885124266406,0.6113666299426905,0.6494606084001947,0.5594001905533604,0.7324584103533309
0.9826527565570219,0.3498715314646562,0.23653284804070385,0.41514176199655106,0.08966551790099331,0.5241733762862028,0.9186093131430535,0.49347432615719933
0.19090130506249592,0.36282437168028625,0.20014073107688535,0.8496831290922031,0.18638329024484368,0.45409646693476935,0.3654790504895934,0.6664211286467491
0.5747939932313084,0.6130854108909747,0.9552774933950259,0.9659769804613104,0.7445584499354039,0.779251432389046,0.9105349282418111,0.33240275744930026
0.5387168287475844,0.3127584311174093,0.8109820057438905,0.7416224208018953,0.4209122364814094,0.25878131368333657,0.73575494030483,0.17103640353554417
0.043151763099972484,0.3438370058574284,0.9708611489268378,0.8781956644058551,0.8213950928337019,0.8072435999068028,0.7944193111648306,0.5975114932450211
0.44528464676948876,0.26224044649054923,0.9505046812328365,0.7949121061802606,0.3410254224457243,0.11262331573036122,0.770907169440961,0.5911792534318672
0.7565401286710483,0.7788032168507896,0.9213117192599325,0.9129024892498443,0.581533034568873,0.8826354203238722,0.07657970611418818,0.051131991447753045
0.18065258222942604,0.795650195821184,0.906980903022587,0.8620997751842527,0.33706039035988733,0.09119671075458335,0.2309864123747385,0.7651083222063194
0.9899294790368149,0.26390502048353515,0.044831609915399584,0.9237734890619003,0.22598448164378693,0.7985386646015119,0.2854687785874418,0.8696392300972107
0.5737273293603838,0.8006436304761368,0.5171966323876319,0.8837765022975761,0.29031900694837476,0.6906625015279685,0.3626576616235013,0.3544234382799276
0.7057858411742225,0.1536236875446101,0.27941186996251455,0.8323333018473141,0.2234363302923753,0.15881826259402654,0.3547663622843491,0.7411084457058473
0.7659974581568372,0.29008890303149126,0.6564971724565439,0.10820717726722107,0.019919904689549517,0.3485721063911159,0.29622064791027847,0.009875471896634846
0.23167668509192152,0.5160010408698615,0.8550782225505544,0.6233718837862496,0.5497611468047107,0.5200174402874239,0.7819782985098669,0.16347735165882027
0.0630719496291714,0.7439804866380092,0.30902489055315496,0.7445846514956155,0.5354997202789717,0.061050535888058866,0.8465719904982092,0.8283022480595982
0.8057957052319769,0.018747050927726105,0.13976760669121202,0.4160197974002797,0.3930955639965862,0.40316234605339396,0.46737139437246855,0.3500101591576448
0.5861950087296935,0.5016510679293905,0.9823561226637421,0.24881038974994674,0.6727934167139826,0.17290778780700078,0.7742366826100214,0.569337423168476
0.9237666600836365,0.9977731283206837,0.08172659928592174,0.8823699687503115,0.2801419300073348,0.6262529616327823,0.8122364262623194,0.6121522741393202
0.20846431098163898,0.38224853419514704,0.89876891381833,0.1907553350286535,0.9066569370775752,0.22207072213951606,0.4642741079090188,0.8311584876205824
0.19476041913862585,0.4224389957279483,0.6022516782833434,0.599285615816753,0.9458042797253295,0.4589412444702049,0.9912898455291321,0.764649807812834
0.5181514690344834,0.623427242344928,0.5115430759274132,0.3377444689426259,0.6456110343499837,0.7218518733447153,0.2472998378782788,0.2686138889289065
0.2736491416725024,0.5517291206058282,0.08711654774323208,0.18504489115005807,0.5721663995031364,0.41837045676477624,0.8513562357072463,0.9907831091601347
0.3381954171525573,0.7848194600820351,0.9804602159590803,0.5017565030336516,0.9706785019590577,0.7608093830918684,0.5484573446744564,0.6708703977183499
0.736703587866971,0.33515292116111894,0.10494630089290113,0.4778269285513128,0.5502991135296142,0.5077522325967285,0.36288624347830034,0.5618114767337862
0.7292552940848316,0.9852064743798937,0.2235749995436439,0.06307976179807173,0.2665010840671481,0.4527990867283258,0.37754325430099944,0.5151991202090426
0.3393368143633658,0.5949409153742856,0.9100819390293516,0.6648085622040575,0.3186551445700845,0.016511280323504685,0.7045013051770882,0.2660095946174408
0.48391354034923584,0.4933176187986775,0.5235785129310532,0.5375777700660408,0.34635151080107807,0.6699839606444578,0.6898652731639617,0.316265279041835
0.1663288666816748,0.4045415064029414,0.45989236270270584,0.802083954303039,0.8896408078367901,0.9451851496479287,0.511210206252024,0.5973535382698438
0.87188903202459,0.8686690152776112,0.006805329274713556,0.06586002016139136,0.4050687204112958,0.03956475464226594,0.04035969350563584,0.6451745297259746
0.15495956541035638,0.14791237811649083,0.2860483945079655,0.5818589328225482,0.6442737159860736,0.2903563714384175,0.29834113971713017,0.6282025595465089
0.16548319323033356,0.243847907640372,0.9680921781501269,0.13024085141400943,0.346080384222889,0.9249480860245544,0.8891906660250132,0.5606092084045169
0.38139719108779224,0.9740666060153869,0.7889520873142768,0.7364122177442439,0.4181072592400845,0.36898472043745034,0.3873445280355705,0.08279908169320516
0.5785375594356186,0.7343618070354085,0.5114299708838909,0.5146733585737647,0.10516304749824923,0.14224527328251768,0.6855702822919462,0.8924346752380689
0.7663257168208412,0.5875194873568111,0.7536479151492633,0.9974925359290538,0.4525563051184379,0.758339635621728,0.39480659990724554,0.1484444624796113
0.8105121004990011,0.20965424890909856,0.3944113707335346,0.7052823979602887,0.5495533914359862,0.9322284668264919,0.7890368049969096,0.8371676790527514
0.34875754730303354,0.3505345537571557,0.19833371729573546,0.37719446323712313,0.3411883597023462,0.4149167209834336,0.6219103216635581,0.533072839954243
0.028428916025432516,0.09492970247945864,0.75110729766204,0.603720855452845,0.7997188432042286,0.6579609701177461,0.03968586236363181,0.021773753112026784
0.623589581499548,0.7903735925543633,0.08203943311578066,0.989519389548428,0.6316492572866175,0.10625487278916201,0.36535199903505555,0.06741165642690106
0.5660142278154485,0.23778974368313188,0.8412311879141974,0.8244636463522576,0.8196119540210068,0.9423769658951078,0.11791658096679003,0.12073152530640441
0.21142542708908985,0.7497989532073263,0.10076305981645717,0.6499470940134278,0.10461571984044216,0.13653600118212783,0.11130313692869476,0.9903188852892354
0.8524974437625578,0.5443963446595763,0.0846155715601502,0.00944561130176147,0.680761284010309,0.6472245444357174,0.9024166335953241,0.15530754493982513
0.02902234627329947,0.972588288156156,0.05611578001001971,0.9527521576773677,0.581255948456997,0.8019646057012808,0.29799951954979453,0.7415759196878968
0.43090742547558814,0.12217062009944601,0.2543770444376863,0.9955508269135583,0.5262533035441542,0.10992789088615107,0.9163168476398599,0.8348955902823696
0.33004823750306767,0.5885586281492203,0.6304045787234298,0.6019919636014351,0.5908269616600337,0.9362092301055133,0.8924423456067763,0.951028701553064
0.16721471145078493,0.3019452422734097,0.6012901037695767,0.6999674755726439,0.14882600128356083,0.6730382654471211,0.9608493168243949,0.8285856245146881
0.3746866305583999,0.8736961153456975,0.6616599693825137,0.808813722505462,0.5330646966957057,0.21747434480604055,0.30148599200924875,0.04693415578148319
0.9000193301280921,0.7954129537522667,0.7196262665081095,0.40706658458036094,0.8929264593493282,0.48745307441579355,0.8593898520431118,0.8321504220464014
0.20559618032792937,0.3133393199925749,0.6635504099220663,0.002822415706155712,0.4224754520266968,0.9366830167831397,0.6462469674102003,0.8775070292061841
0.5258494436604327,0.18133211927774084,0.9415639337331402,0.505886285017482,0.9311373785924402,0.5553478486803266,0.5892312224860704,0.28038958370778266
0.8407047479350668,0.2947359664586584,0.25899045524324704,0.2623465553437869,0.33516625865252503,0.889058189863099,0.3434047814844019,0.6139082648344667
0.1345549074114979,0.12425725899844542,0.8272928928141811,0.9614890633359552,0.6891634033841679,0.5131185915228891,0.049492429720271236,0.1977202548963518
0.9956729912247404,0.5676530900206467,0.8819121550384276,0.49409941426015513,0.05347196662388909,0.4212456089663327,0.9270172226934789,0.3669569404209351
0.15143976323958075,0.926641053781463,0.649779200581308,0.35323972560363726,0.9642111959981403,0.9361658271280777,0.19891230298924922,0.40464281960769877
0.7002966691461097,0.3095199310796859,0.20094715644209993,0.328814241786214,0.780050505432948,0.6685486995024182,0.7434074553753486,0.1427605249831878
0.9604349102340425,0.37090112929370045,0.17235347390872913,0.06972649515693641,0.22142079031723427,0.7198906882525505,0.8385378383074341,0.8633049284974179
0.12105983852546176,0.4071938613441216,0.7532643407971563,0.22118487165654066,0.6701701411272487,0.0353146393196655,0.2317501885379557,0.5440433946391566
0.11830007768239137,0.17890921183713449,0.6286962393572371,0.48011112104632525,0.4411431326749563,0.4963511734249758,0.7659455564581348,0.07149114368706322
0.43207113623032567,0.8878760779066837,0.6384984236741067,0.10095962867624897,0.5242753321628421,0.6587280236718523,0.6484350039372986,0.15167088168453413
0.5007673512419353,0.1464508069812538,0.17596362027557455,0.22158918859835963,0.2846823466666427,0.2060613620187105,0.7070173657683936,0.12963302568237756
0.9961135904350557,0.31323367472474006,0.6997575161142375,0.12460892687424718,0.8422994577290208,0.45651273111844703,0.4066644567045429,0.8510105868868165
0.5537136605961269,0.8548414570735373,0.9149450022240319,0.9578155062869337,0.4996588155818198,0.34425517490485835,0.8172204940068304,0.9084511410157471
0.32907080553072077,0.8195360350089994,0.8165597473109262,0.4704110499056121,0.32256487972028325,0.14749611486587066,0.45660338838165115,0.9565792879068682
0.7042998031701069,0.11651226117434133,0.6535446301690908,0.8893120199550647,0.8800579885044886,0.23244265760963667,0.71482566932507,0.7852911712680881
0.47842249578036156,0.10384980428674928,0.38533166387707807,0.8542714238038537,0.3139817744787434,0.3818741467582647,0.1611350323273517,0.04522891129501938
0.9089872231405236,0.33260084103804455,0.9714989686003681,0.027895798239567227,0.9879024055148905,0.568334300790932,0.4374748721188255,0.1855072620276229
0.270062034397197,0.8966298199997272,0.8731239645453571,0.6212330123945031,0.2468187045927257,0.31614726824969575,0.9089646900811703,0.46680438502492516
0.11132176301928487,0.14920247733893133,0.3980863501398455,0.7222760321671589,0.1573771797796072,0.7543683257866337,0.7842726560246591,0.24181271652609682
0.7621758965226578,0.15430000146288836,0.06092481412534845,0.7324970671979695,0.8778507052063493,0.41961033256839364,0.5691058511166748,0.10917733392589746
0.39241370310411783,0.8918318696824568,0.1813497638731293,0.33684550395248214,0.5721650696245256,0.8086342040036585,0.010478070173669085,0.8273720065346417
0.6707955723540178,0.021221514661147634,0.5605060322740953,0.8859507377302209,0.4008423595976536,0.36460055486862,0.8899019118283531,0.3547025090895578
0.09170319878958744,0.6160358354735705,0.5165218892985393,0.8839609148270685,0.37628121298941286,0.26200421253817296,0.7301263706773982,0.8601990726280939
0.39646813176766305,0.5809226522924564,0.292660520646872,0.29156674980520136,0.09515777253476587,0.7962331151091874,0.00793760596975901,0.579434267544678
0.6546871147180522,0.7914081718723767,0.3332652334944758,0.1159285292298271,0.43046380626982617,0.19555421018052832,0.6336923530501617,0.5021421852616065
0.6519788545006281,0.9465976715556206,0.3733367946943329,0.06311406976266276,0.7305022547066851,0.7593106897305817,0.23443357402245013,0.2840780368223226
0.7245070182933632,0.19338337668517536,0.6146034582932071,0.827160190949725,0.5605783697593215,0.7021289058680691,0.26122965215216554,0.7757396483826329
0.8211880641885515,0.6793628905244802,0.7863639666528773,0.0796057960298765,0.7298907760746111,0.7407869311843931,0.5319135780250931,0.7120774743486356
0.7689028010782374,0.11192111279699735,0.8114910472512163,0.21463491031208137,0.24756234704286595,0.7666242777263589,0.26062152248897275,0.4289618854214201
0.8335647387359857,0.5610077616575372,0.22749206341567263,0.9582175541238185,0.6987621205696803,0.06679469699201146,0.6927935681756063,0.6199453470739092
