target,feature1,feature2,feature3
0.8370503402105214,0.7938259619289046,0.3671237169606767,0.4014494353823108
0.7885570016338233,0.8594132508722213,0.9093779520724318,0.27417863061456627
0.07057649925526122,0.6941323830267182,0.28314720231189905,0.1893298816881519
0.8422027314541304,0.9568416121434729,0.9384437024166632,0.7438328585440993
0.7516199916907821,0.6077068399629818,0.2707837377204384,0.5502302761080213
0.08876584929689735,0.8512983667024155,0.8540965796513051,0.9179786071146557
0.1380256796870455,0.13133493321412137,0.4914780370570776,0.771232207530231
0.27413410313647746,0.6693961921316759,0.23322647968283572,0.18367455591065807
0.26254225004663634,0.5521835470336297,0.024110610708573343,0.9730622618479426
0.7376358074716136,0.5175414253859517,0.7322588971245454,0.4057281491731777
0.5220879442379164,0.44831110556849385,0.41440317066817256,0.19685175222275508
0.7561533392103601,0.39090161915728106,0.98498678208673,0.5616045232214323
0.27470481577857664,0.6849434797465742,0.5044709019624357,0.9644361164911007
0.5557898335184666,0.25771115354082874,0.8666221011874383,0.1969238643534036
0.8139660017542479,0.7266790821111913,0.5538071373688909,0.48355492945791645
0.024735993969395187,0.7517172939968477,0.14776001309376097,0.987647815028617
0.22488713788260328,0.9878997712854196,0.22902464157902136,0.5873023290411364
0.3392866752103877,0.14028646737042272,0.38482247216457477,0.3799799266171552
0.43374390778229754,0.9542381633799594,0.4718000192350126,0.061664050089552
0.6784996254824783,0.41272340059529555,0.14144359213359492,0.7952375267952423
0.7754824274817202,0.9455144522028863,0.644435001585295,0.7256539092170659
0.36729554085537064,0.9263498886962453,0.1651097931870652,0.47072708330737545
0.34985920057803976,0.02050236251873716,0.4914416656170395,0.0035871848474314794
0.12953236490720554,0.13720517865554605,0.42576913447414977,0.2484802928095251
0.085556084129074,0.21554207794492974,0.04717068961909843,0.9908325164546545
0.6407265904943618,0.525704844437958,0.27491801153902795,0.19155528671351085
0.8257006841097483,0.1314244508110487,0.8666306481223762,0.4460524434060781
0.9930177399822995,0.7741850797160779,0.993967980593241,0.7043057520016345
0.8768858903114055,0.9850531080336524,0.9935840411041613,0.6469450330545715
0.4843701013431667,0.6762125269370547,0.2433686522106977,0.6662981359039398
0.8091903107187124,0.5148913285169499,0.0923662964794928,0.7536735189418764
0.11809606793014582,0.8287745114648255,0.5351488219626743,0.4050446504011177
0.49126315617529215,0.03852398222273179,0.512774442714293,0.9910562218003028
0.5173312147991774,0.4377428920214852,0.6338986390939702,0.6581286485269728
0.9599375206445363,0.5254159164903095,0.06606399711819089,0.4074567103163199
0.7012734690295894,0.7790247496217614,0.30316939021648803,0.5965117732549603
0.5386851755404565,0.035922502372407794,0.284350913622894,0.6195021207785594
0.1933656793146783,0.6955507243348246,0.5528744302081379,0.8124496008002668
0.008393820076781466,0.6948136651497137,0.4607542786340927,0.7222990484784414
0.25178475257849164,0.8958438121234262,0.011109033956550163,0.3304543044922047
0.7575317411841505,0.01835549718399554,0.6775162040756568,0.25545332020290756
0.46487081266803376,0.9782922254369413,0.06540318576677595,0.3047564136951628
0.4178012546792883,0.6689796464555736,0.4914757169549211,0.5950941301711098
0.7679483527767915,0.6509592008622213,0.3087482701746045,0.4630377999448022
0.04087831675753195,0.793291472752624,0.0001148801140073985,0.4222188855031248
0.47648431511322387,0.07443524538012514,0.3160208272423406,0.09136091806738267
0.014478238204365113,0.6671355337674026,0.360116768516062,0.7205367968630464
0.17533690670867297,0.9379862254204222,0.6069589472403226,0.1273179157538128
0.2517305823143029,0.029546852215271757,0.37286831679245713,0.8470296415512494
0.9802547292599728,0.5404893356946726,0.6498117256317322,0.4542799449452313
0.8069534598451535,0.30325910032135706,0.984101695034046,0.74132383872667
0.8725236883909169,0.9901966872309623,0.5606618440154184,0.9659951998633141
0.26923505116784885,0.3073869364928242,0.8420489120996016,0.2586481443769092
0.6427954213218867,0.7633345913195807,0.0748338280630273,0.8443961314596052
0.11687689265704437,0.08825837588996,0.6899053538800893,0.8030968123590633
0.43605697569084256,0.6534497329303894,0.8802045543729998,0.9425586582963973
0.4611627154664699,0.7340540441281903,0.11904564017026276,0.2631215537575522
0.055982193528836266,0.9745682080781967,0.423752639392301,0.5443877158456046
0.8791679391309027,0.8222508754379454,0.47312505472075606,0.8232579546136056
0.7097395939645175,0.48859149787789957,0.41405116416500065,0.6703068732097441
0.32772506789480205,0.147635188308345,0.576598737551573,0.2117974446123715
0.45803121339779074,0.7876798544724035,0.08134952374309401,0.886033229885864
0.9732973439423018,0.43571359474742444,0.3219003355526039,0.14174625888539294
0.7387731784296268,0.8208814953739657,0.7212164684545577,0.938348699465136
0.3726436642237241,0.6882152108790165,0.2840031206688449,0.11916633906126639
0.5499034617542563,0.04241640967458071,0.7582267380160702,0.3773017640290274
0.2479303959396708,0.07086866641491396,0.3408184192212884,0.37601585677838023
0.5622338030316277,0.3834408072605294,0.7282743178190448,0.23521891888429758
0.27907090956292335,0.7375610531184137,0.6969087791055802,0.8077418996657598
0.41384946517736554,0.38241824020672355,0.7006474002056776,0.21934352599781703
0.9071745667331786,0.7161192461207233,0.3982202985897627,0.2667678756512113
0.5731050844013134,0.7633498551573296,0.15010053000264267,0.7493411048912086
0.9244978902486233,0.1955514191448149,0.12086418238888164,0.8739534367480881
0.1833806776382213,0.6058087420474619,0.43860069557162873,0.21847966416753273
0.9968250211358776,0.14780428981390759,0.6531125379454475,0.46232058802147
0.15581196163434474,0.7081936928256571,0.4125785594431909,0.9945038958069836
0.3098553412695415,0.5010135783430765,0.863956182195319,0.9193961476333984
0.6581820817769531,0.7295471674895007,0.25400589558487596,0.23171543136270034
0.7834086662189971,0.1177867472689641,0.2731271393850847,0.7486172865148675
0.4294901190400865,0.27531394429854106,0.5216644562961558,0.9954400280709121
0.5319239473391293,0.6188177366993153,0.4162238490766701,0.3841725597660236
0.4515345343195468,0.6922457707519677,0.048513048723462515,0.6439901458524986
0.5224449102460602,0.4184986633366138,0.7785373879419586,0.9068415419591879
0.6531622974059236,0.6622673280064901,0.5433072782340723,0.38864451104850484
0.7874636615251142,0.41603954941260424,0.16335729202963234,0.7363045949974532
0.1244025966490746,0.6319346334525043,0.8694218408410892,0.18638437769030447
0.16036417994354002,0.5169164766248073,0.38964264870779775,0.9192374842305738
0.31419071401415444,0.9427881212088494,0.0700188678161654,0.07571473585696264
0.7821761029662994,0.515042451735247,0.025770559655989844,0.48314547065423685
0.8541823590758559,0.008798056766031181,0.7260894138801371,0.23167384979467376
0.6870734695959156,0.5697073952690429,0.5417641889963734,0.04205638085831498
0.3499707963138805,0.18045813187950577,0.6169544873204506,0.9961230087836647
0.14648336439795262,0.6057958003083345,0.9982454380310366,0.45572416131653803
0.6132705603867756,0.3895787617503689,0.6706586425929748,0.5560214133872936
0.8283386873438184,0.2674792992430951,0.11967675474896478,0.11901853627158798
0.7225254227865784,0.6582871462836679,0.6379104690802683,0.09068972120674623
0.9393104628836293,0.7244333335580987,0.7720902730287351,0.22525915190731538
0.6475637822805574,0.9271247588927661,0.816489090726418,0.8297702890432364
0.2921769875274459,0.0168527204673512,0.6370066619215907,0.06249185686819103
0.08031933419277304,0.29909095466199254,0.17386211022905318,0.4109947007858171
0.4638892137620839,0.07752446046924721,0.28783782424224225,0.004669437425410594
0.9150648508769885,0.6721490646941529,0.9787809301203004,0.2765585118336318
0.405951513261813,0.5040179613825098,0.06803640472464378,0.3841552042740244
0.03358082366754456,0.6766628483088213,0.18266860031037058,0.318013868153707
0.28300926268831517,0.8239891477025097,0.10549569055384922,0.97288595158589
0.02122619871420639,0.29083227193901806,0.5939089936580043,0.19191738817580184
0.9053761271043776,0.9491678872746367,0.32602873883008143,0.5664161623213433
0.5828130644802223,0.15884638688859076,0.6370564459218083,0.1781887344501184
0.8848051120973354,0.5550973028255248,0.9314385251923184,0.028612922582248568
0.9587341127492457,0.037714089110734594,0.1839741183340996,0.44175922804478907
0.5335072200871037,0.4281183031932473,0.24135650677860165,0.26134936045468105
0.8918437381499854,0.6605327683280718,0.04676034531228668,0.857132363558456
0.866060159791413,0.09191164967295695,0.20374927744471316,0.4843597470482274
0.7047186172302353,0.45605762258821814,0.2526213339422958,0.28126981010002494
0.6518972982245523,0.9608846635401697,0.09907114395381811,0.5523432217196038
0.2744498096604844,0.18337559149083016,0.7434975345331903,0.7969307980700706
0.17402850445043783,0.24433036098515437,0.5484131217081656,0.46803378954167485
0.23190727122902,0.4925856804547777,0.08509557709407456,0.029603702535013987
0.476865474147218,0.7236143776376323,0.5634924541826728,0.935518321796176
0.4207213721013269,0.027868094581754876,0.006708589365645112,0.8635816626762488
0.9068195089812336,0.9989798819777432,0.7467839756425599,0.40360705883739
0.5871291607494685,0.6077006603281154,0.6140394422197796,0.16188910288058989
0.7376840136128754,0.7294041535058013,0.006352799794198782,0.27906397317956244
0.5735878742166591,0.8372883070482529,0.8597004040664701,0.7407507752943768
0.2720843137533633,0.7529525285673123,0.4910259490932075,0.42505158748282434
0.12877880697117638,0.8724895917657186,0.4579225854732236,0.5466070213509227
0.0537410340708262,0.5153110768821334,0.27146319216995984,0.6009401409501933
0.6366537659950944,0.2861014509817903,0.7125830588480908,0.014175629092880615
0.8221634805327374,0.11660462947588845,0.44245186316951235,0.36756260712204314
0.6478249423365698,0.28053663182876487,0.4702042435818916,0.9688780469643188
0.0669855573667546,0.6476906860070419,0.7733547385393909,0.7032941442188294
0.2436412914445878,0.2763150102000964,0.5339778946061006,0.0034719835584423597
0.1604198288893539,0.07914334776087917,0.47041828434716426,0.8715701728076803
0.17083940507975814,0.8132665502997952,0.020820297181349035,0.4101881482190558
0.7484657698386061,0.08611703506729318,0.4515407882411504,0.6365444322408564
0.9593011256623091,0.8181900793807003,0.06624802293614973,0.21406456604098845
0.7177000185568817,0.029332891280096862,0.9315587017415916,0.0989546678340425
0.4778337036431112,0.9508570600568393,0.043770122909412956,0.9344855810981821
0.33938958659530605,0.8445692982309346,0.6509739597483967,0.2610520935723364
0.44475914777478875,0.06107285385382655,0.9931368072961869,0.934571046253848
0.4107612039013375,0.27102604112790696,0.3185258139730087,0.40296459725647626
0.6031663554066719,0.7545207469525406,0.8011143557093603,0.5786613314896083
0.4634840005346915,0.8063852371613289,0.2098433855397016,0.9724690498647149
0.36599502693451724,0.7729072672679527,0.08275280620130254,0.8777318424130194
0.4935750668522524,0.717123795363109,0.21221914152724441,0.03539129849660927
0.9826636981170167,0.701669628182109,0.23819178232665383,0.04298225482729756
0.058603452716693094,0.01994838317920622,0.7035989279218643,0.8451408395736337
0.9009175036411787,0.19312639276512578,0.6546338766771381,0.19069511942049022
0.1931049774677983,0.6794286315931849,0.011053805629133273,0.766902395266861
0.8852237373462088,0.3749031979369294,0.9443887108604135,0.7507017471963335
0.1151696244643513,0.16675106577891918,0.5171361545820914,0.9615668784295692
0.778653934311041,0.5372207192590589,0.06079846182431614,0.46512546757661677
0.9488326932774713,0.8144325651452458,0.14708145326687028,0.9009526091561714
0.3755562597781914,0.024830410110963763,0.22167937865006926,0.040140164981197546
0.4112549292609725,0.01638343680175902,0.9144278664206279,0.5378155416336788
0.9798318306578271,0.2547174321865169,0.9135275625231036,0.5597636070639267
0.4648542946219065,0.09762020741628064,0.3034977190587561,0.3777131102286595
0.7298359643651788,0.602458090536179,0.4203078614820872,0.47816379281331445
0.10414678825889978,0.9568353164206941,0.5844955819540169,0.37044346496215363
0.9741295109790689,0.13636990994494635,0.37937912057802625,0.908660527086905
0.3727817725982212,0.2292825004393435,0.7045062138307614,0.5722232991998841
0.5378128519737161,0.35572116119617914,0.31639458892324235,0.02556865119873364
0.5943490138846168,0.1030421442668985,0.8670451760653336,0.9332855752434837
0.7687666692251911,0.69666354953759,0.7006618597123662,0.41138374605365113
0.9724065610081748,0.5240579063309303,0.5723809533236672,0.7348697422925946
0.7649606211306033,0.34896106863179455,0.857752381020399,0.5613662584222352
0.9402808900621505,0.802449885439657,0.743031583900495,0.7907002203093287
0.2555204620984953,0.8569316701464792,0.5717053222932602,0.9267932265769355
0.13635949348553644,0.8918328633815962,0.21615274975689858,0.25202809327036046
0.015093570508233345,0.12777182496248718,0.3511508692135723,0.38925565982703636
0.17908651763774208,0.18244735553796843,0.4644257150167854,0.15199502596811565
0.8600735284635409,0.0009424221541249889,0.23487157727242325,0.24915956470493172
0.6311057973326124,0.41005660042042114,0.2571754482986147,0.42480024913854153
0.4248466330984977,0.06964704882573669,0.3235012526690033,0.8340439016659664
0.20448348896782476,0.4107905500784561,0.14232310549342264,0.8145656903177457
0.9675594821992386,0.036031763999225586,0.32246519451392686,0.841869366158868
0.023077606706059184,0.5202325823679069,0.5306040905645685,0.5579579015448416
0.23297989229551508,0.21550773617392838,0.9934823175272703,0.1410966409811769
0.19291135087399058,0.1452007466870302,0.5854196084169452,0.06338808672870344
0.3378567470317987,0.726915487523806,0.7931756073644379,0.9263258456413593
0.1417868030618411,0.6607329042446721,0.003903702621293803,0.9796193994282317
0.0380308121634082,0.3422692587877727,0.15450587785961312,0.42624771890908
0.4649454065697405,0.9600766603191098,0.7180115439584424,0.07999938966726483
0.1444360459399402,0.7883166367359551,0.6072520442522463,0.13713126945009646
0.10220515717800538,0.09636607232244399,0.4347066724559999,0.8450353356865326
0.7188517613071184,0.38105570056777205,0.15331707710138465,0.679045220588495
0.06783856234337204,0.612854496062477,0.1866127782770337,0.025221307244236213
0.12590733060901116,0.32046602394962287,0.6086403219027454,0.9933108061263849
0.6914970514011701,0.9199143441516788,0.30882055070512626,0.09276178217689701
0.1285557130028182,0.874394557984728,0.10757093382939908,0.855628752168156
0.983363543369131,0.043903161499140086,0.0184685086176003,0.7162469412540177
0.0767555505087576,0.17529809719068512,0.9482230198176971,0.7435820699918428
0.20567958566282518,0.07673061522321112,0.05433475899052109,0.13093653840012132
0.9058078245700256,0.9837630169184753,0.3282340367793445,0.5191304756856263
0.3051444222246885,0.4260534210536977,0.04578975713176736,0.2643452828292032
0.42631680227417246,0.11592001664364904,0.3509696956490307,0.15370895007058927
0.006826707436592638,0.8606475174397958,0.9924110402273016,0.6732338702988148
0.4608577460782466,0.18841947160783679,0.05068485799641553,0.8830028350327166
0.6361522774900827,0.5929283118759606,0.20096608416033557,0.9490789065794765
0.15399451748586068,0.15176412157679742,0.18250438911476452,0.8880258208050665
0.9724902307015395,0.7530010590391746,0.5588679312779465,0.6158607325962929
0.4014185555259938,0.6486932270591416,0.5638361286896535,0.17094728344559318
0.7613683676967568,0.9032287922189128,0.6025249303876717,0.2248474403424533
0.2151621253024517,0.24890345096476763,0.37387083412523114,0.720066289327475
0.6342839430127543,0.21351833233561734,0.10545816806592956,0.11807192403967925
0.7154684435828441,0.6621916796873474,0.28946627948777925,0.3573700296157918
0.9202782220862205,0.1345607403996999,0.03982206647327702,0.9030351817870729
0.826839248223984,0.1255132109875694,0.18833804627598916,0.823746701581751
0.7763439422879698,0.19860082813509883,0.3641558098849009,0.27089600860683105
0.34977364881547846,0.4632916491627188,0.2190342217459793,0.8525994807497749
0.7957849452942144,0.2018680039242079,0.15824429113105298,0.8377801787497434
0.6256619883353166,0.5052391110867474,0.5609445210410413,0.8200106388955862
0.34149739966219694,0.798523196282895,0.7021455337339775,0.9282972700060979
0.11964226745518725,0.8600079984078831,0.08336588018907187,0.18878758186261535
0.3282218724178111,0.5335882967742657,0.36576795712390575,0.5073863776568126
0.5682148563027983,0.017836935119513897,0.13299272949113727,0.8095228379309183
0.335129159894593,0.26772449880526417,0.8123148710698508,0.6153096852504369
0.5757593865221745,0.3922298412761528,0.4154257526870003,0.8489745700899242
0.03740649717563438,0.49834609080732206,0.9424601455195457,0.13042986172842586
0.7874886243390794,0.35708914541810044,0.48825859150520345,0.02719172301819739
0.0678937186037395,0.3563561894739724,0.8824733944693166,0.6770698374377876
0.2632244912263768,0.11829149621238977,0.7158850911885892,0.13774558399786518
0.1567113403066085,0.06180744196265764,0.4715182477113564,0.3665248197527261
0.40446227095284315,0.11104794211690039,0.9739698368487428,0.5033061659666771
0.21494519348351382,0.7458444707378582,0.22947007076107906,0.935093363826038
0.01557195135173095,0.1480337803621321,0.23652583473321154,0.5400104373179091
0.10686686442590287,0.0015261614469110896,0.14905995840789776,0.2613111115669744
0.7429350159480107,0.2904345883294239,0.6492449761600521,0.5968203103098282
0.43164242036473544,0.5159387571321888,0.9442908009128134,0.41904375551343764
0.9965710631354144,0.8867524711029825,0.20074718738951491,0.2819254033366715
0.5239755435534482,0.8371502508704712,0.12346193160836105,0.02606036321798333
0.5158776546643971,0.5787866963171775,0.07732509469973814,0.8750247174893032
0.0394828299703498,0.20404719306882124,0.031975676590371704,0.775357504658355
0.19457187163643186,0.8599504455116441,0.2331491499664815,0.9654724891510111
0.6609675412426551,0.824245819953386,0.5991730147757092,0.07542271198368555
0.7910470098701147,0.3620467618023757,0.6372495661787555,0.6899511661228901
0.2890479599454381,0.5847299379195351,0.0002851815791289347,0.14624549690238287
0.6539917549053806,0.15541977481512004,0.5284595713730879,0.6399593366783733
0.45274166014385164,0.7745790307975426,0.46909036965603734,0.8867839924067143
0.5760303252390283,0.8833196107257778,0.8563811771394777,0.6991136581154049
0.17433925402614892,0.2507716372005022,0.6168861385692594,0.11383533186552841
0.7108945930443477,0.39906903139141714,0.006350112868587665,0.5835978237783245
0.27952971291134354,0.9559417952130863,0.5586544985221266,0.02312260051001047
0.4292942616946278,0.11656592276113809,0.6467373908977376,0.04308410644004734
0.24793278628807935,0.8202360574650803,0.9193639518478881,0.60120271551413
0.28525912812676946,0.6632796742034331,0.09678638783733451,0.302069298845272
0.9175507736458081,0.45003939495852086,0.9740894824543364,0.033692331837168465
0.5207220635396419,0.09938906947425707,0.013465157417487994,0.648866236376984
0.2842022545394064,0.519441913604678,0.9591220370967337,0.5864420196705481
0.26168463333629066,0.28674277908900303,0.18828365179399176,0.575613424898245
0.19691420313863495,0.2900744943219915,0.04604533078255679,0.7898749228080796
0.12080215398924121,0.46689213163267207,0.09872834701552169,0.8888080578221957
0.8922984801597269,0.35037277731353844,0.6483077813455296,0.29784822445106063
0.5757366792986428,0.1665170537968952,0.7736554943262616,0.08198974088642375
0.8511175054576559,0.49650760909991487,0.7275782984457511,0.021471276743970535
0.7734730873295231,0.2469781735499964,0.5859320010842267,0.04074673386251626
0.40238116659657497,0.18070631673718807,0.9604297969284246,0.9135675977466908
0.6301105051419779,0.23881927312742046,0.1276767308686183,0.659370835227623
0.988777144252959,0.8401288034178336,0.10725851784305895,0.7439637368280849
0.5499994811475675,0.479159042574689,0.11981355281558881,0.6693908389313451
0.23602604659416926,0.7105588843427177,0.7771267951171454,0.7870871148271119
0.12374949495877063,0.9062376659718475,0.004459609129016662,0.08787544573030248
0.5770787543788446,0.3458564707162184,0.13472397847854967,0.7422047343455357
0.17322752174437772,0.0968130030523402,0.14773986835459718,0.5700578861088638
0.759482140689523,0.4948945735223159,0.7578058059053187,0.48226992274702385
0.6924640460098992,0.7135509670574387,0.5790045331358229,0.965630050467912
0.45102964187562367,0.7087134846749618,0.8953397447587478,0.1640557551386841
0.3753661445988339,0.4393979970207481,0.4889545006138408,0.24070609536481735
0.3040255708285291,0.4123291540677779,0.819606502957252,0.45367490606469263
0.691562977006555,0.015082519423492258,0.8558934929692207,0.5374810643575082
0.8514838182729803,0.9430489236648577,0.9665223873914066,0.7744104297563081
0.9400568356266453,0.3794772381574931,0.8684734022035288,0.09188753847407971
0.9710561772551961,0.9498582427317824,0.33460591497244485,0.9042532338040885
0.5263230693175451,0.9361317715667334,0.013069621935292375,0.8976923247306124
0.06600844265230277,0.8524286878183569,0.768771864452695,0.36179094803564826
0.7398504307801358,0.8436348639074863,0.38917324419071664,0.42976323123218707
0.9655606328398736,0.8251826124326285,0.852719022177244,0.6232900912952039
0.8689280382201764,0.9153879102947086,0.22939440541408262,0.6229973583453172
0.844038273319607,0.931028813284184,0.5490444488955001,0.30743287204273473
0.6160861943823407,0.3643401083706842,0.9118066143349066,0.8729617144004149
0.6782542960604968,0.9584576033869924,0.3358525533415262,0.21026047447707774
0.639048039741079,0.8774809564188506,0.09515352460207516,0.49136678851411264
0.5114894992741524,0.980496571615026,0.617681816830811,0.9782193520672048
0.7385242170190093,0.6745365716442205,0.35457147988823534,0.35980797341587456
0.9685445953119094,0.5744787234040216,0.141265132074058,0.16609247450774656
0.19482859948118336,0.5130638244914202,0.3968696679529552,0.6489154165432142
0.5042533622060806,0.053043987189275166,0.8112344835076671,0.16549163967961955
0.6280717484777407,0.6214362376099006,0.232523733380533,0.5211469005868439
0.6364502244613016,0.11409527628802563,0.2353649785818156,0.6164858539037561
0.2749102208813229,0.3329095306158635,0.5968652254725998,0.3073587455060208
0.8011651966349839,0.13004108789024094,0.5695488617251735,0.6749936936050598
0.7468540850307913,0.892936314006915,0.10722211162553674,0.9176378001853507
0.5976016352447819,0.08974286664101727,0.7176006569802563,0.07989047167702124
0.9496283541820301,0.968057358642211,0.36584370012259515,0.6972778531622222
0.546090245089834,0.8447848367789836,0.9974570127999302,0.3467639900694103
0.32975781188929465,0.23744199223096807,0.665876135177148,0.22849409116036357
0.29619386234880285,0.32511730373176784,0.41318588907647313,0.6339805779322517
0.3169002726416623,0.9351139613807548,0.32124119884354163,0.8822876339716376
0.235787181889216,0.08989792172338384,0.8396218209871288,0.3730495907339587
0.9646826569797878,0.7947341469039463,0.7944729700619881,0.6138462845614339
0.15313237121855894,0.9776158756972894,0.1729410104284328,0.4232973908475387
0.8969481436284698,0.050143589395569066,0.28991692762536025,0.07839369504603544
0.15375090883458342,0.40629353200229523,0.8012263728024032,0.891029482285142
0.7626614930089246,0.29062834983029895,0.506146843081943,0.5700421567147144
0.4554407057809857,0.8444513034039133,0.5552058855636502,0.6297486979855311
0.13964183742413405,0.3904457608805517,0.4552528630488957,0.04578046526740531
0.891362168860465,0.31629882154589073,0.2702604679966053,0.8459777809862423
0.9705013117521006,0.7982834640181499,0.27513259741926355,0.09006412740839087
0.6705161345422792,0.8422791108731614,0.5750617768816064,0.24889861289310256
0.677803130754249,0.892257959847445,0.09892625696664836,0.7383191919614035
0.16567646508596245,0.5795164505485152,0.3676068152701142,0.9865848869284779
0.038873385911659786,0.8711080187715041,0.06574905509552265,0.85895108230825
0.18676660290565772,0.5228635290942039,0.8994802194125812,0.73845825006018
0.9010107362501155,0.6520328711369501,0.37879967449548135,0.5556522234602593
0.8807210279288942,0.6340607230830823,0.526039724451537,0.3680780502199201
0.8412218794826698,0.5167793563094474,0.09112722554881536,0.20515040585519462
0.3964533201732915,0.3096669956815342,0.6380446183876626,0.8875621239072217
0.9893567085717173,0.8468010838265012,0.6723130960220315,0.46243579298849113
0.17520830435366208,0.5515698169219279,0.5073558434750916,0.08560245908052799
0.4478802181560808,0.3542009785412751,0.55425941472587,0.646826095213824
0.27342941362218254,0.6885515308596444,0.023932751008138742,0.43879764526780163
0.3381624807172081,0.999059930560048,0.36452903325697084,0.12601660162849793
0.5218749051271251,0.8248298191445929,0.22044476802725088,0.985576630796581
0.7123097185535066,0.3425804336894813,0.918247742676313,0.14993906797980994
0.9886512737034392,0.7622627869234738,0.3983853325572425,0.556421908020407
0.672456742898233,0.42032772684232733,0.24939009783397437,0.8201008263561813
0.9446460333908221,0.5248074845581746,0.8206469841216314,0.0575997794319385
0.4418011366321202,0.5393780984572342,0.9181784987134926,0.21243161717973558
0.10473791307698899,0.3023078867982787,0.6480645368541752,0.25644782442606173
0.2992774441306778,0.06777060142473756,0.1241012281755276,0.7687578469945358
0.09484705185030773,0.43017394194072067,0.897357019692284,0.07473624956473046
0.07431123464461309,0.3193306332896152,0.5617362350484325,0.6856809241972129
0.18880412537896085,0.6637002294946974,0.4077646401269789,0.8894311820962831
0.4393045254013437,0.20153032857052433,0.6845594031462803,0.23318233045110792
0.7234019809977952,0.3982494403946374,0.8994271461958996,0.43556711015156024
0.5982960258936324,0.4804486929394466,0.9711765731266735,0.7238568687275605
0.5807258926196371,0.11636415362635677,0.6517001007368968,0.23942990391340124
0.09193827183422898,0.39975014386424745,0.7668030361464205,0.5367645908635793
0.5312292540872362,0.5873763294357055,0.3331490071075962,0.2327092904275112
0.7852648810775044,0.6964436615706528,0.14537225452687197,0.15029487135565633
0.12474068246130643,0.5447190245232352,0.7645939155765923,0.6368992411864639
0.7544919333671616,0.14814577994333789,0.8497298768591642,0.9567188485554502
0.9233108357983913,0.5908246784996704,0.1235506123380703,0.6560961495311193
0.5480663023701501,0.41234727478462385,0.6166974985955084,0.9772622829561104
0.1788439333142381,0.10118054901512996,0.01955728452108274,0.6078001270544788
0.4067606882021567,0.7382994476903625,0.7635608272119226,0.0502849610743209
0.46969809186749556,0.4906654609219274,0.06649142889437487,0.29096870268362296
0.47922031490088823,0.5647387884882046,0.26399199688354813,0.5955084410271927
0.5674639085470483,0.6691260017913723,0.5190708824110888,0.9771768577124392
0.07562952678452228,0.4618599501392948,0.1621536248206038,0.5283644349590644
0.3938803647323653,0.12960575535187224,0.7725060482881483,0.9900325015975203
0.793745285215408,0.3399859423715188,0.25922840008953696,0.3417387619155908
0.44044223637275415,0.40986570894446894,0.2334167758303236,0.6432193342688061
0.8460918170566496,0.41679247854068724,0.07218128085582376,0.0031952975392932625
0.22983593483240827,0.7944931553525888,0.1524890243326319,0.8851460513898598
0.5436587021119764,0.575155975395228,0.06283521548704518,0.23583310116509737
0.32071050553847125,0.577338174151607,0.08874412723180625,0.913182679124342
0.500284203430265,0.42400613211869287,0.9240493906799707,0.16407022476885502
0.16096291005770247,0.9465637428254552,0.7340618442532643,0.445880971824551
0.11416230948978512,0.5646315322848048,0.3138109620221424,0.2652829851573556
0.3191515112030645,0.5087790593839265,0.06521966348444597,0.10196806850520523
0.5983472589302592,0.23323773780360413,0.4097107842590182,0.25786780854342206
0.7265456633109024,0.47613149544679245,0.3121001113045013,0.12596889351134732
0.9386531091880633,0.30089680380751416,0.1450062665625642,0.4040530001312753
0.39005598688618026,0.824936597622534,0.9574872605139899,0.7594768490194123
0.23057757687033287,0.04256634883313293,0.30737800603706533,0.30458269294984963
0.976180290665684,0.19240012642400228,0.4764069606471325,0.17826449862317717
0.25709434574403633,0.013237627723832524,0.9825573093537483,0.6612001762777513
0.8377115957912477,0.9849167286093848,0.092703706715618,0.4472438048358206
0.6587657196017985,0.03172705036416201,0.9576837203701969,0.737211764978696
0.36238255125601426,0.006004604515249534,0.4267059445750875,0.785667622247563
0.25150720975326724,0.9294890218280696,0.29655402285741483,0.6067773091379771
0.03507302227766207,0.03495521176616834,0.5567632400965501,0.6673383820513482
0.879615295533693,0.7497624903469011,0.5830018055533628,0.31374333219694717
0.8246019722047194,0.5123019981552239,0.11107016974796213,0.7988206391495544
0.05370434717231942,0.5587699598727559,0.45995162475616125,0.5419310173123025
0.5734139183594372,0.13783441028341425,0.4194615283518537,0.9371493818577363
0.15872298453374156,0.07926103371535109,0.012556925697950083,0.9186186716964269
0.6430280277301195,0.11106089892762405,0.08461824064887269,0.32336371718187285
0.5306787727130607,0.9718204040084855,0.21509066847986602,0.21065504205738206
0.44042748060931636,0.8729788957670308,0.48678442233140307,0.28597572672957927
0.31909278963931753,0.7488838825340359,0.45560644613540024,0.7997171453366707
0.023204301574251462,0.48134861261980244,0.7361812977367496,0.9639433057386619
0.7066613324906623,0.059772808320704196,0.4288677644392459,0.9017456438127409
0.6388938846397001,0.8222222968336889,0.6255713929891289,0.9870362999120659
0.95140978673414,0.30984120943846627,0.0075577044511593305,0.052670186286630116
0.4989914686459487,0.7602155648558937,0.31342993136327224,0.8682272181525232
0.6957647320933157,0.6851448117463025,0.1847277836657476,0.8184505974575297
0.5976395613122827,0.1351517807504915,0.457384943522238,0.6207176934857805
0.6598718207208595,0.7405082550158754,0.22577351265056522,0.45043277604775
0.2077766649174655,0.47652617463819347,0.705854660849524,0.1300299667019319
0.6619131602329863,0.6820564791355674,0.5322031476134403,0.17247875744912433
0.41561185473130957,0.12615135199813998,0.37518104012683295,0.15649916934568997
0.6668050125893566,0.3341282763650626,0.6926417584140249,0.826569054899188
0.4319277454841307,0.42553726482495924,0.03229524778729298,0.6759465417046855
0.48642613228253617,0.04404193492146691,0.3884714810638734,0.14164495168533486
0.1766374675852862,0.0145869586918711,0.45509722325851276,0.6883410610511778
0.9763379389785821,0.12321144758737634,0.5690063261748898,0.36470744138611766
0.46169268010813,0.9866279817116734,0.8440991131538689,0.4974129801706245
0.6578090559603772,0.1649291613277365,0.9267395612108621,0.21535014122701457
0.9063645702551721,0.4560562297270868,0.9220259410562699,0.47072419559146117
0.33740450131608857,0.8265329145376329,0.6463101914858221,0.139219164562152
0.3200779064789945,0.7284166303934424,0.9441070874960293,0.8869032412422277
0.4320547345640686,0.7072712835515752,0.5063088410450407,0.9276610150037424
0.1932684205226124,0.108648949818265,0.8602200946543255,0.9976740346308801
0.13629850203013805,0.7409778555541425,0.9944047323918453,0.49207005397938886
0.15022099430371572,0.6378966133722697,0.3371057211144999,0.9085951092023685
0.5578591318110245,0.5749153876616747,0.1270954915207343,0.07862345614268662
0.733167727112841,0.11108237723140169,0.06554394322656776,0.8547732967320409
0.6836800099800422,0.4169266909226632,0.5720991234221894,0.08708651928020483
0.6272477206259525,0.7442573780522496,0.0011183184902402443,0.8656153334898251
0.4587467017738883,0.12212410413756347,0.9764445431303544,0.6462832627102976
0.15044844950847447,0.08719000661436116,0.11014650697401074,0.7830664840493707
0.5649645544394836,0.8903489125467122,0.24691987205360122,0.4137916481518181
0.10065605219302609,0.8698577076731538,0.8534112888336409,0.10392208478134468
0.08195278838140552,0.7175853352414604,0.2520699366542355,0.5270323557692228
0.7858509750934779,0.48666689581673195,0.25936208146848583,0.4395167731389268
0.7538090121972586,0.07000070102735134,0.6728710756287316,0.7105422807323444
0.5172986897473886,0.22525149384152743,0.7644390150911885,0.32533976822675015
0.43454575733346934,0.7028933180755894,0.8030014068209164,0.8993412394738078
0.656301454530427,0.9628028303609361,0.8616361392510817,0.0028140464847069557
0.04569586372693468,0.6101917579092339,0.6892845626187594,0.849792866893838
0.4613192832928772,0.07241743726334626,0.7101639919810797,0.7506005284269351
0.7620453772371685,0.11023737171455283,0.7941857964852869,0.502416293755638
0.9448095206044964,0.4515727458096923,0.027900701644500425,0.2974712188850607
0.9785861642390338,0.4780765866074457,0.6375809738573966,0.039243773194971965
0.8827660607423198,0.03125812599142008,0.7082665755863989,0.2926170748041217
0.8825721062897012,0.373006880535415,0.3869343997692746,0.5125514384140171
0.35858167057457513,0.715874882389492,0.6475558769946903,0.09404685175358074
0.5747924128632335,0.04406895251428977,0.3476715356104628,0.2503345358497977
0.20884581545224323,0.09853614628662066,0.9130589606044104,0.06776786570191351
0.6716872871229355,0.41678981784516655,0.5111668825437886,0.1926565691001978
0.40885948013770834,0.4212101683759071,0.10537139795206263,0.49070781024165444
0.6421356867561225,0.7351706280373305,0.06674779636892336,0.8742091366222993
0.7054779113681201,0.7615214764617143,0.016561639393970262,0.0957147866675212
0.30660664689114125,0.9694266864497432,0.7691951470285906,0.26732241526617495
0.9806696400311579,0.3499311055973521,0.9508889664238291,0.9350703975573631
0.9036023932973511,0.5595890206792966,0.8048388355760656,0.19686946111040216
0.3029587681415373,0.1610581212615637,0.2438671244403784,0.8186705706880214
0.29800429155478014,0.5048834456845106,0.7622538412576553,0.13036352561079056
0.2743324406543095,0.7172059416841398,0.12342025646386579,0.2517265180408589
0.47322622055738817,0.37209589036376656,0.9315937206465557,0.10803344872285503
0.685239179515436,0.0227130813188543,0.9960549918150366,0.4297281919606917
0.3802483913689845,0.14378547093993577,0.8466681393058553,0.5800480906785428
0.3983072667473947,0.2603411289335691,0.2710970772486109,0.3634115461996339
0.8028609359847517,0.21316397935095344,0.8373379367046797,0.6461565377034179
0.12858139329447393,0.48147122853441615,0.8986038366335645,0.4418730601863192
0.9449957394120982,0.9615111818959448,0.09279773761586074,0.4823276997521637
0.3638779978323231,0.8367420872580252,0.7157542425380207,0.2572070980306942
0.41352467727071984,0.7128652872374281,0.35702812994138144,0.6124972786377854
0.534361710330878,0.9410010460091672,0.12033380667021054,0.4074227276420356
0.37014792600870394,0.1391575011454247,0.30400785320363477,0.034762872297601555
0.22046887658125125,0.9212071433468769,0.7175897592503877,0.14344255962027763
0.395563031167255,0.536728624346755,0.1480122216485661,0.8570982542953091
0.6243669326927961,0.02331774051096558,0.23812284581792598,0.38967853110331474
0.5695426101465855,0.972792878895739,0.6708101560005214,0.6607441724606934
0.09925383952448397,0.5749926045819085,0.9891225125983717,0.7484999759055374
0.6199035311047456,0.24888597481753205,0.5351203461986145,0.014273556529103337
0.39621346572742966,0.2591055916200311,0.13037446776894568,0.6023451501498984
0.3113131629640069,0.29018605852891755,0.6809986312316224,0.6502559184337072
0.48763038464502373,0.16956784281020443,0.12651221717966332,0.40262384340197277
0.347280110959135,0.41169634299990443,0.3285857671577094,0.85888626857534
0.7995649661361968,0.014789343724154302,0.6719173757098328,0.18055625505582296
0.768383441570962,0.4576305950953211,0.7665287097191038,0.11243112161341717
0.5794421272841088,0.733526768077819,0.1302774407339743,0.5924977894766956
0.09627199924702579,0.7124489822625365,0.4779766298281958,0.639314769061622
0.8418281343419662,0.1331590775432422,0.8933338593976171,0.49173193456574493
0.1999646765374793,0.05193864889285904,0.8292644784729393,0.6485177916180241
0.8977836413886123,0.3329575713288965,0.0035905714175928916,0.578341310740207
0.6230922062144557,0.6301411836915859,0.11578025989484353,0.7346273567396296
0.39031901983567363,0.2375819247134302,0.14489062787398843,0.9615689474255931
0.4506562755294624,0.36397476366743864,0.21361011629127435,0.3349572233518502
0.15399074989507422,0.615591490779266,0.9878213455922776,0.4209366878451324
0.34467918814559717,0.2951214138770172,0.7971200943177498,0.08302122280331958
0.6337198125162447,0.3254963398109194,0.7764789227157952,0.3038320824444728
0.9765156436194582,0.2757216404800209,0.8722347932597083,0.96622111830879
0.8750984203114966,0.6089832119419276,0.12796793663120598,0.908082408685038
0.5848602396985356,0.1692029911210291,0.12056320110939223,0.08448406711198497
0.8768574155237138,0.39620077783126106,0.7981784814873537,0.1284514732920543
0.2844566787182403,0.8077361834022146,0.04765961722532153,0.48429429649453615
0.3128376679183521,0.9580184878620863,0.8641458753206454,0.8073357335219424
0.628188743245712,0.5168311607210867,0.7743774234986264,0.6715539367473714
0.02021475646333548,0.5719865339050458,0.277802492131324,0.9787133286220623
0.8936192266153505,0.5266098696879389,0.14965078592200298,0.9707017272277564
0.47942239971231226,0.6180220670052371,0.922036931329153,0.814746980527783
0.8984704321405846,0.5338981633247611,0.8809883868880687,0.009369786709480965
0.04533309874025515,0.28384379672414084,0.09561328541440361,0.11256555166737403
0.4062624464808361,0.4371944800381551,0.987361987275225,0.45807907020913485
0.08698224061920057,0.7839473609541975,0.6937101771936822,0.2836214658349524
0.6802194699147021,0.7001426030384903,0.3041892607668434,0.6847325012300033
0.6280771306036559,0.9243292780653312,0.12347544916348985,0.7774368343501536
0.5776766609871433,0.39561110138748024,0.7334953507290755,0.009390171496399535
0.40215490050822367,0.41567712009607927,0.33677624622359015,0.539554811508024
0.4659169591066433,0.6410603865767412,0.3878675354589346,0.23099582078919734
0.7924455791251919,0.12490121068751026,0.16707826611457322,0.8155771894083631
0.8324814208089016,0.12366155990409988,0.4358844231897785,0.6713129749884698
0.3131173588341051,0.628203897558634,0.882807645128848,0.1808318408250541
0.049183201854761105,0.1534799499287789,0.08030220610499272,0.08574805171841093
0.21094645402205625,0.6197026965980368,0.19462237059239118,0.19835525661382192
0.2220621355837047,0.9864130783038508,0.1915177516925023,0.6445577864408005
0.4137420202030342,0.6651086323662426,0.8751312156673162,0.317353671595359
0.11372006924975986,0.6488474502355276,0.539437946012227,0.2017490234848841
0.7256974809657366,0.4897907148466002,0.2450304414335197,0.49808532543387396
0.6315606463066641,0.324728828555536,0.6382724152148888,0.1481657183940982
0.2610921173261145,0.10609781651969219,0.05589585287700283,0.7626752562484994
0.589586243909988,0.8284761689471948,0.44503066913969835,0.09231728616613322
0.9634733225655131,0.7922820017256252,0.10473577870078432,0.8741994442351478
0.7401912443994169,0.342498338289001,0.5385118849038032,0.8418896587378351
0.46270138887290135,0.5894135965311774,0.4287933316664403,0.46797294917489085
0.5034126708563126,0.6055916504595372,0.4671472613394275,0.36505259506454024
0.5507440278741225,0.49726617321062794,0.29439527890973805,0.2346051650056481
0.1379774343862299,0.7784100947421141,0.46249181358528624,0.2883268128047518
0.3786416215895547,0.23215422669306818,0.23397906556100045,0.24514358899294408
0.5789244469847664,0.5421522620891518,0.7814741834838801,0.42835341089511003
0.4014528398392191,0.2169736669042367,0.09595499087405324,0.9840797876894092
0.23482221549173266,0.920012539234359,0.8027317906805256,0.9187133069080199
0.1578968059161544,0.9435683404850436,0.6692949897662074,0.44568992738649527
0.182537673663844,0.3759351792251632,0.5284308638797298,0.9406290491266105
0.9176867140207293,0.7909445359569683,0.9128009787011847,0.7907511784576223
0.02166138476631896,0.9989002914598017,0.7746301579723325,0.5959362924718717
0.7307985814975967,0.3459648636156972,0.7571587709679797,0.26338471192502766
0.21446442563669754,0.9926245043167624,0.9779309191609427,0.8427559950185052
0.7414428879890074,0.06029367375237016,0.5428694247761103,0.573848656699622
0.06159533545594276,0.2087236616026561,0.9643794221133015,0.9117305452754625
0.3658419256530874,0.5024881103526929,0.5721863266762932,0.08762661971707508
0.7964039772850974,0.41118304366119496,0.1734879276427168,0.4459797758157661
0.8776554567937775,0.3438395047516991,0.7652682876229503,0.603803505555164
0.7453803009773973,0.2209524034230813,0.17198679823407392,0.5693098066403572
0.4674034830429792,0.5999242560197605,0.6680668903636251,0.43564337730424163
0.6485353354730975,0.07890959263383246,0.88881552795072,0.24863028403950815
0.6164640124328394,0.2807156048666175,0.30383225977722184,0.21364284484959228
0.7806930207999253,0.47856025692894955,0.6420118572017659,0.5066671181290444
0.6381535936819562,0.37240999789356155,0.3778552981215113,0.3056917487397186
0.19969557931566884,0.8744484169056032,0.81310754033861,0.4755177633308444
0.9989862811366332,0.03232335290437627,0.505245524140931,0.05061984784715934
0.8896447877755702,0.9591948459793412,0.09466551706110471,0.42781972828168313
0.8698094453458963,0.7777201670721686,0.05124985645337732,0.9610049682472765
0.2346801047359398,0.8192595916438564,0.33748358172042203,0.42621928741739823
0.15976885418957476,0.2648415341452295,0.17986766403814558,0.43129353611547727
0.8201396286120046,0.3557798443820329,0.24260846444458428,0.18672183435676415
0.2981990407123821,0.8264155126719155,0.47049058674472677,0.7035255457869692
0.05484276387164544,0.2818171717573872,0.7380328069316832,0.10256586792412392
0.8364422142545092,0.326031669453794,0.8286407952430705,0.41947802654852395
0.5315168045352253,0.4521972126346311,0.37100206097964783,0.2704659886341365
0.9478853923580947,0.8210392589541051,0.7200276871192924,0.0911653749774094
0.07543806796386077,0.4901828431767059,0.29196912440268086,0.39718292648374864
0.07032250833299636,0.5737258482580688,0.8087674328046011,0.7761400132588052
0.28719118455576387,0.31840537143760994,0.7063030664785437,0.3484097675678385
0.4814345657663761,0.2272194131737305,0.06120742000926915,0.31697670528830313
0.413782442200089,0.956643001649749,0.7557070763640806,0.702343471032037
0.27990188270386895,0.47676222826950887,0.6968852142377634,0.961424090070672
0.9848911106607794,0.4775772451576803,0.40649479970148295,0.6783841874604729
0.918987351811646,0.5775699061338694,0.7600804355425115,0.6064332557561614
0.47162367962396123,0.18990149460345818,0.9825336945961357,0.974422941237685
0.23120081668842019,0.561263451645373,0.2747247049752807,0.8837575694913387
0.6817147536052419,0.20515026766174116,0.8721026376109965,0.3399564314100775
0.017702588969609856,0.6105357397114594,0.5193229641638937,0.7157582776672843
0.17339617250339845,0.9556007518745658,0.865377942180209,0.7614040250742934
0.2912827530530948,0.25175931765059967,0.9001504404921624,0.808876464661162
0.5499610332763141,0.48612312661627666,0.8246739671803343,0.98064411283525
0.12410106847501201,0.7750749001579662,0.3845872093880286,0.917429192300409
0.10277514272703125,0.849556487619711,0.2613604403322153,0.5492461618179975
0.9369905487407392,0.3365038519655337,0.661309441395926,0.6125797909032962
0.6133839656483129,0.30109802382107187,0.6980550090044891,0.541182482564839
0.8909676138325232,0.6406348077793655,0.9104869446806131,0.8863481642026171
0.7362704915105733,0.11489219207524848,0.15207971701220135,0.07155372701033891
0.8687494988694753,0.220795036925853,0.18612546589609302,0.11745884183110245
0.5200458280620195,0.2551634164598138,0.8628573659714972,0.632256441841012
0.9534211721555552,0.5443031157541603,0.35060366357955475,0.4129398373703663
0.19989665530121237,0.2802289796135822,0.714948082173578,0.48806837303802575
0.6123316180655914,0.9646631536943198,0.43250182991317554,0.8240983166848693
0.07560402911506447,0.11132018197005877,0.33143431123693945,0.02095483266166609
0.8546321055213522,0.019820099321011697,0.01972259426106371,0.8695806812172941
0.7682897701323408,0.782722486760562,0.8167640196675036,0.9500864285195305
0.4974388981066531,0.35251008661857397,0.0848608677702204,0.8832026134600303
0.8146414439933464,0.18708538789868345,0.5827770965622284,0.3494622226671642
0.9371139054169753,0.2706960192139529,0.7577695152217134,0.40298390329309086
0.3641891505776903,0.6081657949525234,0.08900396799982246,0.4882675355696833
0.8620569811681377,0.6960483650049485,0.4060176704231995,0.05213572601086891
0.18506507108102566,0.4432958073335953,0.9326307141146657,0.1374525605169502
0.6677745140112519,0.8510624464878583,0.4409622773336286,0.9332144171256693
0.9652228320901309,0.14168012817139286,0.18323684647770266,0.7641278261296357
0.6259986553057125,0.01456251717014223,0.5124946258804547,0.7099102125294539
0.5956517438302358,0.8659957269175077,0.39835306719371066,0.37624929724744127
0.20233945523372,0.4612977696952012,0.5180512723875638,0.7683081747895842
0.6928557018042775,0.8675798866269394,0.4547003216613259,0.694265870959405
0.4808991248498825,0.6177781396864203,0.3309677856299107,0.8702739543713561
0.04479016477111686,0.22942229715625595,0.3975420830741063,0.6275745993210148
0.424586559899475,0.050768418181498354,0.83497117109887,0.45493726559303016
0.6921135379805173,0.037622037677408904,0.934273726688222,0.6479752535682215
0.050885583800351575,0.09336492950649244,0.012086631012045213,0.45988972940237516
0.9298819559803768,0.4154023903911771,0.7598209243684368,0.9169130613484147
0.519308547515123,0.43742963118823286,0.20804845784439607,0.47000754899614094
0.41733036915914556,0.5163261959215304,0.2789271503459365,0.38247940010088854
0.5218304689084041,0.2805587694133699,0.15573340783590006,0.7987174241554412
0.8666612757702594,0.8755367677362448,0.10887878665480044,0.8803260301758424
0.33186368548757084,0.7062066282073868,0.6864300599567786,0.8957578630749979
0.11033046056827378,0.5845596990169487,0.4972798617873676,0.06339592798161031
0.78094779265396,0.5832480570232449,0.02037083138966267,0.4712837500845314
0.8599488897303033,0.27225973194386577,0.028374050079525426,0.629074304711633
0.16817640630835062,0.1832471988680887,0.3086630664047325,0.9671136802569729
0.3366334052540261,0.11337957913467611,0.06120363642138271,0.18456257057712333
0.7859082863052778,0.7933246203141476,0.41207612328630117,0.09244671795747406
0.8481912138893498,0.6327977027099594,0.1089996219678141,0.7757802307868193
0.6044174258989831,0.57655396374897,0.754958446977069,0.9259362168291676
0.3781328004384543,0.9750124905343334,0.15046795161589455,0.7180451303496147
0.3973666601924922,0.24345446467475707,0.17496655433508945,0.9512299283001098
0.3116148913335376,0.7278251101509438,0.2463542717579339,0.801882414678108
0.4201935242619481,0.5132560551268086,0.7417015032957028,0.04280244718507886
0.8586000746864494,0.4135292604603664,0.7124258490876615,0.3166163954409926
0.014356619222353206,0.109650248811195,0.7763179343897018,0.19211657942016291
0.4445703546720967,0.9620968980398764,0.3919498814789697,0.1615004425771116
0.2110550002384538,0.8892855960393165,0.051389103594865704,0.031237785197924195
0.8786863115453314,0.24720677552896608,0.8702710947237638,0.8922753982787873
0.0023939081184152222,0.977505073556097,0.014315078101940215,0.16993065153722153
0.10935830077283815,0.8291388935868235,0.8948074188704508,0.9702316699883299
0.45772402736264295,0.8732106957410721,0.06882493997629724,0.8458265266721409
0.21466322063316012,0.8901835683310719,0.9403330613931362,0.43502085088356846
0.11067100883913994,0.9077046596034172,0.03264907050234345,0.4977846680652481
0.20646093102466923,0.794225990660911,0.8322452082874441,0.055251228237285566
0.06309562384314393,0.7445092054688521,0.1422087920059557,0.26546427136665296
0.6413410357416673,0.8367220068610267,0.2930961545292302,0.23157149395450016
0.2207750677117848,0.4871316008942883,0.40071831599285235,0.606350094220423
0.2593115259063947,0.23641442784498468,0.9817623792951601,0.17119474920175626
0.5580349855880309,0.0551975033298866,0.26556363206941425,0.8889104830137211
0.9680519306664532,0.6316494251342678,0.8606133499752238,0.07758871413850987
0.5764966799750492,0.9466786168263838,0.7065232931927806,0.7055077698361595
0.5968833870400425,0.08226733406774,0.07546393479900304,0.3944981984928366
0.37004327437164986,0.26948066478271004,0.11087777843341773,0.5676969688474844
0.09451426822388498,0.2979803076744211,0.24651111046431784,0.9802705206111431
0.262237872513832,0.5038241052428469,0.916886196048249,0.2797590215059047
0.7442065358205097,0.9945127225036599,0.07290417606841793,0.9154853148053366
0.8595792850893461,0.19995066367510406,0.9372262735432253,0.7271624109555918
0.9097588556507856,0.10800131502684684,0.372307152520734,0.9332088467916718
0.3111783219806351,0.29364492392076524,0.5634597622349373,0.34104392108323933
0.5249899446029296,0.7859782735378192,0.5068485111992763,0.9225379963525988
0.5277884600297886,0.36030879783128855,0.01804809862465684,0.29355983040088063
0.4486006847641598,0.45570278115299423,0.051084462191455904,0.6144278530647427
0.28520505698619136,0.8535704211300228,0.9680934816576976,0.34598390245373856
0.8915692196469294,0.03900738501735368,0.048031548359736,0.6446577150498315
0.6248987061918752,0.6818518381878856,0.07644697970715064,0.783588706874343
0.1205512518840417,0.0369060979746233,0.26644808138772824,0.5502896858989295
0.9580111747593674,0.24502289007896239,0.7887570254570191,0.6511036039107598
0.6883519590778341,0.8416032219891848,0.5009475485762921,0.5237403056567
0.24028894957408165,0.5159935344013538,0.60533482356913,0.6744300976835006
0.6881208812914167,0.9092333540679556,0.48811626515661366,0.3991034439430178
0.5967377829087206,0.15768526663160154,0.31881278953210734,0.6048162682908821
0.29952454905578574,0.6949511053186461,0.6179490929470219,0.18945571671916883
0.765494404150197,0.3695198208637859,0.8623155936376339,0.2668157745047516
0.671026438020168,0.18031531744592533,0.8743162048511248,0.42940131294083506
0.9468979235650317,0.7407081069274619,0.9309376991242398,0.9474274299754648
0.20765871456796725,0.043236148537958985,0.48112024429309064,0.689052449435573
0.5005794433005214,0.3534227676063737,0.23559804435367138,0.44785766837533614
0.651660387088115,0.615877026250255,0.9524178290960841,0.3974510284184455
0.7810150916002749,0.26389768239693234,0.5019643325772073,0.07326495187751503
0.3204317176036343,0.6940528962530856,0.8892463471028708,0.17144138842258805
0.5995012082616524,0.3046108888903071,0.7900344344563343,0.006362128031693004
0.10784824716203334,0.022954265656746298,0.47018012128681186,0.5369236634027151
0.3333888228905936,0.9154448631928469,0.884696215728783,0.2761352252407756
0.31909346430644536,0.29717491744397473,0.48872894670240363,0.077719684087308
0.8978053925067772,0.37982785321862955,0.2039054223707727,0.2471610163810869
0.040104782832695474,0.7258729913589055,0.9759054715183023,0.9533388379100912
0.06253692869849825,0.4207450190576928,0.8815305524380445,0.32233570591913074
0.6172753969538276,0.8320749443851005,0.5459565323400142,0.3121063633867408
0.713094594827656,0.9570986864214023,0.2155806356232427,0.034505844999328406
0.5961282798283358,0.9742718467434691,0.29438205432252273,0.9565222029316012
0.5557282879240618,0.5431979892138973,0.28211448094487745,0.9396073393800578
0.008223901874623851,0.18841157622222993,0.8940644783226932,0.7884135262294983
0.03808414260621318,0.7970440190659752,0.4149841273088888,0.9460705042787941
0.468227498343582,0.8259273570804292,0.7593881299291073,0.37855389230491976
0.7789442804472102,0.45248702085532766,0.02220520784867419,0.12136131847820919
0.8585246852678509,0.20517645807726592,0.1411366747693804,0.331348254188908
0.8769709547004982,0.8860959940920246,0.4211610506480772,0.2616922983140557
0.40952406988494117,0.8467158669737574,0.020375692241833443,0.17655210359504914
0.35887490232936925,0.7567858489335144,0.6255464990605474,0.17487899879140556
0.2781168757307625,0.5406843330721143,0.5305941402855403,0.3363338695664775
0.4052362485341231,0.22422927688094552,0.3593858772470039,0.6812563495495274
0.022734402642266227,0.8483915934167382,0.2526363222060156,0.5047548773932323
0.5471831284049563,0.5639824101810538,0.13992152989906292,0.2864154487531837
0.08787673894980985,0.7960252872232594,0.9091928807787458,0.3430270560363441
0.3060640965677668,0.048166894300083474,0.5140435323990062,0.31527764586572615
0.897750980256512,0.6017272596382461,0.7568180097387913,0.5650905210574287
0.25418312068711224,0.10933022462723552,0.6632493074531925,0.9296042388804462
0.4667898566094755,0.38982447372608,0.708066113678985,0.490914229087429
0.6012773254522775,0.2163109287249092,0.9306404134240587,0.379309021469304
0.7375231202816827,0.04135312481862485,0.36746924162985006,0.4626764565276117
0.12231291074096695,0.4613062314085584,0.017900717594212745,0.2553730867013565
0.505372183648089,0.5971381201317448,0.7209622754294694,0.08728361711645471
0.8865238821210768,0.8448287817960779,0.07303615382651185,0.9189654160978078
0.41180753478598675,0.23713879317151354,0.34217865911929,0.38174920757981223
0.8196600306414855,0.7054349022332206,0.9169578545552817,0.551649437126283
0.12216151067481429,0.6323662647341535,0.7114373554167052,0.6219251603181374
0.621523126031971,0.884713593044473,0.7001215894153477,0.004168673185295124
0.5091805843497954,0.47148207761079475,0.8538230554007323,0.7291320189622886
0.31117593865839144,0.9748196828951873,0.3014859545399512,0.27765822688507746
0.1529790383468851,0.26627746927003393,0.8144930567694127,0.6949030208326628
0.013185324849942948,0.5876726068801571,0.24453822684397408,0.2383457416542607
0.6109081309538555,0.19125399726508452,0.2831011822590823,0.45260968986449235
0.5535057009554253,0.6421253861590325,0.8232225971688848,0.24211866550666594
0.9444373643818423,0.7730542522757754,0.682247742656951,0.8680054783889798
0.3948648297310743,0.8523496037652175,0.4335446445923312,0.5698155467535754
0.6021079323688692,0.1841718403185183,0.2500845456006866,0.17225932456688242
0.08873137253578223,0.9128375356350091,0.37525983062744295,0.2943146395050933
0.6949336528349065,0.41855414038040106,0.280051501006633,0.3373445663014951
0.886899280295905,0.9118057210398423,0.6495941218310101,0.6259493055681026
0.9714206720737877,0.8463742212675016,0.5580620864805256,0.9175147545091644
0.735061102584536,0.793336838567995,0.2740549357111962,0.15890376696490527
0.05438542828473136,0.15772163543855,0.19315538650175723,0.18203691985561032
0.25048722570224924,0.6744733536587252,0.6032578426192299,0.46779077030426286
0.23361106763304906,0.07568556225560252,0.9856927491724787,0.5226208992689466
0.9866764120226532,0.9899000282793089,0.7184302974868397,0.35104898382759697
0.18452848877020012,0.9714711114670234,0.8044224376971357,0.9557077319420698
0.8916292831246403,0.9299238498186282,0.5790907392427953,0.15602760938560056
0.14780726148612877,0.55441841199706,0.9140535548703101,0.7220755047506741
0.7490733718505916,0.7500724136379329,0.28579066348419646,0.4587640912011385
0.12469633455095663,0.5717782486215959,0.21554614051829468,0.014509632550219753
0.16895147994837156,0.6019255749681128,0.20744750227417907,0.41951757955538305
0.8084783942198362,0.07995238248553616,0.6154998104357894,0.7715859760567372
0.4505152569978045,0.07253129126647884,0.7939001150343428,0.215993998545856
0.3035193633745419,0.3454874772512362,0.22229160333779663,0.9344088103417787
0.303419686915399,0.4808158368924961,0.29427844793730673,0.15634369380435897
0.5743358644981171,0.15247887959002304,0.9900088084057763,0.770033549139203
0.4292315995935818,0.9116578696165835,0.3772631033581404,0.43313565184958347
0.08082948283692837,0.1903401070859414,0.27566425016943175,0.46865697031007536
0.444117529142504,0.1645753207993499,0.7717374902416095,0.6792721305343525
0.9564577645883277,0.35353806219974593,0.14876142449292484,0.16603635460908706
0.45468823809154923,0.6000091685222657,0.7993422134683875,0.8261970299902136
0.21216488318194704,0.021416655952862462,0.11558157715461248,0.797351065204994
0.5890837254662578,0.8584172120067274,0.6098264358995099,0.6931493171588018
0.2229965721656184,0.9596237255440598,0.19441480583161874,0.794549013892044
0.867998951187973,0.7822495658345919,0.5976657770326294,0.2936071181664722
0.5536328535458974,0.09877072595800518,0.8441951575711502,0.39597404479210985
0.41215308972752396,0.137643136340462,0.6788380123365622,0.4150928029243709
0.17040197318756278,0.4755979936346575,0.4644409962835516,0.4055300606686757
0.4892640024616971,0.7625196705934619,0.6343179412732171,0.5884151200925228
0.7782897388591848,0.6755670840379877,0.764301019735808,0.6049950923272588
0.45366373067097754,0.478423993700287,0.42143433871254254,0.4600962992277634
0.9677539398241849,0.7696159852381264,0.06358788459049503,0.230076872935979
0.24427294340611283,0.35958479821871836,0.053385427364327165,0.017474182148318973
0.34366888710091625,0.16202090685288828,0.984017405572908,0.4852593684132206
0.13977933151234156,0.5626252541988376,0.4899702277070731,0.7280690162873406
0.15648911853164305,0.8511405602568711,0.11662391245648629,0.23169444532586858
0.703090463485854,0.6149017885319419,0.8814884928277705,0.2711844148151633
0.3966476186558463,0.6947729858759707,0.7222816606199446,0.25700175045889384
0.17851322296336358,0.32360555939009406,0.23776440838186896,0.2714820102761669
0.7333858351874224,0.08049632554020647,0.890133884383991,0.19039758617119762
0.7549531553738726,0.00024025963650031734,0.46405068224083523,0.3744816850214362
0.36900217535823443,0.8794418341796439,0.8390521779103857,0.3042139833891335
0.03431744599391684,0.49691822476115644,0.6932278454515362,0.7509661809859907
0.05962728573174603,0.5843891118498261,0.010008484708450172,0.7623547063880469
0.24018287420474393,0.9281120153864345,0.38502558273168663,0.42879949354452584
0.05627826785232315,0.950220906941604,0.8228107771851217,0.6179687465700914
0.0624716250993409,0.8471699236274305,0.4696987015993658,0.6626868464406115
0.019272024102353846,0.8146236378616882,0.6387096443938005,0.12785596525595955
0.8082949370307001,0.9987811143335955,0.5725179659046444,0.2780883239726436
0.8758541011308757,0.7288980638310986,0.19693121446302675,0.5352844308382207
0.5547471384627227,0.20447426366902322,0.19054184855031486,0.8161483153346079
0.7452182357372371,0.16864460220963484,0.520749650098859,0.7991068765907575
0.9465041599797035,0.3416483460523497,0.14247886223584616,0.713936781620019
0.3980405579902343,0.2972528962852944,0.3981929550407888,0.9825092839147898
0.6239219488731808,0.7212572008803797,0.10431812302555743,0.7360641295895735
0.18097635747178253,0.16662897073047278,0.3395763576663663,0.48034901978145406
0.18811208315304973,0.6295556603547889,0.31927430653666644,0.38821194719218177
0.10390898798013559,0.12783668279776694,0.09795129420099957,0.3452566447088431
0.8975301816453216,0.10994409467515742,0.694505587222503,0.8853966415967816
0.36697236588894233,0.18405050553584135,0.011387065761776505,0.4177584867466958
0.5337456639130774,0.5036015997983075,0.9256347633667629,0.21103082016458996
0.20100657808422318,0.8664549901400018,0.923858910160524,0.6545504718291566
0.09140802314037533,0.6082036778694744,0.20415523438815453,0.9103816972199067
0.08509892781119321,0.8920620909876021,0.605660845342704,0.3232341942703659
0.937852341317748,0.33580912143580144,0.12323710717290848,0.15006417400077576
0.44176699398596864,0.36481583815962826,0.07974775523247613,0.6168192120255676
0.17941199491382653,0.7531169618686351,0.7668548602106218,0.31612369479483615
0.8838911950678069,0.9552598773078561,0.13276854355219692,0.3021723362118711
0.8100741018940364,0.24113551097270036,0.7902079239926941,0.981465371441003
0.3276059346757749,0.5013851730751089,0.964561371991838,0.7800852160823221
0.9182864689014724,0.5923783997576768,0.1276056012209299,0.3699735084347161
0.13656901497486285,0.13944824158456337,0.6798551626006488,0.9045969128858163
0.19409020756386142,0.8491896359357631,0.46173404887303127,0.48690489176680507
0.34097861873100066,0.4606950070001893,0.3929573990019065,0.3768308704850254
0.839315000491409,0.20387688282291072,0.09862021620948591,0.6390746405178458
0.04252142077712828,0.7949169239507092,0.14436704315635507,0.5921125193760882
0.7759204527385966,0.34689636950982927,0.2712327001366921,0.5771085358394294
0.2124488027783762,0.3388975834765976,0.9343672928645625,0.07067964293293816
0.7432114894812006,0.6934039946436898,0.5519163509940193,0.42362314739111906
0.9400739207627953,0.9525492675086454,0.41861389861047815,0.13993596621573623
0.8547334941003232,0.044615257229529304,0.9890775711749049,0.7174372027769893
0.8936012788501059,0.4715278931483592,0.3594879569948013,0.9328383175851421
0.5048688436470788,0.25538705897855696,0.8233508990449638,0.9759714981118542
0.012617806342111626,0.4674684485688805,0.07190272026041755,0.33120538953845
0.7146039855179567,0.9206941719838119,0.5480263963499368,0.460949216227862
0.30658464552418574,0.17435980171732157,0.9476968132862731,0.06593895944349815
0.19004091071057116,0.30660963021791,0.08568011115871621,0.9133491222296858
0.6204516542396102,0.14408389258802878,0.4358177215964203,0.7636592886881746
0.7352032063210443,0.6502257056712242,0.02443630244646655,0.1533974242503211
0.4149292031715971,0.05638222641746937,0.21141412796073955,0.7232237021349867
0.03814374210182625,0.8556692770813031,0.6466055282219499,0.5588923662675555
0.46845981647326274,0.12700489988446806,0.30723878645751024,0.12835308566907244
0.31661526118991445,0.4576589871837152,0.6350790139990047,0.4622420738830081
0.565230708035645,0.12768998207245297,0.3514432950579319,0.6093484466264645
0.127928306422316,0.16501364400451546,0.7784019416439801,0.9596709015744901
0.47962329780451696,0.15731338663569572,0.2901371351872297,0.4879833698750814
0.7549311027200315,0.5806227084118694,0.7731947720527157,0.3147081815930264
0.8456897906974125,0.4103037748817897,0.5023516197725121,0.21812305573957447
0.7248722125469593,0.6219171438026473,0.8658942994629761,0.2513232061988644
0.9434391656405995,0.16535079608580927,0.46686821381671506,0.30058932742954025
0.2904293227654997,0.2553653136328332,0.6792833043783512,0.7983274234818354
0.11078537028544266,0.2046290945081788,0.42206304192974486,0.033833296636719634
0.9919503335319175,0.25627214783034,0.5462427258674933,0.21440006206978302
0.35779000022626284,0.8034384358562748,0.05749151557769283,0.6336336554706354
0.1962173610968616,0.387394046869624,0.8594804767929872,0.3843834742420025
0.7688689688548397,0.4725263517849855,0.3092896097828449,0.0841822197375881
0.5492278412126158,0.4565589055746091,0.1601113366812429,0.5391378370565324
0.2203030598454837,0.6415706214479916,0.41168610761526425,0.8025773097560663
0.6639467759328951,0.9717535621663052,0.42590703634474614,0.28715248788288705
0.5499281700723117,0.5005982515185378,0.3026715771461693,0.8547765258616553
0.21071568079409397,0.8655129886249255,0.14193311833584366,0.5999621452995216
0.1793997747484506,0.5697001790413782,0.008270144986889827,0.3934573155766814
0.055554433982151874,0.7855456229621569,0.45313901086090824,0.4351268531517677
0.890085533037448,0.5743834907912228,0.2748038498345423,0.8436815881844542
0.6897155641703007,0.6903457533906187,0.41344372739951496,0.7683491857312098
0.9400037821217123,0.280661638322828,0.20188657048037129,0.5849421507879864
0.4545002403627314,0.623724564925358,0.03246828961444381,0.5035128831028838
0.4695667446454399,0.23630765635625994,0.896984599986957,0.20439243656516903
0.40556142931633155,0.8364085119032937,0.4457832763729045,0.7531638789189221
0.00017310072746412608,0.4982386657459509,0.49517824735647953,0.9619190187455001
0.039846351982745776,0.9251810150208071,0.4290153571057581,0.11283423210159926
0.6707718184402093,0.6248082644401607,0.3811077537361478,0.24965044991974628
0.12932805578070283,0.33267578870605974,0.6607006977442275,0.05512711548311555
0.493891449033786,0.15519349127170168,0.8553978060160138,0.9494999673645883
0.46854895219150205,0.15007796330141976,0.020078214281023077,0.23943954757755104
0.8713621873679839,0.05937980235686491,0.6624753546149831,0.43172636378133156
0.32575540818093185,0.5633951176133118,0.6230482269710365,0.8430244628516508
0.5234034156170968,0.19410665861154108,0.9605878306450871,0.41438689656527394
0.5971388049353613,0.5738205900034119,0.634391764678506,0.9918364557687891
0.6746045564578694,0.03154090743230409,0.7913551535039727,0.9704366706482497
0.24715616022431863,0.8002163369161938,0.5279898151873541,0.1991288694895792
0.8001221078212467,0.40905828490654195,0.2504313677674479,0.495095999285705
0.9941342340394347,0.8547722591477251,0.3267040499044148,0.9654022941528235
0.9560590742461862,0.8743370623069919,0.945614328628324,0.7472262581773781
0.8014632681118307,0.08851901919568184,0.23222588661545973,0.8744528469105753
0.4884091527340344,0.748282698702375,0.5135696732062672,0.6524241841640539
0.2746282571405616,0.9837176550607185,0.2750589143239017,0.9406974399022668
0.35380913582811735,0.8338811956977921,0.9635283437222122,0.2516349038638014
0.30092750672248125,0.5752080770348527,0.2463499105175635,0.3220865508527935
0.6836829430809007,0.7071440655553194,0.17978917432674302,0.1744718645102762
0.9881899671500313,0.3282120128488841,0.12110002985653368,0.1030823178234378
0.17252629162759126,0.027101930351582704,0.2838197945209143,0.48526237007155937
0.6203858275296747,0.6805542090664731,0.4960517865424524,0.31107847136736444
0.9520565784347412,0.2609545675781877,0.42611501152901665,0.2869981141744776
0.4495218622255843,0.6036857052167723,0.7162239390153373,0.26960255329475913
0.5291738364944526,0.7084913740758563,0.6087730203090088,0.8537403189033463
0.20425624245798146,0.03306508648768258,0.47027304078341736,0.08488555571870582
0.012999994632519773,0.5019268033364434,0.9482293064923579,0.5539174075924759
0.07642420919785686,0.9560817672209084,0.9326379282027959,0.37614421788206653
0.37152661132139775,0.012920314448268466,0.13700214464907168,0.3904652987263274
0.5736679423814175,0.7678868053950569,0.6015827744947775,0.767879554779381
0.7495800892014768,0.46727441875191755,0.5570569722923945,0.2218456402542912
0.6541299118856317,0.397683991234263,0.2311888334199833,0.9971062201470917
0.30781300169616277,0.5068931268826532,0.9303200550702707,0.46405987846065166
0.36609715530056997,0.8247403359104005,0.4194995297295727,0.7046563046679161
0.8790150327725651,0.09640022961396111,0.5883850373299189,0.8171895290092391
0.6018376791212162,0.11986137542657671,0.4431042937442855,0.6224170343284318
0.8474878541175367,0.11316004003866909,0.9667353153992971,0.8561494800835612
0.4217708030334273,0.3983830101216258,0.5530274086925031,0.21931733287600008
0.18508391705085858,0.7875654302749813,0.8235251073285984,0.9024974437359459
0.1185424548770806,0.6383714447115546,0.3573060511189521,0.20655448273621502
0.5450345136184601,0.5529546162916736,0.6640272211102811,0.454279770601146
0.6125637185814169,0.20484610438214634,0.20842772751475336,0.0966172624359003
0.3366795848306263,0.6492738324504966,0.04387163400802041,0.038559597753842656
0.2664104444815377,0.964659103674794,0.504227807689243,0.3912614828264117
0.12931990326091336,0.35371462317403957,0.8822348347838963,0.43119959565255617
0.12512905081080583,0.257259531772698,0.09630444768498259,0.1775319624894246
0.8730381694885382,0.8814107246625,0.34324068990666423,0.1509790446527145
0.7379445835073329,0.9929141820086719,0.5969525096826621,0.20263005169509019
0.44700961900313196,0.7588155083719406,0.9740752832463138,0.08801882535729211
0.7202323855144664,0.38109215933170926,0.8601873224298114,0.3972813136124419
0.6577038966255795,0.08632543703303952,0.7078407919626579,0.30253439942011773
0.8271665659738098,0.30766160193498915,0.3503127277756446,0.3946513351766078
0.7417438448858861,0.11280177525684454,0.6183765082771195,0.5441858139352014
0.20043374993377372,0.5786148122273276,0.8099623052333115,0.6659982130767199
0.9334805537086258,0.6136669462348905,0.8346462714272171,0.4534374615860215
0.4468831001348872,0.11837528336352143,0.30943709817097587,0.6667886806948182
0.17588071929175586,0.6926288557622671,0.3233487833857369,0.23089402747046406
0.19154710056025515,0.2935528169438125,0.37747088696667297,0.33448301817803516
0.09488958090664557,0.8524402844723196,0.47445709144326864,0.9998272165389852
0.7826318366306667,0.7066937804193498,0.8609423939736419,0.45918123939072963
0.9501769591178041,0.1323954052339773,0.7817568822461497,0.3135028152317534
0.3601160564034839,0.9308937457666037,0.6086508137788464,0.3984010868134653
0.22416465730130208,0.7915362668342732,0.5028167324281788,0.35273300275725217
0.15187837683398764,0.03189682138570238,0.4202900495619404,0.41137776544894455
0.9483555773307202,0.6646227902385768,0.6140114316791516,0.7741866191823038
0.6288228348390824,0.8638186517806491,0.5152943978520136,0.6152595075705413
0.7954257919491197,0.5064571541084424,0.9472203438754419,0.6422636895599345
0.8029972135061899,0.9410638998985714,0.8887553931148369,0.8755544838710583
0.8166628871816535,0.005978465837609082,0.9096523593071251,0.6037850263981258
0.25321599939479145,0.7887749063456675,0.9232317086995359,0.18885014688822166
0.07200531005845001,0.8762930843972041,0.2726123934791098,0.8843726702680282
0.636386056202233,0.02935292971127701,0.6749803619413636,0.18767267355012396
0.7566458082552943,0.3111050303625491,0.9028379961563892,0.7419218381183986
0.4029973752421905,0.3886775287712212,0.4216980477657897,0.10036005168339723
0.2725504937925384,0.1027928644526378,0.07228068865346693,0.8663157101117221
0.28074342226283155,0.7829212984483579,0.5274594831094471,0.014497893653279137
0.37142365143963707,0.6280124245296501,0.791566360013093,0.4106380884092995
0.8125945718863649,0.3992902925097389,0.5733261384935383,0.22982227079558237
0.3203154405078362,0.1259153553489467,0.45306680926729803,0.17547799223837768
0.013731845887745786,0.012396143777730462,0.9298604584004788,0.9501672340968546
0.40518978197914324,0.8578161558597156,0.5497085066048732,0.46654676384706895
0.26661634816954816,0.6842316602522183,0.3554684140051555,0.34582757118411966
0.8158211763700134,0.8951555658907642,0.5533505916452369,0.11086678598145694
0.32389450811177645,0.972132652609444,0.00758003374950178,0.4372317873505026
0.03891186523539625,0.9614616087453155,0.9011667844795721,0.6622865587732857
0.7848727562584161,0.6624075168663662,0.4090458115019594,0.8372388644376678
0.9037516940925194,0.3460917799287785,0.08862454428909439,0.8289185887291564
0.5193470589661667,0.1720906095833501,0.5051238661360621,0.6193897143993863
0.7600970406278009,0.5854251626979269,0.08324233666150405,0.384579359012182
0.7919371173830977,0.26120125749346046,0.026294421066765827,0.31000033106731595
0.7960447111305814,0.4880280391412164,0.12456515206824159,0.19985475401143982
0.28373566325015964,0.9442238112795379,0.7827595047513435,0.6937044233877845
0.4778791962720548,0.8649482652411546,0.16008679367419598,0.2169892753490884
0.5372676877504806,0.9195908630862846,0.0124005092855064,0.5764012452708425
0.42086862200018893,0.65463130856141,0.9686400837453203,0.9825087800889054
0.32166484335432843,0.1406438150885575,0.0035560625927486544,0.7435246084419773
0.5341920816686617,0.25755058323554014,0.9142890695126541,0.35881267957078933
0.08028426514685516,0.4834870490013943,0.4478326852174481,0.8226542997913585
0.7133225812846316,0.4215863142269971,0.18971059927712208,0.11399968975639196
0.9285436782943077,0.438212997086595,0.2729461782705046,0.7785303696679462
0.8940853942630671,0.3952107682015159,0.6949854794299404,0.525039124434308
0.6635679165281063,0.9483808015426715,0.47871447968303915,0.7196747333616985
0.12512323798457814,0.4166203846876211,0.9389243007646333,0.4691928269486326
0.5803951915395917,0.21875780226343333,0.19755801542382856,0.766368965096721
0.35472125115842346,0.9166895941901495,0.16646560435654567,0.46166061010384574
0.8523406228700628,0.5605156898629283,0.30201726032694554,0.15404248574662205
0.3937644137119246,0.38594280299006267,0.2631939592831867,0.27554489042332064
0.07837052050256588,0.5155285127696457,0.7482486680696525,0.9434363879188541
0.01272241342300251,0.6108934077441909,0.16686904653565526,0.3802919502986143
0.8995499200582273,0.16516185070663802,0.9893162976952679,0.16249923623462714
0.9233464207488579,0.8907646661932225,0.5661312445875535,0.01517555667033088
0.6553606264588198,0.7387617219624631,0.5824317489969214,0.4835816028649562
0.8924811661098375,0.4068268977001819,0.9325852302855235,0.2331944567738643
0.6586773625427276,0.9936553319984798,0.6079576970852957,0.875311825555256
0.6357463191352777,0.2760455400513311,0.9708624144898704,0.040597444766503954
0.07869500523252781,0.9478210051378677,0.9364222216006628,0.009448585046898383
0.5465280003595151,0.4496552652701806,0.6042121340808752,0.059029215585200245
0.9284907575416127,0.3137137380521249,0.2424953308592671,0.17336201986128197
0.892866408959306,0.05918858918784786,0.9848824533007304,0.873079932608001
0.09877178950169574,0.36816118333112147,0.2505507798928689,0.05100809754414004
0.8862623087863873,0.6112583707177683,0.36834569486783886,0.35693466576804045
0.7127944930860777,0.49027974387327,0.802423675157744,0.6558827390021319
0.09595583748703307,0.14924433584719965,0.6734939733228248,0.5612209358894121
0.6649425320397415,0.37835019085631383,0.40907699731590963,0.45473217708826064
0.32603344750719065,0.07554665145158168,0.15350779078454924,0.7059628286692461
0.6202950343724495,0.4426453000604208,0.9142471177028435,0.6778669316910687
0.39565288470032545,0.013063728208207115,0.7545736695784535,0.07981074035850788
0.22532125422296945,0.3996921667945619,0.5684638549718019,0.7994540031659415
0.29756928986374953,0.03202957456953015,0.3702002850403241,0.7875032014271937
0.9853895442385561,0.12640535414446652,0.1972388398676307,0.16439085345435756
0.1758305551409557,0.34757422960940465,0.7745956161160609,0.8424790651187571
0.48950789424219165,0.6678585301059068,0.0019200382621928913,0.02743048728514763
0.4540375797010554,0.5047491423589514,0.508974433766565,0.7165024650429027
0.3636086456169574,0.7551028862530587,0.8689567244160911,0.03055645643983851
0.09125943051519014,0.696673780042978,0.14900013719904015,0.28381840156412164
0.6128954913482084,0.8437562297849407,0.12258195853343057,0.5339817534644672
0.9024612758989108,0.634341005765141,0.05883199906262626,0.6453832323572619
0.7786097866771142,0.8422697606799318,0.6198900837578001,0.4124640903078015
0.18533706608605116,0.6492283796756383,0.2983732151294999,0.9474525098414719
0.3803547559879322,0.15170003976340474,0.033402499822523524,0.8546164087891936
0.25661668915911195,0.7351236053045999,0.5606908320645023,0.9485980370155224
0.6800051517508194,0.407476873948317,0.9090500654430327,0.31351875279885866
0.9415692996848338,0.396561091967637,0.39180213983304135,0.9138185515055071
0.05768577828811827,0.7437860762900702,0.046550737056231584,0.5820683846443313
0.21799498806862794,0.1516098602868302,0.019772234231308472,0.3445062029450551
0.1945387651127123,0.19643975534286684,0.32540583602791273,0.6893911319124769
0.3158492203609605,0.892576799784691,0.9468658004060737,0.5194901120491682
0.07433421230060044,0.3330444459570776,0.6117207172413336,0.5174231952792597
0.6663828925496909,0.29495156415894963,0.050050213123195686,0.6810926901234695
0.7668469813718455,0.08319632105773034,0.46730269905869004,0.47203467135987887
0.7319494132332229,0.632401775881537,0.5762299845681692,0.5068673874380243
0.2950379260359043,0.13739192732539607,0.3460539402083559,0.324064463129204
0.6195574239493157,0.8904025283857104,0.049175534937563214,0.4784043393139339
0.42602861451672447,0.6055037270356043,0.28190931665457775,0.4343262890925118
0.05649900225785365,0.5188725887850437,0.16095218159059066,0.2803042814594131
0.7743006864835191,0.3330726848898937,0.11411631261759358,0.1429552623001541
0.2490761937077154,0.6178527680040017,0.9915873515551574,0.08844142355433338
0.7156834806067,0.3847773604454472,0.5519583164965196,0.01174562580613936
0.06675368014546801,0.0777316067404964,0.33386755934016776,0.1990279421114869
0.9733458229914767,0.05353884388815755,0.16716199006028531,0.8195789708127845
0.9694048143392517,0.9145508324458326,0.1627872339303239,0.6531169135799563
0.7916035751726657,0.49772796799809926,0.11990172939720767,0.14622743721086273
0.26605599310360606,0.23204325197741638,0.9768966608794791,0.7456749593564842
0.583675471158688,0.009735108377342372,0.33484118148669373,0.1072921580585583
0.014693653584791244,0.8104982934172459,0.10233201602483155,0.5648215054478255
0.7330396158798493,0.28601714108378873,0.033411528613217834,0.5968434133396178
0.9660656448408954,0.3213969410064015,0.32362978231638084,0.24310674668793453
0.16309483931636093,0.15351331945999147,0.9632245910095194,0.6647529573358079
0.009864441596373896,0.6495188253428371,0.2913557719384062,0.355823569821739
0.08482509637089763,0.9857427223522374,0.8044118772480359,0.8317949578145558
0.771824247724621,0.3216824477801814,0.7286499350128759,0.8729482383803535
0.20874846529901503,0.30382837490764236,0.8416284437528317,0.15876945006163867
0.7862521173517348,0.04059598908786133,0.9741046394732518,0.03571642392738916
0.7702811646560592,0.4848455044417854,0.24811520840766654,0.9460666880322252
0.7489473691562507,0.7958291791270904,0.07510404097785062,0.7777999760573044
0.12064791823929444,0.3345297019444382,0.1601715872857833,0.03261240871756488
0.010167051998025367,0.20121534668097385,0.7228356727408978,0.8384251092637038
0.2876043237784701,0.10880713743519932,0.7479262474496926,0.22031923526213704
0.5889225717175117,0.39750521248310167,0.44345025420661033,0.505406983018417
0.767007135913849,0.9225712994787025,0.5994933856902801,0.37552733993050735
0.12385567016502697,0.7180744943047938,0.9535066642275778,0.698260844882322
0.670287057396656,0.08843513966898398,0.7985008135740337,0.03958867534451527
0.37786829327094573,0.7330895940920451,0.2692140435397241,0.9686189884793944
0.1696620305673343,0.2650841908407948,0.29834834518647546,0.6503339309679391
0.826609226146309,0.29206853249696585,0.12854492410230667,0.7346752294935271
0.5271520035339267,0.11111623730769138,0.29338518749338316,0.04774805341119581
0.07231147377062375,0.07786946153833052,0.3852270467803739,0.5824813884372398
0.6041949931828637,0.5799250211989527,0.44669272203509847,0.9148109632574897
0.1605772829860802,0.5053427729489955,0.04152687674750277,0.562893537676799
0.998427440239874,0.7789980862786654,0.6191967657403059,0.030399043238984125
0.2254040585417848,0.1739677779529103,0.5897719841684591,0.6794217261362248
0.5465495670772832,0.6041942072689185,0.6275619787339746,0.4269571342980174
0.6178840121984623,0.7134420688645908,0.824543967533538,0.5799824710736701
0.018392432360078148,0.0854624487203276,0.01924300823384284,0.8038539917749451
0.9728676615029213,0.8460864725266606,0.8020170672454868,0.9976613490465338
0.872649573507224,0.9818119271473307,0.41052260280587427,0.7032009662344341
0.26285824603064156,0.4674690516378788,0.022436196039496537,0.8647820105713317
0.9494336126150323,0.20864206532307839,0.6648894595246022,0.7629087727893114
0.3199507530467951,0.8884806738948557,0.2501868776723044,0.2155480169913051
0.2804338236387972,0.36211652868291444,0.24117519676832255,0.31068748826337744
0.09409593653065806,0.17469803419230256,0.22348384876051686,0.38914743423606657
0.46250641350773125,0.2129571441194169,0.07618323555274809,0.8098921461110122
0.06434165942942416,0.28677008758620637,0.7456318514444839,0.44992184175230443
0.7450832100412048,0.07155241387675548,0.4359383018745875,0.4943395846002542
0.051977597845086376,0.0158486498832332,0.675537104267431,0.7448660650006872
0.25963529729581425,0.1922924762472341,0.5965056801477504,0.08698647616804844
0.43126383179142935,0.25404285677989813,0.38230342835725606,0.7622647347660173
0.3376561979200131,0.34193348083732056,0.10150597673336281,0.679669352805768
0.6638075179152951,0.8308544675746238,0.42609959217713667,0.6761709459639209
0.39165215179075297,0.9183209042033286,0.518893998757121,0.5099466681002459
0.9850388085257962,0.5064702802561146,0.5809272316107219,0.5166192549023328
0.5286392818542293,0.06217729620025647,0.36245566324720124,0.6495152899922549
0.33910238465677855,0.20592949206332045,0.5783367074057953,0.9797439052786822
0.9350831476572976,0.3816861935469159,0.6858050477849574,0.47224882006491997
0.7584399930229683,0.08301759656620855,0.7797022241606071,0.8531551859180824
0.961498298589339,0.019949221776471626,0.7817373236155368,0.4849291348085726
0.04471430798388876,0.4751265876805104,0.42303403477989443,0.7027410995052185
0.06202840146756872,0.15516404757177038,0.5757100457882566,0.1488840510387629
0.13306110162839735,0.4620438554486186,0.7204248271209706,0.5853511036180262
0.8579436785982353,0.09034014716264493,0.323065209523262,0.8407110091198767
0.02601349973313294,0.010296119767483236,0.7686749335678432,0.9337898605058262
0.7024948679390675,0.8606722906901402,0.25963491320418863,0.5062135196658742
0.32828654185577366,0.07172242430054199,0.352335857352132,0.9158035920763284
0.08963801717960684,0.2174259639452384,0.06665624128032199,0.2902814177308197
0.7321468589475406,0.2346309303412587,0.12560684928050225,0.8766487037101072
0.6509558537284035,0.7641400053340289,0.17795246685001453,0.98865825682231
0.9018527765616547,0.9720667771254495,0.7941827738792869,0.4680348980547945
0.3100688767689638,0.8496438521438362,0.41165805398138966,0.2430404715583382
0.3030885118161597,0.6222971920873979,0.647442543209743,0.8984245268564653
0.4984646413490881,0.39122177268538205,0.10969788929167357,0.40619816911567896
0.8399187410458462,0.502956071784469,0.8423762306618563,0.5156049268529056
0.9121051332542094,0.9035748153795634,0.06270798331404337,0.7315707660082656
0.7438738397174608,0.4656962801462048,0.621869865907028,0.038526626679886045
0.8852665608470613,0.7300189622789629,0.724044756823426,0.03776250349623511
0.8370809430589498,0.6769253790190817,0.7866232095339637,0.9646827825068907
0.7200882585647366,0.048675706611283065,0.5132447306944022,0.25206049289026167
0.4623119437417934,0.8303724677424072,0.8306126839315008,0.5353086199611988
0.6268092412936911,0.45526444299839874,0.4683142288436152,0.29921088018831277
0.9249600146549902,0.8704250140699201,0.21431657258630576,0.5867825923701478
0.09486941869236942,0.6366814968324995,0.6792390669901499,0.5228142431320187
0.959593811764514,0.270059347534518,0.9853472910482451,0.5476087841364471
0.5194790879937982,0.03449968960102745,0.7694011846418018,0.5051679742506051
0.7664038995707756,0.2805616294294072,0.2693783093309573,0.8474378915869836
0.9917261428660754,0.9679690948688039,0.3971689979320858,0.5764306207026537
0.17683419378406207,0.2535172209929255,0.6213349543991039,0.7837098207814296
0.6737590130472636,0.5993102898018815,0.5958107306258785,0.38894736277737096
0.6864924609841653,0.9519366101872871,0.7768100529827062,0.1614783340204522
0.5251977252593676,0.3355692646091055,0.8978921693184617,0.13822395236541685
0.6568895063704792,0.7862603562524648,0.28174015233068794,0.02755939873107549
0.2397178429157557,0.3016147778457612,0.8488409086961377,0.8872815270788172
0.5668275280113366,0.6537584501073705,0.6362926757243876,0.18310935024295527
0.3536825417123223,0.8738021884353612,0.8994115712251347,0.9750710613716252
0.8814075142856596,0.014649405864394671,0.6809337803950609,0.7241110804078194
0.9539785864431868,0.4508673346792539,0.2752945390291428,0.5943223810481328
0.0021330040049333254,0.2145808691020532,0.4709724209355355,0.7529538924682575
0.9909851548932969,0.26973506968512606,0.1455829263765981,0.7440864434666908
0.10001518213922078,0.7725160357711812,0.799263580644396,0.4085224811004361
0.021801374541007945,0.8159793018637445,0.20039576388973235,0.17249770548225318
0.5470633465745007,0.7031845606171835,0.6398541301856598,0.7924259960638372
0.6080598932767113,0.362446267026057,0.41552878764115175,0.5481047136842359
0.6185988237707424,0.1493428432925088,0.8355951603385942,0.5250770148894142
0.7884548768267517,0.3764836605138463,0.06622929595835803,0.3901815254778066
0.3867908446461147,0.7499416205990732,0.06106158945114881,0.6216006436246813
0.34961150260985274,0.1825132196507676,0.7724539541508914,0.49307203184288695
0.22183185064409794,0.9721903064958969,0.4233058185846773,0.22187748844221966
0.9011607787654777,0.07320022517244196,0.9821418504055465,0.34021503295049593
0.5557911276138905,0.8415565787722475,0.7568086206667946,0.410327993456159
0.21492440908989063,0.3910561199171714,0.6100649712411003,0.933550162767317
0.29406584259470825,0.7576317266821389,0.325378399756983,0.9811737873032909
0.012051201198197359,0.43885395249044046,0.6925561372122294,0.0929181489698242
0.5102581005511622,0.4195082954197874,0.2262061882728047,0.683466372516179
0.2995900350516342,0.30290833100931125,0.18872787882492315,0.9782894313707768
0.16034307556036032,0.11783662291091468,0.500536799116144,0.8083243797401971
0.6818954967126029,0.41088316924423485,0.7542835695611306,0.610596142024775
0.8530096857057797,0.12051210942655144,0.49169633818593617,0.24206980632291242
0.440099740850021,0.501168143775673,0.9382194879059114,0.04320623908600352
0.4805084327971213,0.13020621534460863,0.9285516318913695,0.17209686150924275
0.671604103792764,0.44458647855414957,0.8566398305393701,0.8008498948883486
0.3499711957224658,0.7414001717735146,0.6793658496972063,0.47905980855206676
0.9783082575082119,0.43889826116047626,0.06463447776985332,0.5099058103064056
0.3624177527670014,0.3950806530158393,0.36191538873648776,0.2021969918139357
0.8869945874269917,0.9139745813203772,0.34623404944861436,0.26553701423986487
0.5399730826900637,0.021868346956812168,0.9375746173840226,0.1858453251835236
0.4349235830040169,0.8975599545907265,0.10615331472616574,0.34362713374279175
0.8902299731778913,0.2572544800814476,0.9806083983292547,0.8459746507725167
0.5933027715084228,0.3106210312767732,0.3007470662353795,0.25775737749368377
0.309278052520919,0.14039069986784913,0.5441115826483528,0.382476044413286
0.5725894498484152,0.13516292086117,0.9590819484232681,0.4053060550963532
0.8158053083254989,0.9271148426614414,0.9856211736385604,0.03139546151616279
0.9999494021101463,0.6731402874363765,0.4492645240280624,0.6256362524088488
7.088660995946405e-05,0.2945194243030268,0.1311812974748171,0.8630732008513553
0.8427752297854043,0.17691915942723657,0.9744239250184549,0.21143943266552945
0.41269262730138034,0.1189536441216471,0.012185835418317081,0.10232503528444536
0.7727067348491667,0.6518238952270572,0.08717500675097589,0.6559220237897996
0.2155871237333623,0.7184394497523028,0.47483717721116026,0.04603928286624259
0.22925390573994275,0.6313035439293838,0.5504982213619439,0.3623884235803304
0.13726763659800256,0.02947980442692877,0.9190111046925439,0.3246035847576706
0.2111479600140117,0.851975371610768,0.6648974025933588,0.3289785517030068
0.8678699465973098,0.9026016144459799,0.7687614957856247,0.8507195516012804
0.3660166030783746,0.05873511766831352,0.880181215115449,0.7402207587411764
0.5975998430302898,0.3160404639608745,0.4144195444140488,0.935385815334219
0.38883297645970916,0.26684020707442746,0.4923301674680798,0.12175348817667575
0.4630929962060971,0.8884802445954099,0.4072232581379388,0.6572785034753871
0.18510210430727336,0.891159313546171,0.6109145402868368,0.6373238347670032
0.39489282701336104,0.5100857627195576,0.6288920454235841,0.1617419130395611
0.5864824027129819,0.5717712902049976,0.24098240454395692,0.8934522572585967
0.5240934243981691,0.01898660925393869,0.8177274822598194,0.30696990955601433
0.5141856981362002,0.19151013960718655,0.8910957778700962,0.15583358392284685
0.18523172363875262,0.01027991847091192,0.6704875054212741,0.2939194647036536
0.1159152562190886,0.5791425330562188,0.02184611489678434,0.7918363697305363
0.455458056824955,0.32760142336680587,0.8860791500026087,0.007378633905428145
0.7683388192832356,0.9161143653464988,0.4651198755892313,0.1810463968244338
0.03845146104443442,0.9258787288146689,0.8847159879009769,0.920732599504874
0.8122633546916672,0.6409572753556069,0.8309550920997777,0.7593436769577739
0.7299588373400385,0.8381778481917906,0.879257425755991,0.032478882671150844
0.5833644047988326,0.28304614457999544,0.24399750721404168,0.3014260940816825
0.40319262421648283,0.5891755497672542,0.054435607172970024,0.8685550402337798
0.23275962894265345,0.04181350126368544,0.8266954130227013,0.906499989098049
0.8755472300729905,0.8517678421968272,0.4795381096633555,0.15308107767786394
0.8419737926764853,0.0060908222199579365,0.34815632350026327,0.6021558320801524
0.37823483976761774,0.7408807456622766,0.03598869316416686,0.22735689050706898
0.33225635396192477,0.5098528975762203,0.18802003725610117,0.9203929190084285
0.683873306424953,0.25554463281650974,0.10669222205868978,0.3179804837114869
0.14164706399283988,0.8891601043477,0.1741583634884868,0.058849261879050485
0.24418118759572738,0.4676349585033681,0.8452807703426931,0.8075901610458514
0.05111537606459149,0.17741420154402898,0.30787670369490316,0.9906686607571505
0.07523427053190745,0.8242712484043494,0.2481217577850784,0.6292433280596698
0.02646196254722888,0.24576150512022765,0.44172464086596486,0.10969510669513438
0.5607275309569958,0.9969522683087239,0.08988738088085557,0.05647683667747572
0.497105337262032,0.04840221104087372,0.11053538328751211,0.37932805317262086
0.4759148964211908,0.5653100599795562,0.7417664572075935,0.46232418227435235
0.8553171848922508,0.7119805310249985,0.3471419701415306,0.7441785526095094
0.6544540738042198,0.3724351453572954,0.5635811144564934,0.4990890264110903
0.11974834158250625,0.6077117444900034,0.1658119765519247,0.18776687387445135
0.3581868684790519,0.7038895716322116,0.16988196646757492,0.8231398348559397
0.25451518473020296,0.5803927059449792,0.34575428894753846,0.405277761580907
0.5274817136118379,0.2896178828225838,0.788476590855715,0.46754087506435393
0.8914209128462813,0.06997839364853398,0.7699054372258047,0.8213501894297375
0.46304439454106083,0.135821706673932,0.7383890552784091,0.3572102533350896
0.7669789187555744,0.2474230762400369,0.2014114179762645,0.4914855538400139
0.4777696613500111,0.87355831643642,0.3150294062538477,0.2852052802705667
0.24560174937642265,0.7189137187697723,0.7572883846315139,0.017223026943012143
0.05512810173793936,0.9177562773829976,0.8445986132681262,0.6895845671969163
0.4781262137304816,0.9588038682132767,0.5723597841191795,0.9043187558121112
0.3546013772814872,0.8610289324522852,0.4304236005634393,0.7897165784146649
0.8637625956891546,0.956064536158273,0.8324323451657217,0.698430191174668
0.9549186314461476,0.24631133834926477,0.18183147165477043,0.48528119503322265
0.317750536930994,0.14734566660452497,0.05354122682287821,0.7682852981847362
0.9120026197689093,0.8295470505810322,0.5697344385082345,0.950813268322037
0.8081510486181744,0.15304838850523417,0.41438544635097807,0.29051799066842243
0.6526721386846556,0.748288001857022,0.5865045792321939,0.20993614821365258
0.013249102167500859,0.05903140637008142,0.8775207398367204,0.6501535145009117
0.3522800396084501,0.17931984957001512,0.5100834325973522,0.1067300455414587
0.3216359252977391,0.1445830060590435,0.12194864774114444,0.4518351388174511
0.15618565747784363,0.3605266548322261,0.630337095625906,0.7492519164793457
0.9137822791548045,0.18876604983969847,0.8550629608102854,0.9991842514161212
0.7281329488582328,0.6867051177085763,0.5073436357956405,0.43037291027086966
0.5156182663243178,0.9729539659062306,0.7279133256784541,0.5270109498783062
0.025749265145046718,0.2722160661832793,0.008856056492324793,0.006907000752103709
0.7232598476715958,0.25876548404520483,0.6370700066062283,0.5908243351959812
0.4511708151628513,0.37175742107250764,0.8275312988032933,0.1953449639173599
0.5535418186419351,0.7833570947421594,0.35274437029435324,0.8049185343462564
0.7208541065052084,0.899019549085456,0.3863366148735379,0.744563564890606
0.3410130828977632,0.35181967490517874,0.205067276207882,0.6905550742346116
3.219066037341012e-05,0.7562351540870474,0.27149813253124,0.8435798526568907
0.7504393579945351,0.5145350646846554,0.3030711104205073,0.7049773166741192
0.2776851271492794,0.6544743012167344,0.43306379518096483,0.9092160682076385
0.725696177172733,0.5389230679058286,0.28925990879155417,0.04656092307292625
0.09800536185344433,0.7081779654947801,0.44699546774166743,0.5623665989389584
0.6069315703055325,0.18193790075000704,0.41044571474525804,0.7709066878875847
0.24496686597071993,0.7486627088561976,0.23797888293314318,0.15227808430527034
0.030423271994325263,0.39771039963724475,0.44976021530647337,0.6718511466413657
0.14626133665137353,0.3903730926345079,0.5468248584380396,0.4054711453085754
0.772329796780155,0.26591070166563446,0.9450285584215159,0.7114729631565143
0.1811017538679771,0.4575066158591179,0.9111941134654509,0.9228735752608728
0.7777117901071146,0.5608657060121863,0.565281446924042,0.10122294146425448
0.03756559453672559,0.15344628271745897,0.03727022357450005,0.1057070079174478
0.4179432392037006,0.08383469595393833,0.6623024108442055,0.525081162145194
0.24097086745426666,0.8873666021071355,0.7860366042759077,0.14180399600869742
0.5002094787152396,0.19752803480067305,0.1951143745027063,0.12785832178317014
0.08964328388907106,0.6596626305421092,0.3178167178065858,0.31228121960117317
0.6061921897739121,0.8038635193336655,0.05971136094331109,0.7407905560439328
0.9626134884823379,0.30552643384034317,0.3178964689508904,0.7839259283831468
0.476671737816861,0.6175003648158964,0.263088337054022,0.9686412672240782
0.1250735608679251,0.21922433631990923,0.26155679633952256,0.27711013133757223
0.7245432581026665,0.4797838341573908,0.3481430118060096,0.68955894385281
0.6424998412601485,0.47932197817285793,0.6273653749448567,0.6182735935547293
0.2071561061718008,0.49999730512928353,0.44822115635970294,0.17568947932542822
0.36236809897113087,0.8045385663750113,0.5246728008953725,0.9560014614838905
0.6658366425666447,0.10324590057262883,0.7474305024401123,0.8990415392104173
0.5236167653463355,0.18565318613735893,0.6703425234749221,0.4562617759545977
0.8675945859317226,0.3891204786034004,0.4896224754431464,0.604365572971043
0.7852802365720687,0.5524891767012196,0.4620105741670212,0.790899410004785
0.9172241173226089,0.5304541595113238,0.6672591803701383,0.38533836677693734
0.1259397908777723,0.5249396157567409,0.6011501425992026,0.5695142150193965
0.31955766128483387,0.7667612697681289,0.5743219995982254,0.7218001881579619
0.869988285290814,0.9346423079200374,0.9928224451161717,0.7779026763497026
0.46231107455822273,0.7364484545903471,0.7350013561336693,0.45495104675667497
0.16992377344301368,0.011168903506798111,0.16062068606437552,0.4884598979628667
0.9147422872034887,0.7563684194699342,0.8170846325831503,0.04609841028968131
0.22726224516216031,0.47309544485112387,0.9781513760369784,0.2569483597654325
0.7237703058826461,0.5922192056849477,0.1387952237411214,0.3854353424430449
0.059394016396159044,0.7170454805547835,0.3616173585554906,0.8788995192641168
0.0023145536123072574,0.146960509211582,0.8588301916771965,0.8887038473946164
0.7721844813880573,0.0895604707172144,0.7776420104047762,0.8173743008978389
0.3898589033544141,0.3488533981444297,0.9694465942457261,0.22651299457869578
0.17836881399175897,0.6448198431606558,0.45764437766861665,0.9646343102401562
0.2010056543455676,0.3557345710451896,0.14749246382710068,0.20827205025831608
0.6477782772881414,0.395324471751906,0.4196367366658257,0.761685557191729
0.5933559931529752,0.10527425497156839,0.9255449226146228,0.403458788103351
0.7781628994632392,0.3970940920738333,0.8747361766948233,0.42034639612000435
0.5616574269380608,0.23450100448566857,0.7688054701347516,0.6803570201106982
0.10106060771619096,0.8366402614454526,0.5216942041148583,0.20318443427112187
0.9485968389568395,0.25664971018350335,0.06897543640678738,0.14173567873234327
0.35108348339382767,0.6674527936581768,0.5115226401517983,0.889639916266976
0.09736122763030053,0.5267662319678089,0.7119007865785274,0.50972227185687
0.1576466909343992,0.6292176135973008,0.8466507523625936,0.16688529813601738
0.353033553617484,0.6246926785594377,0.4021821989487153,0.04532949998583902
0.15764868144238509,0.7017383110705764,0.43269488844002224,0.7649087431483576
0.48346076203313293,0.9602165567190312,0.3305870204590543,0.8597212057441971
0.3101966237113658,0.20776131654851637,0.32723865383818995,0.8239149104610511
0.970082320705044,0.8758110177003785,0.7275034234455704,0.7098469189987107
0.18137930517378498,0.9657044182377299,0.5105190030965637,0.25527684845218845
0.6038481377048753,0.46046095439241197,0.12682733638623644,0.5661611337858818
0.07334713312279484,0.18646830482214238,0.9211450767868373,0.7056860215714614
0.9202336010495843,0.042111504254412346,0.9142317658179875,0.728161390217485
0.9443611247095163,0.16984716735994554,0.7432796451381528,0.20262054656905437
0.0267396037749994,0.2044148521738336,0.8748664588646612,0.5884298082499033
0.994917608923342,0.16037293220699977,0.043117165840813376,0.2713992171856354
0.207620470157448,0.05275303878082904,0.5667241792714067,0.40322488249603217
0.0989023027170699,0.821612811029162,0.09944265597843249,0.4063753304899095
0.8088301671725852,0.5640668591821602,0.17876249928394372,0.8691376653250652
0.8339815712892797,0.8880790558976354,0.22361891960177527,0.5632312370672123
0.536551822552723,0.3147861859817608,0.43328115995923,0.5786951303804589
0.9481668071338362,0.9700381549907221,0.8497408495306755,0.26828300996161936
0.8645776685685532,0.7595238874561977,0.996453388748807,0.1718970752894745
0.7868902790900248,0.6021573436408696,0.5429724162149917,0.5428368576488253
0.23549219753201056,0.9837632335184302,0.07125322629965414,0.41453779242503364
0.7236061002546355,0.350077947916715,0.20843290198779652,0.9150781351718879
0.6798475337404886,0.5139995735251787,0.5245826797843369,0.3131704347020603
0.4663780033771211,0.8747078275114678,0.04001663779444664,0.13742909960014726
0.8425483022732876,0.5091235898084335,0.4138282930658669,0.2352658140345042
0.3200388117147154,0.6549048956636084,0.04001186406699164,0.13665843790768406
0.712031562938601,0.7681321449483713,0.0819527468692618,0.893829627568133
0.37779420912684447,0.8014689805490428,0.18157009343261,0.5754990996393282
0.5879727597463217,0.9302785039647675,0.042185296931430805,0.2947871768824871
0.0002234178891719063,0.4011590632201367,0.640196739148963,0.436440010767853
0.05928493430290804,0.23025441095389398,0.7614910020908596,0.6377476009622195
0.9269562180909267,0.3607942565273494,0.13528049791795227,0.2749999894381664
0.043011152736526004,0.7975977503396938,0.1532112259963584,0.03830972539042499
0.5943879535874615,0.2065546048502751,0.4152386367129305,0.510133244114842
0.674897871041562,0.20782580529177042,0.30585417381806923,0.7424086276417432
0.43289632414471035,0.65508016614373,0.22804983407340673,0.6849108082523306
0.004840891757683097,0.60088463948295,0.22699500827077768,0.7916480577904046
0.9361906901296234,0.058579541073508046,0.3179152945232676,0.7919041172331454
0.7830787553311127,0.4088113190968953,0.3460754210425019,0.8278883453172761
0.17051796021109233,0.8506009210701813,0.17391405721905806,0.5630303490027251
0.5118289857521574,0.22270105566197507,0.30730020662427526,0.047268860993054274
0.31557550149090463,0.08996456370450545,0.2875993760393507,0.5067307449032624
0.2762120511301899,0.1779783433399219,0.8356316497285812,0.9038286254713893
0.22045431369449708,0.6117452574012713,0.39973458989993504,0.6926329075932351
0.4955860554898863,0.5190511013318108,0.23506782566096351,0.7824759645992566
0.5718937912823076,0.6480631332109231,0.9816924904839722,0.9893940077578021
0.6792337862941012,0.6775545467386286,0.8362204958236632,0.868827135241321
0.7242350155137524,0.8122684500578385,0.59773408916065,0.3918981335298748
0.02169358392442644,0.10984777609355667,0.5822797204436634,0.2421604430208638
0.1976917362888776,0.9488314030059134,0.7906436394364489,0.7616729911345527
0.46590877649265194,0.6942389496476414,0.688412254872748,0.4896762993752989
0.13889596456641307,0.8741580464106147,0.3083665398147485,0.7581853276047551
0.32382356965472525,0.2728252624988884,0.4007971921612633,0.40617281972930797
0.004790217192221502,0.5142385880846363,0.2950935363477478,0.09331792181152632
0.6478310947078866,0.7470588605467544,0.88895937682929,0.418460783481448
0.8076439296027956,0.18239299133254971,0.187873939994322,0.8593603626256081
0.3040562637401848,0.03628087224303567,0.45158034641906997,0.7260090652345407
0.20503079739604935,0.5816605776434437,0.6614288834156239,0.5360436410665133
0.4544914813098414,0.44519382846011213,0.4404471038608587,0.9354962224344221
0.2986323664238112,0.7464046961477472,0.16032534321871705,0.1873398326114717
0.612569504342327,0.15366323972337403,0.6049409483348821,0.5893263425609246
0.1386330139306372,0.507996146067671,0.4678193687892671,0.9083967503008057
0.22961281024096625,0.0832898876697944,0.9397746427742673,0.29849318162656857
0.41088499512021215,0.269368741053154,0.8374447132705642,0.44700233767868136
0.04564744762437378,0.062466986813593306,0.7584385074587097,0.6977455177041433
0.0009876136347410913,0.60031075739982,0.640236364748389,0.34251583936736685
0.06322171104292262,0.46209982174468334,0.7639222968516417,0.48322912969954
0.36109727701462246,0.33694628879493616,0.23728404959105176,0.8830031663925869
0.8848552570625372,0.8120560109617724,0.3433578837403458,0.1745456276577836
0.4796369355348935,0.3199440625094565,0.15577994663813288,0.9149542236875992
0.7624146085024023,0.9640390616553133,0.04256157658210369,0.7865353886723914
0.8258270021289835,0.9771565309212382,0.7765128457165467,0.19779163097421404
0.36714292687064565,0.10498447971504221,0.38225797792309435,0.3601585279727295
0.14488413760780527,0.5819127988271481,0.9572886699378945,0.7283999387239765
0.9710980195242234,0.6463020831498741,0.2540038896011154,0.5866136595751126
0.15746460825148945,0.8188239974207426,0.5350521281071845,0.1654636574947873
0.9501699564415595,0.6328478417854366,0.6321204010375303,0.5453325357450522
0.9313972755908249,0.5699293479852513,0.33832528773846626,0.7556518730297315
0.7793065518220735,0.7153091956442568,0.8830832335856702,0.5868089285432148
0.19291588897743495,0.5538472068636341,0.26213102397950616,0.9950197075277715
0.818850427149736,0.3680004611926866,0.2620169687608921,0.3352816950025247
0.46835555647139393,0.26726592146657413,0.6048023809781612,0.9155116360703704
0.23269985429618711,0.8596865068505838,0.44638509936368553,0.4952227491852714
0.6399053708929443,0.51098362908637,0.517227813290025,0.8808374545915124
0.18833129398023074,0.9053708923894294,0.49167774030474465,0.48843894561777756
0.3367770548578838,0.13234610128647017,0.8070930943226202,0.6760674664775049
0.5824459626301642,0.6315819282257013,0.011543517718997753,0.06313675138843111
0.5712738210102215,0.20563452854493036,0.8280677520504198,0.0970628752287872
0.40477523201478083,0.5512754645337888,0.4484720812088264,0.5813342770262563
0.2189362647754326,0.9955340522902572,0.3664341838238373,0.1146023933460526
0.3423874866548725,0.37682350672110143,0.2487716987238443,0.2565976509152037
0.34504762387492416,0.9941507391250591,0.19071609472723916,0.7440195293745179
0.7631394892293352,0.25285645767417086,0.21675591162658958,0.22086210447395638
0.09637786744941979,0.6601308647191242,0.2670737128092292,0.6431072430745234
0.9592188312630905,0.4407263798493606,0.7057857563310493,0.22455247154005675
0.6587370960853097,0.39924186274835727,0.1951409641659525,0.11755429658165417
0.9264445067385354,0.6789195975047164,0.7276035113795052,0.0772365527592428
0.3728279487470303,0.5932341311379397,0.18963012862047657,0.22071286408568114
0.01050557208821079,0.12447594747623347,0.8324878034509418,0.15952813920817055
0.854405724130788,0.2199130952758338,0.9044672943887312,0.05325871964330431
0.6835704152324529,0.521988783853481,0.2629058846031951,0.2755051977329265
0.5858849102589991,0.8002878061735058,0.36984978404987,0.5306800192283416
0.19918261467161902,0.6936839010039642,0.24418839705923023,0.10310464911376704
0.4720816485397694,0.05454982055072244,0.6560068614856462,0.1276971386854352
0.6790942060563695,0.3859714050760906,0.7588052604248184,0.75266453571283
0.8401682322147896,0.125347008068725,0.030539605413329562,0.10271249264484916
0.9697427947686613,0.9575711021363045,0.6701081234394328,0.9894159110068956
0.22947451189381718,0.3125561660998659,0.054519575614120686,0.06455908252459397
0.9193366790602775,0.7739730193205901,0.49466697112599955,0.7436744557765858
0.5390154714958905,0.2591158299382095,0.05533754557633053,0.9498311192649387
0.06700179151411845,0.11066218399135264,0.9504068509383954,0.8594413397168725
0.33835816969135635,0.3735939159135775,0.6185445825583007,0.912357282255552
0.31958785745567353,0.6854416880559062,0.16282086378034322,0.7870688706037607
0.5806412726038133,0.16922234982190976,0.32833041545936126,0.9075583555698726
0.4587451606235501,0.5192811206848503,0.4722250475174523,0.7513758683272551
0.3531656402167972,0.8261934480264032,0.23049333907438585,0.17709850054919773
0.1636613738314886,0.9283158205946792,0.3817358986307675,0.5183550102174033
0.6961825162209703,0.2536572162867794,0.4923909149852753,0.09714793251160359
0.6114250899480254,0.25769647666866646,0.11211855042427155,0.030155008603273248
0.2101242101718821,0.7519707030835506,0.5762196411976286,0.895014126853945
0.4499295521488532,0.20254470660722257,0.7655120458023613,0.3318333736174439
0.40486655742362,0.3152552189952629,0.9295302731101388,0.6073443720292409
0.6593355450839034,0.08508227866114593,0.75064427990299,0.31559679690346765
0.31076619387935844,0.21620275754076512,0.9906788662681906,0.22458770507415016
0.009756233774633971,0.4150490766817281,0.7299068684553212,0.9647186944722024
0.71928627776694,0.08253987929806972,0.06392462370351126,0.0978361753383894
0.6103657180175924,0.2158788658078712,0.5228284844541009,0.08989103972659784
0.3093821721954616,0.4578112104053772,0.0031769187642495256,0.9024884443763586
0.6049031171759713,0.052325355313165955,0.5164954003957345,0.7824173220329401
0.9577938426028139,0.5607818402094907,0.17169219184225315,0.773082801147945
0.2718645725454042,0.7666090474037066,0.9183403099161247,0.6785680553746489
0.963435416467548,0.6093433829379533,0.10401580543733402,0.3818259844025481
0.4183268561293565,0.6599941710201717,0.9277431835686943,0.12836698938481805
0.8700909793369099,0.9527078660780992,0.8689295285897114,0.45081102306431764
0.6073760476768408,0.47199525366848893,0.5777822222130791,0.13187095610771515
0.8317707010041517,0.9076839119200921,0.22334469481695063,0.026978275054108436
0.5091596526270962,0.031140831642177402,0.6488862613548355,0.8643011976759464
0.6962249186635905,0.3467211231479793,0.4536178437294205,0.27918346874303424
0.6950448968424622,0.6707683593022942,0.22608000449877397,0.25926938727952564
0.7590443152144704,0.8070472703934005,0.5756052005565646,0.45529616413413787
0.6818037343312388,0.35041201748741724,0.5858366384893877,0.04484054219123079
0.7807016454216821,0.10559096869542672,0.43309014113968725,0.06272049829737791
0.4528165523854336,0.7167089748368476,0.18915021930804277,0.01848950698176277
0.8465653649841686,0.5693391130052898,0.7659052581696719,0.1378549605497732
0.605952094144367,0.9809325323247743,0.9421130031280252,0.24789254553430096
0.7356064215738861,0.9967857828586272,0.781618721656907,0.05586379496164129
0.3589916507194323,0.17578973268907172,0.29841947753300657,0.4222746388695221
0.7659379429640829,0.9110928879627833,0.8685563227499435,0.09636049263878077
0.5689299143943923,0.22777910900857046,0.9574162888192771,0.28464103442198707
0.32913210180775665,0.20850742382606702,0.8916131819672136,0.5056723972378245
0.08208387638529302,0.9943042932493973,0.9004546099235656,0.02661674954015314
0.5616421159221447,0.3207593633899407,0.7368296392849351,0.31557783595403166
0.6472243634152516,0.964210186981089,0.7776187041944284,0.5559737394359888
0.48900555959108294,0.1840330986502292,0.7951909490563869,0.69330413133874
0.2916992561823585,0.3222374802052751,0.30237442884169263,0.8590575755491867
0.6518169194447733,0.6539107694421542,0.1915452018828705,0.06888289159456173
0.6624582490483472,0.5739381332154974,0.999780014057691,0.7605234901475825
0.7008981583622984,0.6385398888661739,0.4233803254805062,0.760516583109575
0.8139932874633592,0.13005086590956583,0.3337027595127976,0.8874673378584708
0.4128312758336449,0.6686369404261471,0.2609283003923685,0.5902681630783146
0.32028641353991627,0.05392521329219835,0.22860351745347518,0.8397123059576825
0.11992976136969669,0.45676255018696166,0.22737783184496074,0.19377293250861727
0.1756757406974515,0.8053694653439267,0.5549497881655558,0.4135693643389814
0.0630706458361433,0.39444012824270336,0.8661750113677955,0.4272960310597521
0.29127769846351015,0.8931711851299886,0.5585076249742169,0.07592250909520848
0.6420025816831134,0.6192766473262933,0.8276633935165258,0.47356099080865033
0.7119559171402606,0.7155677205995589,0.6621073182070554,0.32533078722222686
0.46941754978016703,0.13288334187958883,0.015302758726725263,0.438427383476085
0.4938421477281636,0.772339751353313,0.42718090557075805,0.7859671340278562
0.864227297673025,0.8750820264838252,0.8256380085471282,0.9403911015355841
0.35656302001199935,0.14801931247001787,0.03987746247542456,0.16452786683260867
0.8143823578455812,0.13174946867634552,0.19478529308027692,0.16152686633228597
0.9898852551510654,0.1192536471862724,0.6527702391385184,0.994520919085181
0.2261841701229581,0.29347691796912034,0.2053808561921039,0.6871397568471592
0.531483322473649,0.77084273688647,0.03763527212031359,0.7770779739362487
0.2166370291983376,0.5305519783757606,0.2600770750406991,0.12474723410756794
0.9231644059890997,0.32222153142388266,0.6309469994498459,0.999333478536358
0.4171511698749878,0.8507540892701393,0.44435186941652616,0.9566510355735746
0.13973015441767223,0.43219779812330283,0.00552853667566322,0.037055308255342645
0.6163315022179554,0.5716530344152757,0.9542216028352076,0.19885478713008764
0.36194025560745247,0.27154993712563436,0.27291833545876343,0.7966654409478904
0.750139725419722,0.616733556697609,0.5827269371408902,0.07571389991439104
0.5090460904073397,0.969797958080761,0.7678137814205953,0.9966353001446586
0.5206367450388338,0.5504096077656272,0.980387011917227,0.369504038690207
0.8329029080353434,0.23519080182423624,0.49344019232047187,0.9413325002149845
0.5936424261582908,0.20468062105777507,0.20858045264100988,0.5508784126122718
0.32822727611387315,0.9607928575244984,0.3088962740952713,0.5022227214398023
0.3110553021202864,0.7810456663453956,0.9072533597626752,0.9782235850309621
0.5604959109311785,0.3193363295958239,0.906552399497985,0.24238039526852262
0.3044409030562186,0.0029700339700146072,0.11823085098160635,0.4999109009967482
0.4346830872910735,0.3811043849899387,0.15278740269357094,0.06700592446723375
0.37159908099319994,0.9634662296966879,0.49687162752018754,0.24864530565168064
0.745719521408465,0.2847030167840624,0.06771672956359764,0.27963358610878464
0.1703294624026841,0.6013050306624974,0.32192758163792956,0.5392340648635037
0.32631845197246356,0.062363249381197305,0.8569751856838379,0.6994654413713827
0.01885308370975558,0.9435076006675895,0.9509655973476158,0.30409027193717886
0.4556798906915359,0.22534871515137356,0.9996480367672281,0.5689515181161732
0.3124744044728347,0.9624676700925139,0.24879371972281372,0.9118119403043742
0.6771876050714345,0.16257087701902972,0.30281789812018833,0.16165289557164597
0.616703772223122,0.9851188430042791,0.823974686123875,0.8577496739536704
0.07851196523597426,0.18360712282040448,0.9850714429196972,0.6853830907231739
0.6878606540983253,0.7915961122404231,0.0035287498529803507,0.6349179664263108
0.9522555021892606,0.6315816803183545,0.6473974610200607,0.026157442340096204
0.48955909244327545,0.8898385393325989,0.42825162216875134,0.22749124211374872
0.4943430282641008,0.6501667792123528,0.3598138680790419,0.05284217004681924
0.813597406686801,0.8496635232405805,0.8987600496398289,0.5237430308035708
0.4912159789937762,0.8681703007818478,0.27264018785966926,0.4534046201778509
0.37911140788963804,0.2513363849102268,0.6539221122073094,0.6198380076186134
0.0356350850124999,0.024971680927409423,0.9193158259586377,0.8302858811968962
0.5866198199428551,0.9643478271836384,0.026443145449993266,0.7592814218916882
0.8757750882527376,0.0744283448298374,0.7834904989507571,0.21887854080132285
0.44507604920822086,0.0106848452241467,0.9995113290074504,0.15801973230898447
0.16773311745688635,0.6973934586776541,0.054729308256628584,0.8114412056115597
0.18068914160301408,0.637587617209289,0.06020275528203056,0.730143776280425
0.22280825973198914,0.6244666329539281,0.18177740705212275,0.5408755465325552
0.5740137114970165,0.2106976182920245,0.18372739672927718,0.3472759447642557
0.6833118680360594,0.3849951743018416,0.5501415067916282,0.642328502276213
0.5259340385997996,0.20074341458750578,0.3893991258356255,0.4296711000663791
0.2145100617981801,0.14048843025928304,0.6901375138887237,0.47008099326262676
0.3748388552649071,0.7687632305855261,0.48646483441525235,0.5349751507539913
0.5661299429909903,0.9863367514513864,0.7136251667872184,0.9347526736116142
0.6602877452475178,0.6010644469366637,0.9121384652812907,0.13839301832327966
0.06953919459969637,0.06307600373956013,0.31689136967596176,0.4765378235815739
0.7403768029400883,0.6936962538086203,0.8386999819013743,0.4381503890144396
0.1024431741684585,0.5013599512032978,0.10003205321569364,0.677092943174462
0.9978680754312769,0.06027485293383339,0.34717198252371495,0.579884707920899
0.9598810651325687,0.2910168630485924,0.9043741500754292,0.6313342909156469
0.38084201257374595,0.53503683697415,0.7206840697275859,0.0884025295093599
0.5475500777848799,0.6781455981785827,0.29240347592032545,0.13173735274246234
0.17513962014558127,0.14187977623069892,0.5730855980360943,0.6791054934674826
0.7044148196405468,0.14501504095616824,0.7986861842445596,0.9414161849938828
0.3619981271582974,0.6110651585960988,0.23496447988051417,0.47475774330832965
0.8952877463837556,0.6006010386774637,0.38735476337672115,0.7193608396247708
0.9816918300214633,0.06827889612191196,0.3597836611311864,0.27624078765699933
0.2672568057340541,0.21149497924581673,0.5701070453972514,0.984480700153376
0.7575616274584622,0.43466753413707804,0.9958053948532529,0.0766230828910558
0.44139902005902987,0.9791669351476111,0.7806525208349732,0.9435636089001157
0.7101523968305417,0.06949434521124664,0.3162656507632142,0.13944132667646392
0.9526799831758291,0.9418027016024788,0.10395013229010441,0.10344735163300789
0.494066537505676,0.7748848881328078,0.04443171285879477,0.02696574985213729
0.6831481664030699,0.8914728413073204,0.9738789136503933,0.1871551148610504
0.4408614894112389,0.39226263078870827,0.40107254010092375,0.31847045662629603
0.500277972159822,0.9346335816067709,0.6626291144403621,0.3370504316947488
0.7787231598448199,0.623996569573866,0.8158569093494835,0.3687857683163913
0.4580592883998279,0.9691051342491797,0.7791360586720593,0.4224191366783113
0.63546080199263,0.963548977336504,0.40350205468361255,0.16298300785187925
0.2898186997132336,0.03475705359729553,0.4204083779116917,0.5993194218754898
0.1365594931810521,0.9501164728384838,0.8967204241340395,0.8485869715327004
0.4740823067023381,0.5615917619597215,0.22922312176087445,0.47860197144526195
0.05958575025979984,0.30410232064204,0.07668985534559891,0.3235410358374903
0.97813399516256,0.11045779126027322,0.15740635211821663,0.004726816222981434
0.18010120411250286,0.9580058327898932,0.4629574477951677,0.21976182261253896
0.17562492682863973,0.668487886618046,0.094536509676732,0.6635706488670866
0.8648300439038529,0.6808432544443733,0.906971748643255,0.8310734602329627
0.914320038068003,0.45544846545406337,0.2719667820725591,0.425369387720533
0.19236809689710455,0.659991277482905,0.8492296519881742,0.9599194719435599
0.005239928412930639,0.9597189403553008,0.24380189881392578,0.3572064840110025
0.17104136453789776,0.9635572990155176,0.01901061239106827,0.33679914667251154
0.5772541147095426,0.2555840612226563,0.7297499476789973,0.5974722150037248
0.711593635396058,0.8693213874053909,0.8712366793818109,0.21211758441748074
0.15297497890415557,0.28167525441815555,0.8236192410222862,0.2890584887535351
0.7309143737716557,0.3049083681074499,0.3260940529350166,0.3647376704092702
0.452394607091246,0.27408501494001314,0.6947321874463839,0.8407208662543054
0.8461743466089674,0.7829706674366274,0.43467250867210194,0.7974407308467036
0.5101899946574391,0.6895184100748721,0.7922031210111117,0.5534364905825869
0.4207124866587013,0.7594840658478548,0.6650311037657591,0.8247833439064552
0.33959416328452174,0.8474932630089017,0.2689049608485711,0.13304627567853533
0.14119941982808215,0.5970425590061912,0.16949941634982757,0.6037488247421385
0.4407333861139503,0.957149598098317,0.5287590239792277,0.8571622758046213
0.9837547068396716,0.8279015280848817,0.47478581190814184,0.06519547683704341
0.419847878514493,0.07015032027704304,0.7432116714610371,0.7578083406443173
0.4355865508627397,0.736218627419317,0.5135613837843364,0.6350003108609291
0.09894303614240019,0.7563660495317878,0.5047702999169819,0.005062261085075903
0.6269304241291523,0.09629366069119372,0.9000066964566048,0.17069728848652288
0.8899017362915149,0.16887812110218348,0.40751352085138004,0.6701271302848691
0.7745734993816086,0.5168044996118678,0.38727653099615633,0.6350480435800703
0.453949802780949,0.9431914784292921,0.677473877805461,0.9325191042253366
0.3173498196656991,0.0707199030121749,0.44532062146014884,0.5086109481926296
0.438641954931994,0.8347308524262493,0.7107768732259923,0.6334890637655998
0.8895320045820942,0.3420139464497498,0.2656654493303128,0.5751876852364356
0.26884157462594505,0.5743002357203169,0.7897665326225489,0.7489196010892217
0.04694478448075168,0.07296267266058376,0.21759107229516716,0.5440804494908569
0.49969615762213004,0.26947125101211644,0.9688176940350149,0.6892417499433264
0.5797546341646121,0.5797458115370863,0.1597130534760075,0.9647573039068073
0.47169491703385946,0.3555928069057702,0.9816893552138009,0.06430620835047873
0.5243419680651324,0.6866509328292473,0.9441725369255604,0.8152755974121734
0.4573029286451835,0.045333264887087776,0.616375408078827,0.6917429296361948
0.7506058580843705,0.504137667323164,0.5615051064718874,0.1793583667743872
0.9845084584906989,0.39185785227955916,0.16644011448803253,0.2795512279236473
0.6813616595503237,0.8098394348591202,0.9702289341034817,0.7154874042645337
0.525846857075688,0.8164327255292833,0.4117703932262957,0.7065349951804238
0.9889029367821051,0.6420366383657428,0.5936242220958086,0.9834357856698628
0.6086159063855295,0.1848076363222162,0.21959303461919755,0.5830936613815723
0.2164415430991401,0.902772316574532,0.8726399139594226,0.10146596581354006
0.3445382948610435,0.7783583957079954,0.2987048735115789,0.3752662035726949
0.6659293460506154,0.18625707367715916,0.452247875531019,0.0019127130612137666
0.5896970525043209,0.8735831523726815,0.6643623765817663,0.745820331048023
0.6540481496741307,0.007672963399647292,0.7058535369988729,0.4161756178252981
0.17138761058573682,0.6779399371205995,0.243804174558658,0.7326506517360151
0.1667977991577273,0.15754002722548544,0.6355055192855208,0.4827435111973618
0.6369524564589865,0.1806255006781462,0.6338185325644946,0.9521300866881149
0.7816021669857005,0.9794823082996614,0.1840502500365695,0.5872445726270109
0.8973369018691245,0.04118555431820725,0.0003988534019572221,0.550231657035576
0.2782441133603317,0.9175984553414465,0.2597751352816031,0.6633979740271433
0.6512608780360472,0.1622201658494019,0.47737974316131326,0.6167676221065447
0.9722163990488806,0.6265546817561304,0.24960966968923215,0.9860790141215935
0.4675683458289519,0.06948033890575933,0.9778180005618446,0.9523341137583837
0.7053911655273126,0.5795160905597206,0.10573277466233433,0.7003443577950899
0.2222898557027284,0.7128387471383261,0.8081182536866959,0.22627669443683474
0.36610917310305857,0.17992339115303224,0.8329720927520894,0.419515544682607
0.45926657954346095,0.793648423670693,0.5057876684470666,0.0984103243474449
0.6856327403757994,0.4320443714152995,0.8454763259284341,0.4954923551206609
0.1261314903630607,0.6660474470930124,0.9468464457200494,0.058967427455229204
0.9240208926404675,0.9255622001859248,0.2221082308700515,0.22188783372601772
0.4436206424551128,0.8247589738183805,0.8027013239320876,0.6181878134233069
0.8141526287690241,0.8646465968853241,0.4199658432752186,0.6949597399239146
0.6474806991467515,0.09936111243853185,0.9361109709481015,0.1408497465117593
0.09473161080386183,0.16676428860494408,0.8850858750438964,0.1304460499499862
0.1277068187642425,0.2652877361016762,0.6581849929102153,0.8832772057874511
0.6465205756792207,0.7962925417892884,0.06590018732454583,0.6461190483327264
0.18638572159940436,0.5270222243633617,0.29243049743805816,0.6726397184172339
0.9353692453079406,0.17626492628080626,0.8481542458587057,0.31808528898593535
0.23243860713555886,0.1389131616535848,0.5582976223543014,0.5605025248459382
0.011934829796313995,0.9367227399221598,0.616019024863013,0.27234410039692214
0.5129457079817918,0.8711936167469595,0.2233477350267431,0.6807215027526964
0.06340006860639913,0.8685908496190272,0.8279822255639051,0.0544532225866553
0.7827925533634666,0.13556640857124735,0.6044443289066453,0.38573634524398404
0.5407386854136581,0.7266994650209905,0.408519435284442,0.22810261792410724
0.053333868048790256,0.332336006473514,0.5698627682390931,0.007278695083481113
0.2618311856251052,0.9321167968837268,0.10147339522973564,0.7588228844148693
0.8887227492276982,0.43010904069808786,0.4415241997624011,0.09196439318302141
0.7406643199720562,0.6970438226511811,0.01592911786619622,0.25976205362169935
0.7424720801007002,0.9392860217103264,0.5907162486222318,0.4694717375949681
0.6398115009858748,0.15135371339525605,0.13472622626023367,0.3144025028930304
0.9267391760890465,0.5050562193048674,0.2434946988713378,0.8200033072519791
0.7791014993275353,0.9844371375682539,0.47251431387641374,0.09987538897652282
0.5238935966534944,0.527785965095122,0.7388160562089126,0.43808636733338224
0.052940696218983785,0.5988480914356507,0.36944280995514556,0.48359436751586327
0.26680132504129583,0.7025361157426396,0.23071837316233956,0.425433705994963
0.9040675991027163,0.7002536402597496,0.1799028995175047,0.744905881351485
0.15497526425568453,0.004283138124428709,0.3934071180598231,0.028832868227315678
0.8162160730736303,0.993492743599322,0.21937955150779287,0.37419957097833323
0.15944626351361157,0.518030778276351,0.39643762540511795,0.26648920169903567
0.5352817780228087,0.2552578614023413,0.43315753874244456,0.7244370631934767
0.9610406465098572,0.28976930134837964,0.7980797963148484,0.4617877701395996
0.14912081208028105,0.24789949223525298,0.7764038439932403,0.7702951896995911
0.8805236490479503,0.641394903461787,0.7153962194936521,0.5432570188437505
0.4032581992737839,0.5186503733847169,0.6804728357035792,0.35712722742418934
0.21816095432594662,0.8489674257037993,0.6376743342937984,0.956492456854303
0.027303265071537464,0.6142919501335273,0.3937980455458425,0.9557125471876635
0.4024150656855301,0.6213762025822386,0.20239161786345994,0.29082304827835004
0.2322807015036743,0.03755977048523651,0.5241286789641606,0.990556961521795
0.5169103819127838,0.14091070036209996,0.7749901896960223,0.9167321667375753
0.459894752475998,0.6634008630802114,0.9747613561901696,0.4153659460609297
0.4873450996649096,0.9448209508979362,0.8837142603083372,0.5642722732254869
0.4969417180947384,0.7737655966081946,0.9536668527825574,0.5674568810200341
0.8127243557348922,0.43768836165239744,0.6935856528353791,0.1446024186385192
0.3299271425145691,0.500800242357955,0.13788707672280942,0.17121122675845402
0.2973490477831352,0.09360640869573156,0.7797790101024032,0.13041518249408457
0.8443038413454746,0.44453830660196947,0.18368408994800833,0.859860608814002
0.8611938680558748,0.6377310720885264,0.3057788987930664,0.053204849318187475
0.47457770429070434,0.9197775460717545,0.6606178123928226,0.4356639647703695
0.9413249753889512,0.8016287524142867,0.8360455402131449,0.5261216300629006
0.8109058800060119,0.10819152313371905,0.49858164065081934,0.5314279149997978
0.09309555527601465,0.6709070404584673,0.10392042801182089,0.684077946828084
0.3797543524343925,0.5871010380857032,0.5688794161162911,0.5793641085709712
0.16540862116849464,0.20751692020068546,0.020135931604566726,0.8295071681378126
0.6647688910781284,0.1857760652216789,0.5105330211043111,0.66566579262395
0.5878540834623284,0.5919073461690226,0.7104063417084316,0.827910125329848
0.808031051897916,0.4427502266581128,0.5849771022342878,0.27976956592770985
0.7038001212819407,0.21341998575780108,0.803426649565084,0.29244819315898385
0.4337244159202156,0.9934253763605291,0.8011318145982249,0.4749043850289173
0.20795193545613777,0.9083071620689552,0.7387082995673634,0.3952191618735581
0.04976751893138409,0.729863046316778,0.894629084636589,0.42449904756122514
0.7542094241694903,0.6129266247380878,0.3791276504019605,0.08962716510178559
0.89462906522586,0.7632252908257422,0.7805215912234847,0.6023505951778243
0.02406804509146443,0.19252058512490844,0.4496973136144117,0.7457706264769766
0.42893240659105836,0.6684962302308715,0.1877126689915254,0.4648445704722498
0.014103449989041228,0.909330436232839,0.14520405684628857,0.13689466941216777
0.8408163530353076,0.7826166625903672,0.10479703560454501,0.7838225208665528
0.2671425115822662,0.859831900654524,0.5753650787176963,0.20650053755711795
0.5939265364866111,0.23882690067688428,0.4265703934404935,0.21886195080925108
0.9335970540532508,0.909832169665393,0.4307620599292489,0.5309630307296302
0.9284915236746716,0.3710482313884791,0.5978254803040962,0.23335917819124674
0.7121500665404817,0.8351319649632934,0.4044695769009692,0.8298640583558254
0.5699181953818637,0.7581408532330581,0.6340318418488415,0.9993732449624254
0.8129421039279738,0.2740302256995445,0.9052582283511582,0.24396493212847714
0.3886868577691771,0.01938216439048135,0.7817661114303776,0.7723333104056218
0.2591331995069551,0.17551204765840223,0.6397514578791134,0.2993014745372239
0.7697847234360596,0.7035070322541339,0.0989481951592972,0.6453945402716289
0.1751976048114855,0.7034527174411788,0.8073178275741648,0.4596668288734236
0.1491534643219985,0.21554915774577876,0.1300878868314801,0.6791399500966502
0.7172554596809553,0.6119188777177338,0.772730564081309,0.1039678101109427
0.8699875676980591,0.4119707807412608,0.053447365786421064,0.3435166953659792
0.01176127868881982,0.6048602323253982,0.5293267511057212,0.7606282967561175
0.4065633144288959,0.33331535618014596,0.5812408219835734,0.5970839632458221
0.17352492844990264,0.5126678673364311,0.15679923550155606,0.05366741987986989
0.48982797797279287,0.07735900829113918,0.16865641826533317,0.09276191364025221
0.34576846753203816,0.26176214533186615,0.16812828651745915,0.9668785227690235
0.10114526738899954,0.767482744594284,0.9608874319281184,0.23237780131913277
0.12249023321615238,0.924884405204859,0.4151519296982902,0.7992900126336941
0.019418137008708203,0.7060873159296858,0.8356517656126871,0.39010295613304125
0.4213928878640528,0.5308002367663801,0.0510084592304858,0.5973899404698858
0.8197026187216013,0.6044508399594009,0.24964256098032767,0.04188951799016305
0.45995982215143316,0.6121341733871344,0.29567494647784176,0.8886269354471686
0.5580837939699032,0.6227770770017946,0.2635979435547686,0.3833793545170321
0.17001234074759664,0.4678646161249588,0.08143856162254992,0.8501024834236356
0.6279879855079573,0.9990905802330668,0.25562037733918663,0.5192614996630637
0.8466314208803477,0.934779174129917,0.7615279488749228,0.1307792403028626
0.06552222067107294,0.14541032871626824,0.08528398002310522,0.5569597395357957
0.7904354217034663,0.7025921973874729,0.2907473433546489,0.25128771145140993
0.5493587637485832,0.5755653892754868,0.07178378394746421,0.8488663496254519
0.7196835100340733,0.827341350314362,0.9263808584779869,0.8521177006299048
0.4153639860482832,0.6040866135547496,0.6939499309369886,0.5728874756561445
0.7760695093243499,0.32791315314496616,0.34400603550416053,0.6958716038390114
0.26496620842293683,0.6207796127906786,0.5609215949722195,0.9741324041156049
0.22851024910434514,0.12334436704694973,0.43529995331923965,0.32960062456339334
0.34881372157057877,0.18656071120834994,0.12867637649840036,0.739881502007846
0.9225917219430607,0.9145980418062291,0.011914798691770812,0.5079248425811024
0.11695297462136045,0.148030091958802,0.9179683086497057,0.6072768046033352
0.4164227612255845,0.07935967909776087,0.4404470727377898,0.960231197322589
0.438407478449674,0.9872920628276175,0.6142894475639957,0.29150079418501373
0.48885415527846976,0.7558184465654485,0.8079964282687048,0.4393991413999244
0.5845646714273113,0.140047025544066,0.5927555426602482,0.8763554167486431
0.4767799941165143,0.4243974758792294,0.6235685033647941,0.41819141759840917
0.2741595794225976,0.1057338053275445,0.2063821025008371,0.3401099341638092
0.4941604712524762,0.9404915399640559,0.4593096456873369,0.5902728663167478
0.7318770368440536,0.6671150207457981,0.24284041403120438,0.24650104217605384
0.27129360197535834,0.37021230269411154,0.12343442363795243,0.4627551466341143
0.01967787156580081,0.3811440796803295,0.49077873157852037,0.852682013418789
0.25268624651662164,0.30040941071884286,0.5000719548766174,0.9711945882323851
0.17219258158578699,0.48244547477952526,0.22950029863289167,0.6299949885122319
0.7832617781564237,0.2387531066488452,0.7418404230564034,0.692028455506615
0.1347034391654004,0.38852004092801673,0.9122828025750519,0.7105827907975091
0.5216638060005961,0.9913258806727299,0.7019312166738434,0.6611084219028152
0.3098088191715478,0.44131857067866476,0.039958700943617864,0.1449101769520459
0.6909832207254543,0.5760361511211785,0.03599957897125872,0.0820470229868544
0.9226256423069193,0.06634142855180258,0.6969746482096825,0.01866068550492983
0.6457257666288515,0.3946164007692755,0.6494151200361997,0.47548798549222404
0.2286138899317578,0.7456058238517348,0.8150927978166503,0.3184977682732111
0.22035368013181855,0.5609398273211156,0.25435479607851774,0.6682268165455598
0.42723250602072294,0.07982995093401546,0.46621245565528757,0.8543603018146062
0.6572169738875449,0.1337359954083418,0.768932056441925,0.5592848730673494
0.8666066719730371,0.22415177423962973,0.78052282236796,0.5767935053438262
0.08830899605237752,0.4738798994501934,0.9022905027824959,0.7890359973839993
0.18866297751722771,0.9948886082401562,0.5392973236597061,0.5151957173921837
0.5199071727952829,0.33454787382587203,0.4973832327723261,0.29433877780366724
0.13489523456330055,0.1381163221863546,0.4370128841479415,0.06153457168861698
0.9234899071987762,0.5466408270398078,0.3468276887309508,0.9614476802371443
0.6813904188451442,0.4397473086236273,0.36419892287978317,0.4852067574928359
0.26765661414992237,0.46988719513421684,0.9583340633266149,0.734213820122525
0.5577447597159145,0.040234715961077305,0.10830647574166241,0.7852248903535677
0.7048970878574286,0.4295447966337471,0.05714046386220506,0.4094370937289741
0.2424268431516453,0.4897727176602811,0.13515351425366384,0.16253366222474275
0.457102118399519,0.1820544823830349,0.3790571215797175,0.9251320562055361
0.7209735818479206,0.5133668848967209,0.5851042800317531,0.34849903390429937
0.15433669759403945,0.13396878031044612,0.32285708773183763,0.8362130003023851
0.9575176759679397,0.533927088597285,0.10219191133295702,0.8571204136253615
0.5200219555120872,0.04944980019126566,0.7450894893257393,0.36403159747856983
0.049717883066547675,0.2878849626150476,0.8276656594403564,0.7189591791963084
0.2761074232781162,0.18698228580713183,0.7325787977829054,0.7727347434544
0.6454397651447912,0.29244270483383994,0.6839661966879995,0.7982089995689532
0.7308866592596399,0.366244696615903,0.6351872421634202,0.19873787862522552
0.4859907061376354,0.3727732150421308,0.37395685166271164,0.5572980325682084
0.7323117458379278,0.67940128168358,0.3583684039445605,0.23935566443828404
0.22212602918520918,0.1278700604944888,0.5046427464562722,0.49103779069317377
0.4552483356222703,0.22785171924404035,0.2197161673689345,0.4076840251511844
0.38112210223906573,0.9640932514272322,0.5894504290415581,0.8180153256783947
0.44845820330624564,0.1192399949190387,0.173794639238257,0.04083343776635562
0.5222390399071428,0.07436468700809817,0.027283858145990325,0.9791791987725593
0.7839928971647007,0.9336395028869473,0.8136379087039356,0.6679259442115745
0.0922783006960688,0.6413046478188641,0.3060645986909526,0.6603205713654327
0.2987581890652937,0.3330545902648052,0.2361167362627673,0.7606343664618024
0.18882883530403805,0.1844836335393295,0.49844627053738466,0.2815712654959148
0.9933861654896997,0.0726455621698594,0.23726930855365913,0.22032280495614542
0.47702055926253295,0.5394189542259655,0.13441509226061332,0.7650084738813855
0.5495517349997442,0.032402480383849186,0.9352328707748809,0.5308610650626464
0.7010160522381708,0.1942933359152258,0.08221128286126667,0.2003251391236921
0.8943707766568693,0.14288887712473064,0.03940560332488341,0.7757974201466249
0.014522089437332908,0.4911174469736558,0.6072813938582003,0.3710553941642847
0.23349129700275129,0.9046834479450198,0.061360622127906383,0.2467730590728413
0.598723213185356,0.19713520829672992,0.6984243403646324,0.537716943906326
0.9387025737989609,0.41019824755613843,0.10784616830213667,0.620497869467129
0.7944003113926504,0.11172556013563661,0.714353152540258,0.3774870939238053
0.7512717418670596,0.5311495504802176,0.20767642194124503,0.35966624369953093
0.014024512780084764,0.8290853666116794,0.7879761901450009,0.866697416022755
0.5073973444463935,0.39997353643667677,0.2492127652929088,0.7600576301088889
0.4647950686979795,0.127263892114167,0.8338104279797874,0.7849656031624094
0.6571634999276237,0.6937988579404111,0.23856535154146596,0.3992434719915763
0.19549925129954382,0.009112198237899438,0.11724764915322994,0.11334156710509402
0.9689517682096773,0.8568590615713301,0.3331968160388159,0.8235091534505017
0.2660454005511461,0.3935827590438584,0.6523246477102136,0.9500504632188004
0.651493353337287,0.6498100131477993,0.3775921463023866,0.32456746963160465
0.8785523820797372,0.9219866621841657,0.1633625139275796,0.6813276162164741
0.8632147362265516,0.8691872632270619,0.06643949248646419,0.5377261681019937
0.5315956408062106,0.3328529850716495,0.8730344482315695,0.7042097803758334
0.12387903971217695,0.9662702826200928,0.2101146790036832,0.19033716842934945
0.7539944867979613,0.7475253339757058,0.5772546932117091,0.08314412689033335
0.41774175421262816,0.7947723975316814,0.23542883487819077,0.04137358124360391
0.5216479029129611,0.3812557544950942,0.04250123824222107,0.672447380409768
0.6062451765391635,0.275494133923588,0.8589927131188615,0.9216381348372412
0.576324838964024,0.07711546488345433,0.6020415395598289,0.3512205966656792
0.2529103229591755,0.15711988962764145,0.7275764034486367,0.011660833355831235
0.9901561415470608,0.14594680379941805,0.2164784018580751,0.8601935242187818
0.7180952810070358,0.4773984974018214,0.9872023142166063,0.12306640813479397
0.09615868229619906,0.9101964647078538,0.3385843997693523,0.9418236856024255
0.6508225715802005,0.6697365529306537,0.5421261633884074,0.4035137005320806
0.36608779244575584,0.21291030079760642,0.9178536840108162,0.5335985463062612
0.6565503748837375,0.7466864815719307,0.4626304128019578,0.6396498100627612
0.574780440590005,0.6960175559238577,0.15429216872547435,0.38771414918738356
0.9196544650924371,0.058569485200849924,0.8660665090180194,0.06984842398274338
0.6967224285052143,0.9108182971978929,0.9338834247067608,0.7851239616944239
0.8876867601485778,0.6221287053334972,0.5484262768260066,0.2645787750958145
0.3334295833512927,0.3550955623311757,0.3498764646206738,0.4213337092874825
0.7142280406555939,0.7002924844086214,0.9772424964744995,0.20589044156655378
0.6208116167444152,0.11301694324852751,0.5812764673129183,0.2640655311857155
0.8592987941235268,0.7574967423224443,0.26234882825735273,0.8032126850590179
0.2552407715754228,0.4810108621836173,0.25879301361970175,0.4948772941046681
0.29208951500043356,0.6261712419973964,0.9242781327880316,0.011406489537272746
0.699998566428119,0.1635544876541667,0.01769908488825722,0.32035236678920664
0.08133120612461753,0.39153050847913196,0.2604204748651564,0.418786914581629
0.4340727128276135,0.6873481868192659,0.4243790930123331,0.5858277265877639
0.8818090850212228,0.5938970389464664,0.8946836849495351,0.785821593840454
0.8125445877624623,0.4887935035610462,0.7449668057579526,0.23766612352736227
0.6508527689993961,0.5853636084950299,0.7530903701797008,0.7248615529992645
0.15032572484310913,0.5907312534880902,0.8672091846681971,0.3742467986081326
0.5183911932964721,0.4845326302246745,0.69722147688681,0.3492436770592615
0.5045506626031603,0.9856018530139392,0.2781988849761051,0.8354520847851536
0.34590089062740703,0.2574606549095261,0.3141394627252687,0.7315244409931593
0.7939185666256999,0.6596243039674786,0.9058402131716247,0.9610636831878251
0.3514393564936241,0.35229857347805016,0.9881163196760477,0.2770313147598583
0.3815964242594323,0.6093210199092216,0.42946780381330774,0.624330934001772
0.16653387654068774,0.31049391387441705,0.16349111514934989,0.776889147148379
0.44955206711163365,0.10945450983415983,0.5749776110026068,0.17327399220290973
0.00956064581509053,0.07714844753394334,0.9508821299623176,0.5112381465813717
0.3125188613040838,0.7993178789187229,0.808616728092438,0.6280877486507235
0.5307437207736102,0.3348910418139238,0.7017385947342041,0.9887356299665403
0.747574349628718,0.46909277905493996,0.7907390135332889,0.503773553300611
0.8935913915510095,0.9640683764810847,0.3549300028780419,0.11929404291308288
0.9886503432471311,0.03136250190944556,0.8708152101663733,0.9436206608205684
0.769346476591359,0.13998052251056858,0.43333906510872056,0.10891590827597297
0.8148128321148815,0.6339913198412853,0.417476027497345,0.31889560569637443
0.02267317513430034,0.021084083209582438,0.8371682051559652,0.052951322851534144
0.627416285357869,0.6990333340423471,0.37873799768550986,0.034441296665562615
0.31363104925416607,0.32318120744280365,0.3179592629212793,0.1959141598888804
0.30132400164024575,0.021253956100182103,0.7291021719421094,0.1585260410960918
0.3240185470315755,0.7173494973030595,0.6293076796730115,0.120906109925629
0.41943890957124985,0.1675181348727679,0.9895087975018433,0.8720685430744083
0.6539981260819168,0.18117849317658952,0.32498543133959046,0.2974377006101224
0.19728973965920005,0.8613955054034103,0.414679354376035,0.6695370901580778
0.9740068363144352,0.7665338895681428,0.7514292604329212,0.19849699122632325
0.3288673350096234,0.2090469165965685,0.31868521409442563,0.5355050238160963
0.851451389830844,0.8798316676747833,0.6004532785092199,0.7941034244787586
0.6376698981420741,0.05412996555581595,0.48481481760732226,0.08773956991506948
0.4455400213331927,0.565737822930316,0.05855874770145009,0.9832280718918219
0.5282646812046281,0.5265856572583771,0.2703765735331116,0.6292257567070777
0.3298369464188903,0.036139826466220715,0.5021908555269828,0.32262608215278166
0.4267149417633659,0.08565149029663721,0.1709096147454321,0.08478874803331982
0.008407869383286526,0.7764605539745377,0.29940874297861864,0.844318737551887
0.21110744539131232,0.5895553760259914,0.46893315651264456,0.6313893759794189
0.955502672699143,0.2911459897005422,0.5883928413579861,0.3739281435869316
0.08618190083720567,0.0013097809556177342,0.8921475895408925,0.8791705571546345
0.8567133595108424,0.5950005715224234,0.7797896613507235,0.752928271263167
0.08052365378682602,0.2400693219614416,0.6801446234371599,0.5236451016729026
0.22803359371209775,0.39242206732871554,0.2784734113835763,0.8235214150998369
0.2970076195958432,0.8028249577607325,0.7988690962701881,0.091143841510402
0.7013743310402056,0.4192796761302574,0.7631779291446746,0.8396105127785811
0.13085991435008726,0.19899632205383033,0.6735412576525588,0.8366081482871964
0.28996311716689604,0.3058911816626163,0.7855228362471407,0.21592265852889936
0.15583819210189664,0.14236692244089189,0.917249465879843,0.9477861417271644
0.9098052711986836,0.10512385596084317,0.5968536299377187,0.06255251263347938
0.14327298254806187,0.900291452850708,0.9472644576859256,0.28759361969434405
0.7229216544879115,0.015623202924424318,0.17255197938591493,0.47244496178055884
0.7964654564682199,0.3574430927743789,0.10586487257365507,0.5630856922813
0.23687054498913684,0.8885547472315052,0.06519701580903514,0.6148804904674764
0.7204198130268648,0.4628347533585615,0.44303085647317486,0.7438833911386762
0.6373898838485497,0.02948551284100931,0.6721118894085054,0.45684167931384556
0.8297343260042757,0.1168166006085466,0.15373868305583227,0.8147675613771338
0.17835449726961472,0.6162701111120898,0.20473916247905222,0.8906034439155506
0.5643483482594362,0.8846050036391419,0.7198146488335144,0.1396527534844335
0.8227765684090143,0.7843433016644906,0.43303856921805495,0.1169034427074348
0.37790284991154277,0.009560592251919964,0.009238147650058148,0.805252418180563
0.64169804920187,0.315017266334674,0.021664372529864306,0.37045751123531434
0.7566944294154478,0.22116529263421103,0.9461844315369756,0.8539338058433419
0.988138267597106,0.6087332969971964,0.2511100205102791,0.4933963166726246
0.09801441651214948,0.048608639822777855,0.5395144673442976,0.7833062396957535
0.5273118055472817,0.05785618033810891,0.5377558364504332,0.9528577214232998
0.8893955659136009,0.1833845973027315,0.22226426533641963,0.297964032904407
0.8909975233975783,0.018104946446515724,0.4753873402849601,0.868848187756265
0.8074106412200305,0.1688088112007574,0.19629744806545868,0.6828354465894038
0.9656776946856316,0.5489886508194,0.9418705195717098,0.7646148043456304
0.4449339398831912,0.297281669072305,0.4070540980692132,0.9655878832008988
0.7903330271505266,0.109924716695454,0.6836591080214732,0.2482264905354009
0.13170858388439444,0.9144990528644308,0.8880787689705478,0.0020603535300594
0.8402335897743466,0.7656135380363029,0.07465455594644488,0.5847002491151428
0.5614831750250572,0.15350819575273755,0.31840752109417236,0.40592473043071375
0.8815521199923225,0.51720065516136,0.6080583969951977,0.7749515047667058
0.7942854947000599,0.5701830571793415,0.22246345359337527,0.8789159444751061
0.40559409956165804,0.6669698315906312,0.4365360763380336,0.05346706822951197
0.19113315254227148,0.4017373431854607,0.07014864364269047,0.39140581703412325
0.36051840751722186,0.9773036368108545,0.34043383328126076,0.5629790276399403
0.49725349989415857,0.48404301756535173,0.8451971514492342,0.036418465113553844
0.11316872289898128,0.8687674140564363,0.13988529260903193,0.28597471253144136
0.11830173842120872,0.26489939679711216,0.6427670007609144,0.1815503791735803
0.2587937718206367,0.10126263741968544,0.12022695106592263,0.6340923132209734
0.9473694661837935,0.90740175092363,0.8770288223210448,0.5151579880727566
0.8652197913537687,0.7306241904683461,0.6563159010828978,0.871732146115853
0.5557371379620943,0.019171362240120504,0.554388850566024,0.09890880169008776
0.6273818246311706,0.4469381252377468,0.3715369938090184,0.8710596204178884
0.8101234931329417,0.27807227136239643,0.6627014408779648,0.23743062551198157
0.04284711724456558,0.7052065591210696,0.6254460377872058,0.09811284804010856
0.015928481762525593,0.3986054665679992,0.5018127937409207,0.7501806918620438
0.9598632930719777,0.06648254668691067,0.3492669733932162,0.750263094117295
0.9399676974591106,0.8612740596729188,0.18014408349748778,0.47608390345390617
0.054821731699163045,0.27022973844069276,0.8359379162190353,0.845814361028965
0.606017648097425,0.6822090075533492,0.8254494967580003,0.6652022493717747
0.8299166110874189,0.8389738624345827,0.6102065756996611,0.557939819942698
0.5268564629158772,0.9301168947129392,0.7330574289590925,0.2724008619077303
0.11178536779388493,0.756355648875045,0.943958279463163,0.30523742487328676
0.5946520182661096,0.32163926470075244,0.9069469487938214,0.4946561822654493
0.06654424302758422,0.20208223730175068,0.6492125000356556,0.8674976544114416
0.4140506475572323,0.9202741521054469,0.10164433474398027,0.5882422582021749
0.07008679344566537,0.4009930929586015,0.9741091932439551,0.6646172681179299
0.14791794636537858,0.18927343381607165,0.209047818469149,0.159610911163639
0.6703841694888537,0.6627995859187272,0.803549379818784,0.85211644104718
0.1905482932333762,0.9466723980337953,0.47274621833522457,0.8631347784791841
0.11683168358644225,0.6594397664806158,0.9760944535373323,0.6175803221395268
0.8903942520430327,0.6239299778808763,0.24457600229175103,0.49191043410133994
0.28255461713427876,0.8157117137455824,0.20169023226400884,0.5033165355817008
0.933786648974474,0.3329517580632263,0.9690281570466988,0.6748192219740432
0.5144423894759649,0.41763631671095347,0.4396864491466559,0.5048001948662016
0.3205108043374447,0.9057943698214137,0.8948080200299589,0.5650583112903138
0.07071810355453834,0.8538860563431813,0.3509681226742435,0.858545367971605
0.7113345061769201,0.31426716948709565,0.8880770163139511,0.034907918004044025
0.8491474082963859,0.2483304494469767,0.8807123255886359,0.25752888840703847
0.22809397329682735,0.8608729665377097,0.21314501754600856,0.7449141531096377
0.5979019901531428,0.06675893321810822,0.07940604397222972,0.35957093817191943
0.8810711063595653,0.19774701191268929,0.8656662301247523,0.4357036266484301
0.896814827238714,0.5914356127326769,0.3411975744900382,0.5363341533403453
0.9626426472404057,0.5109719336841329,0.8781454082818086,0.7713999040230716
0.6355153275009664,0.3223922801561515,0.10673019105986081,0.9052932701805158
0.017226428573640762,0.35843785309354537,0.3137505580641863,0.5907768800988422
0.6802338691327272,0.22223565151077107,0.359762550644677,0.6366307084021685
0.9874244590806541,0.9858816736041727,0.8647697925656285,0.8934334537047814
0.17561728137449872,0.5804997144567773,0.518192075259434,0.8336355778052816
0.17360805519495848,0.4240064128329605,0.37564505059440867,0.6132578357530487
0.32355521038155266,0.363105567232229,0.06463158415292902,0.28810499294864844
0.7603235979304322,0.010223687547446292,0.29753128328886747,0.011445870056378316
0.5090456647935517,0.2432397963243269,0.05128067555559024,0.1932080993486004
0.3923103138410451,0.7807389230493993,0.11708833741309854,0.6712393307752255
0.19284787695853955,0.2563065261210018,0.5098698498522685,0.6183223906115302
0.814429635050068,0.17021900906954512,0.35658995516277825,0.6320862239423573
0.7874387513018654,0.28442163899297246,0.43800809170951993,0.28752547439139897
0.6320863825486246,0.7576979209670324,0.26406935085288075,0.4197603387072075
0.31665786611944813,0.16274245948761112,0.8547405866091942,0.14806724491781353
0.9446291623724186,0.39677378055831247,0.268323894344889,0.7074780327776445
0.3893986275320822,0.8971247689905594,0.779365588636599,0.48941381588288213
0.8364596927670671,0.3433147321490746,0.13240882260087417,0.4262319211472856
0.2295960288553932,0.32093544296641763,0.3705039994673782,0.5549127771189112
0.9702349597335508,0.7549538513145063,0.726033051086433,0.13153687319830454
0.8799610044668962,0.7286667670464215,0.010152131330310121,0.13680572576232553
0.7210038757804826,0.10720065824768854,0.9613770106877496,0.29970333968836305
0.8141838768861227,0.8526421662007294,0.2117047384400218,0.09073572236829675
0.6590161218118078,0.2081534403146027,0.6930117189203079,0.8208407216931858
0.05937157031844198,0.081331273217508,0.8508370179289596,0.26097803651869034
0.1223766925391242,0.3308359345021511,0.40440806684005626,0.5400771846252841
0.29232925889925443,0.8590446244696992,0.9879594088874252,0.203968774979142
0.18250106939870925,0.5486396905037045,0.4000543761461651,0.41293424527533185
0.8574159441100088,0.37742115066565796,0.012930635663642387,0.9992667877363993
0.8236251190749777,0.983233230553394,0.23833839073484686,0.00034146797990086686
0.8188046375156118,0.839173624499004,0.5287378715798464,0.20307201426650512
0.7502921218667319,0.4818816519033673,0.23596511710632706,0.052908234365876994
0.6236076140769369,0.08729258883049729,0.2772401745436751,0.6063616010266163
0.10962211204237438,0.3421186516651179,0.8056985555498642,0.3706103323465383
0.3737613044964053,0.9834526992806599,0.857981180065241,0.998760484305012
0.6807562689882994,0.4812036715951141,0.6678144767324367,0.8033219780544146
0.9594071150228117,0.5648483955409894,0.568375583931711,0.2279385654647249
0.7635349754264642,0.04573502192472134,0.3415209183692284,0.6090771864598606
0.6030685770287826,0.7206339856411975,0.28104405553514367,0.03336351421361872
0.12460949689850587,0.8020280037353897,0.8243989605279394,0.6227651105898316
0.7560832184403466,0.5396224870298201,0.30218054873872613,0.6890360403671001
0.5058123793509939,0.030758514747419752,0.007254843266056743,0.9412472946718828
0.781615344319004,0.1409862267025923,0.5868702317083424,0.5730499139719974
0.011368400222711905,0.2818581676554761,0.04392653584559336,0.6423776777099663
0.27157392697176375,0.4370126269007195,0.6830191096938687,0.10429585535857377
0.03418205886413517,0.9282773970520464,0.5592040934093324,0.99304738485315
0.3634564105226511,0.8183622173474487,0.057967138362438386,0.14950078878478956
0.8868201486961164,0.24303264210489373,0.05472109115006796,0.4045118123667487
0.4529093001619967,0.5137376731535706,0.24682614810285297,0.7075224763156112
0.7323866749466192,0.3611942796733062,0.1532722146047958,0.9637366620058706
0.08196689047446082,0.08967741389215866,0.1080590831266729,0.8203741364495042
0.07449499027099793,0.734113005596104,0.7505830193611785,0.7041451966882386
0.7010670800442145,0.7107889227936385,0.5837104499444092,0.6483804372042863
0.4538238779516228,0.23006403134448228,0.9870701032956434,0.9207153699870566
0.33915288062204274,0.5686720868383807,0.16924101230889022,0.7001415957062327
0.41938343546156054,0.5291898094835096,0.8420795328244582,0.631048409100248
0.3810278064452681,0.291794587675404,0.0594466371574871,0.3883638510922699
0.6438931722904789,0.2308019338965145,0.8680268218902908,0.4256221962153366
0.9901319984060957,0.7879118608009461,0.8888023799980402,0.6630198610320552
0.7121709766422715,0.5942673381317035,0.5366385390908469,0.9131828352303959
0.33845601951001025,0.12612798467945474,0.1476423311657633,0.6043808568519791
0.695586830932367,0.3611238362048681,0.022309256266239808,0.7625982113382043
0.04841552828643381,0.18190488142620154,0.31558029022198664,0.940432606071384
0.4641533054157727,0.44135756967387674,0.68074535296053,0.3278487762502146
0.9557954534829005,0.4220140065054797,0.2483229621463724,0.8746004346019707
0.3404969811437478,0.8949147669775591,0.515587440673513,0.47586648837907564
0.12449776562324355,0.17126434276864133,0.5685204249537442,0.1095637148995271
0.11605215928083912,0.335035388755895,0.5735331292913033,0.8021231316179535
0.27824570161189743,0.21553329061343662,0.8298036567042413,0.13723505242303335
0.10189322437250758,0.4561858468850951,0.028360717745569253,0.860242397509213
0.26976608166280747,0.7223343830487882,0.7842143456956364,0.03988980589574709
0.6141330962758702,0.9108639956613261,0.5435134132335585,0.7529332548125462
0.7249625880624292,0.1703659100373539,0.16089759665996328,0.10914203342547346
0.5065403892697742,0.4346619814487733,0.49247112427726336,0.12868160376876425
0.6497152709952956,0.8539636138621461,0.9726290605156469,0.9408228183079635
0.8740091827368788,0.2217240484971803,0.0637678598136624,0.9463634567057305
0.003908489028725981,0.29762968819423985,0.5436726718078747,0.9376211462833224
0.5290329040725484,0.8948145256987678,0.6352401513262569,0.9910880159794648
0.2357432688327482,0.37826839385834365,0.5231685079704602,0.1730151855905372
0.7954345096692786,0.09946040893924024,0.1259189026213564,0.33923204483462355
0.8957272962138568,0.10208003755823858,0.3657660730355884,0.9385696483207638
0.8451566020239321,0.7117447669414164,0.9823934158042525,0.5915422517379146
0.4590227165729972,0.5831711200160651,0.622691637055945,0.5300148645536815
0.27277788816113757,0.37078271448479827,0.34990165309061527,0.03115525019062948
0.3637625485740785,0.9740209981925115,0.055646785919952535,0.6595905527029131
0.7610556860059571,0.3605470678947261,0.4538120820489647,0.23436613229800307
0.14982381359781194,0.5243368758048201,0.05367010448767495,0.030021692525506016
0.8590377464741566,0.7970028486469622,0.19720113045718735,0.4316017360875679
0.626634075363958,0.8103294492890383,0.12096538856886485,0.26003057190065126
0.4518112858270835,0.29601817285874577,0.3554092474209233,0.3532936638979738
0.9225071885925339,0.5002609011066794,0.7395850851083272,0.37401094894995
0.9939365880548461,0.6314869796551319,0.848653244644905,0.699778815480537
0.22253233078258072,0.6420880497615642,0.9797852484328182,0.48610665537302333
0.6453285476480767,0.7210467832496195,0.5487968853174342,0.21685301026305415
0.9508423862065447,0.0161237014844422,0.691064385315367,0.9437746474155122
0.39326361601704707,0.44748539951962407,0.33195928040336486,0.6072046007416775
0.3650947319536172,0.863833124376619,0.031244454118875442,0.08138741854214426
0.6256314075731568,0.08214259341145114,0.8402387916492099,0.4773722237619432
0.6438023700556456,0.36639553452187157,0.04508470348846583,0.8793777760697367
0.14655631378434786,0.6835252395171616,0.22751642253470195,0.9476455122149822
0.9494533133380323,0.36888100381390077,0.03136181076901734,0.3913212754404507
0.38849261880259844,0.07396160266936891,0.8821816886567417,0.44220636286924064
0.24307060217442156,0.5620171220250758,0.6333666082768334,0.5360428634357223
0.5562122857553965,0.30621067961689985,0.7602853184482736,0.8223267781905688
0.7981379587248357,0.8807082999488994,0.5301065682773399,0.9669011388849977
0.20822732829209079,0.13154263710032577,0.5728600214902476,0.11414530153678815
0.5695993146990832,0.3269152637219327,0.7030531580019457,0.27872830661373915
0.03419185314596107,0.3125416556703382,0.30734167560476255,0.5114829909093428
0.04613001168069397,0.942494869958273,0.9461581278210225,0.5815112265907214
0.6317983699719534,0.19200746042073114,0.1848678615993966,0.007643958562532305
0.5569092063602556,0.3193406033070181,0.36421692479053824,0.8938915521839128
0.8842727879159957,0.6773141872866068,0.7424975406684804,0.4659133415840573
0.7214762160318333,0.0981522649772526,0.5550635166998602,0.23888115549974087
0.5405764192545099,0.797018620320207,0.2666995128404068,0.20232002518503467
0.1065087826125164,0.7464873581297276,0.18171211703815093,0.33477102492064015
0.7153549664961496,0.09970738557705972,0.14987970211364054,0.8055732683936314
0.7855481334060399,0.9268315721143402,0.11075645992960825,0.07458447817606229
0.8622837205535282,0.41601731295771094,0.5928853856209192,0.7960080093495577
0.9922418893701502,0.7951628835471745,0.23648238325628734,0.25551781151428965
0.9061518515430043,0.65203279967925,0.05144662598719563,0.2440397944996403
0.01270537064683408,0.2857327060030328,0.676139235702404,0.19045439338299264
0.21162147878865323,0.25563550336394847,0.4306975540440645,0.2647589068221924
0.7836406559493868,0.6075423174654416,0.8318883567461646,0.7597174782992994
0.7773734651281266,0.48406687208396393,0.13097459742645023,0.15385906042250397
0.3236765172870981,0.9659018027741426,0.671642195035988,0.5407389580478501
0.548844360135783,0.6010880656437727,0.2329783658718636,0.04804977341476324
0.7902873776784891,0.017379871670423763,0.8823044207403085,0.9715819790903112
0.341670297066374,0.7726588861206809,0.7594093991462704,0.8779735996389523
0.450741863433479,0.12535450375723922,0.8713587051881917,0.8335622820016756
0.1762134329779751,0.42015062308579987,0.5086207164855965,0.050073901989224456
0.4480438729910735,0.41541243586118315,0.0013544344691234222,0.9101231165590132
0.6440569258479157,0.24100049464804618,0.7226740693234547,0.12848171804646724
0.8983519262571994,0.8583252398730931,0.11617529639636681,0.9882349298786012
0.41463767251559047,0.9467174871811848,0.3800948984330508,0.7099852046688163
0.21677209583499468,0.7702766342943973,0.13458445702867827,0.9970071289137783
0.3742570107307194,0.09899820609722187,0.5424924177386018,0.24862969943767754
0.1428690516925153,0.2154720456358129,0.03378331149403979,0.46955420029723216
0.9468334310737975,0.6681139815114325,0.496106763439642,0.9751565354432054
0.5792320338267452,0.2596887443330168,0.7169410412055229,0.797319100568572
0.1291950269666151,0.49321953787649586,0.6090041997950218,0.34479318818592375
0.7136194617116948,0.6015671263291492,0.12830719646886668,0.33491199318661835
0.8105339993805479,0.22702864331007544,0.5122209140809999,0.7236414576385702
0.9049393701104156,0.058126333464418645,0.38116691659986357,0.18428733687539245
0.8580531500068662,0.5837764415858969,0.4602783486018951,0.04997681311720281
0.7995789520421693,0.9848783408971732,0.5113646246213084,0.940107208298251
0.4965837227162757,0.5758956734585557,0.45588713490130195,0.12815940556293526
0.9380612014734918,0.4209435856521766,0.5363020933388792,0.6192190439762298
0.5553025093830738,0.002520971185622556,0.3656664086838364,0.8145579545856705
0.5941046687253921,0.9840165504277941,0.03503852965053045,0.7004322923533158
0.30391119844138736,0.42500864337228617,0.5266340909187042,0.838787424987118
0.5950038755690694,0.3752827933081542,0.053587577684186316,0.7436780837489931
0.8171015440458522,0.983088300692787,0.4627183314606157,0.7242167296828202
0.6637042329703513,0.5791962889485771,0.683646704040263,0.040385478358768045
0.780517404452702,0.7241771764135116,0.40606042569121914,0.29479355111496996
0.463486004431232,0.36409210102667877,0.20024971290686755,0.15738247553846996
0.12452015976047603,0.2527537472837539,0.7517495140117175,0.8245732640851399
0.2641273210277183,0.7388123524011587,0.39981121812655007,0.7615139681033634
0.22386208289927878,0.058290453613977555,0.22824927824195274,0.5201909768028243
0.4327528078782017,0.20592829157558346,0.5328205571018171,0.8700882947372548
0.4957608493001595,0.4447440060600699,0.7274671548507027,0.09922772864921536
0.6864696014570442,0.8929688399501413,0.585241262243912,0.45776850075629394
0.7995818792176161,0.47005194540319495,0.19655286573587727,0.8842737195981877
0.3353185961970553,0.6231082124870378,0.9848934997705145,0.14420872819229058
0.281654578205056,0.29420873773509604,0.007573825765363584,0.06628512694230504
0.6280385271750171,0.8372804254365315,0.3978439347125694,0.9820133375177683
0.3910064747239548,0.11413105143681301,0.8989713149305036,0.010306481196769135
0.777800487852848,0.292506960339987,0.28649174378413056,0.6250770910188062
0.33807765288203817,0.5143543384715411,0.2084812551457209,0.8203515331477109
0.3462987250164199,0.9334349619939657,0.9090061826825365,0.008293151352602113
0.9246055866806271,0.6535898625940291,0.0059261383669242385,0.07133394017635464
0.6168733313780473,0.6519513101348036,0.28644843411854437,0.41419835239458835
0.5629960915751961,0.356392358410349,0.2806102846514932,0.9038792531981329
0.2430192019734153,0.4277300296173596,0.6869890548332158,0.1295503498590842
0.19542059011428414,0.4252842310242353,0.5554620798679063,0.6418368396334301
0.44531667611609793,0.007674489393462713,0.01858489850600209,0.3114941001086835
0.60285763803581,0.8170496776651114,0.2375642461570594,0.081989099209685
0.4175782392577315,0.44287650764971365,0.3945715978490121,0.02147496443510022
0.9819469104895973,0.8087884823570487,0.6676231654811199,0.03882942459133654
0.9531769289448854,0.2635350331745612,0.15321603300571407,0.8522871124582071
0.5416806666615418,0.251057567798606,0.5423121612877199,0.6774605591868881
0.7772385861981762,0.6050761548987041,0.18016370555153682,0.6273964474839102
0.4440566831981837,0.033669839940864144,0.9152297452794812,0.9335967399365227
0.770078176819037,0.9037820209007706,0.2387374555096421,0.30222913097962434
0.5380094344240959,0.2412111681963116,0.7565844880115298,0.6306485868933615
0.4694331979679026,0.7167602842599408,0.42898960995969637,0.4879218942810035
0.41943067119295285,0.03524310200975811,0.3974825815085927,0.32089392395328353
0.5518420864575303,0.8820099824223967,0.8995948085789214,0.9231221822833854
0.5768443429936256,0.12414130718978489,0.680078562797653,0.607088258910606
0.2757527775745485,0.17627360479042264,0.4191840631426491,0.8346220122680521
0.40515017777645523,0.330509059746546,0.13060954179190176,0.9676149251677626
0.47986647555417694,0.4782186970905985,0.9322992912924339,0.08416746833991728
0.3913204531053953,0.6991541468052789,0.7192316559262418,0.0038158712469876788
0.3136227348554802,0.8311607188610062,0.7080744673155694,0.46741520653667945
0.3284456492287805,0.7606600296462598,0.33783116552822845,0.6004428099406737
0.1630648605189038,0.4915460135051133,0.690095099076739,0.34472992485422427
0.9779416556186442,0.06823801995216361,0.12148884397511284,0.5476404672149615
0.28493183390614896,0.11788655688503624,0.7974641571376301,0.45661504456898594
0.7939509320869977,0.21444033746083857,0.3690434373985574,0.7932954192522095
0.2644899700562854,0.29659358517380174,0.11654358581797275,0.7868768529763206
0.52407405837595,0.8782789391378752,0.2805677790722374,0.7690509121476325
0.4838505969239024,0.26547603019961696,0.5568304989946135,0.3093608291985305
0.24889442112313198,0.0717091864011733,0.3525658662455715,0.07336783975015615
0.29366015034754134,0.9383316109264122,0.48189495066553145,0.5464575038647376
0.5998470584923381,0.41607183661716973,0.6522165149336014,0.9500254373477034
0.13760016068075187,0.41258693675768277,0.48130364170131446,0.25351704285955023
0.6181267995226679,0.8025118587029392,0.6280142228829843,0.5900683639974893
0.9589660760216288,0.685868539962694,0.00135126021222165,0.8332036106806698
0.27935257927327295,0.6375161318788947,0.784720432432261,0.9641903627848467
0.22766712057407967,0.029818633218446466,0.0051811507619212716,0.6026956393021758
0.6004128143947844,0.8676719820864869,0.6793463867662314,0.08900337054365337
0.16600199237129698,0.3560361576254064,0.6177325006875054,0.6706555638251325
0.0024486027907258956,0.99801390076019,0.02939939175348416,0.17024421347336538
0.06677929774768587,0.5109382045171181,0.3679018175554316,0.8314592516697557
0.7593680661802831,0.4167069993778072,0.696066707266151,0.2528021319246171
0.6975955552409764,0.3296119436954217,0.30371851091486146,0.9635853379741943
0.43380769894414084,0.05577063433709506,0.6442946353191824,0.8190503390532473
0.9444451460280021,0.9086969611304428,0.6953973922194595,0.21562417765152708
0.18615997877134316,0.7584785285095885,0.45372655873600287,0.5660810625924968
0.7564031241441816,0.11240893363100146,0.006553974714457733,0.5044040040221357
0.966047132457271,0.013942929164478812,0.9006044058546263,0.8213267236225933
0.3991624762553504,0.812834773329407,0.8211550353520789,0.4434270954674162
0.8995896857237636,0.858075191640617,0.7325797220320415,0.11164270040394941
0.6122659095861196,0.23052502920987294,0.8604033239746576,0.35687292199362963
0.23446459488222915,0.9377419608508248,0.29777503241141323,0.32813797140702383
0.598377173635652,0.020534883762871603,0.1926974108015782,0.05394769147072065
0.8910238283172548,0.4501034472988432,0.33174765465346734,0.7529109031695062
0.5139066727785608,0.7279299395823414,0.008822535500969453,0.7156502514445388
0.9963478558864571,0.30623751477415784,0.6249054209889306,0.4224054699780895
0.43318637857095965,0.4812469794586648,0.5289445127723921,0.7493170834286059
0.6709048043561787,0.3522455121646203,0.9490965662144366,0.9253620456571579
0.17220491833119023,0.4590637445579988,0.24796932166582797,0.5916437854342835
0.5469691238340372,0.5711239062027108,0.19038110537761976,0.9160250193286071
0.2899561331454462,0.3693466956942191,0.548265008593961,0.6634147925202576
0.08848136697543374,0.5719362263883587,0.5271782362180325,0.46276490962059547
0.6232545060641093,0.05542281039363539,0.2883890155657044,0.40512248239230253
0.9749436484238967,0.9836961995363276,0.961844509862884,0.8099384074822743
0.11891959560341792,0.5389088237327275,0.6933208961779757,0.8534894953937496
0.8892739982726166,0.9197036296027613,0.4208755726409156,0.7120764020406769
0.5559384156807254,0.12460203529056779,0.5401774922381549,0.7554047849818204
0.7173811030080065,0.20624997719551952,0.6852238136880818,0.7158744290898044
0.1353664338931555,0.5865635106825483,0.718099593062342,0.6062469567068731
0.34398793947456374,0.5794287754447196,0.6764716105593815,0.08662141206041662
0.6082673081701231,0.47420680123393977,0.1779600579628966,0.8926585548741381
0.4637823954496537,0.28891718180331416,0.08651896120012048,0.4230130086161277
0.6733653700821713,0.2529334290414673,0.15389195045127657,0.9291336092548903
0.290917025399407,0.7047559200460827,0.14282466439534258,0.11340977088762105
0.8338078247530779,0.05118044774967101,0.6798321741655224,0.33702006582010313
0.3006988180233343,0.46540575995283284,0.3610021329888631,0.7798741644378158
0.0864100798473375,0.12761967777157468,0.3403464912814056,0.4147998444339286
0.028882022259206996,0.3111304215272779,0.4593578218329205,0.4453311077243265
0.805696611701713,0.7473466587490178,0.6274401092077467,0.838966909873783
0.326997563445371,0.5806005844818084,0.8967102491979679,0.4095848737242689
0.7810323169450452,0.7314578444175077,0.2207183263883692,0.24622284448071252
0.11840181847884579,0.20630968531170313,0.4143120319660818,0.3138996458004718
0.7902324322123974,0.37878371437328007,0.7919531762353647,0.2817734933654168
0.4783345793171657,0.05200131878686298,0.045818490750437646,0.18078879698673134
0.5641500923566763,0.48319562276576566,0.07040418536462156,0.205623803241759
0.9453704860011978,0.7923573544445821,0.5136857287601099,0.1539398325074326
0.5327895286222895,0.9435113773282804,0.8650004554413487,0.31350843063001976
0.09095138473903708,0.6275417066753903,0.8660603286672903,0.3757684061882245
0.12796801216975628,0.27776640256978236,0.33447354157534703,0.5744805578118664
0.2149144563247214,0.876272663934073,0.4683694824528918,0.5346036263056039
0.12254629491035873,0.4841647835937988,0.5710198029214543,0.21771318297826547
0.4393915713140075,0.04942730325647149,0.17521920565623528,0.46885579529550525
0.9136268564693779,0.04584324302175258,0.5790688775734426,0.9711918748741653
0.8544077834001222,0.2860418498163707,0.3912967885913382,0.5344799238852468
0.2698681245344534,0.26524392567079624,0.18134843975264314,0.011839062105053033
0.693172674064096,0.8983573291926045,0.4874386526372403,0.45365525635113313
0.5175079273025214,0.48907152999751036,0.23564825251398125,0.04648765349844086
0.17444908696629102,0.5546978941440914,0.38473379937661634,0.7052265014941925
0.835457876678767,0.8974328250613185,0.9668939066605022,0.9911083772628114
0.8096942775030813,0.23374754325041613,0.05227467291120658,0.1475717099170588
0.3578460721008758,0.3436328338099649,0.4635373520355235,0.9703649059557243
0.5081656265812596,0.4440253697324432,0.5160466373149559,0.231604590004852
0.262190041060962,0.6563029253699699,0.6483989728143137,0.0231988733332964
0.05336784188101318,0.3186416643184571,0.4379915172276664,0.7204792116298738
0.642449675063831,0.14294015691684814,0.48390201401190513,0.23343182594551126
0.8764611607903487,0.10273430748504686,0.7389566722402531,0.17346090914399082
0.36913392784210497,0.4705370232793211,0.8478025320377797,0.767602571492449
0.773885843688851,0.7518014284653705,0.3052071710674755,0.008463240336044842
0.8412832161985483,0.2654895018571184,0.5358018024559272,0.9490863043275606
0.3798855658725089,0.08807102881874529,0.31728765617883015,0.4596199230580369
0.07304584502365674,0.6391645754824125,0.44045219749038234,0.021363331873367697
0.42744569668700916,0.6899410236039573,0.051488437239438856,0.5446755080623754
0.667658841509945,0.8929470352421583,0.677363436517753,0.3528441934755655
0.48584031405250205,0.14564382190290637,0.3598623544122834,0.49260163433443205
0.8753603144343812,0.3031027444163502,0.8024801798231275,0.3046111610690999
0.5808133894723149,0.9245034443629624,0.9609057768524327,0.212057072902459
0.7353194012317373,0.6507547187232205,0.018654051359473622,0.5941243776882628
0.23337587303291885,0.8569099723126928,0.9534635604927325,0.4465829128332395
0.7937251222586129,0.7605496707154554,0.49681375340075173,0.723704413681427
0.10563846247797593,0.7573904945579222,0.4049638570778843,0.005526801090279587
0.7922664764717784,0.6713250585888842,0.9002820616548745,0.306274179633912
0.6573010537197391,0.3079607116713,0.910024583307784,0.9137937289267195
0.8486841717308092,0.23946734041909512,0.26300398374597933,0.38209500593290957
0.1639290371930462,0.4027352331375419,0.4667022029718091,0.6939198551499124
0.29270651615805743,0.1508162402418659,0.9199996645268105,0.10157169770188212
0.2576098073903714,0.6837497516406391,0.5022767259284341,0.197960245923833
0.28600645506520983,0.9083048074474914,0.7440388816482504,0.48705281919742494
0.9839726898376815,0.3646919650814243,0.672051584913081,0.8711303240969543
0.34807298090740457,0.7691289334072393,0.1297714560712725,0.6988843952593335
0.5408382931469508,0.03501514731982347,0.31019484005079945,0.7614253045464872
0.34719282680047514,0.5823803268187692,0.9737329105553586,0.5597867549690749
0.28426090630719303,0.35538176465225757,0.6137940800621531,0.5436314747486964
0.42187673661726033,0.6208980391058797,0.9677032807294699,0.2612775948453556
0.8654060416481384,0.12992613371106343,0.691146128609309,0.8935511254859791
0.9646992357344966,0.8555924730875895,0.6183101886003418,0.09770130573744595
0.20661995942810774,0.3121226291204876,0.4867634966916021,0.5967058005910099
0.5270709702376282,0.13307068806002975,0.9798174271005339,0.48177722600532247
0.7173406730394009,0.5568152925178779,0.5957417830070588,0.28392443383844246
0.31762947062221525,0.9340487891104189,0.05039744543647218,0.9411285362965406
0.634487060677127,0.5133179761802841,0.44103084126115955,0.17374811607713136
0.36835330083183604,0.14660765922369634,0.9915077799360306,0.7284403711117958
0.2662666341637804,0.4488735673779266,0.9636885066521033,0.8805895130522793
0.972639087623679,0.08452738900780954,0.31570413546397336,0.5919255357539782
0.6076421709961068,0.3648825490844686,0.5229713475657802,0.06836358180665658
0.600203136205947,0.6869385006483931,0.7388860659681895,0.9049398095962607
0.7510262560949905,0.3613577039898096,0.14432131861706188,0.805632300671549
0.02492960741479633,0.1866118612043578,0.9802381027837572,0.5590434460600326
0.9492832779683197,0.9933816652423948,0.9063794483759435,0.3610602500774681
0.38856997892435596,0.6840413692308274,0.969223176658348,0.7217826401975451
0.5433610504312951,0.3958039992147484,0.4082752607103215,0.6629279949786271
0.5805004849950287,0.6332658094000975,0.36908422217288694,0.5897600439333943
0.962310403958878,0.8589953991391557,0.3476547188882019,0.1263044491441191
0.8320391801215493,0.7838182348335425,0.48577890296629456,0.9620911110155527
0.5788528397850063,0.9583377396487509,0.26562527204563036,0.6420111008150108
0.22497007782815848,0.6175252868576759,0.3483849326696523,0.46639453120169483
0.5638154145402169,0.3792758742360022,0.27381061948580165,0.5101425149720846
0.8898517447165065,0.018442217145583695,0.7232389876717386,0.7280319289219198
0.419677339266447,0.13342918012873672,0.6317460213306001,0.43502226048488657
0.6314927677522173,0.8259423392914025,0.04461214674738434,0.028958484379622007
0.4264255864024389,0.9362483791314506,0.5625903897806562,0.9874604222553656
0.3760937037404509,0.7996172426228537,0.39257798942632915,0.6578582874554892
0.10871910790380979,0.8008565520540257,0.8489110866813158,0.904663668801267
0.04814484948876485,0.7101841691175821,0.5474746362370461,0.7563795584665269
0.520272450864356,0.9545269682486266,0.4982330870665733,0.7677436918375394
0.5530986927134816,0.047055270764322366,0.3009483592913621,0.13532541163206768
0.04941648508843133,0.7176710805434166,0.4972349470201959,0.9077876591986311
0.7716873501635553,0.7314494519620659,0.6650691911312322,0.7229690913411081
0.9875680534964348,0.49943196381184496,0.23732725291089307,0.18442460260590487
0.9636290796898803,0.6769739437326244,0.160355364488314,0.09070511292122718
0.6714825278092915,0.3775368582028278,0.5761183583953732,0.9726376258230541
0.9882521374727221,0.07085312530293097,0.13281939453488478,0.08114745444839866
0.9029609183410049,0.3651757064032882,0.014208933149248981,0.9648433924464989
0.04401386653364514,0.5570454833283707,0.27908172294954714,0.28702743329613434
0.9458792195216019,0.07611905839332544,0.7805213793230726,0.2594015412699283
0.8791533991059283,0.9625100753180453,0.22603014446187242,0.1255584174007376
0.5035713929529384,0.47489462699551965,0.05837161675833569,0.24523875030786957
0.6878672780760833,0.7394324205569281,0.42195039859702366,0.4201873198823315
0.8969407374675603,0.5437712925349464,0.2753101039620983,0.6942932887102538
0.040642670120523694,0.035099989979549995,0.039055400244250804,0.7462341765381985
0.5286364683105556,0.43691570998497065,0.8574249234692941,0.5779514556457365
0.1750173806442118,0.05890793946994832,0.7223438234220502,0.1105931284871724
0.0013999848045123109,0.27210851456089613,0.05051849109563,0.8760754702704472
0.10582082828693218,0.5917876919013634,0.008975917336835448,0.6128452609319386
0.5061755660746177,0.3356677628307052,0.023293605789972416,0.9466863177728775
0.23463699545185446,0.4333991227491619,0.9812239298807915,0.9688520353570158
0.06392495992695801,0.066507316651223,0.2831792141546602,0.12803670974683545
0.7349354644590815,0.7333447049194732,0.37829289713604286,0.3455244587454589
0.5702733141522375,0.8153403807903462,0.9001903020227127,0.7098778881061008
0.33217001547766245,0.6520269109786141,0.6015771886494731,0.5313050962245065
0.26945432107761524,0.2609566014347394,0.13345940222095143,0.368313462488295
0.100691309167947,0.10046552158102484,0.7388599401541713,0.7919984867412316
0.1684665037889551,0.97795008429126,0.6980194367981045,0.7467585407510955
0.40095432682155197,0.7435974436182055,0.24740187426924287,0.07247860444779386
0.7645227901252715,0.1401995894056054,0.5312416620173351,0.46917253206682974
0.6270330667152982,0.30479720956997647,0.1626827620003033,0.02753998735172869
0.7537349614546365,0.07071958453145766,0.2307356014562566,0.11334450445547006
0.2470551226764799,0.14028845464501405,0.6851817727892373,0.7265509376873175
0.30610782266265313,0.5503617807051451,0.1281388440301191,0.843270148909781
0.8809875166837263,0.9063112437719807,0.8731387924508143,0.13661066167423863
0.7850054568299741,0.7419579263015575,0.2895638421590999,0.5609900022780506
0.27195707971946137,0.8668045053731669,0.3855805223063249,0.17260629675732686
0.27089076513893784,0.540776507084363,0.3077414458348168,0.20609567425288744
0.8030993810448852,0.15329738668577286,0.5450204827311075,0.21570966950124792
0.5149866037896936,0.4713649277390203,0.12949665115414377,0.2711696542191553
0.5425385877139814,0.8519569085106617,0.6808785753542386,0.33974095918735026
0.3602666218314392,0.11005547035862073,0.6205782342121778,0.9333230109370381
0.44384034736458977,0.04796631928062112,0.03773464093612944,0.9677475474921559
0.6894915149666612,0.7245205582926203,0.1392318651131471,0.6761364891239984
0.6511860914472719,0.7930344909379283,0.056481936090300056,0.5477095185912934
0.7954050593918685,0.5556251062988657,0.6341512242067757,0.8824733134953044
0.17597875475422542,0.5092263232833822,0.6210827844850603,0.07330827769497117
0.33733970469943586,0.007369441212072059,0.6225234206875324,0.09912417527258044
0.526257775283062,0.4774568072525829,0.7610537237625569,0.2358689768346215
0.14903853660167676,0.49970013134125346,0.04904521719412924,0.42166632808499604
0.7862218078228048,0.9471784899483033,0.8143491016710908,0.04448538143187508
0.06881621994973486,0.4948477017657166,0.8644389567678152,0.5856919910765305
0.987699437603171,0.3041128876658967,0.11389667448523066,0.08794262422126609
0.9168609115676388,0.33078017350905253,0.92845495213262,0.9582466087335209
0.297057874579547,0.5648710236003165,0.4840824961084701,0.5139385636101776
0.9373912547527085,0.424748732701122,0.7950687798935819,0.04581670149752182
0.013462704572203443,0.8279250111815766,0.5467413844051062,0.22501916443281655
0.2534015024467897,0.11751099455451852,0.09242759592146954,0.14127712895972278
0.7839701689773251,0.9090800962547865,0.31122292246666217,0.5724151431861473
0.8035916746279941,0.34297743802656144,0.4958154750666225,0.16506133459096628
0.2722558152210204,0.6283208766069506,0.18271794531562935,0.9513918317892148
0.40082273625105813,0.8475472469244468,0.5825564884435586,0.38187895273591344
0.9125310236109617,0.7435399189111259,0.44809613692908135,0.15526564028373213
0.7423336353720894,0.45379152225742625,0.372693729928977,0.5797526113329
0.036082456841585064,0.8411067012419243,0.7649826626158832,0.016600664918073993
0.2732960101201235,0.6256234574398161,0.925631978449192,0.94002805127005
0.7864503953065427,0.6391058254337597,0.3421249092097707,0.8111350146666542
0.447961539228489,0.8734251088914621,0.13901079190093435,0.8493991075439751
0.038046008298866285,0.2170240403427801,0.027243845254765753,0.6638793381513337
0.7994553638067147,0.2970891158146306,0.8305455004359321,0.3002411730555046
0.4480319530568069,0.18578071037188448,0.6789906486284916,0.41497462339562174
0.38581332764555964,0.8557635852014446,0.5699210541371729,0.5073958523718709
0.49020594909669235,0.3011671701194113,0.6328147313124413,0.5948666465606147
0.25089162223137595,0.24897579595530672,0.2817977777287911,0.40258242499132524
0.5425784203080597,0.9401463494451199,0.8600386888233867,0.7924093761867412
0.15073067212600832,0.38661825496563507,0.5965765926093463,0.27804020182263667
0.0472791230935502,0.897200784564153,0.8865035851627859,0.8809117283931333
0.035777064956475035,0.41100168149646155,0.8626289092002666,0.6563565438054842
0.4966281165676778,0.3108256015747529,0.0193355051892099,0.727900752394962
0.8359145108709465,0.8931402072766251,0.40194618340152577,0.9957952443738473
0.41878292383852167,0.3888353131043988,0.40838983921729255,0.8350544474035899
0.41975749499481296,0.6382692018748797,0.319055821274876,0.4210113984026581
0.09841422285807755,0.1495573081149073,0.13430484799085118,0.7498747894550715
0.17548852909983836,0.1460356310969344,0.5278601072753146,0.6853172600201723
0.22752076145802058,0.3032616055088536,0.4536508972301889,0.019544583485967992
0.794653903655736,0.5518556773349959,0.3062013020927915,0.7868903500527745
0.494816347612665,0.7405621965994172,0.9280302105116379,0.6799998228836023
0.9810581765249888,0.456962454578275,0.44286167562858103,0.5939170626388742
0.4585494776229576,0.006040682260652908,0.7044899096685339,0.21099987183736146
0.4842270627321571,0.018779580807615992,0.7234430370481046,0.5946807918428385
0.14669262085298007,0.556581682756173,0.0886355936628973,0.47507993453893993
0.8911783973717259,0.7370876794293234,0.32731993520686464,0.08696487634643402
0.3443347705321438,0.6741752534811943,0.08726642656714545,0.06358804694909692
0.8712937996778602,0.8279301121979552,0.8565518406722968,0.996243578049797
0.09180267133985898,0.12896872861697295,0.10931066000385603,0.1593263513198071
0.17416351787384787,0.13686249786152793,0.5462946395482602,0.810131357569659
0.5839749230026122,0.9923545711923387,0.261275308582568,0.0081274255407624
0.17490713795040735,0.8954959401940377,0.7710721719554243,0.43775886863839386
0.6432128709607083,0.4761583379411908,0.29110300853492543,0.9699195574358185
0.9970094394291509,0.6071379077479913,0.8852441852159476,0.6117438672900462
0.7610831694420568,0.8683089284582346,0.6117958348434103,0.6448539745623455
0.5228888759170993,0.684025602630966,0.7642725152763619,0.2577278339703497
0.8129487191619267,0.06759172218269405,0.6525166885261132,0.2205294894130897
0.25020996613933066,0.5446769542903944,0.07550693141179143,0.0014528777058855358
0.3197704153415586,0.6386031197300612,0.4967922638310772,0.5489329384913496
0.9205672374595071,0.8764762847338741,0.6387373224003946,0.37428248683552434
0.5930625599062228,0.9953526560248801,0.5483490130595302,0.12229573032061336
0.4775298086100247,0.47994526740888754,0.09210105154615311,0.10351673678213913
0.47894466679434167,0.5473230006320677,0.9267594747757184,0.5590770805868125
0.3133902270280058,0.009175785337695475,0.9941956861092626,0.02529797658684152
0.5420561795733414,0.03179934650029537,0.7599141675296338,0.04975260653650637
0.49323489593180125,0.3214234543768042,0.35163616227134686,0.502338503997458
0.46171832937310364,0.5108765912340061,0.8512878689240472,0.24561198548389562
0.5992123922181956,0.953629038993619,0.5374892880807685,0.5868463177926462
0.45662043479386694,0.8168435987099407,0.7763757676999908,0.7085673751855105
0.5791884942579505,0.43741986755902074,0.06756433605894852,0.23589379496941565
0.3435212388640314,0.9607117164630792,0.23874095515087757,0.3054919241838798
0.05371006500530873,0.6852820562646948,0.024086051189737723,0.8262751778318412
0.587422034662655,0.045890185023215624,0.5298349348803486,0.7512111060049582
0.8329072322308189,0.12335980459199813,0.13522836478730138,0.05641046704272201
0.03797559682003582,0.803035604259543,0.30604971769332634,0.5057922299106768
0.4086945059094059,0.7721969039973371,0.3900541464999415,0.1325509808578852
0.290451602183195,0.10712874677128648,0.587431837820729,0.8851261653373255
0.7982502441084014,0.8285600843842624,0.22776383805795541,0.16984239783553112
0.5581396363967991,0.3905842924015298,0.7194489035538484,0.20514276419786048
0.31664630407850924,0.23885252349078245,0.3795366636399714,0.5174487817311393
0.4290193500172902,0.1537174996196492,0.7151618672158826,0.9775357877656619
0.8447597146499981,0.6401237757021657,0.7737068645226888,0.9175172313150338
0.165786480557773,0.027298004969599443,0.845421659512354,0.9804206630243452
0.048071565333763444,0.09910992154380871,0.65272760748171,0.5971116988588716
0.16732864763698385,0.3025598619562979,0.8549422117008629,0.9060768677982711
0.38877129132929267,0.47454020240885797,0.9423876724109581,0.3962274621675368
0.09431149383088833,0.7370470503773727,0.06108696984600592,0.15045460623857987
0.14603720492317074,0.021639598107739966,0.26075037898676234,0.12480142337532418
0.45133697152730423,0.5617526122036924,0.4591932588650377,0.6017842537770767
0.9251495293975996,0.10309654265010149,0.5832696507326393,0.14870378763323766
0.7476483604217583,0.1509140509532405,0.6307125414922634,0.8632840328429847
0.23325482230016148,0.980374446109658,0.9357861518740932,0.36567879380011103
0.8335888838481513,0.23265022755140674,0.6199214465632494,0.7751954662771287
0.21828379934405484,0.23948400141003567,0.09923621814819772,0.08660003352684054
0.4708234910995781,0.43144417534190205,0.8950285232734794,0.005320556222863648
0.5290577836355289,0.12293895999394666,0.8483198413213349,0.7294477198610257
0.8058891522639683,0.5955483299344478,0.49068398779113154,0.35698096766761445
0.2917005896710373,0.26715831140156787,0.6571674181334934,0.8222957238040023
0.7291986325052017,0.61807950103479,0.38936893219389124,0.6837226530056336
0.2480441983299887,0.5612347775401036,0.6352216735003682,0.7020207913798417
0.051522690203916865,0.677245235458434,0.030803887249434392,0.21687829416188908
0.2981870862760434,0.87108107866799,0.1481245115865618,0.014111059061764575
0.18162455171886516,0.5908334120936932,0.027856455807901637,0.0005900679461315894
0.3092992453590394,0.2645309459364499,0.09125650800082685,0.02608955994196893
0.9496891609398642,0.42535809026802385,0.4063052426513597,0.47559939797357975
0.17925665839013338,0.020099818360988286,0.8237060328497646,0.4986732515407395
0.12758433828026705,0.7751246477040273,0.534570946117233,0.9870148775548435
0.5784842810072994,0.06533153687012128,0.32636809894633556,0.34453523633850247
0.464123178601451,0.44697602939044556,0.23545060118860117,0.8668851482734768
0.006433980202352529,0.3372134580514259,0.42555651408096073,0.9310875079281046
0.6077555627575103,0.3737582062929804,0.6424192328533095,0.29150401529935144
0.02605925904183759,0.20517427518826803,0.7587403665665643,0.5585441358622344
0.840366938061133,0.5418959439332062,0.18806454108983672,0.4465327273468874
0.01578528983275107,0.8626868503122115,0.46163336325847315,0.2916314758223959
0.07300305291028752,0.8068283226974227,0.7649863170790929,0.37118406058732356
0.5653332653606526,0.21689301523022708,0.3285538347183975,0.0727262999054562
0.5568720848922998,0.850497308322315,0.13753759332614723,0.7343679726793283
0.9325017624633162,0.754806350259384,0.25995975227766877,0.6277582427849498
0.11835946345982595,0.4899342358283334,0.061055671956988244,0.6204694915672544
0.28429266775115636,0.2578413317888941,0.9969392954516744,0.9297381887883668
0.7716474903929104,0.7221192126460083,0.20663257405934055,0.1540185169142314
0.4953560717220853,0.9684161263794158,0.18627476278294164,0.911887278838204
0.03088293902938255,0.977518115966363,0.11939110276783993,0.5508451603883489
0.7452961379095842,0.013354858464133756,0.04378926534479477,0.0579049193836455
0.13856061451258928,0.3970118609546385,0.8544074867706823,0.08394790858869017
0.8950615939159093,0.5629307554835211,0.42743840413636724,0.30014419960347183
0.2295234590536822,0.41843573322061756,0.7744127294514833,0.027989208066989568
0.37533937146348695,0.8813063120705482,0.5627799113351771,0.7147632449193914
0.014427483878817982,0.47891303151506237,0.4579209539943706,0.6617091359442637
0.3726979761506569,0.21227960430217518,0.41170649718429486,0.3254953791287404
0.8324802999007249,0.5190101408416345,0.15787751292831342,0.6942217529770527
0.8530765243094379,0.7332538393521202,0.44046753571853414,0.8243205027086149
0.014173338072984043,0.5251733635268797,0.9595003411485794,0.12751513859389307
0.6787844084429371,0.6561528348044282,0.8604634879182733,0.028899828940049388
0.7418297070695495,0.0452579021023356,0.5357097524992086,0.34991733265442126
0.08855135950618509,0.4126286189377716,0.5593340981562417,0.6921898388426503
0.33440841889459105,0.12008540438901938,0.7574907414275401,0.42455964416614544
0.1496415343247922,0.46153365772891175,0.20898460317014889,0.009926919653935551
0.17566719985874957,0.8963850283547574,0.2671791791788456,0.8295231883448163
0.6828896552526391,0.9585546945400713,0.9903474276859375,0.6740192785780964
0.8560438822477942,0.29612248448980627,0.6391531564377781,0.13464055462206925
0.607616724449426,0.009957544548321984,0.13056404981403746,0.7281244289421084
0.11878645856275227,0.21633706996561464,0.21308898059511916,0.9679243150005528
0.012741480956814932,0.4835076371161732,0.1930248404099545,0.25969541972941723
0.9289967578402532,0.4041023956635881,0.2903797265504775,0.948049790039871
0.030873280778622947,0.15391183438862222,0.5081462911744116,0.5907571522910648
0.004091413343646932,0.5241661159079573,0.6703314254448535,0.1547121616581426
0.3731121668071755,0.017640799871141644,0.2549846504909148,0.3639140411770918
0.7347671336927343,0.11527400552871048,0.7052195030844526,0.0910819885514218
0.15747639552713466,0.09485206897311871,0.6302814598418304,0.6156710231935192
0.9148352312708218,0.5869281546556566,0.9471878604697375,0.12105959871079652
0.4887445898344136,0.5063346827368667,0.11869959571189415,0.7293657370934244
0.49104647337963003,0.6721446776266193,0.6585499432797871,0.22582220559584076
0.8838766861353478,0.4143154235226797,0.7052849183317854,0.1043136709341953
0.9293014000487115,0.7256459767922393,0.8395193893730345,0.11440053010354911
0.5167880585682446,0.46847138231141905,0.29496679598831566,0.5295432259852055
0.9187086980364099,0.6997683283119589,0.1624853417617116,0.6965681195049895
0.804246185095614,0.20233285221076613,0.2613979231556488,0.06505972033142404
0.38022367508662,0.7590259968484379,0.35497676397643885,0.0995682141420603
0.2608963751265879,0.1417698952983244,0.2862005950738469,0.15253515051341682
0.10198008735049535,0.8754430910001706,0.21774055959581762,0.8703389065678793
0.26620731663537356,0.7434506273142206,0.8652731286221166,0.49308689140414397
0.8956415763899183,0.008202228976887715,0.11210331922839667,0.062214813322784446
0.9459970311777687,0.38361304040032895,0.6270826529244229,0.7804304314173885
0.9695619050031918,0.8839387730912744,0.6121570654241401,0.776251781569957
0.8908491654048465,0.6089816540411314,0.041785133361593285,0.4495740217223705
0.9434600493012912,0.5008494177548884,0.3741956427503256,0.4711844096768303
0.5908986696388054,0.5747546630714951,0.04189974886118519,0.9752078952137144
0.8785505849248099,0.2516386218221054,0.9943129893196146,0.1317108215699142
0.16450740781436368,0.75338977236467,0.9091406758494556,0.3068213622618816
0.9219087040119766,0.8160101795917033,0.025739672754267362,0.17506248437168603
0.42793773065650664,0.6805402451531314,0.273827401129911,0.5988928439912455
0.06997944553217494,0.14369691171748677,0.802622199462765,0.1980045590971612
0.2762515021553734,0.6307563529567767,0.14373867676961272,0.8083819469483065
0.7546513277745578,0.04037333312164737,0.01784636029589326,0.1901525621230603
0.23206127978710334,0.6083894929480123,0.09175157936252998,0.7521948819249381
0.2206602553087591,0.9494244386051306,0.6283984410590041,0.7210912915603375
0.19899753486742955,0.4236990488559623,0.8327626465445833,0.2178875351867967
0.28455449282807876,0.6099831577786891,0.322166908381622,0.23061372602957264
0.3329287019927729,0.14998180634875724,0.5308906705209845,0.37271516477052136
0.9190717622589333,0.6198760323644759,0.7928531205050977,0.652627859600068
0.7273893634552547,0.12322502268748148,0.8508980991596938,0.5326976425531567
0.35487807285494954,0.7728068136915904,0.09831291568830725,0.2567396018385323
0.7243127620413018,0.13861610206126873,0.23591433626209213,0.06946038933694698
0.5360824477843248,0.24517479094132433,0.8465433705790429,0.1043120343228453
0.6490028106543626,0.17489226864467222,0.2956186934478091,0.04434890642936373
0.9839599466224246,0.8123932268391022,0.8638199575534495,0.32431479687414644
0.3184411388833501,0.2245607015566211,0.7863972526408551,0.625907020088405
0.9995608893398785,0.2339917215837315,0.0347081962767577,0.8166575669395917
0.11415031498455663,0.3369653566929238,0.37400056207178145,0.2255222796644646
0.8484905462039197,0.668745468276297,0.41151237993958123,0.6841782186250831
0.5996020050548093,0.685359787209902,0.8378553534268773,0.9726275171470867
0.9487049651228037,0.2516338593342594,0.4545713141803458,0.5330223274694409
0.4732573688153353,0.9023041045238982,0.32772301842500373,0.7839302870814183
0.8969969604161658,0.18169422858633455,0.4483909567856137,0.9117681302490279
0.19416703565549343,0.9526629355128167,0.9373824203121566,0.7935718794327792
0.5121152410694999,0.19803936452072757,0.2777366689890344,0.4458726631832368
0.10531090751965844,0.4739626355646144,0.8668321250808129,0.5818586031103099
0.7276994932666943,0.18245075286182177,0.21148404208286253,0.003279023119838409
0.26457678104380666,0.39212031523444657,0.6603149759305967,0.8315375654005503
0.046322968854320856,0.3121339003186251,0.28620718798701505,0.10288917139472109
0.6743110942667319,0.16701294801356692,0.6243753763701481,0.03766375327995741
0.6925978842329102,0.9806436286347797,0.5626812405047359,0.7618371645951061
0.4976037982438898,0.1417682125629084,0.19482766024531006,0.37996981391352014
0.992366180315985,0.8373792552617654,0.346064352009386,0.19061569757299202
0.03948727729897872,0.2997332253003031,0.8825872504316178,0.8118468701130612
0.960127265889633,0.022705965984192833,0.9845721925986891,0.8615331236272078
0.5168966928488201,0.11291243758364988,0.5585653785544078,0.9733012192643954
0.15930774051639662,0.9252076128805993,0.2834135156057105,0.3372147673162432
0.38370423900213013,0.029673946019072472,0.9095705689876912,0.13728128164941467
0.4274739896169386,0.04916301365505826,0.40479478920880296,0.07066319211462557
0.853323900394095,0.4206877327839793,0.9527035701513893,0.6958318778170284
0.24859766714882092,0.42227385164718234,0.5113868400482783,0.6056009080200877
0.45243772898349166,0.008842216123548297,0.06331402228833483,0.05368448499771339
0.9888200069620794,0.5735017856297403,0.7532915955253848,0.6464561242941209
0.29196536517296656,0.0798541592018297,0.38022106453332327,0.3535255296567169
0.25753816267525254,0.861827635782032,0.2669472324016201,0.9621656705826653
0.20981591500203867,0.02340654543500975,0.04306716856379289,0.49367850538691005
0.5871728117755558,0.43089542724954233,0.0010617501554757158,0.38878978097921646
0.5316395585343715,0.8037412865821916,0.5040355142342415,0.38946744102317943
0.6986299647435988,0.1796943802305786,0.7742609263883121,0.4819397218924999
0.7442412469189804,0.40772806522710836,0.4683353906957204,0.360909378332124
0.196280484367516,0.13389684834501292,0.23521095556303162,0.6887859176091606
0.7305662279979972,0.7711138323198063,0.238249602970809,0.647127015768947
0.17935277891747203,0.9146070233759264,0.8097359962675913,0.9140899016203259
0.5350760959796719,0.7121521525286015,0.7370675171333602,0.3061084475734185
0.1956022111927903,0.5051405139012344,0.012438132716118377,0.8151300752802921
0.827528442739625,0.8596607670855734,0.2852958217509537,0.5063530752826185
0.897018308483743,0.3632093015048282,0.19123019657233586,0.13779955433869662
0.7596644905610329,0.7163341719057896,0.9380888081938605,0.48593437763740566
0.5837774489565971,0.8541558687731519,0.47454813552815533,0.3806188943391744
0.4036431540231966,0.06099177808763501,0.6924472324594084,0.381165637601385
0.08187971645408287,0.8755984542629939,0.4705923466970586,0.103399701105651
0.6900161060339622,0.7114927282360393,0.9543639475222341,0.6693409357697769
0.5657645695715311,0.47737695237690947,0.06698781024321876,0.1540524989188483
0.09374355330005413,0.8859839175399778,0.7661228977971528,0.5339231832144768
0.031070587415809037,0.9994153473197686,0.39562185782700865,0.013172342028955897
0.5429877227225793,0.7324593816842593,0.6054049828091047,0.13050291430912542
0.6377822267569421,0.02907345067535172,0.9630729758931506,0.6847615611330262
0.7413011491713634,0.4075832016630949,0.6572421212358719,0.6285799602365614
0.3411178214371293,0.6814489764170693,0.5806262069926976,0.44658266520455403
0.33204821153366193,0.981570026146104,0.918636460579302,0.7382876283584413
0.9647609553072293,0.7575670930520306,0.07587697709185515,0.4411430495952433
0.25969174270177076,0.29647888299661573,0.4108563867409257,0.8190629946966573
0.41244310041435583,0.9765924577422751,0.8904202017650937,0.8298359730452386
0.26513657047953754,0.3086369984321985,0.010132818404011923,0.03228642059245146
0.15438573852723725,0.3797923866741004,0.6932099147759888,0.45037533251082307
0.8854544694420751,0.46765544873971254,0.21616811357056553,0.3452872719524158
0.8718659084388176,0.056487266347362564,0.09178841057361198,0.830608276189953
0.33109083625000635,0.9416918190467639,0.9244726198184379,0.694819575625948
0.7672210618310683,0.6788912752611691,0.5750963746299278,0.1303117991526821
0.05840958111482508,0.2089540861096736,0.28551538228268925,0.47246220135549666
0.14475171890365057,0.22815257528348332,0.957604829727383,0.2654887803484739
0.4664819721584582,0.759332247477911,0.9996588853782377,0.6646114978520238
0.4213742458589326,0.0747822235960508,0.043021373102061666,0.863889380345584
0.03722118620494075,0.368652392798143,0.840648126531113,0.27195480212229417
0.3312272166476604,0.012447758505075734,0.90297000681244,0.37018472174493233
0.7916897603329264,0.8023350213773238,0.1555387933533009,0.28626409486051996
0.3225888184857454,0.321863617820798,0.9220778680187902,0.37750519261411164
0.8117721935268638,0.9257055571975081,0.16113917994783222,0.8011026924953876
0.46785097525887853,0.8084900859121166,0.6560403457162628,0.8105413258637998
0.22219191494579704,0.2413985244192277,0.2733638464034528,0.9206169327106295
0.6235652653890934,0.49750208174822375,0.001748584169360634,0.47559975387647646
0.572358803772174,0.7594253353095846,0.5397181943316357,0.69892649644071
0.5714331564357908,0.685102218676307,0.5721868587739362,0.7607971272663121
0.9448407238091374,0.9846098994730622,0.6127183737935402,0.8016765268977665
0.1298599754061549,0.33833224718151655,0.682960664552135,0.05444804644747292
0.7925857206839478,0.6668395539473456,0.7897648550585713,0.9322963362092478
0.030961882143858643,0.18939677210347883,0.14074030393487125,0.246452813135852
0.43384974889379735,0.8773533765736867,0.20444969743971608,0.05916202843146279
0.18102455034858878,0.49808407191680504,0.3688891877718573,0.6765519988995315
0.7200672193140072,0.16047310637747436,0.31669786170284675,0.36641551249396476
0.022604843040717526,0.9040893413704468,0.8992778160743343,0.02843121372134183
0.7688678245615812,0.09613696176645503,0.020307275168725658,0.6869701913241797
0.46765334286922,0.36789825163589895,0.16699354301505887,0.1836887943303167
0.8441755485361209,0.14725450975891163,0.6524704939548003,0.4430538151489004
0.769775712189464,0.056880402077883585,0.005789971097675539,0.4288040991806774
0.1442129587754496,0.5013773681784381,0.3124600793954293,0.09807170850675473
0.5834314234443607,0.4858751146213792,0.19343026255272167,0.35354869862442584
0.5619538978243567,0.40187637120134134,0.7698553551217939,0.913621353917866
0.4900395236296673,0.9097605992508115,0.23111818632885295,0.05273036696037159
0.471387699733116,0.6951944724910405,0.9959769364167437,0.6644069110726997
0.48945688791539577,0.8883664517122303,0.47506662621197226,0.27364892935028273
0.7319687520946794,0.1317726996745302,0.31353622440624596,0.8490825097174708
0.8064527025873319,0.7601716814497961,0.6516677718740083,0.04830356470997288
0.3187571435567659,0.9247618591221597,0.5152929389652545,0.9161851197202896
0.7121751297584972,0.4337420059429248,0.5575773245526496,0.754773294421147
0.9854461093568258,0.9002336584039532,0.9515825155527742,0.9730011993530042
0.29406812849380337,0.4948182273220676,0.18078190466696076,0.05903364668027278
0.43842583161770343,0.3000674244835263,0.9280648408692934,0.34388031415251863
0.15448201753021917,0.19526404258747454,0.7153463470049948,0.9313971327891493
0.18458027583216063,0.6217863178322491,0.5161326681402189,0.31260057561167864
0.6011506317314909,0.1386410682657896,0.6287341955599238,0.3906306074397362
0.7293438957227765,0.19026159613035665,0.7508099424647767,0.03991591381101456
0.8074011103262181,0.9132998351534238,0.11937639749616402,0.36854474700655504
0.49163339340389056,0.15083843313521705,0.7428828981397182,0.2719621554704643
0.2418694951482956,0.8075897714529094,0.7658411078682703,0.1692133889604347
0.11080956112937612,0.42015262648188545,0.12333859314188289,0.9042809857146984
0.3648369220095119,0.7779470037434653,0.1284720497761811,0.06113886785625322
0.28342712249362545,0.7062223319637019,0.8153141066437951,0.6115141731744184
0.6440472428641323,0.09420684732991802,0.02001582875657426,0.7945836439036231
0.038959620531588635,0.7370278087021083,0.954529073146586,0.45050169440872323
0.3032207256539946,0.669842108868642,0.5401899796201932,0.010309870057119364
0.8485838116752498,0.8125097104006124,0.34461948527816977,0.6669112328852682
0.031116291683116137,0.71111964908634,0.5307940351504667,0.7613081538146803
0.01905630871524766,0.17358816799704646,0.6204579111988839,0.8424833007636943
0.4876178877925439,0.6998686266995992,0.24689803171254754,0.21752122438970178
0.2934215701707329,0.38840784353290203,0.7921246914847833,0.6732946000021631
0.19575112216322743,0.38066459109333595,0.9820357762791393,0.781243022000327
0.5191508108789443,0.25450958465038853,0.2517798195553972,0.08287590401546596
0.8600113826441375,0.5962656321858746,0.23157341186351543,0.37949820650080734
0.907023885536537,0.9506161336850537,0.7324059737986873,0.4073047435360738
0.3803773582796184,0.3667028623638493,0.4663322032159165,0.41695402570815343
0.4760068512720216,0.8346191506601547,0.21045694820963678,0.9115597936733381
0.9695685349372727,0.21668230715482895,0.8038981181165886,0.8619883433470003
0.07406579738179364,0.2783158839906088,0.036628115516606385,0.21002236348983083
0.8641946803680689,0.09698015157805606,0.5823893740589446,0.8156650952302485
0.01005215237511703,0.8932330112325759,0.9486650672584227,0.8060049293034041
0.5802739538204162,0.5911210518435436,0.5530377912418456,0.05049313254376753
0.34122533784597886,0.1863735224188502,0.2600063405853622,0.5399949691677743
0.6295545935443208,0.3836100120443243,0.983732641458593,0.7544308102176097
0.5283855691705545,0.6529412266693027,0.028438953372472264,0.08666866427331255
0.03630046534265352,0.2422158168036641,0.841444784850864,0.04035183779229956
0.8007040158207585,0.17611001841080587,0.02297746267403633,0.057855442874965246
0.39049251152712916,0.9964394657367674,0.9182141715435127,0.6436088907969199
0.11091777224410604,0.2810064817628687,0.04620366151587374,0.2709992092054144
0.6657762446007136,0.18716451161997272,0.5182072099389545,0.5201870927503112
0.22611814933277197,0.5320549185451448,0.19063655844617267,0.33452573392703466
0.4695445028351958,0.3130916874295171,0.38755220484684383,0.5364837275684889
0.35745585967640237,0.1513678626767716,0.9523355136111582,0.12515482355455287
0.9882451139828062,0.34885222509764957,0.6690671423732922,0.21096579397919313
0.13835113655199704,0.3934190719345475,0.18059680592127147,0.8817717255883458
0.9876375936926131,0.7827820801144739,0.2673927899868781,0.31759147804520127
0.9637415566785561,0.8649747760005311,0.32808488048719586,0.113096425215084
0.20727467981490022,0.8695529483141272,0.10962243442231945,0.6878508783086235
0.9208973929828808,0.8689898474589995,0.6558795445645988,0.8850002485683462
0.5012386872144509,0.9877547658464034,0.48386139126422534,0.9509046842009643
0.08959336586475297,0.19415432678392652,0.7556406901560714,0.7958988606385158
0.7335543117522355,0.7667446386470433,0.10713578955855318,0.6573544608112686
0.6419192406342012,0.6248089142420985,0.7589255178493415,0.8117213006751709
0.8102160467803046,0.90971660385976,0.13846482558569506,0.08696273531981757
0.947859895311208,0.7649722137435627,0.6517028777693337,0.2500466910808309
0.7784723338543764,0.12350596556957905,0.7957245380214336,0.9605917822911051
0.7831626333606918,0.5478390689848271,0.4034460838270544,0.30411840803869017
0.9431077701516787,0.628887258554667,0.3529883155646495,0.21039494620035815
0.08440767503474977,0.10723285206692845,0.24827665962508028,0.7911703189216567
0.5608482940059865,0.129696310811111,0.44739130276504546,0.8154012734752084
0.674667179224112,0.8720534443386774,0.989801578116808,0.0021206598350022032
0.5696823781067575,0.12205207463803835,0.265587283077667,0.2264539884459199
0.3913570211986719,0.5455359880860211,0.11047358638737148,0.8614160136224795
0.7884266434876696,0.02532919812431511,0.6360600350801204,0.12296994547570639
0.6242669881832181,0.9508122214327779,0.7318784662938381,0.24293552263413076
0.05242229444919466,0.6382466217620657,0.2544716454248346,0.8232260727586689
0.5375375097370383,0.23169535200272973,0.34492067603646037,0.20789847393273153
0.9681224341213452,0.3581304800180348,0.6739393786130117,0.3650642202722866
0.536158919163815,0.7232107447236991,0.7153938778225992,0.2818917725797536
0.8418913483526135,0.2320248729553065,0.4866320330090609,0.7157497236926009
0.6506858229467716,0.13491113332660798,0.6940983438763783,0.5381237331249185
0.018420942685465458,0.47412770499280243,0.06940690173041231,0.21012243740974057
0.9697428878996504,0.5484680423823883,0.8536304679056292,0.2031581205370494
0.09093225686927942,0.9143566409737196,0.9539289284203607,0.36984574918373003
0.390957508768341,0.4020674250955366,0.5429308943363129,0.8903871213779572
0.737401898008291,0.1625983625616002,0.5963065356602558,0.23050539976230455
0.29907133672002995,0.25982295628844787,0.10091338366733682,0.4371953628418491
0.8267018901525933,0.0730157263186586,0.6603792584073825,0.8226197340634902
0.5083224956603812,0.7589795080270714,0.465181611555033,0.3899789159154491
0.8046845983008786,0.6319525751925603,0.814688736641834,0.08960424936155553
0.9540777643810106,0.9636319739035901,0.9071064243078071,0.07392746915994985
0.5756412160587553,0.7539652313934945,0.8999252279298043,0.8848417958194172
0.8286456179908862,0.14498974569116252,0.9444632618245877,0.7478243424090462
0.34071397170312334,0.5796004471425413,0.5511224795455626,0.4520089285638569
0.773703850452434,0.8567265425456796,0.46488019019159477,0.22158392451527253
0.21673872938153727,0.7428544241215913,0.8700048558686518,0.35914844281298386
0.21529735696572683,0.5900577403225721,0.8979869920988672,0.06708563188440264
0.3709890446708456,0.9712787892004846,0.12934606132693305,0.6358931984401163
0.6496690480953953,0.6216750559944463,0.2123056244349365,0.6234649915191046
0.21341397759906144,0.994825862871616,0.15015366386396567,0.7452370588685252
0.5476055411478052,0.8431728961147148,0.510142695873936,0.911716644152251
0.6531006393936786,0.36759387245860475,0.2158235629833588,0.3503292078017245
0.8621275119049596,0.9213146091252492,0.8584020744696209,0.6865502805760652
0.4170980734702001,0.023688336382677533,0.7410543567363401,0.7804603062664741
0.8961912283603832,0.9422714576395765,0.42383027780956317,0.9613508775774937
0.22213037098015387,0.18467443632581404,0.8767303798267805,0.5206004754061364
0.20590285276846843,0.3114912234164672,0.26835206605108874,0.4833818570667888
0.5917171798610906,0.7759358707727482,0.794143345803321,0.9725950662774179
0.3840767237865059,0.08429496977267326,0.6599933222818092,0.11146059795485919
0.607481049311275,0.2929415357628443,0.8523380508256255,0.9229420480847794
0.0963892283684703,0.05907885758039888,0.7238419257701544,0.5523002098407019
0.3923104001314115,0.4058632211008165,0.15677633073171238,0.9701689567949336
0.5045487358953488,0.6142464467268856,0.341381274562903,0.1805601114182891
0.8094866640348843,0.33748603910620045,0.9968779233184779,0.5442605828204564
0.225026947416905,0.07642367811881046,0.8208191462354044,0.6823975719316145
0.1945028265325911,0.6088724556831149,0.7270621224698486,0.7774874991324491
0.27921340966495756,0.15986679770240275,0.7825312748270574,0.566414311820345
0.2584912837372928,0.6789007906253162,0.06579303427333705,0.5893486577341409
0.11579996380053892,0.0970456414051094,0.1939587762031294,0.3814104885006512
0.8761769863520286,0.7747710735371967,0.6052523748241743,0.911833376895958
0.8437656510651624,0.8816978075892735,0.5260053345035796,0.8922792863274455
0.4868027197049142,0.9542570223108573,0.04726638493016455,0.33852687947896276
0.6828038991935501,0.8304914687891333,0.45477605494815776,0.9840934845104049
0.8340966374553666,0.4247538358589613,0.6331235718703319,0.12895350008602435
0.8360716023787055,0.9432625566167534,0.35271881629291124,0.7064883232710034
0.7024108944849402,0.24482834091944938,0.3523920464524356,0.02320630051787742
0.5793164361100042,0.9227288194008479,0.45089179491403175,0.7512641014055491
0.8313146322990046,0.8695601967070077,0.7027836237601901,0.3100578532231756
0.508147557659238,0.4289206826986166,0.6544870187421493,0.7361752225576678
0.0060737959592117585,0.571300008519246,0.3067613518766339,0.22522089845607496
0.4037672757291434,0.30307719711448955,0.37550294774066784,0.5060431501528179
0.7284355001310506,0.4152158350660633,0.24958492374855978,0.8208415400934392
0.4585931632267912,0.17077188719325576,0.20619191261984537,0.08730304611755513
0.573457845594932,0.5540586019993353,0.03524723882179326,0.6634744299136603
0.4099739596233869,0.7918722614726291,0.020058756332666294,0.05279589639932647
0.86064811689181,0.23787474679048848,0.9112625496166472,0.11236980641937933
0.11018005019335098,0.8128810572675682,0.4705556369866345,0.8798087707293941
0.6183695803724519,0.02476600525429029,0.9380604060171307,0.12515282574250408
0.29474278680874577,0.40357392720731544,0.8865838767454498,0.693843575204998
0.37149201942727694,0.42040010379795845,0.7876497162066066,0.1229562036356493
0.3382807055747056,0.2843475916309204,0.7192647004914159,0.7915359200276563
0.4863483352660297,0.8818975300242667,0.821416948131398,0.7971824880482479
0.04674129989204501,0.21115166616065606,0.5975755044557287,0.47980169798009964
0.5857466721200125,0.5803394387856583,0.6611272332527509,0.6088100962200182
0.5404376613536859,0.3019753288155901,0.66127461996008,0.29176865377472094
0.018067040248272215,0.7870989389109195,0.8816033263467801,0.8418058043659984
0.06525732483547286,0.3510389412327184,0.5366100450749295,0.7284237055138408
0.23282779313329405,0.012098061475756872,0.1507177380846415,0.9167619216884625
0.43648996071456725,0.893059856833249,0.2990655056738053,0.8499376887116924
0.9867744724888737,0.6525683945348163,0.4668175360524258,0.8571344939434927
0.8498928910921811,0.4630638512867181,0.5661091825659281,0.3332838805884406
0.6869414573767387,0.6076475855748709,0.9637404040360078,0.5080669507898572
0.27755048257766146,0.7529821518578623,0.636966749905779,0.5044690716150119
0.24056777710164712,0.7908759338555864,0.6192158580403248,0.29317543739224083
0.39371689749702954,0.9043772034308574,0.2237547533160541,0.09608876995140403
0.8323258439152643,0.1561233260465228,0.5399784531156029,0.17664473466596664
0.030981921408330892,0.5056498636205358,0.6983974943347404,0.23093015085544943
0.8773349118266685,0.2541947238057407,0.7982858062220408,0.832896719208355
0.7498351816021763,0.43029709410708283,0.22002044607892968,0.42931623922105333
0.5186664928673284,0.2817419245658963,0.7111723923844885,0.4503980748456572
0.8018460658802705,0.8488906936834386,0.4315455324084654,0.11077299768168491
0.7184215387389479,0.18674632973492833,0.45229239671071453,0.9059802094857631
0.043643659640657195,0.5738851396760718,0.9512644939105075,0.6459092420313091
0.6516378820421013,0.9956511665564362,0.22578155623048823,0.06255241888747876
0.9861485683901008,0.36443903377064046,0.8279708973770294,0.6533186613586734
0.6861403429901592,0.058741847526509794,0.5052176874167482,0.9180583696249639
0.48765682381477915,0.19542981139478788,0.8552946472249975,0.2866349307507978
0.03919406802332692,0.3646712034934372,0.7536311249638235,0.005868155689593979
0.11223963126695125,0.4764895001766324,0.4170785185849718,0.32865113457845074
0.46293665141350837,0.6976376134814792,0.6306725610856678,0.31471810418470436
0.4286214405484845,0.8847782843049924,0.9032027346536151,0.4145662307929039
0.01590852781637686,0.550154374445306,0.6485289552752556,0.37613363535798794
0.40452101677246555,0.288079436865156,0.03600986403704842,0.8540132220622002
0.18523025191910414,0.09908528652056059,0.9786780334333545,0.9057941580030622
0.6687184466816638,0.6980573889900132,0.9051039084889055,0.08205680838195384
0.957552234112286,0.9899710693739971,0.4730172219882536,0.7782819040872968
0.011222391943700893,0.1728770785333542,0.09905728081605902,0.31232923268509294
0.28291556120765615,0.9357256906458413,0.8593716934594143,0.791831925477561
0.9278568281761994,0.7405386309649712,0.49908057095250113,0.9646086037847763
0.08458598709294884,0.32484420847525963,0.9520837392939402,0.7597097705010889
0.1668785727094374,0.7327458563154705,0.5319550776933228,0.7205246446002366
0.3936749549955486,0.21998690092138284,0.24027661333465133,0.5930790331714048
0.7156302097144552,0.07101738737788243,0.2987561798048013,0.7808073051543469
0.969288667269808,0.7474903390305435,0.53399229260758,0.9720672901258258
0.29127388079657845,0.3199997612769958,0.37710283705594794,0.16754905042797674
0.5808072420649351,0.3184294741917817,0.6592781369386163,0.8725900239560356
0.07811251102766381,0.4131086917364646,0.5605056874081297,0.4667321906946579
0.4201963501027617,0.7395034061260704,0.3055309140965483,0.32733169874485724
0.6678615049312049,0.937081531648741,0.8737307933431356,0.5402782948886145
0.5264111709570463,0.024238371584201945,0.41799018390710485,0.8548888141047125
0.6483769098322343,0.4387955244832583,0.07484491758276224,0.9914699895558198
0.16478597466677558,0.25759081602247913,0.6871783685711405,0.12811559952049212
0.023650463848063685,0.8652598499792565,0.32771431643327176,0.8285665186003506
0.546711309761617,0.5407639144608127,0.20139870202808674,0.3546834347363539
0.8186768391080981,0.14220078095417954,0.5955618664022337,0.6651731427866926
0.7577479465300224,0.3313953343298497,0.37514347886411115,0.25898111565398707
0.2240582462213372,0.36780128688945113,0.21863629478809343,0.2595545982081149
0.0656301769763955,0.06976485082768757,0.6459491872277713,0.9560916577032025
0.5610150232423986,0.7134863253562876,0.7625155114333988,0.5908083768768497
0.696690028652813,0.5852027354115893,0.9812843700907186,0.412717215224516
0.7647732455023312,0.6093857825616318,0.08550887261982776,0.8391218537614017
0.07407203360574932,0.274542465824238,0.51394371386671,0.9642605178136524
0.20034922869834992,0.5271372477386059,0.7110715452398524,0.18020739384478268
0.794642454387831,0.281747671860612,0.949921511918458,0.874906045498014
0.4698629447900765,0.900459404401469,0.7406998763606617,0.3315383998657898
0.5386370525674966,0.4736535681771259,0.9459829028365165,0.15973638957042846
0.5739498269179225,0.263038382736972,0.3457306430232926,0.3366343270420813
0.8413276530015591,0.5968975191460001,0.20993317879959628,0.33654013747750156
0.30996880348088884,0.7109693262716854,0.6873136309619835,0.5577044580620502
0.6576178125616869,0.6621232372881642,0.5979667213453733,0.5177472191722076
0.6305950693033899,0.8099006922929134,0.6256188595666118,0.9808247751719139
0.9953053364009039,0.9784601286864242,0.423534860806286,0.21515421607528973
0.634578986259733,0.7438398550324199,0.9214567490256719,0.016661199263462434
0.31305074157443535,0.03091220529362082,0.12353238528164845,0.8462185759292548
0.6950567910529353,0.822884657234682,0.7790129797805209,0.5708179803777021
0.9081286889069636,0.8251188550472949,0.700008342899228,0.14842906822216828
0.26691005063519535,0.9233379663547174,0.18480360042252097,0.025639180881581125
0.3521377601941671,0.15365588884473946,0.7323575495949234,0.24711142056284063
0.356901352728102,0.8989488610298745,0.5094548714923589,0.8559295169715814
0.0024111468895979815,0.10303467663981514,0.7955976136024328,0.7648517305709198
0.7505026948974147,0.896117317796956,0.5746944906516324,0.7796972397223323
0.6657065520619424,0.8984842591457235,0.01404520201253645,0.17561010124674237
0.6938804972422852,0.8710724081090365,0.2901653006289744,0.7816983244197049
0.07901852455086344,0.09493785170765368,0.7508768191718996,0.6733448787912127
0.3786207409440915,0.7148142353905227,0.5888541090898518,0.13068361434400322
0.09781080168306,0.5807164551752562,0.1404028058827126,0.8079091568351203
0.8378387305253121,0.5768434249442019,0.8983662781738728,0.7444223739909703
0.07070614728758418,0.16515189266616004,0.7901960741917854,0.8716763541066123
0.008948285832074077,0.5282134364613135,0.9409903861011472,0.6967822447838142
0.1261992456148766,0.3287024767397866,0.12898401646850366,0.9360995944146384
0.9867796063389868,0.370273034750942,0.2824782776230772,0.8858476873852265
0.8424272119849133,0.2701344709401503,0.3530698781553503,0.4234582722984159
0.601179938924265,0.8241884659245138,0.29298656277922963,0.6930024623801122
0.8907764942214338,0.18066761556586486,0.7482369181830807,0.8133472321777059
0.5870867981210219,0.3514046165911213,0.17131143519891812,0.2315192745856347
0.8192818741326252,0.7040384160317871,0.7229656144218327,0.3283410237645046
0.15177210723729184,0.3992715171100679,0.8521792837498489,0.2686238115697016
0.28564508019702806,0.7607927809389164,0.2873036943870243,0.40986914466238644
0.2995210962003432,0.2884507902887611,0.8164188214077797,0.41355668503753085
0.257252458598372,0.147058424546882,0.3138283828717737,0.5517232174765775
0.45251549278715386,0.9669392911781407,0.8352922701701129,0.08571816986267355
0.33694889764544045,0.828889375933842,0.2413175405034952,0.38995709303148995
0.41573468284241555,0.13493928139603484,0.8468453435640005,0.14710077904548202
0.3214903136618781,0.611908627560214,0.4060194366574801,0.44201785079738065
0.8375286795096799,0.65519788001121,0.20745666732620038,0.1758947104321542
0.8244646161381736,0.9116674964889788,0.9772893349414219,0.1181241583414222
0.49276225013050334,0.6298556856908302,0.7781166031882649,0.607703135154043
0.163684952709802,0.8844775700208357,0.8823731709778396,0.13418468418369578
0.9832532943615149,0.7973913519741257,0.06917128071586742,0.9767393528744408
0.3214176679751243,0.2000032537592904,0.9958043658449874,0.36464785352855944
0.7674352858423212,0.9262275824652303,0.5164630917629225,0.28420423151031626
0.675277607497054,0.7288746578843804,0.5699522589713293,0.8583207540151534
0.2694620433246354,0.38615601335707017,0.0276256670248487,0.23565458670029304
0.7998155137851127,0.13627788327939194,0.5543175410657271,0.9063711130083278
0.20012052509803435,0.7598487161204528,0.902195386861865,0.4962544830921337
0.14171767373013455,0.3897134496288388,0.8692086554821576,0.12294783295278766
0.5826003625926501,0.6095121115600571,0.5780282010412244,0.3913435727410023
0.4997372444987186,0.8278141934583044,0.88693996144396,0.025667942720196013
0.7072911142561596,0.324285485563782,0.6274217312437164,0.6678413460466485
0.9746555845535698,0.2059777444349311,0.4905440138803443,0.32231714239804454
0.5814897045967327,0.7387272789489927,0.5473038542516547,0.4925337604417439
0.8441905896863634,0.5820394836163568,0.009385206660949996,0.06403176729312798
0.5000950046188612,0.37754827152234594,0.5033337616155636,0.31867083137964425
0.6502284351987896,0.12339770346109757,0.588273932760892,0.14219002731689767
0.8061248547794451,0.6056165770258141,0.7031666196856224,0.9930543337093377
0.6172497074765576,0.7631590406513693,0.36426269089150876,0.051142470822693964
0.41340311014470654,0.7815472554621343,0.47637905494946786,0.5918006098316003
0.2556169724469678,0.4252032472131423,0.5775535270913945,0.4266423097344405
0.2935178180881033,0.5032119290419945,0.6636873973279925,0.6313313317893803
0.7571931843014826,0.8386825986199358,0.37165337522907516,0.8754155499314878
0.7305196803540512,0.9961623775941447,0.26970280847261496,0.9537105043633154
0.6449180667772925,0.9763220802636012,0.5406013237342845,0.6170110226985999
0.20886225696887128,0.6834347042619593,0.5922011473100726,0.1911670030853262
0.16167324439925634,0.14899613344404838,0.31352522041097874,0.08530554412486224
0.22224106812042288,0.4597892396315578,0.3670590438263822,0.030610071985439857
0.5039955741686984,0.8682525318638603,0.28378439285303436,0.36297617769871804
0.12795180199584744,0.6529868359941717,0.18231281841819846,0.7242504949330434
0.20395265813981756,0.5319613425114331,0.491227476152268,0.7718447255847538
0.40733159245290573,0.6452335465695969,0.5116392483294595,0.8247407384676365
0.6158104594081295,0.7983023677429384,0.9376756902524225,0.6147156696745525
0.49148545280727696,0.46846217275574575,0.30596423192227973,0.0396009449366963
0.3597215871180922,0.8599933300810834,0.2941260137932923,0.44763643090819427
0.8375015165043023,0.8132139120980051,0.5141689766755599,0.37253850273436573
0.41926535654142916,0.4812784583468588,0.9450569140976665,0.568520804355316
0.7941819331620014,0.09305480340540606,0.07402316129068387,0.4033420947293973
0.1880785832444074,0.5736545338118585,0.47464605029445717,0.6846935166427384
0.21274381065502856,0.3687959343745779,0.7783534936213055,0.5142826612801303
0.4544065449025787,0.7811197097553856,0.6503653966799167,0.6120884704548046
0.12213045479794415,0.6038766933656569,0.5309164459547474,0.042312076581873526
0.2930566101837865,0.25808242144351456,0.5836213534428791,0.7681128111598723
0.6191247379815717,0.6212195516036135,0.5586813112144243,0.21139605711884868
0.045212256814914475,0.3271690493764847,0.4545222417795871,0.8921517143204513
0.7771830143932249,0.115142696727354,0.17398451423090666,0.6597718875108656
0.8280165637158305,0.5727232009147811,0.15733164932068333,0.41912523914258637
0.19384387574631268,0.33971144739744397,0.18309522581414206,0.9057525582120916
0.6426632573499258,0.09373052966191142,0.08143951324136456,0.8055218570071228
0.5028134473090501,0.18723981850651739,0.9844129600936697,0.003102308005426657
0.37284940267019273,0.7406512345091102,0.21518131202143564,0.6832865647003052
0.2271516910021788,0.22970040912626377,0.7955308264519038,0.07331371140499132
0.4655352282980597,0.3263840898121715,0.8103347899448914,0.47863952402450527
0.8893427854745214,0.4816760673058589,0.15939784532968082,0.09543287992045402
0.36140800934378947,0.9016174609462266,0.2566248649227061,0.12027591842345509
0.4485855358456099,0.6536321624707052,0.5639078612267865,0.9852526763528946
0.6918032961873453,0.69078416273481,0.09286015493431177,0.20919896994016562
0.041792095753590996,0.2825959855571394,0.585641092909087,0.41158719946287436
0.35051483289035923,0.13151786713734093,0.6906128657129116,0.6427165577532361
0.6273943621718412,0.5495416930841915,0.10715842074215609,0.7432022296965665
0.845163004404016,0.07137359219078687,0.8014678010415347,0.7196819660348106
0.8836647575615401,0.6413985713605351,0.2622196701024212,0.5545706380154596
0.31234290613091376,0.9742597540318257,0.05818411107771049,0.4890664868449216
0.42534736370770787,0.2857356018130863,0.6776389672318348,0.32825638063046525
0.6157834761912733,0.5287388149594321,0.7308815693369392,0.9242522784014082
0.5664074698906376,0.2062005621869245,0.5555218461304846,0.4424881378141382
0.23667667372340573,0.022078525608827504,0.23127060262977694,0.07835453815697757
0.03659687180155935,0.4177091071972556,0.17448832677225512,0.8649969184372596
0.6088194972882137,0.2697851760658758,0.926021733964004,0.6458760357770096
0.004193660175695779,0.528421294714026,0.9088264390666604,0.9351016355499349
0.7980554666851957,0.9011912080572867,0.9202623740243651,0.08818393292459836
0.7814581585867227,0.06810277674468501,0.1682220667612937,0.3989563475600436
0.37231590865554665,0.7912017760846902,0.800646251445744,0.28680582307238756
0.4241727150893757,0.5159835550104556,0.14489216888940337,0.7656642090342807
0.39729731326868023,0.5748345036355773,0.2372989769552427,0.8323481054079211
0.28403923218826077,0.5108136574677302,0.08386600773911934,0.02796782429865763
0.0037078855077687933,0.21834032732295972,0.6878371820567842,0.27918585500264126
0.5049607352472292,0.08457738133434034,0.6212430159048622,0.1873549952491601
0.6153160907730972,0.2079410650195711,0.3853172697463235,0.497049696908784
0.48366789555859757,0.5358718457677513,0.3945466090688058,0.10603208206741999
0.8032166074554147,0.7195179494049833,0.47353754395784775,0.9973894442615039
0.28844533318174814,0.5591968790387353,0.5901861739820077,0.3574450767257019
0.22947304865019247,0.6327059435588858,0.7363649240996808,0.19146363724551418
0.8635992028404638,0.12407176163588984,0.4323647285786929,0.5560381406402175
0.3567140094311332,0.5775910084937222,0.5989994819054412,0.9436892981171633
0.25856032640672566,0.8674436913223821,0.9502819469240629,0.5672804317204027
0.38122709399893395,0.06134114629126697,0.20527337712462257,0.2903716414389048
0.2351253658468686,0.7111890695986374,0.6857524663663094,0.3706505574529565
0.1695328651894673,0.8724790724577149,0.33701129809603403,0.6928495372081189
0.08574881943724144,0.6441609015181338,0.5228591921329672,0.15659958626334758
0.14106685196004987,0.20860037205393667,0.5939772532260563,0.6480247777034639
0.14993695304189014,0.6084410534854489,0.5779627801791547,0.8850797486410558
0.6529475360616654,0.3594011690302825,0.39207026814210943,0.7682957832887837
0.3670808483656376,0.920847576286336,0.6783505766107888,0.09326293158372168
0.9532685527177379,0.5696466079107914,0.5940507578576957,0.0878889746369933
0.4938522221761812,0.25405677628470313,0.2374363402186287,0.3412721868439007
0.5825741594595671,0.08015490338951103,0.739869195796823,0.05972602250245318
0.26020290666147405,0.7684628219746431,0.9480404055929417,0.10225351847575193
0.9775620277915734,0.6180535468178326,0.9413006143772461,0.8920022853704587
0.7162710406903096,0.1650797084858907,0.6407711444013455,0.70353948579535
0.47856579747633365,0.6177615081465709,0.12658372684839625,0.34239298695860054
0.6160061304539399,0.6788957592008322,0.2770253646436688,0.5312449591042611
0.6510261982140062,0.22884978146744805,0.788871784867431,0.4000890177933286
0.3199585680325221,0.4264584336914994,0.6696386600759411,0.5393210104472134
0.5094173172679327,0.3059770377285914,0.06824010617183607,0.0938024545596795
0.7502152519713163,0.3769050801710975,0.3849988776613136,0.7823782582567801
0.9219325645313744,0.610182731939175,0.4693131028437245,0.3071180660869083
0.22131385436092343,0.3505714638457951,0.24626381714753076,0.4217625617085493
0.6997681390938544,0.5176896338684688,0.18344105916701337,0.11308877255497485
0.9585523215200125,0.696495478949159,0.24484888965468388,0.49493988969999314
0.7305197282466374,0.8805515569326899,0.04436042089766834,0.2542884713596487
0.7120152198213939,0.038033168076735735,0.0012863505201129444,0.5016298433081026
0.055958819251823444,0.6624537587026983,0.43331557948222366,0.24460600120731824
0.6494464697191424,0.733141392817949,0.07424303851839653,0.03475255325368021
0.11478516440452491,0.029986023168622533,0.6697294995986892,0.9969793732625041
0.2433227085031262,0.71736192763559,0.842457446763801,0.043416760935348186
0.7581878414000204,0.8027045313871636,0.9985217244993555,0.6227468317442526
0.8948176546454337,0.011497235347426193,0.3034963022199465,0.9542406130937643
0.2515360999644851,0.2648270045946247,0.05597413021924913,0.4580301136554401
0.4222638606981163,0.23779819886123543,0.2905475581809184,0.5039866198756113
0.377123872411227,0.10076831401721875,0.20628761837317544,0.46673911077524544
0.3013857402091913,0.1177497710612102,0.07718807595752963,0.2640609030546648
0.048758878493087354,0.07831362758070026,0.5665707267751311,0.7627122449936535
0.0001375833209157351,0.9758448700093795,0.10611769076341049,0.2979349627503728
0.31118164238400325,0.8847563758054996,0.9026113895233979,0.12941649114997544
0.832911537612699,0.6175936943211805,0.18434882983412337,0.15244146451367868
0.7911341699560801,0.6026906617652166,0.29285098665243114,0.6857534708062482
0.4739394635219125,0.7032654753861901,0.6773657989540574,0.9969281598486408
0.7398710975492627,0.7981191777472947,0.3871624479979221,0.34285150018711597
0.8376046713039788,0.2679747446365619,0.587253751773877,0.7114776541611949
0.5515556096680134,0.08779941657955725,0.9390536089581701,0.44603968724331744
0.4026888725929022,0.02814316341021006,0.8923529271719917,0.11939553075031317
0.7647767514282391,0.281264000587202,0.4275708012309729,0.6157454255199241
0.30666364748450425,0.1017879771431569,0.2648601222410263,0.5077735718990831
0.7772038296294403,0.8677503440266782,0.8220656274741086,0.13311470756506383
0.20066552127538761,0.6906028255961922,0.9743574733381671,0.7577757152566869
0.15223340593066492,0.3075336088567311,0.31841494678747084,0.8148368445251801
0.1150294190587623,0.8033592707897789,0.4379197867875446,0.5528909839644941
0.423317747120861,0.5868192671455957,0.21007572825488563,0.4301810911482403
0.8963711249300345,0.47156757985011943,0.1423774955379713,0.6458852380954215
0.7783840045906508,0.04849663262591242,0.7679849641008528,0.863164375813849
0.5849098519288011,0.9259815157978181,0.4603902637928722,0.1788932386738824
0.4744109625241879,0.9821939036440978,0.21087047601020503,0.7518823184111513
0.7607887833566207,0.8982265598410629,0.5391889133117664,0.8827229854539569
0.2925648557750209,0.931036161052854,0.8444272113802372,0.12265188717343656
0.3348319080291896,0.9561712655208126,0.807134931760853,0.5981639490636946
0.09284609274095335,0.7066733722888902,0.54868175036806,0.6506028469099875
0.16173337528987886,0.8142191842164278,0.15908341012599003,0.44326629403465234
0.7020019611370515,0.5061384040682892,0.6193347485653223,0.7066908671639339
0.09656981007942245,0.5923280444855342,0.45991641289307805,0.6962288555239781
0.7979913809022127,0.7558367255969368,0.7689460335743908,0.30649168873086163
0.3213650586015532,0.7907617793346691,0.4853359552334473,0.4932930297588243
0.31164454086785365,0.17225012151128016,0.9040691127441363,0.7867251793562459
0.7568325724671493,0.9984444820829912,0.7650000321448531,0.15176952340913352
0.8640735819491792,0.9099347487561094,0.5008343906792763,0.09553866840658765
0.3480918904106315,0.284765535961111,0.487803832986345,0.14063888076953568
0.6696685325621752,0.3003628435260741,0.37192548294563954,0.6879959086483082
0.4249645182938522,0.12621340852455654,0.5124992795373458,0.4765613434111423
0.2575682246942318,0.11922014615753063,0.936910317319737,0.6977371224446031
0.815162456525544,0.35273731393249863,0.772318101686492,0.5962440307637549
0.6792562143341911,0.5912400888005422,0.15460191647576993,0.43198759192261527
0.10227836634428744,0.7871011296528618,0.22207793758111127,0.4293988273111352
0.6517415936742573,0.9177717995748554,0.19908882950372575,0.7236177718464601
0.5324302395552649,0.666802261704966,0.20816704952468823,0.2868837783540925
0.7911556118938232,0.13982246065749904,0.20171983999622345,0.022738400771022738
0.5741580902902351,0.7400374802939181,0.9737265661488541,0.853916337405213
0.8116628942567394,0.12451143642302431,0.0860786842314406,0.8392384234418758
0.4052071402322094,0.19399699029237938,0.33957983993625585,0.0392220240109159
0.09418865592103454,0.8774941706459877,0.9475476049339913,0.026556117948321578
0.07965104165597536,0.5471767617434591,0.3780652285209869,0.24243429064786748
0.8532172039421595,0.3064776435188591,0.6978316693754849,0.9425547911592104
0.1259713155488511,0.4961089436848004,0.15686457595388204,0.666965619420155
0.9271941930119917,0.6081517460710879,0.44458505446911845,0.5986994929728889
0.2362722905569712,0.34255726131414,0.2825089906624255,0.6898744317500644
0.6256455569082962,0.7449886860657857,0.579384555732283,0.9444716071161252
0.26833155660631824,0.38324628065160693,0.5379671010928236,0.7208298779432661
0.0975787643380831,0.9445938515315837,0.26535705597099835,0.03694714398760035
0.22013292383247884,0.9197496200899475,0.2633927793178743,0.8482811229828189
0.5205851877169327,0.6793681982648154,0.533483557775182,0.49229341149057615
0.5108568321655701,0.17581386963486834,0.3386298364397641,0.778454672006831
0.34797363017661775,0.19337143058456008,0.5040282138718907,0.08421410455304956
0.5360750906078806,0.03895913340745938,0.708807651883425,0.3704159312726395
0.014359410823506003,0.9863880329356988,0.3910750867041317,0.5610830480722132
0.5230741238634635,0.6813246886481545,0.5895161089364191,0.5043281048023445
0.4201967867537624,0.9873548441826533,0.5859308569747068,0.16188627843307257
0.6222716497972962,0.9424269759155571,0.8006550843148772,0.2647358362408432
0.20599281759304477,0.6001057932513073,0.5986343370646132,0.2599493851680116
0.8937997730379253,0.9480299330239912,0.2773637041967424,0.07038549779693504
0.021422501328351662,0.8035003742535031,0.7253807777072353,0.7540004693378451
0.5112171171773539,0.43014561653802186,0.9641581906873496,0.3150359314223652
0.8412134205310262,0.9160470813495305,0.9919310266621707,0.9445469936148266
0.6240480797614475,0.445641283815014,0.25319743440047027,0.4462221816351717
0.9596292407375,0.08111327937791024,0.10179181477375343,0.7017904832136292
0.6089706842548002,0.30589067178215856,0.7954147728878307,0.38513736146655375
0.18849305701512276,0.01222415949777167,0.14275108466005115,0.7476005552844984
0.23413556205803565,0.13458477393412727,0.8751485563615923,0.7572229991617581
0.02721039876774667,0.9668990186811703,0.37243660593633354,0.17726876004670944
0.7070417782978966,0.682149001736897,0.011174256812278682,0.626161148175086
0.361501240577185,0.09662551121454299,0.438418678203476,0.4877951087442014
0.20597407597729378,0.7250967114467544,0.7063552850276725,0.14192445364810014
0.8386116910100111,0.12951688707070153,0.12233401567313029,0.9685338989083779
0.7416544841893613,0.4814119624911456,0.6777718241205448,0.2526607951856522
0.5210981200474659,0.7255676882042986,0.5766236125157507,0.16740640597931988
0.29763744434012207,0.024094777983572957,0.7205049995128586,0.015300945387980769
0.7058806807448078,0.295065318761598,0.2068100229591776,0.9774028062370131
0.3699594806497539,0.34697082705586324,0.5568524028262823,0.2838072525201203
0.4622505156442306,0.6445834215507421,0.36092868738064265,0.6712179451512601
0.6948859496515425,0.09617962135534264,0.6276678383274577,0.16996777285494502
0.27842463105181114,0.4948606219819722,0.2614948559983692,0.8348561095641228
0.7890057311686892,0.3760105085634249,0.38707196372262587,0.4760986168883229
0.9025487990989085,0.15581470547123544,0.19630853560253703,0.2042305985584011
0.13391809746180394,0.27344483192656777,0.28442982615001433,0.6407018157617629
0.05341212173870713,0.5876521371168577,0.28463933641250305,0.2283735452858927
0.40160136640129707,0.37581948617394445,0.06864178440376068,0.873218231961754
0.06090173596735615,0.3049086965167844,0.6059294747888688,0.412217653194313
0.3081293118287042,0.9807053214607635,0.7148050193093081,0.028295228799008143
0.5124276317716707,0.7951492812220747,0.05977961471735793,0.19969390129977982
0.16429344820061598,0.9505960326051612,0.8657622691751977,0.002349511369945878
0.4646434810505873,0.8500700555218428,0.8435869553837746,0.5697047070892174
0.34171148589016465,0.8982552945930824,0.458224499527246,0.6355524038396367
0.38203666540022396,0.46934818304489556,0.5015220672999768,0.6137357039441168
0.48132561628743675,0.2225764117205542,0.4393566473833226,0.9350630556897866
0.06994562332210263,0.28641722182014395,0.7582888644522069,0.006879423336575541
0.9888796800157454,0.5482853755867751,0.8987474819905489,0.007381067799675289
0.8432102846261391,0.34073845087845966,0.22293935470511594,0.31296373394475385
0.984161503642478,0.3539854241754282,0.22615416461850635,0.4572638568202604
0.6161118647261807,0.8136858721701182,0.9923625439071392,0.2916857534480827
0.6562780540114627,0.2834051427621771,0.5287014989376848,0.4955876392844193
0.26085777762724505,0.5439296043737862,0.3558620516550205,0.010109616575177172
0.7997912881158323,0.6118505741422401,0.008519394245670386,0.6749548346075736
0.3635030116091057,0.7872883660721456,0.6726478752629991,0.06165906717087133
0.2036394385496888,0.5448607550748383,0.2801154472719597,0.13993025253561153
0.23231260931276732,0.504982240711847,0.20778178595613062,0.9192622709264714
0.9444675302941268,0.34954941572585074,0.05577672565130698,0.891013803093759
0.8115949337486597,0.027290939088443267,0.7389328697211799,0.9330367927964723
0.7255722150073785,0.19938219660803957,0.018393999455225796,0.8629846884121647
0.9889138150282248,0.8784505281227004,0.8625624097268207,0.9523468367778087
0.8888754955860165,0.01848773044572305,0.7855616374123698,0.8915892860373736
0.4867139822147636,0.3221915629518294,0.8218841295967046,0.4967186649840891
0.5115567803411167,0.9589561173069069,0.9263808619894325,0.8083378463011072
0.791090734973222,0.8408708598387559,0.09215317853970617,0.3472479283938462
0.6083982283898622,0.25096191486467645,0.054926706094897804,0.34364801150353197
0.03257766710042653,0.4323663583805475,0.9143511531600377,0.8493043499894674
0.7003781507280512,0.38209048796578593,0.7858666788630264,0.6342620670066714
0.9133375277210308,0.20029757689776495,0.30797464601020297,0.4435622317982807
0.8018737855086975,0.5696963463518511,0.03642241568656124,0.3540105702397347
0.030339957883041113,0.7939134355021878,0.4721535919395412,0.7943862211458624
0.7521783651020493,0.2027849776617887,0.22394430689350986,0.35386580049138194
0.20264293625933227,0.3392541790168694,0.8195263903326112,0.968232792738442
0.24409474639574835,0.05278341603160308,0.731791877772574,0.14187198531736522
0.0836316896137621,0.5489330908203616,0.22974624593116566,0.38508327049226687
0.6881802810789073,0.6936735141793434,0.5403402574052363,0.9230419050971255
0.6348102779130519,0.1483324541625468,0.2303106816749403,0.6220853973971718
0.7949210484366968,0.057158146565350454,0.1679155640400095,0.9298246601916247
0.9126950346334689,0.7483012299950599,0.6431620738934263,0.027778707496977417
0.6914002978793458,0.7494065781559829,0.48614873460428454,0.5656699309547734
0.3995767592345315,0.4060985609773988,0.33033596110550134,0.4428272363982635
0.16843714318730363,0.8876685036040565,0.9322406667377469,0.47582437933086597
0.8676886776910251,0.9366356627329995,0.9680420079956588,0.639488890600696
0.2861668518435426,0.5411543667732485,0.2621957512875057,0.5285369084952704
0.24559731599194523,0.26052220750539157,0.8385226601781743,0.21011640625687666
0.05196786356618721,0.5396562895217385,0.364932466357905,0.1424913638850549
0.6232880588978489,0.9431694637422573,0.0687284275863197,0.32490449407263944
0.3318096932656974,0.8157849440184679,0.6039493379511902,0.6958281463776557
0.8932340778228883,0.5542841293974635,0.6903239268682848,0.4584028803754686
0.8664228900507646,0.03816376081625672,0.7728391026473508,0.35389377980712866
0.18283062131295758,0.09968147140318384,0.37658589460330905,0.41514085194500006
0.9494123760400566,0.02914594316024799,0.19600629505467893,0.645773265747627
0.6176034831956995,0.6330136471693544,0.9986070860308243,0.22985879968726275
0.16547856678853667,0.6216404305314518,0.42086318107486964,0.23210158334971753
0.7261571676163392,0.589859840139658,0.5217973754031905,0.9133147725254324
0.8209491168848384,0.07058380029903111,0.46335188226771085,0.7243017134247764
0.2887470120841039,0.9913719127162143,0.6029398944742076,0.6882820164769077
0.5653504959318124,0.28113079409379205,0.11789380315155606,0.9601754498793847
0.7549322163038232,0.5886907252842324,0.7191038593172442,0.7822647593145468
0.42894281471378537,0.5625514623547876,0.9635108085733279,0.46678673421133077
0.6103487995656562,0.369496531515504,0.726654882451173,0.821601317861632
0.15430745007260138,0.7091657540888466,0.21475913110228162,0.11502521155121681
0.3546621115583617,0.28249319103687986,0.7490331009564126,0.6528627673264837
0.02530856256372216,0.49494543725597506,0.43352114558556953,0.9606791545690613
0.9722126812014769,0.5493512399511422,0.5461293684435504,0.41914366440822415
0.9035999550180736,0.6074606886484365,0.46674189625067264,0.44321537356299734
0.22067997942217266,0.3229032281183476,0.9416229992533345,0.26195790061163227
0.9162364850820138,0.20426416213615428,0.11865079732813544,0.3124398931082465
0.2669061714903642,0.08281341472003223,0.7647314298730801,0.27789723184984483
0.3072770045211337,0.15592410341546814,0.5722821865980461,0.3242411075617274
0.15416049251741237,0.2834932083755354,0.17981988368230972,0.9930083569897203
0.9302952973561872,0.24388065327494923,0.45681707151994333,0.710568712883316
0.4909485090503559,0.1627122987674956,0.3124991050403739,0.2360052265134075
0.126537792817085,0.637899814732801,0.5560589469076985,0.5519998707642917
0.04117143035226156,0.6940798564077783,0.2431218572238445,0.15648721360508644
0.6638321803852592,0.9050396272392919,0.22373356151485524,0.21264213996286296
0.26903776291352977,0.7781279319879302,0.7231230985508943,0.10591513101112604
0.038237650995304295,0.7369714405931214,0.25533580373105835,0.620225394346899
0.7802145299029395,0.5439411726625124,0.6193907039056235,0.48093353012782836
0.12109143212224305,0.42651825210934113,0.30424602840757686,0.27754972675818823
0.8845301870696628,0.2558252136369896,0.6450157126878386,0.35850971342730753
0.8104431860206202,0.3572826259330284,0.23103819477866605,0.3182003016934928
0.7698973962108268,0.670417274749233,0.03670665765320913,0.9695282866317547
0.018740468573227087,0.7432082357594068,0.3694334544141953,0.1483061446652164
0.4698969034838584,0.14475376299835185,0.4524908619889516,0.8691064626823835
0.005024553836789014,0.34912466197735026,0.37400856164460494,0.31960723390168744
0.5337647972490848,0.978268819614678,0.13585568532354608,0.4806257622987119
0.9404977597127248,0.13790368814345566,0.8716565439728245,0.12855726733084094
0.040967692295717506,0.207242878240106,0.9425289000908006,0.230417421108434
0.9433701718221525,0.6994682388619343,0.8594741453384772,0.6525312380027133
0.33304811257373257,0.46802413255956377,0.9818296764847952,0.5885735586612708
0.9830749342974409,0.08391866282593574,0.4624852752467513,0.24312964331439524
0.8230807549046614,0.20991562090184357,0.8820653101554872,0.821938541358909
0.23932808004342998,0.5667376052822515,0.1072041336467523,0.32577733224520533
0.15299141674698902,0.5507061208223404,0.5211114647328733,0.7866675947676487
0.45551811353758054,0.27995121099142795,0.47345928428740025,0.7465848579311538
0.004481070833592837,0.5990382730917994,0.618037151585245,0.18018150430118707
0.279977279295176,0.7001990807804997,0.8208400322757092,0.47083461928821924
0.5703202458377695,0.7019637076801024,0.06100902914049011,0.7674049775098178
0.5351772942284792,0.6393276803657414,0.21901961738856845,0.8094636883888068
0.21163507262519998,0.7138825828825802,0.22725535854943313,0.6253122146814342
0.9472264305598197,0.1379794660397885,0.33279283690164463,0.41567603238726225
0.920189163044905,0.8676817715575417,0.7702870748872425,0.18585186895537475
0.7724534166273548,0.35235514755861574,0.41219433791697624,0.462649995315079
0.5406204800011406,0.7099087865196051,0.6427580648212782,0.647041635833228
0.2016466498912124,0.7352993110438004,0.23022284106411683,0.6645181345063947
0.5476407022005049,0.9281471448491113,0.13878702512795182,0.6097325978767517
0.9509664683889119,0.3352991614110614,0.07313923224023067,0.540892121381827
0.6025424103749286,0.0913195337493421,0.7846346666168487,0.008179623178270923
0.12755311855714224,0.7229382356688697,0.4470547438826429,0.4146151215143641
0.16800017923960175,0.24709451803529836,0.5607962481119612,0.6745252891935714
0.7067850287686122,0.6897137995667662,0.5510202052989844,0.903672451719451
0.6462031820434753,0.6814027050499295,0.5155827758163081,0.7332096525776757
0.9921224936736674,0.15290878932264362,0.5052516314683831,0.754642528399898
0.2518855484458804,0.0009751424606334602,0.8645041759073784,0.24277561644790524
0.4340251969340886,0.5387327946011419,0.3524796175499689,0.09118873945027761
0.8988488312332021,0.23176670431129331,0.11821382636306743,0.756038702340548
0.22234402963179423,0.07752641909382707,0.43315801379517704,0.9052699716913871
0.5357262981879639,0.774289997142557,0.9831301366112525,0.7909256310133181
0.908008584792157,0.6158859962873291,0.3783094677636649,0.08022669892386314
0.5000783493732184,0.671582702585248,0.25074174391474735,0.5726919572480866
0.8873085294262917,0.3105385563227073,0.6242123116002396,0.13433061475050256
0.11058760115380806,0.4138071437893849,0.2158704658144769,0.4883743442021662
0.10963952245143693,0.8507094442384299,0.3202579739460947,0.8501751878400395
0.18160843976476848,0.25342362573963095,0.29605406403548784,0.2244035699265151
0.5045254804702294,0.5488077851949471,0.24938884418834661,0.4141289054906183
0.8039405714488823,0.581758264388371,0.6149062410049743,0.8480748707756087
0.9286602306578468,0.7414198555135911,0.9986477462925797,0.37069261610487236
0.692352182327198,0.2684684102255983,0.4119214791307012,0.44097251025361517
0.15315299411303107,0.8127683756920502,0.9113607276803293,0.2620965872898212
0.8731960314301529,0.5665268394022831,0.43017417467315244,0.6184989291609362
0.4304245785222657,0.6608639839173713,0.24443093408994432,0.5517829110830511
0.8333770453794322,0.5177629005306719,0.1452798644398805,0.6030116337389214
0.6180180880919721,0.6191522822174922,0.08008966514356453,0.707916555177475
0.41826875784682715,0.9510099772511743,0.1711381343253413,0.09300059918412673
0.8679845318822667,0.3598597418138224,0.816557083893632,0.06989911956091843
0.9405508051952954,0.20616975354647016,0.2949531151683039,0.5242870091581947
0.9169212086524389,0.2497443221258966,0.9075124853939847,0.45924794474694886
0.7175024874029903,0.6276189284221453,0.39010719710774555,0.4735601997256629
0.09274314598919575,0.09601716044875674,0.5424367628065518,0.9604859786358568
0.2583644860224431,0.2738206613203954,0.2333678861400974,0.18769813081679088
0.4018598698839648,0.6352480529794166,0.6531372763726786,0.8782322577836319
0.013965805112169716,0.07483204084613349,0.18643308107968748,0.05158926460709801
0.5372881065337398,0.4313043265144333,0.8095998297857311,0.01706157708735656
0.8171311251186897,0.7825274825992997,0.6145246787532556,0.7599380566371737
0.21719860344016229,0.17076174868873795,0.7143263303712786,0.9678813381448609
0.48069836068457295,0.3671302884079892,0.08531175569558913,0.3592683066410146
0.9274056803654475,0.7192386605400048,0.9439122936575272,0.34725838803080666
0.6911651552415449,0.5640507216158668,0.8082573983468009,0.5124883941795532
0.22718258088854815,0.6972612812462937,0.37408651428490947,0.7930599912158693
0.806193344166291,0.16164194704517576,0.34769610752106117,0.4243003883036158
0.8902416519762146,0.6160300956739008,0.30361485419202805,0.7625716515979339
0.28249591318175526,0.9120991023302533,0.765857058526038,0.09169248134481667
0.2181262898598939,0.21563630714389037,0.7448619104178841,0.9720708642101946
0.78436076266516,0.9802908426991463,0.09768616880292469,0.25475474095271655
0.3491795331551063,0.12419157746311205,0.26773857411710233,0.5992161356427197
0.6527343774984989,0.03902463584190485,0.07905042857943345,0.9945570635737683
0.5637429912301102,0.6658320120552814,0.3551790280948818,0.38310018741586205
0.18837993520543583,0.4527453614538528,0.390540552388538,0.8243633633539226
0.7553280561755534,0.9082481125783629,0.968019976204028,0.3129467137362808
0.3707810503755703,0.9047908156503157,0.3914921791755047,0.32515914867516993
0.7868235932807569,0.13040533114741237,0.8898248871353561,0.5881242769101309
0.30803122048648424,0.24944220214385504,0.013290348194090917,0.7938820356332045
0.5122460919276438,0.6898415601943337,0.9645572586633409,0.07713868651634681
0.9390819364002,0.04008098018913597,0.8908585667312097,0.05170377247039648
0.4849671072456221,0.6118483096324525,0.19896630086097322,0.6839324732069622
0.08185297644311496,0.5350101971255773,0.4018456666852058,0.42031324197619246
0.30826009225370665,0.07309628663304779,0.5517894883885344,0.1629241876645986
0.4807013359848027,0.676471573664409,0.8576463600088639,0.011575747657800228
0.400668668702158,0.11423670775813233,0.7022876056199812,0.13560434863441584
0.07690946885635042,0.2018209833281518,0.6534819405736617,0.24832368697424434
0.6612047574435301,0.35526094246680096,0.7234299570255968,0.9033462561844882
0.7754286272446301,0.44987513706538496,0.04500938141890776,0.7045523659306245
0.2589755486076255,0.2394837897073656,0.5866123311831997,0.8482711939971703
0.5880198199911727,0.8971152018065202,0.4395102941490211,0.6358639265865307
0.5707931429663726,0.9475360191432494,0.7703543672140685,0.9483155374258554
0.6525545507572557,0.06221442164793789,0.5969082719726962,0.2568517109799978
0.16612216532931912,0.5793808046603379,0.632368661109579,0.46029337541561044
0.9960278177145994,0.873595976442787,0.8628842059635631,0.5197868432855925
0.16374490684280651,0.5132518036246037,0.70346033849176,0.030214189768112187
0.694399961029244,0.5170484413249948,0.321466881677528,0.5561827373798697
0.6531311689639716,0.4954819743282176,0.633277740900451,0.8429816437631221
0.32458246040822036,0.8625750079144132,0.86300857730947,0.4882761000391518
0.060076477653876914,0.9909437100377029,0.4403643283974714,0.9602418093265426
0.739078295435834,0.8765428870621498,0.45541082092572216,0.16632806228448282
0.9000660352254972,0.8792523422056054,0.7292238381670276,0.18595387742284375
0.8876109668506962,0.29053664113939626,0.045801171278925246,0.8588623993082045
0.711041149301642,0.08658946993193883,0.4886779354818145,0.9705382150363482
0.025921757783654797,0.14840843980527085,0.22344402727629853,0.695233940297507
0.5780448502637963,0.09200705187101521,0.937188811202865,0.8390443536960692
0.12136136920199325,0.0030823175995527974,0.8177783788405867,0.7665335890378828
0.48536290787551184,0.40079196632468106,0.6852845225850536,0.14070326712808034
0.6886241553703979,0.428697568457197,0.14150167387791868,0.8518403518888342
0.4730593153673175,0.4323720158750549,0.2521725462003471,0.6953408614775425
0.8138481728421024,0.60540972833086,0.87181046402686,0.9537423993192351
0.8121977579952543,0.30280507963172465,0.6960321258177933,0.6661996203622821
0.284995173514592,0.8434873187977247,0.8722158642226446,0.7299985729204742
0.20868384829429176,0.004947490699401147,0.34820532468799514,0.6504650509115446
0.7669213496280677,0.9186623156847356,0.8094657332471316,0.3692222985062076
0.7644871438090323,0.8366326864910679,0.6809353612540288,0.9725641968939482
0.9689321820005541,0.8256001441327959,0.017213212103439735,0.21962221421955286
0.8244994635954569,0.06978306436115089,0.9506543705207982,0.3761937173148433
0.7193438326649427,0.27107265741023145,0.6898043463572797,0.36922606348713416
0.6612701640224468,0.8653090695790598,0.8030860058837045,0.07870294022722135
0.01112735772548712,0.09850090263589362,0.30929373087226497,0.10938923047870519
0.8868426058214329,0.582764929403356,0.863210595667591,0.8337587532691708
0.547258340947433,0.5505390758952656,0.3714438531535722,0.48457345274001207
0.648524081636906,0.7233210570606433,0.7296433569219536,0.42572427125423173
0.1039049997100111,0.031096039613748294,0.4782685337762541,0.0365086891531069
0.9295758187278194,0.7262052216208071,0.9167267114083636,0.05050344881831581
0.5099673320310529,0.0496367353688264,0.3440767319397775,0.43974668741872147
0.6966377902299933,0.5924191863168947,0.07222735764125265,0.6425320711320075
0.7006927722366298,0.5237836015589801,0.4246192347897778,0.45743022182169224
0.8483331881501841,0.04774020733311757,0.5423202219292489,0.27625378392664524
0.3492553979755256,0.7915601556698636,0.6212959102393675,0.08433363178460562
0.3960164988209084,0.1951250596695,0.9902733208768905,0.7327373369159313
0.2636088468056337,0.29619952029092966,0.6071697123092622,0.6323097427083133
0.7288972671252496,0.4832096090127389,0.3478893072524677,0.6522717588939082
0.371762355603514,0.5138679952353699,0.5547475443448653,0.5650742332214466
0.5781767153914695,0.37437332558243563,0.4944509370632325,0.8450384358019495
0.46205910238893866,0.3111637777078553,0.237351882114043,0.31429338699976994
0.09178965787545057,0.708631481003739,0.060834405677607895,0.1828379865796187
0.1163828510386008,0.09848682689736632,0.8844095582723585,0.37191427847455927
0.46231396068390573,0.2863835386784326,0.14970193163546697,0.15448210106253102
0.05030278247343467,0.24132432543257287,0.41401524761060204,0.5174125109376911
0.8529551683423053,0.4026022011700394,0.6147092909440413,0.6436491821115665
0.25173983939731626,0.29493220710468804,0.7701672762079318,0.8081856791206163
0.5809222432660085,0.6126448353446029,0.18527213817477772,0.7691345434636329
0.3962444380556184,0.9593758739097467,0.29031209607721653,0.006201326921502659
0.59925739219136,0.5725338335307474,0.11997890987039739,0.2188426325694558
0.7624467416594546,0.32994928857265704,0.6913210052585453,0.6842027248308089
0.3141684905241028,0.3096709972468913,0.09988533597228322,0.15643479911022296
0.6957271996272897,0.1795169040927561,0.9560087249936967,0.25233253804870703
0.9730504906930894,0.13203478778031819,0.10839695931979165,0.2927510374635205
0.3308470539370819,0.5615871056397409,0.6210688272179645,0.41123409981757675
0.27968124283244333,0.4169037604682603,0.9566595199384934,0.8014028508468011
0.904790389520632,0.006661096984353909,0.6468389239303259,0.23787824263404245
0.653727876275186,0.8710087245896959,0.46963903013772257,0.6487460483361808
0.04594187323600063,0.3282194759404258,0.4309087092867433,0.7637016474543074
0.7139461047054911,0.8517284248041801,0.7446710846357119,0.7841667076066279
0.8629499657724135,0.4497819558286772,0.3546119525725946,0.05085992237006476
0.9938420793684031,0.9100819293696624,0.17512411962084184,0.4758886939657909
0.7422908750648926,0.4714400671887755,0.30920977787933845,0.9900784868246841
0.0641573472856869,0.7397549791357155,0.9523906766665936,0.18494294323327898
0.8987798680297909,0.8083003298338274,0.22565556352762017,0.12601537483955982
0.8557568507421348,0.25072628980154055,0.6134988946152871,0.004734385969646926
0.9936171699973197,0.5488240066488164,0.2683552013446705,0.9483659693727078
0.8930484616505956,0.19552254737366737,0.6593264688109776,0.289983833277613
0.31515411180494257,0.35806794070463677,0.31428791330477135,0.7125136669109764
0.8927241882765904,0.6088055837928701,0.727930860085686,0.7276727143878248
0.24390508742883787,0.791894549269587,0.7963757711768994,0.8939290045026076
0.10938064977426254,0.83349838667737,0.7225717867927185,0.6688865687568113
0.7976293525555326,0.8799852742660189,0.919309051267289,0.8645847225513509
0.6266514869640424,0.7523660041697425,0.8021918191621131,0.36943491825550834
0.19109845137695258,0.2102382623161293,0.38388389272366696,0.5075234032908208
0.7872308032043773,0.10424490153529542,0.8399653178945692,0.12560756792558336
0.3174364675310417,0.1794048824070974,0.12032913570484438,0.5842506332499808
0.150119818647921,0.9189575687242222,0.70602077188233,0.6037460486084754
0.2856642072410539,0.6242755050407515,0.4708918781936734,0.2484037362993653
0.342220057962369,0.7105909263054385,0.7951047059202996,0.989702650851186
0.4025243121260802,0.7768112887102766,0.45480174791385675,0.5960124164768957
0.3216137418002609,0.6778529790196077,0.5455135102889774,0.4244083064174624
0.3060861810312706,0.03049383603795519,0.9895497069412574,0.46641378881587103
0.3483416650797695,0.2670563435453608,0.16379642855039112,0.2301993358835538
0.49046976162625133,0.02758194649285406,0.9555568710174894,0.3883133841254206
0.3837960891632839,0.3618338595052605,0.49382000851093677,0.9476952664566577
0.6974529729227839,0.43396509852767484,0.9669026162031974,0.8886232482079255
0.8381072759539745,0.9461605908800199,0.5867385046352162,0.8848301553125175
0.6035838596962921,0.6784625890508085,0.038383206457315855,0.1541409177810834
0.09622719151087689,0.25326437945476565,0.2812012183526621,0.057931456955109706
0.2801326347723203,0.6855915513263312,0.555039917074874,0.9390529490451736
0.8702897817338272,0.7618257525086981,0.36297347026314863,0.044441421521486
0.7251266759338024,0.329972008751104,0.40553297555293233,0.08647700894922661
0.8352432051210116,0.08187764251123508,0.7041215984660253,0.913427880748774
0.9542355010811333,0.8381376526731527,0.5273809888038313,0.46283466191941736
0.6386262930711315,0.3129073106298338,0.13790193846285992,0.7517565967611983
0.42838125134836447,0.4734852045231016,0.17796479627858952,0.74737185312585
0.2004682158197022,0.9315464430311143,0.575342354847417,0.12923160097179243
0.24509876635990147,0.5765648271681432,0.19168339330711182,0.34085589966166274
0.7811976041995926,0.011774022534733586,0.5119717154723331,0.37165294130610305
0.29128772339237097,0.6994017454999385,0.7158565151727432,0.12616753929186797
0.9965729743072379,0.5542811953535345,0.994636135570337,0.7181291529029163
0.8293670465369427,0.08918385503757786,0.08703149224344964,0.8136547896018265
0.44808696622222266,0.47250130720763905,0.08239690574023983,0.6885874343912336
0.06338229288317832,0.2387438241025197,0.27173140959181885,0.38618679704812375
0.5819430479135397,0.03755330238010113,0.4581687294904784,0.6400483207001713
0.25822790709710597,0.6279064645142438,0.9397511304101787,0.024822003880577093
0.7860469612308375,0.5530338728974095,0.01860935072605363,0.12414385736912248
0.40712809712093445,0.003760545405470883,0.7821165525325864,0.20391786047163363
0.9971702024130602,0.6446340176639395,0.49759502336762795,0.8559732210782958
0.621833376338918,0.42604006423462115,0.35075020881937236,0.6910939240930013
0.5298745046538537,0.6466168998107051,0.9585699416408916,0.11719319991048127
0.2914800815483455,0.7184404905732256,0.5975642091134241,0.47040330563845334
0.9465120946930531,0.34852435279354543,0.8065684270878049,0.9335943047544544
0.071847583392454,0.13098745610363127,0.3559195020595355,0.7163908509235446
0.012678502031153394,0.19547079415320012,0.21426712858941577,0.6265857721838483
0.154672603626564,0.9374261347602738,0.14730814775147527,0.5692420015906884
0.9146765586778665,0.1640521543637249,0.8495139333140133,0.6922047798033788
0.4332690645215487,0.7114445604067972,0.6911210605064768,0.6561305680338224
0.29743974857823463,0.720549561301012,0.2357097814493514,0.006618635688172669
0.8135880202031022,0.3974620681246095,0.6065878460292249,0.5469627926469679
0.9938977588341977,0.5174745127345289,0.46733708017732933,0.6424321882741069
0.9348290145995749,0.40352390239018654,0.6061227155432976,0.950123383655881
0.06980363462041839,0.6454376221910935,0.35178834693701433,0.8805521638474817
0.7592470322518694,0.11432798589543791,0.9674150277858049,0.5628707235593621
0.5667263505940042,0.12241788156200872,0.3318361378340785,0.6854159668594839
0.26132867052732156,0.9396491536615206,0.8430210744060725,0.40178681478992595
0.987281633217666,0.613999350407273,0.008526404239963759,0.2633548000763115
0.8086739921642537,0.5607237394810539,0.9302643609483314,0.39590712938978145
0.5083182225472547,0.6510396448437422,0.9207342563399648,0.2804782104808965
0.8504057624235271,0.42068872828855497,0.04816079100228721,0.3382740921363344
0.22974375684694803,0.9720815988168434,0.7764579252002326,0.20236712773059196
0.6126066495101237,0.0627843376231002,0.3197216461511495,0.9127922573487938
0.4468395188794204,0.10903666420862401,0.8862760585940451,0.03730684179003507
0.3574752409194176,0.3338457497512326,0.5825698660409017,0.17030694017688586
0.9076408377560474,0.34982138714414657,0.7002415452666462,0.6035718700417074
0.19294387297232984,0.5814978169262934,0.5113585682211618,0.2887522414336622
0.17047439957636867,0.2818201081325157,0.6539028845677933,0.6069062344099498
0.8728767183399957,0.2131235222993143,0.6246812890666593,0.717645976489909
0.09432714296935274,0.3422291761166756,0.26259597771708854,0.4671892936996809
0.689931036020022,0.03911897678366183,0.5567046135152914,0.21680456604194664
0.6302767920724782,0.20731434251584646,0.27875844723884435,0.5359209143608409
0.691843348074672,0.007503350991724278,0.73264449321439,0.7469249377597902
0.9052728093734561,0.9922978173600094,0.853645603606833,0.5160158799265014
0.23344533067910933,0.05416384076444414,0.8021389983472462,0.10432715517197744
0.6637099505386873,0.919510431298059,0.8178756055201342,0.6027880336170632
0.8809887882348542,0.8275609442714046,0.8985806613492613,0.6456336323751181
0.6345211117637145,0.7415359753850629,0.3454145780182558,0.9181531890514019
0.33037176692145165,0.15660239770938378,0.6657901499282346,0.8531271899778236
0.8526930567809774,0.8755817965211543,0.5598903734002884,0.1914359320493909
0.8883524695088442,0.5562041175628408,0.49949332410522707,0.08416746446375789
0.47865799961026456,0.38166524704786964,0.14545479989833088,0.6308446116966887
0.15909178625532583,0.9930681898000951,0.7675125826634348,0.3074395373727574
0.8358569459158801,0.6238129341770963,0.11532557156331313,0.3915947617907094
0.4354007938313911,0.5560181547761097,0.3408805842977637,0.8471655660451234
0.9832214788855225,0.8545371165735933,0.6232627966645345,0.6946168402482674
0.1633606552216944,0.9826240938007402,0.8953957800127672,0.13326316831691842
0.632089706529096,0.38333444679990303,0.33852414990605884,0.2929847681000507
0.16614808087113464,0.5001824188189743,0.43912383279387124,0.26877318942617523
0.544277931395977,0.1581763744556417,0.6514132004362957,0.2323120479185854
0.6453100856548892,0.7910573414032605,0.6578971220026995,0.2785519074953452
0.13445106620701386,0.6504524609569124,0.5701948443321018,0.32602438773726017
0.00535912612969458,0.6235423766099562,0.3752411232005618,0.6410627363788656
0.09144377524349756,0.5188294619808136,0.37123049031004984,0.051931657641753226
0.3221493586060544,0.9825823162356851,0.06739121503624146,0.316451386533651
0.7940277122159197,0.6564322968859725,0.20372080849716012,0.2783544014562097
0.9958772096931843,0.6378423717451677,0.2742995174143713,0.22231000437234316
0.8652924643221829,0.8680086308173347,0.5368115005332394,0.7518686054601167
0.10954635769700716,0.5810118510212959,0.7054187251409014,0.9252846259403116
0.9176618939037756,0.4106914423233349,0.39870959772200865,0.6764225406478794
0.18170977313597625,0.921850816475252,0.801315870444788,0.7386268539623727
0.5611039968314961,0.652099453782042,0.4069868402230492,0.4868178783415906
0.9809337631772392,0.2289234731926988,0.5999007189274532,0.16228087311870154
0.3726218690347465,0.41872886442535284,0.7292760105441682,0.5961546420396026
0.24656905537301999,0.6328874474478234,0.2345080701936294,0.5453022117401182
0.974167195981349,0.9326726038824577,0.2339392716163553,0.9557048462188105
0.9390650113107237,0.6492859386838915,0.548305728976248,0.9243452628709388
0.8788274599520547,0.7888828673978087,0.11543332581608479,0.7954127775126151
0.15801879949399256,0.34043270825703964,0.1814360125186586,0.9594183064095977
0.16780218957026372,0.30549661564431163,0.5732726297165124,0.36541561466905426
0.23573003063107378,0.9297670078159433,0.10830577296853017,0.3949832364080488
0.5641983235006567,0.8251905301721556,0.17405389101682234,0.6851676443241685
0.5730885447976789,0.4319995813978713,0.14041049085895718,0.7771418016517815
0.28737547984304557,0.7903374984804014,0.266316228202793,0.858483963245397
0.4288115936075868,0.4882590809212144,0.30000523794845524,0.8047640104752468
0.8046335218139703,0.4524462327781501,0.5330324798397513,0.6789450664677299
0.7758544464322746,0.5869896411938257,0.005930739305206378,0.977482851881236
0.11814329765736364,0.563239206274132,0.19462102155123262,0.9344347528528185
0.27016585540629057,0.06302552574738751,0.20959922096064565,0.45101681323110543
0.5375184885577869,0.9423046478365643,0.010353262403474228,0.018695476935608024
0.7667483302586008,0.16035544634370424,0.3733579880162,0.6427969400001946
0.3437569963542345,0.6542886193822376,0.8220367601042081,0.2786095934347522
0.3819106600800316,0.16077147270021608,0.0005808779905417394,0.4522101322470884
0.953028666720396,0.6057405806837013,0.5596576128605179,0.6875384036203119
0.37950204937557497,0.9699044117439996,0.37341818654483205,0.2345803254779124
0.5457784519035394,0.8100131995050605,0.6579786314478635,0.15650584791433664
0.46612097451223233,0.5404903923635964,0.6559502923860775,0.10323816427106003
0.6836328720193123,0.13790848510873133,0.28707695529074684,0.6308194480789543
0.5920234247448812,0.8899538273331732,0.00838179559699681,0.10511113306392106
0.2460019211946315,0.13150329926267412,0.6205671429716337,0.9821134905500745
0.06929317024291148,0.3567178197273103,0.8249708692089491,0.2987190826383084
0.6257013466425917,0.14691388745370537,0.9259414953360333,0.15444163223184493
0.5379597032873032,0.030554991796525433,0.459004690843551,0.8096269530283443
0.7861973650681593,0.5225718256298942,0.2912541142299314,0.590110988196882
0.20026437977250067,0.6618152851148494,0.5258352342076404,0.08078544373560281
0.6473475386280492,0.5501986142513565,0.6145257522372815,0.11423650766415694
0.7228708085239907,0.508601527941493,0.45656646220949315,0.7235023026260512
0.25338682141972246,0.6177151550421325,0.951567945322477,0.7787488333359226
0.8482629287965119,0.27940858482193964,0.6302097333591259,0.0036834817115763974
0.24285522669337478,0.4188011435142628,0.7397742938658247,0.8406650688803509
0.7189368991440719,0.21032766459613694,0.9804149224192106,0.3360349363449653
0.7641970178610218,0.36919492557818423,0.9940451863537849,0.9515861515824379
0.5431571697760512,0.6157654389544722,0.021655349768324283,0.9763126256918773
0.6643541422264908,0.7901942060548891,0.12667126102938486,0.8006916791570811
0.12329026040433566,0.7461998575702449,0.7410125736113832,0.0027016958758209197
0.18936532402638084,0.08217813977208888,0.2143676623727887,0.9037451622234596
0.9096051287720851,0.04113700052900304,0.29038573834716597,0.4657725980033808
0.8062845368124208,0.2341509502572514,0.5393748800504831,0.7187098866539863
0.7703383056440594,0.9267232519518331,0.9328817337235953,0.2941346599737885
0.6615974003897441,0.49080542542309713,0.38506217872012827,0.8018404577965292
0.5519993911816106,0.6008528683684219,0.20315478337620108,0.5286895009011372
0.05217431088177027,0.902391395031449,0.08187993488817058,0.9475275492896705
0.4576743903212305,0.46146411875471016,0.834365992354466,0.3653480956146785
0.2835720760382032,0.27967880350428664,0.20329482462561776,0.18267864245886412
0.19821137378553666,0.8253753614306034,0.5189180161099999,0.42557921913774777
0.7183477266051931,0.6455831473177581,0.0212004416622541,0.9417195018568276
0.04718053893249541,0.6222147242977326,0.16461534883159046,0.343536560197198
0.2699862296329657,0.03491559291009949,0.01543351458381026,0.7687654481071794
0.061374295055508954,0.6018790732579181,0.912672088223466,0.2541872739239345
0.6472493247053608,0.6104074722697096,0.06601817899921458,0.5294211554786155
0.2842904092309221,0.8056561919969457,0.24828862122696893,0.4482408592097217
0.34123589742882077,0.22315380938139118,0.9278163954160229,0.4778597067615936
0.5831451056140561,0.9715942233604081,0.4011854955291986,0.4260105683705311
0.44232786239690824,0.5960235540787301,0.14602376489359514,0.3421844216124378
0.37590616381624153,0.2337528510028245,0.19279317836676702,0.6164108303299995
0.2587734258893539,0.8579046874624584,0.28597084867766953,0.33137661339776747
0.7802268396985996,0.16878370731433734,0.9162052863227909,0.26260730659066367
0.6724253991959164,0.46458703594692463,0.5695565175491357,0.5971795023017363
0.10834765859417017,0.2776878006316421,0.35980308279199424,0.10856793445807333
0.3066676393474729,0.11633943516081136,0.9541024410009736,0.8429704838965707
0.28031629872326624,0.9847960678260087,0.5960389911974708,0.9490887858049067
0.20195480186943027,0.8694663753969065,0.3861279862601583,0.06264205361941877
0.7978764170326396,0.552174876632265,0.36556045225803047,0.1113431503156086
0.8541190601946156,0.4119962679668626,0.48947079524571135,0.9233176168626147
0.14991032272011262,0.020169065606723158,0.686965276663576,0.6508159437255939
0.5971889840460783,0.27969786670661434,0.13673402982825933,0.8802916435038184
0.35099327863284946,0.6736845960875963,0.11785192818750945,0.6334601344744728
0.2862596518363564,0.06499832317768295,0.34661706572026707,0.1852071504765851
0.6052209206164224,0.10710145452842534,0.8204629157893895,0.5682239983721814
0.9563175970791817,0.35739830467836275,0.36640725948089725,0.00781415688751641
0.3322094534526676,0.9364683322297056,0.5767836918630652,0.9660729108229181
0.14714693030608272,0.7414314092370694,0.2851659025198582,0.6050573767282083
0.9388005951560122,0.7908550244114534,0.5197574826187565,0.365651509183898
0.36480553888789513,0.4467761687414237,0.8903059232406355,0.0002473452090651085
0.11833179844327979,0.24059769166941303,0.3541976700855579,0.8252358696415445
0.3476180368008066,0.1704527401424648,0.11492244905031557,0.6664480966624486
0.4223944024030759,0.6392826544607692,0.9375285627566246,0.889732270026383
0.14448203703886486,0.004413914099377414,0.8925292338638673,0.1676842721062577
0.8136098467619542,0.6341523671254519,0.6827504698445082,0.6276991319744937
0.8195210761749098,0.06487153342883034,0.34683440473352445,0.5445802243150993
0.10777447495592418,0.23049909028103588,0.9819037997892835,0.5813665288607396
0.37130277163674774,0.9805338280823963,0.5233355580123686,0.22108720916003333
0.7588940632891242,0.252919181703941,0.6980856045058702,0.8665670012222787
0.629139644071131,0.57697390870308,0.7579678169251631,0.8718058915241654
0.2274477261848994,0.9194246061530997,0.5110926876349148,0.1418325900617189
0.9503532827070237,0.814119211474162,0.7046951221439103,0.3913813258871097
0.7223380540367187,0.6969775273077257,0.5329891741806667,0.05650714418347336
0.5906341609130988,0.03024867303721157,0.20527691460246666,0.2434001613314024
0.39842964410712445,0.12864316695094347,0.19580222386794743,0.6135124058927419
0.5927288331710372,0.3808715724126682,0.11079204608124216,0.7205045528730409
0.7213362263732523,0.7289589160831962,0.9873404203201497,0.9815561103842212
0.28387333120300084,0.5002790495044297,0.11184054429452284,0.748435210275468
0.7774547769411403,0.7024021996797236,0.43659579276321414,0.049517612558901414
0.35508244663801514,0.2123233303199097,0.3481978403011319,0.21211814726619305
0.9453565851618235,0.7096904436848528,0.2799554230733019,0.5233618791655162
0.6126875057429312,0.34158217514226474,0.8549652870055524,0.7615535196402954
0.8206553410976493,0.01878041286643739,0.36352450540459824,0.5007392102361027
0.9375297821408152,0.23274652295222065,0.17662992718963588,0.5854988660920704
0.6671158836729152,0.680627638846331,0.3078836013805707,0.4533901660015527
0.23775974041215064,0.414831724859672,0.07469952509357802,0.9576133676168515
0.46119420776834963,0.5828652911595321,0.5898224316621239,0.9813663515979494
0.28012392199519887,0.9846748744136857,0.8341257387878764,0.3526563293260192
0.97162600386314,0.19751341975109893,0.014782267616856637,0.2376436585155648
0.8647811296745582,0.2239201166727709,0.8594294272233324,0.9358125068511565
0.7548766506763238,0.7492712864790971,0.9537900686858839,0.5724108216532059
0.14679425525912138,0.6641698441185181,0.5572454836366489,0.972181744252188
0.7964261531814396,0.8347876810225776,0.9431593900947384,0.2786091632240645
0.6855498371948239,0.8494518150586258,0.6758813290430573,0.24066767876652362
0.3108089866694751,0.46993950195278844,0.4934519993441344,0.5020702959986512
0.7733939308960254,0.45749032128789524,0.9035712819349588,0.819629855804835
0.6433504123186824,0.8452741711435663,0.9688727461214807,0.38141329476871544
0.5558708060544645,0.6769265448287799,0.27015101955924714,0.678795651496915
0.24605644938868687,0.2723804619264544,0.07842031561140483,0.7953394036221858
0.1253623851601975,0.7416583370495113,0.9030715885480756,0.28409432085053177
0.9209635549165565,0.18231528248358775,0.3665541250012748,0.34796333409298763
0.18817563132314408,0.42357154341737147,0.739706311565196,0.35030289474423937
0.08210117563725672,0.11962846337104616,0.9361962317200405,0.7317345651997609
0.22055864817055781,0.48110078122258126,0.6522909832321484,0.8439297812684656
0.7426960357462478,0.20432416862428882,0.9394317767453342,0.024880067411356954
0.19548064225750317,0.3926925889971076,0.15148745619262138,0.05211016416999181
0.399826003615414,0.4397274706990648,0.5881856060989583,0.445314965034313
0.15230335959898134,0.9588906137936448,0.5003076863553384,0.2948533251992852
0.9938774229541589,0.2045277806466277,0.198410790498865,0.9668203112270448
0.22255224701116427,0.5718547552945289,0.7647752728969058,0.2985059610684557
0.6442181868884973,0.4657101037440641,0.8526113885439931,0.5138832600061443
0.5939515531014086,0.19069316145943227,0.21458901227121863,0.7901216687791663
0.012748915795376847,0.25645113909106043,0.6422951157003808,0.8273857963515396
0.5689519511443459,0.7076925104090902,0.5018030259679552,0.1242502411118841
0.036307908671558975,0.19468860739397764,0.8487781340235898,0.34534655202357156
0.6506713696318903,0.5632365699864309,0.36339325634672337,0.601209667193209
0.32551621160545263,0.7963889449314484,0.0020115944807274078,0.36574479110110614
0.25777206821418885,0.6044142256043437,0.7485874261935521,0.07798731018229688
0.23804323598601507,0.498773574014829,0.13787967060149264,0.04164277130894212
0.8226058020492246,0.14322013680837142,0.07599483314249478,0.9777829013722943
0.9922091159456732,0.03365686311729654,0.743636051467089,0.6234708015872681
0.5825288259042183,0.35272541836292315,0.3495658733185901,0.7075470319126754
0.028132359137562513,0.6333868611233392,0.688880890120453,0.7262780553524676
0.7784359560913893,0.7483576298324466,0.9405512039231888,0.9057102229199931
0.6929752449732822,0.7177872974603068,0.8343566729346757,0.653520026216402
0.5187801552160668,0.9628153378540627,0.5378652552073683,0.6369242880030513
0.14340249132160432,0.5324734339810472,0.1327082960482262,0.46149866308981813
0.6374632169631437,0.3245125749693055,0.33062257734494116,0.9563154054470296
0.15347222381977654,0.37127443906609425,0.3856161622261509,0.976093244109672
0.7314750957686886,0.779963602403801,0.16885072872178397,0.2124477613481326
0.8254466178986243,0.5215031492157428,0.28369764560682065,0.6264413904687333
0.14301654319096346,0.6143749275871284,0.6920141108381472,0.2684759911630009
0.31128438173162887,0.5038960728535444,0.1599200423038981,0.7585152620517791
0.8347570950603496,0.47588163236105097,0.3053257220298231,0.16201970295116375
0.6614016963836798,0.5251437045774108,0.2892777059159105,0.9201191179512075
0.9202936928082538,0.7158594489438471,0.20425047709921829,0.3747296907269181
0.306334658531638,0.8880038799891607,0.12490668939467986,0.38887474862972693
0.4297082274782926,0.12141339674819163,0.22803346516076517,0.624203564908313
0.819316403773676,0.7843680657008829,0.8721653209197461,0.9694752819843752
0.26633104594683144,0.18571317623974593,0.7958329343004638,0.36926505372755336
0.5712442735294808,0.7622814583431486,0.1525963844074294,0.6063987314465049
0.38661243184931793,0.8422551767824951,0.585287115773308,0.835881007981552
0.8559378206065582,0.4667958576114809,0.4380031049088312,0.7284975437802351
0.6608682998598269,0.6942769885868627,0.5962178070008695,0.6872608204042036
0.2310422195518208,0.9482740764222437,0.20968205318929078,0.5251863160513234
0.1819672118861141,0.2801459844061144,0.6007736031569835,0.24599623127669834
0.3225170561015346,0.9647001066925867,0.38690292594049225,0.058155312699431194
0.7873929916033223,0.5398603426630946,0.6584269223471734,0.8206205996489494
0.10181365577483925,0.9253229547750437,0.6006172504133213,0.032051662902098266
0.9007574927826931,0.9679867898175037,0.2608218373865653,0.653233648315924
0.7505117378840922,0.779906271577499,0.9280942737734159,0.5308384597679247
0.5936996891411037,0.2705798430204365,0.7521593652967685,0.8669928506300995
0.5950268480758822,0.7228535192345731,0.10630384406379267,0.12738520267757403
0.5663613804193038,0.46144345001047316,0.6170432527684271,0.1849514394919981
0.5414388562401996,0.25236872755771467,0.02502620420741064,0.3598727823783544
0.32348295182542763,0.8804277248483524,0.8757735594135249,0.6007202136252697
0.8357671916054716,0.9144145443312691,0.3153448052087271,0.1411585902096798
0.940299430188417,0.5645887071531589,0.7683317619403616,0.7589042531132011
0.17000523350889696,0.10202317344568468,0.5156443520460551,0.6852828900020177
0.42020170661645884,0.9468567335763268,0.21581387659379148,0.06415127565400447
0.876926109129223,0.6790446785569649,0.268408245941392,0.76112210745119
0.34196787069601353,0.9210545474922494,0.8461189621475276,0.29984492074973623
0.9743835270907777,0.3528534879732862,0.78543804459951,0.15886582162767726
0.6310093299596514,0.11898855603751024,0.7380264013720157,0.8423643034592092
0.2141428546966635,0.5025119134095097,0.15508457954504784,0.2600081305265862
0.2036279563501472,0.10707124178201977,0.4479339480354383,0.6841143263489136
0.4886735483934018,0.4136618524723905,0.10146709161814227,0.99923478223179
0.166195821653374,0.15603020200039952,0.006466460904518523,0.7777402061426174
0.27178455935355483,0.9788059763329631,0.7786005783606962,0.9471598110909276
0.4707284948759196,0.8769102594265086,0.7997216582121793,0.28338581005590024
0.32155363462534736,0.08192333164219612,0.6211137836883358,0.3389751324020479
0.3701861040926445,0.9999255770015812,0.7869298492483096,0.7483898152455043
0.7160154739804941,0.6025096806542053,0.11569620287595028,0.9586287430739477
0.23449598024556173,0.06925803895348925,0.7073365195656961,0.13254612635343743
0.47678422635931406,0.6010494904260074,0.7249721146937264,0.9225992232922036
0.6318894520153149,0.21467469632329572,0.3136258521362204,0.7680991972545068
0.7442006720564004,0.7219269582945204,0.6391310162592385,0.40440710288385007
0.20589774905333114,0.7867209353156679,0.3514460624137268,0.7798163685390992
0.39448008127703393,0.30415020743755616,0.12036406051706028,0.5001878323592955
0.7205394200608602,0.5171605138858177,0.23088249624210633,0.6647391405326958
0.6109639578207038,0.025400161330484727,0.7220664442587952,0.9113989782117795
0.05992709892224046,0.20678386287225892,0.7235505037016194,0.9807356428511363
0.6720765358835982,0.8700767984875076,0.4943744359571869,0.9593852216509973
0.3281704216197161,0.6247421820556659,0.9678703584631123,0.49687773547995817
0.06619457607356516,0.4758263244548384,0.8630424427849437,0.8021778380529934
0.92848433818766,0.8594717497702007,0.6101608203769866,0.979789926824433
0.001356567122488439,0.9904049698011613,0.9103335125466333,0.2060816097492818
0.6944005166672746,0.9524861266043754,0.2172930373404336,0.11272722040727279
0.965901994752401,0.9747237807508021,0.46911932077819685,0.8340884669913478
0.4816364956306244,0.3320095143744891,0.6002088677444899,0.8393573786407172
0.5564224634729573,0.6675703912520468,0.09048099441310142,0.8419126354695857
0.9392923460811883,0.16690924993031075,0.8546457231766834,0.5101591431227922
0.27748421013119895,0.8126139445087456,0.3869263245533797,0.8528814100716071
0.093415806036525,0.7684523635281986,0.6357931126819917,0.0504266464531975
0.650473895212111,0.0305093976123747,0.2653302688865371,0.5899763745805059
0.06462615299162389,0.6849020921607506,0.39241962195810276,0.5413166573072067
0.4110428509369589,0.6155999128870846,0.04767941815181498,0.3915012053485143
0.4573510838535956,0.5162325946467115,0.3717262392267977,0.2934477105673968
0.7743717888904578,0.5655013698835055,0.7934870305313877,0.8671658104947134
0.81952048488417,0.8636830379928712,0.41070470613612753,0.20938261163232408
0.2773478987803669,0.11097884365693678,0.5489737176640264,0.5572926880243895
0.8497085111638242,0.4066331459052114,0.5026185267137019,0.20800802269572827
0.23359050832561967,0.2663746487271591,0.5476725863806353,0.7599258647231121
0.8388091714400548,0.5743049858491917,0.1881022575676885,0.2757960386339732
0.5482093815038763,0.240855884946093,0.43970988090584207,0.04909322007372452
0.254290208938039,0.4833184071329113,0.9594161167264896,0.3096654377146686
0.3765702283442486,0.5807704596418284,0.44828956224307226,0.5707202325960057
0.49288107676575643,0.701551088669657,0.42042340090948815,0.4781325816881842
0.6927736670050416,0.13096749318240408,0.8067519635153537,0.8618705994807075
0.52455733914071,0.7505219711964137,0.2662911725291217,0.8560934242805305
0.30302551957917945,0.6089339566724996,0.36875914748432603,0.1892623041713143
0.4182201758565942,0.8697910445216384,0.32532661504345095,0.0604967727512441
0.1079055191816305,0.2496265010521126,0.4148835993318629,0.2128649807617663
0.6901207543268136,0.725068992151442,0.8351362429303805,0.49876094562718043
0.33644035033543307,0.21170064885892215,0.9381544411380043,0.2930717124439809
0.7350760719382671,0.20792752330205277,0.10050188758202427,0.6395425651311124
0.1495917187260578,0.6262945275374235,0.7292759694533704,0.8172436862221811
0.550052499259208,0.12323479089789935,0.12218511079021688,0.5172504484603477
0.1529094418943706,0.10395684397033034,0.07819079178184862,0.112896206657362
0.7550446050070366,0.9018644567004147,0.03650547521578995,0.8962001255719286
0.9303339543263173,0.8548837769455772,0.20455124550149884,0.7565909262418536
0.07430251260053533,0.20752909033689015,0.3732026040284617,0.5783867269580476
0.9920277745484823,0.5757127341212223,0.6144894848543858,0.2647507678491209
0.2760544627047281,0.7022041099256635,0.5248987199117966,0.21926229882696913
0.7558127165596578,0.9787607345372011,0.1582909329875679,0.8991043457913379
0.32701306070438774,0.12362670246700525,0.7505333726615021,0.3725687045476309
0.22369653326286298,0.06188687460265885,0.334755428746106,0.5042891216234922
0.19947129889884385,0.48261013845273915,0.20637966144636322,0.9605664621758141
0.2571385513659281,0.6376039646005196,0.6046286477396242,0.10588122362683405
0.3664048819389323,0.5387556304950809,0.5359919067980723,0.9085795572680123
0.08257388465205717,0.21027955089362171,0.7844239495412293,0.15659854382421834
0.7570041099244312,0.901146189122122,0.9447156907287783,0.45620004391559565
0.9883291733491767,0.08727691289740291,0.11334201393245757,0.6505050794074617
0.2596769229898954,0.23012318659224806,0.6159417831254053,0.9865280464633952
0.08423308121819706,0.7706978491961108,0.40396015748412484,0.7060592092019965
0.7385567635064577,0.9645679562185975,0.9663239776105749,0.22157038027718234
0.5012517934502825,0.2830078346781707,0.4395814330856934,0.09394120461996758
0.6065573574150002,0.4398554011859618,0.6849216791763012,0.8662677833801009
0.4088986831662731,0.6760308291767042,0.40806663570470636,0.5497446738979358
0.27109358173174514,0.5656465778923119,0.7735489113128097,0.054752257347436606
0.44942326705634894,0.07009405605659136,0.08891927187931203,0.8134890516065917
0.7127593039434146,0.2881411687352007,0.1449290361229758,0.5987592629404146
0.19329896083757736,0.26358547870107096,0.21797830493448866,0.43862684689778164
0.7765600784400507,0.16843586982767034,0.1448256847586712,0.18980287166606014
0.7742532525331258,0.26403546128653765,0.5025129495330716,0.851534554091968
0.8545762557916179,0.13647676169710277,0.9543233119396857,0.8534764633765013
0.7533927981677138,0.5900283492424597,0.13971551925648462,0.4992799725303686
0.2965075976104675,0.9961762635562788,0.5714240340172648,0.8481325243851257
0.08878400720883928,0.6518536461182453,0.6399408741679448,0.42434276819985184
0.16547833708958348,0.7282123952082055,0.8056356451878612,0.7023034216649812
0.39306739184711725,0.32420751631575406,0.25208488649422034,0.8338542035075205
0.42119092001260794,0.14413196248795712,0.4385482859963773,0.777611117483302
0.47780770299222386,0.7313772666480062,0.836128887672953,0.07102915799528242
0.19158434963811155,0.7709154671247275,0.048116463571451606,0.13650105882040098
0.8753836313771451,0.5790237970688275,0.2756188189511827,0.6698906426175145
0.9420773490273847,0.8597231850459075,0.9393787050314716,0.32641711518520256
0.22774372946665267,0.14433434285157465,0.2665548336395571,0.9782236504333539
0.7556568999760781,0.23388032883424859,0.022694879724751482,0.6412768998685463
0.23196930078608724,0.7500459124262241,0.36293318350673487,0.7362902842969942
0.7269909592254797,0.4307618398205285,0.14116538287456548,0.6438653013109036
0.9085242487495523,0.3674605571640932,0.806697498750076,0.6020758764793868
0.8356649421617849,0.776407164774185,0.048880489997794485,0.6322691626648289
0.9814674693660888,0.5402061277279524,0.10289496259136766,0.14188694711549266
0.4525748188674472,0.8356225619656353,0.24888173868704155,0.8152220141190101
0.8394380854058195,0.6452648330563429,0.3280558764970539,0.8570003941870221
0.9986475860569515,0.6199189882540099,0.6265480672870647,0.865597569562881
0.5102713909955603,0.8734126881913807,0.538489156857865,0.05023160297750251
0.3696566535226896,0.6839820545261601,0.640829739459546,0.14947427368777721
0.5304950513322552,0.5577333455544433,0.5689776219802957,0.21385119620168802
0.5206705768036272,0.08001985723821625,0.9814722803192683,0.2608975904066484
0.5773893813825932,0.7131068830410258,0.1193990820563613,0.17811415967510902
0.9933333474281753,0.7330657777462043,0.13043025522841767,0.17329343987680657
0.792204011002816,0.8476000449207917,0.1381186668871921,0.3371013618501546
0.7221048862107908,0.014853151662511999,0.7047511009531425,0.8788630990009215
0.9780431712829166,0.46294736932090297,0.4036817522117816,0.6649925493869591
0.29834752111313256,0.342079434322337,0.5833106390025323,0.5410931506891544
0.13241717597609448,0.33828682984543923,0.7073844503759271,0.04447199234969501
0.9371259683001393,0.9986505599181837,0.3297743931105651,0.372924268627859
0.6453939644853355,0.37724130335128025,0.4223096258075313,0.5898067510159523
0.13435305321439006,0.07875908031070289,0.21585267086652993,0.5531784170095028
0.33200698802129835,0.9233543193304896,0.21940835710030115,0.6040413364788447
0.7211613012774618,0.3585903707184809,0.6820119895991158,0.6535605462346659
0.7749765164120563,0.7086311286275485,0.4827789928720755,0.2873137187028928
0.5787222624981728,0.46291553289091836,0.770441693398644,0.6801413664102651
0.5367578460590261,0.8395197724372118,0.9462341335265635,0.5884446882265572
0.7294780111913142,0.5553586475124825,0.42345199144109,0.9213723102328212
0.25927388588813916,0.49579258424534245,0.9657889437829513,0.6164927169859766
0.07139585068269472,0.6366899607461949,0.7759488330069291,0.28208866221012663
0.6443286857454137,0.09900072050527042,0.36013884811208674,0.040402891539347285
0.2153571581530549,0.08673699642424848,0.7956684096190082,0.04407166210954527
0.6643985680814826,0.7837581997177585,0.5946632479441567,0.6386962540581561
0.44457067529612315,0.0801792873899263,0.6485291291419133,0.17751168215692892
0.878623146455383,0.0367922103513888,0.19067583426634782,0.9031639179671008
0.23542929382136069,0.815875857322469,0.3755866188425345,0.08212291879000133
0.559127373237196,0.10701402642293256,0.2256832429276202,0.190409291472314
0.10089807235460113,0.733270590658459,0.4746150405905003,0.15338553444952086
0.8030360839678702,0.9050346416466838,0.8965602572304354,0.8733947236945366
0.23790345079370467,0.4050246308430294,0.27100407908224045,0.1763736236752702
0.9968817194342173,0.6761599847428684,0.5704275578224315,0.5952340051710404
0.1815551573098304,0.5545462104526844,0.478183161042567,0.15318919298651879
0.978873218986713,0.5878080241765241,0.7872336861363036,0.3084584126078772
0.7871483055408073,0.17441323173412526,0.3847652130651781,0.926107462306439
0.804553523752607,0.5507373650355697,0.9656868506716042,0.8003186688237975
0.5354799553875059,0.0034751153084221498,0.7673362793600572,0.6137109995561747
0.678794224224226,0.9732347536002011,0.9058439093993941,0.5339128353738605
0.8544330237885237,0.34747592267020155,0.9732178127889642,0.9695361384651292
0.658343393324357,0.5022729358285891,0.1183608086356498,0.6709855444502142
0.8635809958377445,0.06460448448759659,0.2217010650988972,0.2369556398127346
0.3176633860595034,0.6401037568886111,0.40634332996615197,0.7967600371621246
0.9609083445694653,0.8020310690969527,0.39013995623977005,0.021874407034267795
0.20387551543141402,0.2975371154641109,0.11136256460814897,0.35480047326382125
0.7688453736346013,0.8450139907837151,0.08049413204550693,0.3863353831865708
0.693386257170934,0.013073188696842486,0.6728272995007761,0.7370299175808832
0.13197575761021418,0.7989526377385612,0.27335248814010915,0.157753238794767
0.33460894385922124,0.5109684347683915,0.4060389950241662,0.0998668385624023
0.7522454358377915,0.3688593562501047,0.37593180255609204,0.8094322367877467
0.6949398805605782,0.35413616080811583,0.40469860976599137,0.46919297485654987
0.37882783120642083,0.852834925462608,0.17178580229373763,0.3848787498927134
0.012149170682843935,0.6993353910260853,0.06568701623947548,0.17104372624637365
0.42366624506459916,0.6518088853125229,0.2623807652096014,0.29130612006498724
0.15714144068638214,0.8260580627245661,0.7260588683760101,0.7519134000106295
0.7900956235487155,0.135808500836882,0.5918849471459928,0.16557611502762792
0.4665064204499495,0.9329022787507503,0.9476756187340821,0.4574982573442229
0.221334656001134,0.5264381954495349,0.06082094768154034,0.362414218562208
0.9276872021687509,0.6068837961016035,0.2127364816518883,0.44049908699931273
0.7346536988973928,0.042234869291002286,0.07083481678254888,0.9231654772059955
0.4946340071869275,0.2402532142299325,0.9153604566625638,0.501545882555673
0.04938079208108748,0.35856715612129464,0.8017050327641527,0.03920559482843511
0.7918524918604563,0.3015314951889735,0.7982967004128517,0.9482125486620427
0.24959450200926026,0.6000436648687065,0.9690579803572962,0.07872884329339214
0.259330759773031,0.1531461580351986,0.011844376046390215,0.969279069410226
0.021286903951797664,0.4269485971545737,0.41273586140010154,0.6669687239564445
0.30447940633183224,0.10451402905904017,0.7992074549477645,0.5451120911448554
0.3205058308919675,0.4267274316883247,0.568490325029077,0.8059497009417698
0.6714010412057146,0.15822133482042444,0.4031678939369263,0.7997559393490404
0.17544262933614063,0.8326513373568286,0.4432610172829332,0.37631200554365185
0.7776845233705123,0.17406625423250366,0.9760274222333033,0.09087229994432866
0.3213140981589455,0.4615051470429319,0.6581362616281973,0.40279493067142746
0.9304546747415975,0.4571194595859591,0.39599668744656125,0.9853507858574543
0.004596346153707409,0.3885273572043074,0.8328432390830288,0.340550664001921
0.31669313749261685,0.39898432554117014,0.27651706442781554,0.9138490214220956
0.6444637474728884,0.013222219062551166,0.7249385732865056,0.27616664399421187
0.967801734517377,0.9136452969544591,0.2527616777882483,0.9946958310076445
0.7794556509669657,0.7481794199483041,0.31594332541642367,0.4721790566645827
0.19874850141675526,0.2949060018378763,0.24550585849796402,0.569385746522173
0.18966811682935403,0.009074652045333642,0.13932303103031163,0.010823633089597218
0.7088913336227674,0.9023120290621863,0.9274849249021275,0.8520145091575921
0.9821244293807101,0.5311274135849507,0.20950381216347447,0.9311469101343112
0.6112117318655022,0.6745746111757982,0.1665995604895374,0.047641270134462954
0.7115929495196858,0.5617430575266625,0.15957339677713467,0.9296539525625793
0.5144427943260509,0.06687605447431733,0.44549488969861795,0.7328120855476327
0.6472774659157748,0.0609720241272953,0.18324943754139644,0.2272690070742045
0.7479322321692774,0.12871657396433878,0.3668072179030748,0.8787213169030819
0.45741006371891013,0.15016045927653332,0.2968105328797038,0.14403045242380796
0.977845152540553,0.06749585089892085,0.8803095522124467,0.505915404033943
0.821423726840242,0.6604567289008785,0.37342937116986796,0.7344206201136241
0.03802027669251673,0.5989219786572056,0.5260525405911886,0.605811658287464
0.07841190503803586,0.5118905146800269,0.8973255611798077,0.49955752662289754
0.11555299456600465,0.7628475444533086,0.4411924311900616,0.27453782715685826
0.09875498119539838,0.5825635319246653,0.9900544091411377,0.15075343810133823
0.16649118044149613,0.9633573656281179,0.23694177634345048,0.8812361598102659
0.08816977885387711,0.7266892045302598,0.5003312894998446,0.9690797412071854
0.2486353166695684,0.6088920905311814,0.38924541367449794,0.3541643571231723
0.23346472815223307,0.8314717989353307,0.0303533008339254,0.8259592357326211
0.5698494556706776,0.8799823018610166,0.43032369707012086,0.27468705193302834
0.20720125970930714,0.8912709223934688,0.9946659449828105,0.02000526631715449
0.49769124496724226,0.9853954662514366,0.8364013098081606,0.7701821032650042
0.45249891407867204,0.08323979643457269,0.843432658869716,0.3064316590000158
0.4678698511286701,0.37307891283950123,0.23170782392106903,0.40829163901235654
0.35398528273631513,0.720083390278107,0.9271804840944412,0.3989529563242601
0.6432235809155009,0.30734732425451616,0.9510642285455287,0.2447457952443982
0.24377250144215157,0.5926636628933888,0.23491213124597632,0.7087298098290219
0.11502707544721602,0.3432044068765929,0.47580710753734023,0.07001273173410916
0.8567297386042017,0.4273442029655924,0.7027698564689745,0.30495013483379074
0.8064148551760597,0.442937409695056,0.4919987702582842,0.7323068247433617
0.7870797309379873,0.12313509086030361,0.918461122845143,0.8277052894343635
0.10936461596893321,0.4563481885578883,0.5942589694512784,0.021836330468233633
0.22754690276613698,0.7739472769799912,0.6942628441665418,0.6381137665592465
0.9492400324098667,0.058839540171058524,0.4986284149047049,0.15537578571025412
0.44826417044193656,0.09619425679990623,0.6450079649482299,0.3517749624390304
0.1659199786755604,0.3925690524626456,0.5591088975378413,0.958167482529315
0.9223097638622717,0.5023041834803613,0.0019000640919325518,0.9501850875009982
0.3854118688336162,0.09415650646797902,0.0936881455564621,0.5393196676128311
0.23230871695888677,0.036228077192014485,0.7070645704353528,0.14558034227662997
0.4821054473346237,0.8393826731381052,0.9637312537144744,0.11375521814981704
0.6303736987593752,0.05531825086504916,0.91735848478497,0.3588940571139251
0.7472020979122647,0.13454085605540933,0.8916901937841824,0.46230910415210213
0.38053698641431555,0.3717010995279064,0.3483952256904451,0.2602971169838725
0.2701561379746783,0.2619770465887502,0.02202493797158367,0.04624867164709934
0.5536480493099273,0.5689308282598988,0.11680977139650661,0.9590491433631534
0.6439875599960417,0.4957227901938607,0.8734745038669265,0.1085268467465168
0.029750998418846875,0.5951627235096117,0.7760831018411715,0.8608274706500918
0.23280776126844605,0.3476328810177606,0.3200061041517278,0.909736877936762
0.3414325659806612,0.6562986286151479,0.7076697461259509,0.49855793789925373
0.9159888617243277,0.022022585458216337,0.8550783235968767,0.10921511370880654
0.9630641234097489,0.7370918225886132,0.7437769206368334,0.29023708880794075
0.7963346782230083,0.6643782656363156,0.12456069268849834,0.39773341988231636
0.4314358007618514,0.8581228269521053,0.4549957614150696,0.72152926405242
0.5153245523288308,0.9172202587233439,0.35181125792919377,0.3490359663109829
0.5309323612624132,0.9957243551037617,0.34082730097214076,0.8402837264318569
0.2677781796156715,0.5873461443242948,0.837351144226267,0.7720081789855318
0.7573172252149765,0.0663568315077796,0.5704843200761328,0.4665695977080001
0.3023787605361813,0.8829564114709033,0.2194027080119898,0.1506950997433798
0.5087174643292548,0.3754401778958404,0.6637335137161928,0.791494766634568
0.14148801888499818,0.7251029235257274,0.9989030421688401,0.10582298443054527
0.01633251815519654,0.054065228137140875,0.11465627967434755,0.11677106550283345
0.8288439662977278,0.6582186279538155,0.6727217530751645,0.62713932157567
0.0836585765496417,0.613432879690457,0.15259400480159102,0.41978978386023147
0.3020929201617234,0.47426070826993616,0.9864312767936905,0.49656329549376643
0.1734350960612706,0.9868791392142195,0.7865880117291477,0.1802600312615451
0.24398259338848727,0.3911589726439416,0.07025176607947892,0.9133348253326072
0.6443993500194535,0.41256103387675913,0.6382173809353496,0.005421577287582968
0.7474792750770267,0.4421027762028016,0.6852287807472373,0.7716156111483303
0.12106429024347942,0.476718629632362,0.4286763576256164,0.0854501568291629
0.7848451267203714,0.11888905528434568,0.48933059388104594,0.5051465136925348
0.28899216463234634,0.025871586340589947,0.5204290946599532,0.2557030645484061
0.7133625065551551,0.6817046321758421,0.4487213468654707,0.5566742999994401
0.7199320402038655,0.7972104270662811,0.21305447921523546,0.8606934045023988
0.8317242670362791,0.1570073280682419,0.9203956164257985,0.9143254547151471
0.7081301374469324,0.5591482302611018,0.7152292181629712,0.49575565022681944
0.5446065568975508,0.3468156696005441,0.6593688729033029,0.3814184467155378
0.5279263419006391,0.5937436775654196,0.41389912430553477,0.37064740600126944
0.923334350233534,0.7616210906672398,0.500461112473773,0.826765328991824
0.5980139462274646,0.40616405241801046,0.3727495898718832,0.9118953139320526
0.8663118753708124,0.5503792058674416,0.7950010897341013,0.7341138753649373
0.6914075593847234,0.6461597262678584,0.7082981062597539,0.8602724896931107
0.36289654429591656,0.193492593772992,0.5792220461715032,0.9013877333850477
0.5905961985941819,0.5932090318462427,0.6942617252984542,0.9088441052622745
0.07764081913353449,0.7163497979028061,0.9423737194294752,0.7583804360975887
0.6806330448361123,0.30971871959817965,0.6160611987530719,0.8671026924306457
0.40286864812829903,0.6482048495707335,0.3860622550863291,0.45301246773389425
0.4044858549762289,0.6036147664691164,0.8784140118549335,0.9564942249354303
0.3211935779105385,0.5532711805617343,0.6417615057596163,0.7219478131070335
0.9012148358691635,0.3162369162596099,0.6084366363279838,0.14308574683448883
0.8985053117631945,0.5990135737904789,0.7479237654178895,0.08370606748282294
0.20859723889307435,0.7473226665130583,0.7212859625669354,0.6041544409086652
0.1867395435404452,0.9684349686414985,0.5736724434862467,0.8785082210300166
0.00997745663626215,0.15004580058653305,0.33059849576133715,0.5583942697191452
0.4038822346150496,0.7251399596241479,0.21670372870045918,0.05610063348247252
0.29423322936643115,0.810626601228594,0.4458457385012814,0.5237277245469778
0.09962597500094417,0.3527056669827525,0.6065147049003122,0.41238915419275957
0.7767554149521796,0.8213405758216534,0.19369508253831014,0.8052004504326
0.49497288039165055,0.7435666605376907,0.7988104692393804,0.2904903736684652
0.06178487552192857,0.8256280962093171,0.5044775407834352,0.39894219699677236
0.7951996401547057,0.6114442494245989,0.2919622668065297,0.35611166853756826
0.5507725613902201,0.44534761044500304,0.7473460653638945,0.12134209339585755
0.44855808574227396,0.6425836904963766,0.21405957170928713,0.7369648832738135
0.8787639260398894,0.42501921919641206,0.07790185722598297,0.3567394446985429
0.2725128117374993,0.015332032841852583,0.8355785841439031,0.9745261679832647
0.37320061905370705,0.5359283893761273,0.40324944090945336,0.1257617166544981
0.8761899856838855,0.04616688207660524,0.14663662417819812,0.8852710871309838
0.7129215660659314,0.12706696275957674,0.22930278359261302,0.10969473262132534
0.3146500905170806,0.2116974321546291,0.10678493432682878,0.5158946337262426
0.4151643129706387,0.6132805798759681,0.9288178891301291,0.08144021207309116
0.5005760060381502,0.5251756585388274,0.6037017392914696,0.4070795660953823
0.23007682844214272,0.028761943698087933,0.8565841085656872,0.8561693348415937
0.8117699203107619,0.6901600613916403,0.8609914961552348,0.030094798717932636
0.04142993760742353,0.9407333665744744,0.24081589214724153,0.7061744640912664
0.1449905737583409,0.0293978024716387,0.009517061340149402,0.5014690766513361
0.38075053684979787,0.38516466741408706,0.042582509020790416,0.8889631419179457
0.4192289511857703,0.3288982467229351,0.7625745343513449,0.7062441605924102
0.44293932999367946,0.63629617097648,0.9914312362633232,0.14923832301011297
0.12302375631853468,0.8320696695898839,0.002956323375441272,0.38385215554515273
0.22953469581623898,0.6873544947096809,0.05300124192233169,0.4641875671612897
0.6078075854248915,0.490592899031871,0.6799263743687588,0.6654746132340532
0.13942611956128148,0.05364378459670449,0.8675563707566263,0.4142895301659214
0.5110105786353198,0.6094100720778384,0.290481075414451,0.35919423355976554
0.7745470655902206,0.8497754749397609,0.19974182980323996,0.6924241813010938
0.35798018488180505,0.04944857662623958,0.33011052796783624,0.021383648716530423
0.4700392580256382,0.6246863318105086,0.46676574511690017,0.7338384669180691
0.5364546324728936,0.7562531065841017,0.39733773086360424,0.23241305411391577
0.9471991292262198,0.2088637916838394,0.57307464960334,0.7313166628741632
0.7574094822344832,0.626740388927685,0.6488215300272915,0.7801739543795763
0.05285783171128344,0.20888018607213532,0.73683085640566,0.5846170403557405
0.415067867814381,0.4672912508527993,0.28443276684031815,0.44806761618018776
0.793570573602003,0.6772475034571167,0.620614719474655,0.48748662975019375
0.6929881490997968,0.2442588824296259,0.3028855012943389,0.18142866574398497
0.9352148437448854,0.8455599974262806,0.8273614338678442,0.44809010855008014
0.010414888880440842,0.07438988358629184,0.07278214387361548,0.53648477887564
0.058954480609260895,0.3577019017097779,0.28060773942022477,0.7260998271112838
0.9774033740054008,0.3864768736928683,0.2510001415979497,0.6575853979518825
0.3786207263301563,0.15354021329418277,0.3561754102895255,0.32041494361608946
0.846916702872265,0.2872691076359164,0.05101176841438537,0.07497263420950417
0.8044176549889768,0.4893951622252485,0.5105333717548634,0.7163534121848455
0.9117388583099302,0.25325102601609106,0.5701797991312191,0.7534530955905657
0.9659879639382799,0.4577538908851515,0.922631712289333,0.6007117841937449
0.7852887276670578,0.7193048129044018,0.09315721834315793,0.8971611489469555
0.7646701978858558,0.1814906547566173,0.595983854313422,0.422950567200158
0.35995250311193494,0.3131867346558057,0.6102127909886876,0.26903307786124975
0.6557305762987707,0.37150002971254503,0.7775321619862483,0.5633698512572556
0.6580893063338922,0.2443269787993354,0.8953585473705123,0.7918259220734282
0.669065193997519,0.5835691784857824,0.30047117005964874,0.8440523152770223
0.25080641908969836,0.4077655648239009,0.6152510613940447,0.2777083954820013
0.11635683677501985,0.9066591759913729,0.6912853381694274,0.5538883851332262
0.7939722090586004,0.5049027820396107,0.7736650384528129,0.1364397466324836
0.22569302202172825,0.4592828772528069,0.7769693935949794,0.5476432221221641
0.9021883295345928,0.6072989159908009,0.9440643299223599,0.5698938616083873
0.06564747265401127,0.17280215389232279,0.12993115730780824,0.6612701970050264
0.12558096687626363,0.7824036044080319,0.8279900920640306,0.08732235033879443
0.8440368903398592,0.3650055701415684,0.5277829305300648,0.21479646194804913
0.48513684506601473,0.4144962350444099,0.4255167004237568,0.01625192864246605
0.3886128168784396,0.7409629444550562,0.6549628228353386,0.16637227250835374
0.8873539203989862,0.8871490545950662,0.5469140058562946,0.9036040548890254
0.7231883229649609,0.5254152475861835,0.23136146283557835,0.3318418324984378
0.9078611248854699,0.875421920180909,0.9350330363878521,0.4667632213651075
0.05323977449712336,0.6529892846257039,0.2230340775746572,0.6222958676273694
0.29857167535686713,0.774670029997,0.9816375107924801,0.42019983453615395
0.8467260373741785,0.1704482762718147,0.8756799080715351,0.46053351907008977
0.9562173502782516,0.7893662671627812,0.6083144015649907,0.4506735029168414
0.6164234819328482,0.7914436281108851,0.5070978392144131,0.5368588248637448
0.4100358417671872,0.04358730562151769,0.21872996073581208,0.5362725977246492
0.6201368214234855,0.42032951058931844,0.23906515432613074,0.6498145931906396
0.15953122323598,0.951633857960064,0.5850271066301664,0.9122711195474523
0.44540805849596776,0.41134907318372527,0.051536775996450124,0.9234857183527186
0.6981361492878261,0.5986804860173005,0.6941819680733872,0.29025572420840173
0.14406981365051763,0.3845522755796309,0.3619686246144993,0.12631473605748378
0.9706956622395072,0.9018897300996792,0.01000006154177513,0.09897705128860879
0.9040425989420569,0.8474401451149761,0.33080175430976844,0.09878348676006987
0.7224207865320135,0.7555807097757774,0.02692843866198813,0.560007514792414
0.08661467724579897,0.365627535123367,0.2577998518678659,0.09862212477023324
0.42644303009843354,0.9717671060590778,0.19017955667642927,0.8405122795300081
0.2150254896828161,0.7995595827697356,0.1391661050379811,0.9694456774316549
0.24637157761321116,0.08753599142620128,0.9124626122601859,0.8295460835579628
0.6768398535988955,0.6405238334402955,0.9381470763058496,0.476656244936438
0.7215387280280792,0.34555517643731204,0.6645822580197135,0.7537067004791072
0.07698920151959598,0.42307918581007353,0.8740697499297542,0.5212081625163014
0.025657886189444867,0.5489200830876215,0.5124732892012245,0.4487746651131981
0.8657777001180869,0.564227084973945,0.37845711887646605,0.5201048779235034
0.2752971298973963,0.10791236860777187,0.5106692602691023,0.9206937592379258
0.39164936214582136,0.9047035414931337,0.6412409399483291,0.01272877230259728
0.6975475288869502,0.5016302283702192,0.5268590726255653,0.5410418132353142
0.48935716062761203,0.6376617736595037,0.011432127480366483,0.7282507588379611
0.18275480585472825,0.7026011047936987,0.19800200296095538,0.2626227378179089
0.14346239017024387,0.7903975458761057,0.6443076694204887,0.08554966650990115
0.0715036673774555,0.10151186037108706,0.04277038599917571,0.3051226298088813
0.7446866903498717,0.5955781662492433,0.5555617035629767,0.07201597142725724
0.48948184008768925,0.8305749785941182,0.30956812214970064,0.9219437048346225
0.7807688970703839,0.38748844598904686,0.47185748099346114,0.6627496962474787
0.34891241465186895,0.17109316979390987,0.6880871537648556,0.22978143930188666
0.8947159075736784,0.39562504285699296,0.17276297614930924,0.5970654410484583
0.9473108634490259,0.7299630276142771,0.012230415617191515,0.5581317987464567
0.3853219341157863,0.5407588864908227,0.9632373913633032,0.9495685115581479
0.04634451900390468,0.2699187320773454,0.5912512339828188,0.6517052724764218
0.10641175554183513,0.06151195682296706,0.041716368569635676,0.6448461983130543
0.030525198489834482,0.14012257117761318,0.8998650697262952,0.7689245242175997
0.5385461893987203,0.15123018219488082,0.5951049702158826,0.4260240851538646
0.6025390823625355,0.5860277024892602,0.7391731032790062,0.2103168847342093
0.7936627122266036,0.5389112351940668,0.2261318281172212,0.16777970567442124
0.7433202234106296,0.6846928936227087,0.4811344208954962,0.44858312975875525
0.41308559973579717,0.16267881387437966,0.13130886437996103,0.8561985238476515
0.2702364136016444,0.8737926770841795,0.8343435115533031,0.5757345686591326
0.44511649775995277,0.5686665847967322,0.9397379885934254,0.3396454070590087
0.8760367631828113,0.931981752769815,0.5885716285732905,0.8153684184197285
0.27861412120298246,0.25809511313033884,0.6342114775560515,0.12008161079062374
0.37229929514197824,0.5430036037773637,0.35546108252851627,0.9560966924018743
0.04810689017536507,0.6109426959282291,0.9455473087377152,0.6155120217341462
0.9296078302112354,0.8039688184737268,0.7952708027150297,0.623423362136494
0.41354842542380854,0.6572837958439431,0.30579000612143237,0.43298146782561286
0.14836299976963152,0.5400026931451327,0.636934853120078,0.7420001241763503
0.7598830087986606,0.47194608235323887,0.45236156395911276,0.673441557857571
0.6405034836194082,0.5170230895671494,0.585455302950061,0.13404967854188043
0.71336437778258,0.6075014394843693,0.13957664622011823,0.00438813686486339
0.2672700139764723,0.29040449208567143,0.6275226690776751,0.19368158111547973
0.9897499586069556,0.8033986654418649,0.1766450083156308,0.737386289300253
0.9883846833290848,0.5330839480032007,0.2413088256362751,0.16755240178012898
0.3086032301893452,0.10447447288853007,0.5029369678030206,0.3200550567909568
0.9407619186944719,0.4013649932792014,0.19046160133971202,0.5211592565683122
0.5648845902984063,0.5324545236826645,0.8365544174138443,0.8507291569988631
0.4765787600181669,0.9580115691528345,0.6611100328596183,0.7409676365890954
0.8230554921199659,0.193182367267709,0.07164665515406243,0.25309331142925917
0.6602899542022995,0.46795916516846914,0.9213437600083251,0.18267712869156671
0.14049191713115583,0.7978127420752488,0.4166692874200727,0.3339078908676322
0.5992814383084804,0.9650362843703973,0.955592102160459,0.2608436845523737
0.7357738485778318,0.27340542050523897,0.6201441604343805,0.07774576450683157
0.3413360842782819,0.03749853325311037,0.5665090864100165,0.12810177245669085
0.6469323262564712,0.34744338545132225,0.9463180771569898,0.06346028292931616
0.03614245305289154,0.10675966761204891,0.631419744887568,0.7422109374669954
0.05770826972496801,0.9725718448048318,0.06630910199230244,0.19593869183234403
0.960429248249132,0.49316821153428814,0.0902909254628107,0.005000298921968072
0.3422711593848925,0.5013336860880653,0.9993796997995817,0.17402596697589123
0.25445939913101046,0.09936978013745779,0.8396577401466934,0.009833719589332657
0.32108600775502416,0.844808625923753,0.9795351628073101,0.6081609663221854
0.41530658354240746,0.730936415657253,0.21681569934626976,0.49751957996496543
0.9174996820314146,0.001015771229336937,0.24204605152520808,0.12708860701954938
0.142579503964271,0.1638452518243011,0.26103315221305967,0.6199020434310318
0.5047610493214334,0.6612585866006717,0.9309117947130934,0.13474561163486076
0.7778824363386139,0.8240307956894218,0.9866113996859686,0.4389427388787446
0.20300402997593636,0.34690508378792584,0.7769828843932869,0.37586594727565226
0.8662994306087747,0.941952009507791,0.5641385504820643,0.7094023487733062
0.700762555133698,0.27661906143638093,0.0701926499226524,0.515501170319475
0.7511551260035284,0.10768340008734589,0.6344813329911424,0.22120868347788236
0.18044700555491267,0.5186084759822144,0.952657743739344,0.18912910471037758
0.676695767815845,0.9290931133699534,0.754833407291078,0.9462269119351518
0.779282479840639,0.3423461181529853,0.89053445258964,0.16740723831206705
0.8561603595284863,0.17000707138342186,0.5617140756840994,0.7150288922024187
0.08427634163171527,0.8268814444120676,0.9193700140228982,0.5934024544151866
0.6940767283098234,0.8770837456533054,0.013803480917228383,0.4929674309442291
0.24313963840311847,0.5967366202918593,0.8640465508223723,0.7938632632579284
0.7416197849270091,0.2587962073608121,0.8578258310488986,0.26787822264014105
0.9176210899000593,0.9804154681567477,0.08347163173547889,0.6342011370613407
0.6623776601162041,0.753920142330439,0.29353824758802416,0.029704138385785228
0.49121280487022534,0.656075336323485,0.05653378896856631,0.932666429226201
0.7007236192916413,0.07040989843434986,0.626558667033759,0.22557670896634374
0.16613860288864102,0.3100059650109166,0.5230482325995007,0.6182981796353479
0.024594670204372004,0.31829708627661746,0.4231650428067568,0.16347954440310652
0.8701595326424212,0.16228466344065184,0.8168120600856603,0.0372172998264525
0.6032049751451659,0.5444874595136422,0.10901327219112478,0.4466737331491891
0.6396237769099521,0.8212126612864489,0.21350930865301698,0.9565344186343122
0.7128826523845079,0.981449971200446,0.6588035513928941,0.5998067861511964
0.7572679379987863,0.15364364549465914,0.960902967190704,0.49715112521748495
0.6096940973297819,0.0019390813762840686,0.9481859194808118,0.3459178049278009
0.6651122175049755,0.1739620429838835,0.9139893181227956,0.7376302831926584
0.7278515334449112,0.2796388438793599,0.265169476773922,0.6410286546401935
0.1943723340750454,0.759282822532789,0.21841376967351556,0.37888574812498366
0.010903964149900247,0.6203663498417482,0.58567398671268,0.1213156075246925
0.5250863418440272,0.5146166761219654,0.2914596806923242,0.7857182861700845
0.8500942075275348,0.5447840847807983,0.4643797537087998,0.407948508949312
0.36283650554659197,0.2153075877951861,0.25957402794579953,0.5428378453818027
0.24805400028453028,0.25278234771417907,0.02885311663768997,0.18694393419576072
0.47501605934037394,0.8120967102514784,0.07865513140586822,0.41636165762012556
