target,feature1,feature2,feature3,feature4,feature5,feature6,feature7,feature8,feature9
0.7695513177544744,0.3344080943153618,0.8911708646494785,0.22109704289943566,0.07300529390253008,0.816417287826568,0.4738104647370275,0.1783181979304287,0.8052564390195462,0.8570055547861591
0.4760349558878775,0.6824553133009275,0.4745080762994879,0.712441481013283,0.21842344387818624,0.13705578711687494,0.7412772544447915,0.48069382148942486,0.676737370927077,0.06544597837209953
0.1573046920407647,0.48326570654617207,0.7233420740535996,0.5966951496249291,0.7571060875480851,0.6522292203245824,0.5899481374275083,0.05234069935169494,0.569138249003524,0.8687123327485146
0.6487663145922554,0.05199431522938658,0.2633347750583579,0.36575760034270133,0.43325381648298045,0.760593671263208,0.14861338125758217,0.9681401697083117,0.484356380706657,0.025185941737201456
0.7859159816822441,0.6813118794697441,0.6765306317676987,0.8840836125949124,0.7818215796907667,0.2500260314721079,0.15802189024768354,0.8005363547138681,0.23171417184362186,0.9384940767333116
0.7336569185034716,0.9065251490988987,0.39216756797385355,0.47093185090456635,0.14067628068791638,0.9232446184814994,0.8125883526603889,0.8797128673456629,0.3708397014278648,0.26361976700427125
0.30037728075546266,0.40647790327173705,0.09789619591253673,0.23755940331689385,0.5117367748684027,0.7678317657582608,0.8929142516824082,0.4640401396465701,0.02659353444002044,0.9727126608369763
0.5037221190284875,0.755938637463618,0.9849916304277657,0.8281414099043566,0.8221791302839698,0.9251156304097242,0.8146788965761305,0.17362246071090948,0.5512764952675374,0.8726528063845937
0.879235028001517,0.5171742153596198,0.7991648230557828,0.3918093719249268,0.25594083321162564,0.9723408434539634,0.2055623147513248,0.2221859275713497,0.7641395201296437,0.019884306336920954
0.9826816598200695,0.11399077354708664,0.9705302355867924,0.9325056733176531,0.12179544459425962,0.9951659028028964,0.9995279714133868,0.08215999845215616,0.03937756434580286,0.0781513506013437
0.8908499482770114,0.7312301773008429,0.228974837063727,0.11425193390423938,0.18696807701414808,0.887663140782136,0.3039026044941662,0.8970102869268926,0.6993358977275544,0.6199536993722472
0.8413976990377113,0.8238711561190633,0.6534152170491766,0.16460184217923557,0.8480253829195836,0.6536691130188272,0.061588891453085326,0.5604368185336558,0.7492577294883952,0.8029744764833795
0.12035176594849373,0.6049817922016628,0.9138147874909158,0.4106647521579343,0.41502091304768196,0.31253828405067163,0.7301605440165848,0.3675232777522376,0.5574378159695389,0.4155876837617003
0.8780898786060733,0.5721124033125987,0.38729641519020785,0.4499985135797169,0.46821724506744955,0.7347234578500712,0.038444425686096406,0.7756750546059665,0.6314366261317856,0.30608242022179344
0.38694258469394394,0.18849850187731576,0.5375175180615406,0.28127057069970207,0.6753523642955084,0.5565146879068702,0.5579226931128761,0.32881215534811725,0.9370045285532296,0.15524901042344463
0.2318652360199177,0.3255901475609936,0.979071312339594,0.8276315275799216,0.2924196553024302,0.00859985438072497,0.5240674665522594,0.6219739417775408,0.5001516645123907,0.329358794705357
0.6224145375432161,0.014268121941978351,0.6279684041737055,0.25572218712114825,0.0081448961565318,0.44903368616719697,0.7221193476334722,0.5187228528468987,0.09260098513320036,0.39103542922223444
0.6822256514343997,0.03718467475315146,0.3915742366723193,0.2784613730785076,0.19736446521476747,0.8086809997814616,0.12901134681871873,0.33872326201558445,0.2437613196492352,0.6136582708798188
0.7601127020121977,0.4065647851052189,0.3230806352076443,0.3900741881843022,0.8216861517638036,0.08050057342900807,0.4597344180342884,0.8188031256629461,0.9369255063002101,0.12994914917321632
0.2870944120974095,0.34846010563211705,0.8263241646352067,0.3503929927325976,0.5081774678278028,0.7823291308033005,0.15114685250908344,0.09489391383281831,0.17450019915965898,0.3758747036589347
0.9188452983120595,0.9259981203364201,0.5394934037879885,0.7295285734292943,0.10556579617902173,0.8441933982692157,0.8249422223921429,0.948003206894473,0.35052858449078683,0.21953718516423648
0.8436253511595266,0.616395157696172,0.7280690280495435,0.4490411073385874,0.6484339678316424,0.8917128001256709,0.8307429848196198,0.20770843382038862,0.023700102726875838,0.4717553600733472
0.07682430106956284,0.4367186479633166,0.2988616362407257,0.3346635319057417,0.1004084277534879,0.08400548961658327,0.3356041981305774,0.7088756454446157,0.9906085051479429,0.981263701756893
0.595527231744331,0.4446595439293153,0.20215325756156688,0.49503485271136916,0.2550895819712825,0.5514723832296936,0.020546218964469953,0.3901847402814944,0.9975133451027056,0.9098666803487583
0.7842396691245515,0.5044978447869499,0.9821472450472326,0.8770027365354109,0.18449185984131433,0.691443090410349,0.32379730763755243,0.036577832466765714,0.5856381295189513,0.3282046543512499
0.6292204268647105,0.25017838658038816,0.3495854863273481,0.6345964715474448,0.49458408757516525,0.2689834784147256,0.4721609491293395,0.8877006751747151,0.22394494562513456,0.6486276148070123
0.9182986118479175,0.9454810437026153,0.23400605308331324,0.9555690814206642,0.27041756583422294,0.2381647491169555,0.8077663414086517,0.6457674515352527,0.22853988782282386,0.42028582299993855
0.4473650697890259,0.6731593515816887,0.7219483394515372,0.0190867726744145,0.8138025546966817,0.536771469291195,0.25439458884956523,0.48397244581980114,0.6308924248123192,0.26333336893072723
0.3749828556064506,0.010966045529448909,0.08645426121792565,0.9945495746738403,0.5986803180808578,0.18639957577971356,0.2998418835387514,0.3376755790790015,0.30713736552846793,0.07007211617719611
0.5229177039344156,0.872824360946103,0.2840909214872619,0.41310617648411974,0.4353179461241914,0.07497578980845776,0.82030855850078,0.7503342033561424,0.9317994349340709,0.41927343761891
0.6305221801795633,0.9949636966589406,0.5978349737922911,0.6867842135595119,0.249207209771786,0.12575267237658383,0.6547702258687882,0.0013146103655197194,0.6245816975384287,0.0573865940559003
0.5138754222975498,0.31418337341144,0.8900486750483075,0.9044225997283764,0.5322335227603197,0.513468418775335,0.5284272263497549,0.8619220981573481,0.2558239791411784,0.07712006639823277
0.6301402473626017,0.9578969019944256,0.5702704634165433,0.5146739546965885,0.24164499477428714,0.2692668054178431,0.7953125280838892,0.060214025065855714,0.8299417458351203,0.6928954160260472
0.8060589691915875,0.09605891537395506,0.06926508559297717,0.2538511998739552,0.8849849405093749,0.6178445510959428,0.7686578835169314,0.5855901428215764,0.4598496404038718,0.6017085902638621
0.13205147412523166,0.5947113644156472,0.9962093728610173,0.7853475307199256,0.37419118610957014,0.34431059303392697,0.19954933507800754,0.3455386582692439,0.19535522369770364,0.24216490511458055
0.3839082493257009,0.26621673306706684,0.5642081919337901,0.6744836943198078,0.6072078369106785,0.6236983173394871,0.37202456404125295,0.8967968340421701,0.5072263779773138,0.26831171706064383
0.03528234094654292,0.27716958730340735,0.7637074486877231,0.5546725545451106,0.4437365735753175,0.2687884680247309,0.5575396027310567,0.21729818911894705,0.06607449149099864,0.5073834675530595
0.4871784704679698,0.01222790357411696,0.7820443843072941,0.48311793966519956,0.7693041580383032,0.112617831414771,0.3129334125914268,0.9763128467520659,0.5729353211734114,0.18616046581996848
0.7324572486480972,0.02439970618932097,0.7728186876613148,0.4666661180088386,0.15445929063610786,0.3528330116188628,0.751273356461527,0.9057324861777,0.2091954447324772,0.7813619310156482
0.20512748894539778,0.9486619865964118,0.7496789540127705,0.49914160577167666,0.08859457509662727,0.964112160380144,0.9329297235438011,0.16493340653576039,0.4521366061850287,0.5011587234953861
0.6299167497076209,0.30505797360907905,0.3544651449287909,0.20293438943219666,0.17611517821782308,0.965411490277765,0.7275381127999881,0.39924066171110906,0.46407452452060116,0.7796050880274293
0.3533323610319763,0.17347481243943985,0.7175093265645909,0.5723076525407979,0.6159175054720526,0.7581348320750506,0.02730644417540029,0.24366538366719082,0.16337508879278173,0.31275408330843324
0.2870629505080694,0.22416804283481573,0.47228140601566004,0.8331510217200494,0.6731018312236224,0.895427190040978,0.38191428929374793,0.641168145427671,0.45672798351960653,0.030185494290398296
0.30421901187136013,0.666310536659674,0.46197048279655073,0.3726226578398799,0.7286352612482386,0.7209406238013303,0.9736244785864246,0.20284576803667598,0.5538818999154216,0.5762837327264225
0.12441449194113863,0.7837561783065343,0.8244061008436162,0.2118348787816784,0.3169489777313066,0.9258250533226444,0.12316548340101663,0.09722423006799641,0.7972995794100503,0.8471337543248082
0.9871330042599293,0.04707087175442082,0.8147412245367616,0.865948936910772,0.23806564300296784,0.29665771351456593,0.48942581136864716,0.8267485456204589,0.4223987092002236,0.6720696341621503
0.6924156351219434,0.6761867831909989,0.8605290009139108,0.8602841449240262,0.6647518464307344,0.4111261910029035,0.7534663160328875,0.0032649975504573936,0.3987155529428513,0.46283925022832917
0.8720808057201755,0.6781188941020375,0.5113277637990455,0.8429849661531034,0.10332934846901887,0.7015680017274838,0.3871954461445223,0.6011789253521368,0.4281707957605807,0.0780179346251042
0.5872001201435584,0.41455216249721716,0.021158437962667698,0.13150451033379928,0.4500036673323229,0.35731484889742005,0.5161242440980067,0.15731463753590003,0.4580193470535163,0.6940993683334441
0.3614762622884009,0.1301365396367402,0.5126082655238599,0.10492266458607757,0.1822573622223489,0.7842785314260039,0.5285244969154649,0.3041674662222027,0.8688353252906478,0.06612826047741338
0.8754860235486173,0.8718625018392901,0.29924688154649426,0.8617702821084173,0.1756285644024126,0.11786395254481086,0.1339547315065398,0.18941556180943164,0.7057644266608187,0.9861320814826068
0.5861987286059805,0.2707113065602291,0.7289113842511483,0.21654345319507384,0.3412767131885752,0.9906777381940846,0.4348533451493629,0.2869572752062154,0.6879015716233874,0.0660768225557461
0.807679689957702,0.5791554349542108,0.15407685016076456,0.8876831792742483,0.6991378507152299,0.35722272801822386,0.7047934937238206,0.6464158844884521,0.9400801564389925,0.45481617694473586
0.9614969743019515,0.14417677551932018,0.7254418904592435,0.9045116966436588,0.7766045918909413,0.6567851916874108,0.04509114415011117,0.12791761118616152,0.7459477074038253,0.4942851583006359
0.016234035909937994,0.29689428962407305,0.2797689386173311,0.6401113295376236,0.5438363923792887,0.42792854407230463,0.260853426075182,0.6116211861086337,0.4487558615790228,0.5462034668151723
0.717919801892944,0.08752790938859634,0.40082198093547716,0.7742404521115319,0.4204578266949891,0.502258552691259,0.9100552498008687,0.04634957506134796,0.4390170371418666,0.39014827957636966
0.3683595777397002,0.4847339873206241,0.6948418388414258,0.6347946339047538,0.848577946339087,0.2461319737000922,0.33264650716082456,0.9046053364157048,0.23845840119801864,0.47875124482290843
0.853836715177201,0.3202728792747571,0.9988884875545924,0.30663234200473544,0.8249281907381983,0.018274532972852198,0.19918021182942303,0.9392094657379392,0.15232496974146992,0.286061257538719
0.8862053383627193,0.33253519685873134,0.525266294023581,0.5743084292405534,0.5806582602005852,0.03363612042711017,0.11281376224871309,0.7958442236522919,0.5716580669623472,0.6763065376438162
0.27408491254543976,0.3038458516500352,0.7289329766073556,0.3575084430654052,0.715899095230721,0.6814692515008857,0.7846506463650443,0.5760333945448881,0.8197099991488839,0.4068025134561718
0.34479833410914484,0.3384599071176848,0.41085615510137796,0.24145111220759896,0.4535909496730025,0.8066507011519044,0.05551572419050821,0.585522524527304,0.8244474550455905,0.5836732484140114
0.40726087472098993,0.7453217900983614,0.5778719524360233,0.7700903928843028,0.6604024333965715,0.9973707367106259,0.6806751861838017,0.3596771518819799,0.5981633861065753,0.34010062946480535
0.5770269939838812,0.6796639589349921,0.44661511971695367,0.2512492660138762,0.0758836741554032,0.40148566827461696,0.21483505062360264,0.01611138582961502,0.47330623067525057,0.7707045649025659
0.48135751013378136,0.6019479117470647,0.11049064021325294,0.013424910540261292,0.45863747329115667,0.7007408005578855,0.1613824905071698,0.7108302168942279,0.018119451703781708,0.3542275766751827
0.018999540304868612,0.9638966335464586,0.8052004721642511,0.6186389313095022,0.3588573246886575,0.6119786622840256,0.16440385990643858,0.5680629845381157,0.08888112493783817,0.135073135948227
0.30761702132635205,0.11308779499351496,0.30121245872034075,0.9040583456534629,0.7939773080959279,0.18252381810655527,0.8544961776840543,0.27782245280555595,0.6851729264985598,0.4075853941800083
0.18112669466677622,0.2137950507331705,0.041510309301380555,0.9612062945175063,0.7140250003806642,0.7041274923612246,0.1686202358144644,0.8745959192734619,0.3057948661602833,0.2820084715430291
0.8124265485882995,0.1574492998942706,0.7159803461563169,0.6306028799182497,0.6916777421349415,0.6163426921078241,0.4088936753449991,0.3367966146741743,0.055621861477143986,0.8361044731046913
0.6865907197587564,0.24880416837094577,0.9694483244992318,0.8372536712788163,0.010029325309733217,0.5159475217906353,0.40329172454280815,0.5748043745513031,0.6143561198735717,0.1201281019883963
0.20318370914667194,0.362624786105476,0.1346278579718505,0.23338283891426848,0.03895087934482566,0.8352605536926397,0.12660386561953785,0.553838915662628,0.5877409626629654,0.15915245315125448
0.23389446989495066,0.08045322406143174,0.09293146070031477,0.8709917081847863,0.44442682402905775,0.891519927207561,0.16566677264013363,0.12655171719183855,0.2581963684737043,0.1919864180819435
0.02385087025240895,0.48908951548329316,0.9010448280955698,0.46024450685750107,0.6457553098629519,0.686021628973926,0.36448212361749044,0.22460715672658593,0.04744765040568155,0.8628841405073832
0.05367433906129526,0.8313315592849293,0.7560190312473984,0.9287463860202322,0.2416151239192501,0.4031946569028816,0.6807384012093081,0.45689042932219104,0.15564393135062082,0.02714238402221192
0.24117845086407264,0.2908344246903172,0.8484562503057428,0.8518244566510292,0.9425935467881718,0.5367886899169209,0.8553507506347471,0.7279919626854379,0.20721731303904178,0.22093994821369023
0.8810208717456889,0.6447010701296263,0.04450965926389017,0.6361801413287042,0.5786102682661775,0.9220183087989707,0.8770826897516399,0.1397776884712778,0.8568685460473385,0.055276407486263834
0.8946125745677315,0.2726007191439891,0.7406965965549085,0.9815785743942885,0.987715716739101,0.7103137516660695,0.4817963516347361,0.6820203020779061,0.3600843056706299,0.5906150753426722
0.8138499242906004,0.530987578148304,0.9926613221247643,0.45306067160816577,0.19931709779764728,0.47263225805491704,0.7700551012708964,0.5159720652880644,0.615922081010177,0.8558139184373881
0.8356271510900334,0.04202871554199783,0.9557938149341982,0.3749217064509339,0.007967326537935193,0.6241348867159149,0.8401406164047129,0.9555063352182409,0.46101679964982656,0.7866078528963714
0.22578473945327293,0.8793568941161813,0.8815224069805561,0.5725194956883831,0.11960174854664785,0.1265399101566349,0.5705801464846586,0.8287230266216135,0.28316609897342404,0.16344349809357472
0.8912557076095178,0.15138936782831092,0.04125262580380962,0.49107605718250247,0.6614435653625352,0.11090376292453019,0.6446445694791574,0.9644413754749432,0.9216355942689929,0.00426587091227304
0.1087951414709254,0.7947959237947743,0.7425555361829848,0.016580277103278918,0.5970518871150355,0.44319753339257195,0.7127106146644748,0.2852029428084667,0.6522593582043734,0.46441218215882096
0.37642490004313633,0.11471476043018802,0.38768646018860575,0.024562229315155504,0.9340686681916899,0.8201838884978078,0.7114902530024251,0.9797602281079981,0.000989045392172816,0.8109974992612796
0.19911192279454804,0.2965954977196261,0.2882009109080409,0.28314590747916235,0.4729097221748296,0.11478757420644348,0.24742546445850255,0.8239631582111591,0.5814740499988007,0.43927293253086075
0.2702325295627024,0.5930492393958359,0.3599515781464947,0.13520573163689542,0.043199317229425604,0.4049231278776243,0.6237097126935787,0.25146975738597055,0.9170286704218367,0.2870988916594138
0.8497938022115153,0.27899307765477876,0.17460304392864323,0.86396321071105,0.33061173694125756,0.3969486562736869,0.16480642976804394,0.6964150123665831,0.9185075969128277,0.866589223089898
0.15120499048555414,0.23256784199066305,0.35865743702123287,0.1907954253092341,0.5460018556548265,0.39625965273955843,0.5715517806371756,0.9463036085355271,0.9012509696895988,0.9693062131790215
0.05502906750409109,0.43882955934025536,0.22610019106209633,0.2994025070197568,0.5283382679048584,0.4858567778332341,0.9870171436255455,0.7271713774268412,0.2454407428878994,0.8554054237847669
0.4963068572398801,0.3573431737759656,0.1494656047069418,0.7463315688869098,0.9843196550698048,0.13683321843205154,0.3426769519741123,0.6709714342634828,0.5059208247224513,0.10453393272044498
0.9122946351875901,0.5924529583989825,0.33252929949987553,0.35324709734455684,0.5627347491220756,0.0923958103147744,0.3533330607981695,0.12768753866037785,0.9044890043340087,0.09749135727656633
0.11100160720267915,0.3798525482733909,0.15375246430520606,0.07144689582371855,0.47066900884906016,0.7692535636954745,0.4358706287861439,0.3037123899388757,0.613429231470087,0.9367624799319844
0.5183916336387207,0.2084468132405196,0.6556403671557176,0.7000405445686549,0.0856563875044668,0.48464792930419065,0.2119696558813936,0.3080357512203573,0.4907800501357198,0.07717685925166584
0.9821857748395093,0.5640335815669888,0.32830405070481306,0.9420023001906019,0.0994616382191087,0.17400070371455367,0.26355477508798175,0.39679466609893577,0.2661501476473235,0.23027718223756233
0.6467780531196637,0.5110706719784375,0.9992089796365634,0.020472431836190408,0.6484974039237873,0.8387829467782033,0.7264810707128506,0.7619557603150109,0.9515025846342682,0.8739466332828694
0.5242238811203458,0.39432354487074905,0.8359221834768549,0.10048735198291336,0.3559786225693097,0.16123742128675644,0.4237645144771167,0.8225980958960544,0.1578235815238025,0.8372127101746105
0.2453072598780106,0.6897895195725442,0.6793762874304846,0.3192353357320603,0.815924382069075,0.8585043640517386,0.06909866661614084,0.36469517112451855,0.46688660793224945,0.03764607109062457
0.5804189481066931,0.7298593130002552,0.34939132447648047,0.2564445708046701,0.6828270982611923,0.9591595022866052,0.521021894332711,0.9270286475709344,0.9093697085081963,0.996764041640053
0.3454382505290772,0.4679581686439388,0.5699011281759114,0.22003363665026177,0.5835242267402756,0.3151478899649005,0.7496925665885934,0.043326156663507254,0.0519354720381664,0.37085868507243813
0.36217747358595,0.15357057180290112,0.027105601480948094,0.9751429705538961,0.9109394815521409,0.8437590979553237,0.36999336318068954,0.6854478486547636,0.9887249803748355,0.17412549411631595
0.3972733175183897,0.26395098000885875,0.06226171088287569,0.3051979060884831,0.8343316552042135,0.2082696457758334,0.11896095612438295,0.8514532733692215,0.5477870187952987,0.43830509621944946
0.6152274259463308,0.7905308749569767,0.15421805958054102,0.386545874057443,0.27177661485671856,0.4183695183025151,0.8077238037689007,0.6677547319136531,0.831512332871943,0.4778934897970445
0.5435471979776002,0.8935205555410769,0.544707471746877,0.6473605437557708,0.05158748907406463,0.24885528736472207,0.6268430657252988,0.5706744530130586,0.6786797871260992,0.7396036875145562
0.6700149295449119,0.691990877578991,0.39165528670082495,0.6717056080259122,0.34298180238827525,0.15371993873258183,0.07093521249063584,0.9984976304242371,0.132465051648475,0.2565255551548685
0.8850855323323157,0.4303090967095915,0.553740791531657,0.2544662263834646,0.6306636693378321,0.4928583771774131,0.7518500340053877,0.8807978103019408,0.5588662959782837,0.7218510736388274
0.6685624477866494,0.08641566752886887,0.808543904432919,0.4884354460547069,0.9096651564662585,0.9004137116874639,0.5045669155037037,0.3544088276114141,0.2165872002731425,0.39871158448659993
0.602695057379356,0.4602881937155774,0.08657131194721257,0.4566213375512277,0.38996378310348123,0.3763985737969061,0.9172285299627194,0.9052117949079247,0.5110357595344974,0.38168197625909095
0.052838397321676056,0.615459598338123,0.12049004546776099,0.009677073874509112,0.34535236991018414,0.9268785366047978,0.9727794940968346,0.7282200169095334,0.3209644288290898,0.8595238254613747
0.8893983698825348,0.06952905705954326,0.4668073250053256,0.6048168879887923,0.04154433438470939,0.12929515224270105,0.7313408931640115,0.7438168274899682,0.11606112711396666,0.1874214539452248
0.5213596519593633,0.875735609809722,0.7913386742316154,0.34250770204365566,0.3790966979099212,0.9968965228951285,0.22532767941033816,0.5294573560729997,0.4160202044327801,0.42007772097450957
0.6967650954300207,0.8184778564352442,0.14695938813789866,0.9919970862308695,0.2649497508050206,0.13174031571197675,0.493688163002474,0.45251504504579243,0.4264734362998057,0.007759712425024379
0.5388664057257743,0.9571447060830361,0.3140064726025431,0.9872914561021336,0.8558745886260758,0.45651549539674763,0.6260288790757975,0.5712541589161847,0.6138591796261373,0.3487811628625076
0.21722323777599384,0.5192571590014947,0.791767907806455,0.3721335066641178,0.3446132791565316,0.7388153208970549,0.2202371937947104,0.6670103452198265,0.46092248654066903,0.5092706558427295
0.8537816744331993,0.22951837504422656,0.13315172323388347,0.7982842306219005,0.10457209975852677,0.30960743747741304,0.4716972592686769,0.22603661763242566,0.7414738294685077,0.011297133625715716
0.25848983258471514,0.5311814515170612,0.004498773195085404,0.8796086496474069,0.2909305819972946,0.5544412889273104,0.4462174922163883,0.7088901562497085,0.021950080548494788,0.6959246041298817
0.09827944792109455,0.3859618598218857,0.26895564598355637,0.11325842395374874,0.7934388864674258,0.0026179091155166256,0.8296339564785453,0.9436608131003044,0.8327576426721035,0.3864781602993851
0.9756569073097722,0.12137690812681379,0.1329183383954875,0.9301485457045819,0.45559681000352614,0.9941131151154051,0.2199215778125131,0.8184418716382955,0.7505412826475325,0.2048456192577578
0.3009962503580742,0.028553766080568366,0.9169025806969154,0.6387859025025917,0.3318208045263019,0.7056179589508029,0.5225699443322777,0.6945776204262107,0.551374328099786,0.9697648757231816
0.3776378242820825,0.2364084223523294,0.276853703117226,0.14253669929615753,0.33882043062723954,0.32576574368685995,0.14999256035234387,0.660996290923281,0.4751093497617186,0.01235783326051998
0.5046204258044156,0.3757657834735443,0.4350397374055541,0.1570533052889571,0.4024374452096139,0.1749352205105571,0.7427209690285179,0.9047997394574772,0.8271762335144279,0.6577704481926302
0.8847098311513927,0.6223723061231262,0.8154871900514497,0.0003542544365890965,0.7826272057452983,0.12610954744027691,0.5440908603829524,0.3835238103280709,0.8186915282448876,0.10673050102264536
0.607509733736528,0.9519215657375881,0.5320412136721253,0.6883909817997969,0.5589544404207065,0.7442192372090525,0.940657109109153,0.36320883716142527,0.8360465694613781,0.4861907963864097
0.030969904713477048,0.600428170069958,0.8142757071075558,0.6325518906516334,0.3872451987373362,0.04132160962320319,0.4979711715612808,0.30889759886964263,0.39488348102268545,0.6618062294123804
0.6229794912865778,0.9727105168966624,0.344943175099503,0.3075137630914977,0.5424961394927774,0.8802623058254444,0.9429661078961,0.9751978949839231,0.6424217661063676,0.09288554581433328
0.706992266445545,0.13796999298437684,0.4021446419435972,0.3057127964047537,0.6888488799326559,0.40979166707367065,0.4328956384644471,0.7830876589571855,0.4801688224388315,0.6464086268363598
0.8318497672809346,0.9536826915215955,0.3577746213598456,0.6996940409682221,0.45974815822693305,0.23008935329517377,0.04157218836721621,0.17862116720836307,0.2384662145370975,0.4197068559868278
0.6675571647313643,0.9217948841379113,0.7558937059882372,0.9126242377624756,0.5265648850374455,0.05900105413864987,0.8243802076495587,0.13432260973986732,0.1159472159293029,0.5037415754025514
0.695303533081207,0.2981151759719245,0.6980913532226422,0.3256618166947164,0.804223635304963,0.11598157772229867,0.25997668457977496,0.5479701646178252,0.5438953169800776,0.8583703482124069
0.7715041430107549,0.25375863321418046,0.6635103427752678,0.25640570673743657,0.013484269970124751,0.15938765108938724,0.10380091578227624,0.10336253764219061,0.8277605126095482,0.9323226886633534
0.5552410339454064,0.39390402021063065,0.7760416603526831,0.29817194539270897,0.5691165739759461,0.7371239825611611,0.23053567556913002,0.07564866104266477,0.9440814148776875,0.505575143089391
0.6091184882442722,0.5680869558308405,0.23240325039102916,0.06597303813546529,0.5041608287822199,0.08182235948388406,0.7428417128175264,0.41362174516839756,0.25921641418916475,0.2628397770480043
0.09956839628414682,0.40220457908396934,0.3656064745367249,0.7199835916078761,0.30534041725877226,0.7571638690631987,0.3050768048728427,0.43052797740215476,0.9127586645524826,0.7034453167363133
0.44967751328084515,0.7610693249159891,0.891388010165438,0.6239386727599928,0.7587725099619413,0.3620146175644301,0.17003049590498198,0.892325228825746,0.3771845685404175,0.3186709578775153
0.348880773861191,0.38570453051896214,0.45335438440668363,0.8550488673526797,0.7011669069169132,0.6680247273234706,0.6302705698311464,0.3809164462167186,0.3349741497619113,0.4490633310505415
0.17434231091363706,0.09987133019239869,0.9638888585644618,0.61123673302647,0.3291725998355619,0.1107873431228017,0.3881236150854579,0.47847568995017886,0.47097258292623523,0.7249159130811302
0.6965108631582491,0.5267311547034197,0.8441466997810855,0.8775450628400766,0.854373127713988,0.10374058147226084,0.4000763646934632,0.23420038834815704,0.05100492655755584,0.0001410409415992797
0.5279536683196117,0.5071335308626874,0.6404955471885287,0.570723942549542,0.6929245528855213,0.3677139381202579,0.5889725515933911,0.034357930875205,0.8453975971280147,0.4156541656388715
0.09426275677247065,0.3297192193738352,0.23603397494564915,0.4920183022100597,0.09206621378992386,0.19831272775468378,0.5638952383507964,0.7322760084335602,0.22392236497029439,0.3798460152761134
0.7504449025317027,0.365767432832904,0.2399936058076645,0.8810883421066529,0.5638799054939038,0.03148906174167565,0.5825540276152047,0.10761737970892671,0.0026657515033698953,0.865735570126136
0.4926375008228816,0.10843589251443653,0.445880146831371,0.6555129421761707,0.940003380067581,0.8219745502009593,0.18313416464940346,0.344122328443913,0.6430076746963577,0.14449187422507392
0.9733170394933713,0.7997492744273542,0.5358325365241928,0.8195140291313705,0.649400807332477,0.5872734892384491,0.5307808603093039,0.30174987530152864,0.5747064240043221,0.04408793465807592
0.607602075194719,0.5918150252441422,0.7086365416670368,0.16539969502193286,0.8082290574725296,0.9148635873428285,0.663006836089229,0.0854499370534968,0.6114261965815371,0.2371188446331315
0.7662746073535571,0.7867181757542272,0.6180478572224692,0.7611613118642243,0.05470358689603727,0.560585987269696,0.7126561797501597,0.8356470357675022,0.564640237096426,0.6899276454950446
0.10342920363130315,0.7150838076850412,0.536699088149603,0.11551668153445127,0.3373097624292972,0.9899885511216374,0.1548631318931778,0.45390512930717153,0.04749644375928841,0.7745171872024262
0.4242435091317286,0.7983428481166203,0.2780656218367157,0.8366227991572124,0.02848757802318036,0.9486821788557914,0.1824104105295925,0.218373048080992,0.846879777394646,0.2896165104162979
0.48319385116938474,0.4206375386432557,0.5219432149243953,0.9604687305425124,0.10833829070199674,0.7286185058387796,0.9608389308683803,0.2178726502929521,0.06768151486960439,0.8376990742608283
0.2546528461891344,0.04067700812705988,0.6557478443814896,0.0635134940786557,0.3389986767336779,0.08811462534031766,0.3785183777722493,0.8629057615372581,0.4293442613290057,0.8840509624654719
0.46469189879374295,0.3212649430624539,0.207884176009709,0.26807935357836754,0.9762226963962718,0.6584310152624152,0.5519476298250792,0.9968741174945598,0.4447871122961856,0.7456404195091403
0.914632637938419,0.14102786385352561,0.6374080269714107,0.6675139986573263,0.05557155827154692,0.5954521682709786,0.5572131126007089,0.6029094705983468,0.9978008828094861,0.9057213707146105
0.17879293192665036,0.3448955173015642,0.06468045821171653,0.6177468913584059,0.27863212802680404,0.47799094785782525,0.68688864992667,0.9947621641474764,0.3963069699691969,0.4571596730818026
0.720763176794303,0.3148867900083455,0.07252327316160256,0.16298512265874798,0.6928679280167468,0.8967737681487993,0.7917952645729619,0.2050701130618443,0.221088540939137,0.636653983165478
0.752071033357522,0.003848884696886934,0.29195884601959077,0.1414626983048377,0.16023984615358078,0.5960655006169568,0.7973468300536402,0.6792589615575059,0.32921156681898556,0.9954870653594384
0.1714457508557644,0.3618316927287847,0.5774243922609419,0.5745805478431806,0.7849194436177949,0.0006217209685425162,0.5896502114952605,0.6838567702918675,0.7870507634982773,0.6590827963915823
0.664098055268423,0.5105208738028728,0.6621205447265435,0.8950260343176337,0.07592456906347045,0.2224355944971096,0.44592210725493187,0.9430524158440406,0.6284861849931954,0.7265300033292396
0.37704526813980077,0.6901365699208205,0.6951903192762943,0.6708249202327753,0.6384503255786478,0.9944454207874075,0.06994395221523664,0.442215236966502,0.9460143752179753,0.3457404996900879
0.08525672263752637,0.3680091497399619,0.14419176531506195,0.25166776648295364,0.9010769031803186,0.01243261604374446,0.8729607155404179,0.10894289173622673,0.06812406991570141,0.27871922271821303
0.17490608695399446,0.988463547399333,0.7574358791702666,0.1753886772852551,0.7921919417638158,0.45674081989251825,0.31234475989345545,0.971567781753128,0.5358637499265005,0.8687229952705791
0.1506805287608214,0.6129798937881845,0.38568752973789333,0.7981068696942499,0.0048280976218813,0.8637218749269994,0.772082312861195,0.8834650002689037,0.41410122374369496,0.4308052679659272
0.637294713380994,0.9976595466104493,0.9542029101459888,0.11866948898430496,0.04939209170571046,0.10553834424903819,0.40121847485412276,0.41718381301175667,0.08434979998894787,0.48318531259679953
0.17986072998825264,0.9900637267923561,0.9839168146154756,0.6140662815432412,0.9229326848104846,0.4077310111080281,0.0759049685732458,0.29308864879945473,0.05104805796518863,0.9088983347698758
0.21815275750783047,0.8757481873728526,0.8674780068489154,0.9287402157585236,0.4250216153870827,0.6650328321501707,0.553465707950109,0.38410481030020294,0.25238960558048884,0.7233148401481666
0.4806209950105349,0.002797105358984475,0.5416984639587532,0.6206352325325476,0.8876062222668833,0.3462408490526575,0.7495878141622905,0.36774713561444605,0.5053995750396745,0.29780225925342596
0.6851470703177528,0.9383193121187177,0.47141113931655054,0.20322015100676682,0.6069526970090912,0.9491308624869152,0.10692196041506641,0.049650682017952974,0.5082892268624705,0.16663206187193802
0.6903536169525021,0.32472524833644223,0.23388734007007494,0.7280377496601986,0.16686488186735393,0.6782005495602655,0.8263920054565569,0.7417276839383704,0.2819220150964088,0.930734845401201
0.8217290025725731,0.6283497958435127,0.06504042540625699,0.5194188915978738,0.8295782072867649,0.17657005103547985,0.5357496172426767,0.3907857675928482,0.011079796102499317,0.7488378724404938
0.48301567300878157,0.06565248420421355,0.8531183192943016,0.6788914571938142,0.2999973323605194,0.16597304901247123,0.9369198134972424,0.8553867349868985,0.5791142079831437,0.2568150095013578
0.8112994264579575,0.2505138531961728,0.8028403239288052,0.1106452884583653,0.8711155278931404,0.6090702075134212,0.43188071101068093,0.4350404587345241,0.2912458697447592,0.3565847998152879
0.47932921822393015,0.04251641543064366,0.9211068584502757,0.7365931295791737,0.9332379504451954,0.4223583837252556,0.21460487389775318,0.24311196396703616,0.8673227305128409,0.13574464934446273
0.4847453175974493,0.4465317435836035,0.8415050655338818,0.7982297305512732,0.18638474756603296,0.36932991908684676,0.9493605139714585,0.2615095052646218,0.5818738373132849,0.9174745167693453
0.5905155359922868,0.7123608905012001,0.5600352313294693,0.19406083707775668,0.2857443791087114,0.07674255285297349,0.2123109851971774,0.07464710177501432,0.5736469791318489,0.009964773021828521
0.21705880616373652,0.44041975065726324,0.48332629889334233,0.9851524785719273,0.5238596070420747,0.3343106087789576,0.8175306526969435,0.7157713556389099,0.21795853439694834,0.09683314721997371
0.45046405988237403,0.7805515147492088,0.04362816308369977,0.8791577219075402,0.18651334561111332,0.12856655778519732,0.508823406935635,0.13835542992605854,0.0801735889069557,0.9147041334599315
0.7483038134959371,0.41072158777482937,0.7015862462078257,0.4264908855662052,0.5418618000292891,0.3983904353915433,0.06080301687236267,0.8750532301773494,0.11554675533899428,0.07054622443211755
0.2439732874743743,0.11368217921971813,0.15918784390821772,0.2783742160047432,0.06322175078019443,0.2498971667407608,0.03199050527784042,0.6091616936012374,0.6291596389785176,0.05962857414013534
0.07860209952671349,0.7487957237399923,0.7412294520245063,0.2093016616595258,0.41509502580719004,0.0789167529938648,0.19533742167705448,0.7667300070851484,0.07312002263649153,0.45100238976705875
0.24165375835422587,0.8048748052035495,0.8733364766631662,0.9771467327854428,0.1529294477507941,0.6883895403565162,0.8487797499948448,0.0976644300963111,0.20126143861506396,0.1979632188153515
0.23158301508795387,0.8583103866128236,0.41037346842272704,0.09314610271606971,0.6088045233844369,0.662945992149195,0.6080732957992114,0.231784295412523,0.8844514925295631,0.353673151954517
0.09592990933078405,0.6076492810254639,0.8828990319985784,0.06851794647956932,0.5484927922845086,0.7938855314547321,0.4393260284328977,0.6483882082169302,0.7022017065652331,0.975651453324416
0.343990227433698,0.8275867292835036,0.5425383295361752,0.17993312514731674,0.48509976493248474,0.575775553430404,0.8783215901103052,0.46476548536724993,0.14512511923541405,0.6339489648260661
0.7457074383438571,0.3291867237103564,0.7285554103475956,0.8754456407480546,0.26567480811559097,0.7659054485512696,0.6011369363036777,0.17288553055606026,0.3971153442806965,0.7048826183319556
0.49617652867689244,0.03090084543958682,0.39199218802906755,0.02141632199609944,0.6141216462433264,0.009755519226923748,0.006177540164965412,0.7479267126509024,0.6542078728610098,0.4928948382654206
0.5950880710744711,0.4498109578607581,0.4322593912493933,0.9242164458096375,0.8188932116484078,0.8338098119903108,0.02818153497162057,0.8156786296783599,0.9528810242744995,0.23535194806725634
0.10505416585706118,0.8868611549573704,0.7803346764851383,0.07086153249953553,0.4064045339796367,0.7553184243756309,0.5122294870608439,0.712078191050903,0.24726667825807036,0.0719088863981836
0.5937152846797028,0.9419889525375791,0.5488225076838857,0.10520941166349329,0.900861779239733,0.5430696778318126,0.6367902833958721,0.38184442016813847,0.19052561137396795,0.015961510360478215
0.5835790047326244,0.8517702009341355,0.1569754541455609,0.25680407129726657,0.5248658104061706,0.27124121176220417,0.45828039025993994,0.391248488871369,0.5217391956986344,0.06673731853854892
0.9703786021304827,0.7058958778368253,0.36115171940576773,0.5516339740324666,0.28862958174838926,0.5463549900506102,0.07626213807934046,0.7952900558038402,0.701900567612767,0.7592508656968247
0.014132503348303627,0.09073466977038835,0.40559576106499096,0.299475903506669,0.676783088683269,0.2575639259307696,0.3200164059209015,0.755507828386941,0.4499443640759899,0.6857812073927234
0.3551328064656647,0.9852757453121106,0.9211429695540371,0.001558951301953937,0.374719824186594,0.12324432712175826,0.34409336368075494,0.11815775749561275,0.5577184984518067,0.6659896210417093
0.9716780691475679,0.6600887417982096,0.721245413387452,0.7875811694663424,0.38163230306543683,0.4877751183690686,0.35084594591658536,0.3098644985325718,0.6000715475769474,0.013881570408599497
0.24234752913994262,0.869528414527647,0.605175933748102,0.3127256628796423,0.13467250695463473,0.38430404790502637,0.05505586449194699,0.30085384137507976,0.20813349924205482,0.0449479056036618
0.7069291047872145,0.24398341118286948,0.7616843942196933,0.9182438063231768,0.9887434573972187,0.8268356836631839,0.5065927973936515,0.7503790026300315,0.6893977771986115,0.8171039427048638
0.4345277151525402,0.08772192213108343,0.19688936803844304,0.9711951233435695,0.036539768564044506,0.8868450829211302,0.9985042885335219,0.5477909483566291,0.22906006268559653,0.40219044701288764
0.6953562067981128,0.14860409041403344,0.425758730222752,0.7934687268992804,0.8286121994222788,0.14008210672410837,0.13336370203514847,0.4365136172353399,0.946574754128517,0.75323880150698
0.14244429758526567,0.24264484328617486,0.39910510806667354,0.6892373015355564,0.9101129610712593,0.4907913610143325,0.9904646304860544,0.6409707845232331,0.6458445866326399,0.05197109009879941
0.29093977723038267,0.20906194999323469,0.973109417735887,0.26702891223732406,0.5579014752090548,0.11200049742803397,0.6784310249394054,0.790705827350611,0.05586538149872744,0.8906620975540263
0.5712181117465864,0.23923030366001508,0.6136673972958848,0.6851528689779504,0.6964056689978589,0.36540279995163505,0.023471917140891696,0.339586674814889,0.37013875925164785,0.22687783470595935
0.2604858035814842,0.4398362719025466,0.32293538438891156,0.1983033725824741,0.6803706720035342,0.7376606869435387,0.0383533252201661,0.7759743748997857,0.30061339527141195,0.7185449439219864
0.605776973214864,0.36913246773844666,0.01829868309005056,0.43101279812511406,0.3429196399224035,0.9886853033074007,0.951379056256351,0.17414610451322587,0.6988928818293393,0.7652154856592204
0.3461398734035094,0.6055300130311437,0.5974342397500422,0.8765520692718205,0.5500033367158554,0.7451228339524206,0.33902370899551826,0.8646756806550652,0.38406405376995234,0.22827030294405237
0.5275309152055798,0.2649670397892552,0.4060480869952572,0.33340861108430775,0.9841347907332851,0.913765003250636,0.9534144689383839,0.20242754802804153,0.11136014049084408,0.27383583315817384
0.5946325176396419,0.6525489390118959,0.38960140543421906,0.383416060949354,0.9061522590360735,0.5384299553785098,0.7575891535062551,0.0877938510734041,0.4300302079176255,0.8394231197777172
0.39573435402476265,0.958180398703049,0.6915658158389674,0.6760355721114893,0.1198280881520205,0.6176514051439947,0.4825776309533185,0.13733253647412225,0.20638878312035935,0.9495074439947804
0.29275096631118414,0.3616576872922799,0.9142933457278446,0.09155446474204032,0.293279844930597,0.7244637155909788,0.9796708713193035,0.21015351088749123,0.32240990383649604,0.3924717800811429
0.10781904993445623,0.7897414234042469,0.7155190802979058,0.3592171301657887,0.5355461742205757,0.0547418992702845,0.6028287452652579,0.19395341398645538,0.6348031491520025,0.02256192436718696
0.9041764800837307,0.14247005270130197,0.9262044789532622,0.30996740807081613,0.24069772106432707,0.7999929026582416,0.9741570804073266,0.5934565477360262,0.7796344376563459,0.012245627842600415
0.20908537737936994,0.6064211994566134,0.938572234901323,0.11385739158720787,0.8810618936282045,0.2996711828620533,0.9818845071412937,0.7489730848198689,0.5650103748881471,0.9267030393188332
0.4723030645025029,0.489761523724799,0.7765485079103216,0.5274646932100301,0.5234532210166182,0.9438152682997905,0.20070353883682834,0.6086835661018333,0.45354697433857516,0.4059384332573176
0.3626699451134916,0.9881383457874092,0.4909393703748234,0.4233726569986528,0.11084145837306791,0.2775915126238623,0.023933284204877614,0.3111665139666866,0.15752002930469589,0.4236453954812961
0.3574718580675619,0.7566152326826734,0.1051474574441783,0.43927882152845965,0.08515134576797989,0.006157582843652976,0.9774278502689038,0.004118429792383971,0.019929182645334942,0.4460426527334488
0.17531450718539832,0.7073374296160426,0.0582573368416659,0.3336391576488824,0.32211024551821554,0.695705101139971,0.10327532290666808,0.4357822972216019,0.5651959700269621,0.15671459541880428
0.842770837512381,0.641765448583094,0.06191489779723103,0.27584352668358236,0.2390791702598658,0.0007619121318660493,0.9993718405475082,0.5203957361661473,0.7217518848129593,0.08889832016413335
0.23695786556238196,0.28331326047140437,0.1704970260664379,0.7469725968642832,0.9887956223494907,0.8506516074984394,0.5633264686519515,0.29497771159359243,0.1647765969600682,0.42490354473596936
0.22544500494646258,0.5927072605755408,0.5443981849333027,0.6881721062577515,0.22518546866928968,0.8275772676714679,0.24984057897590983,0.5765659880913561,0.5915354055582214,0.010353530829262825
0.8710272770202827,0.8993683854744318,0.803390434859605,0.3899797864252996,0.4529957896925396,0.6742987438095472,0.3424814938708768,0.8882950528585667,0.06299631520418292,0.4272235046411611
0.1572850496045547,0.7233501116888384,0.5854880411161086,0.0023192593608883927,0.4347225339799051,0.38117523608249915,0.6505690777633052,0.07432108852675923,0.23151226389935042,0.5147948885613374
0.4990157538033092,0.9935759760801808,0.7014831005522083,0.020423035905248965,0.0726806259076982,0.5559394907247555,0.028894086394482876,0.6091629267177477,0.6236574324293973,0.31359745831483177
0.7922193152715776,0.000701239408827381,0.6546724325188377,0.47255901781955556,0.7571810832649207,0.042093597742898226,0.8851920774903239,0.6924273186104443,0.786264135447353,0.992515467646534
0.0994952621948837,0.2815041826990463,0.562336297555543,0.3814548824135965,0.8600016116744649,0.14860445590239557,0.3739440350143475,0.7299838859841669,0.6563013776613883,0.5566878646038277
0.3087416823343919,0.731506300258304,0.32322939760409597,0.668630993827764,0.2760389247296251,0.10501699928723951,0.562187734872111,0.20653349404840193,0.3848116013056858,0.576648672893677
0.9584388823346837,0.15386385033134664,0.9457357925842129,0.43288327951707384,0.6630310193962698,0.7469373602164451,0.11739873411894797,0.08851109585385619,0.779077541450253,0.16835662820113906
0.674128788371451,0.7121530003325244,0.7387752643404129,0.8481402492065157,0.5524319652933077,0.3891521652626472,0.4328392041947662,0.13848001713803293,0.7341391196784903,0.4345248138268306
0.45441910817024433,0.5804468574708322,0.46706574201744466,0.56481092495707,0.6236140862333348,0.05482544071796369,0.40781102059163277,0.6240926790322469,0.34268151687673154,0.9538913381012218
0.7271656467391979,0.7481782996523312,0.5001751568375762,0.23333579979629337,0.9671316069953633,0.6404601849292728,0.44737873653166993,0.47208000756755375,0.4504549945946881,0.9160363910944452
0.08186164813918406,0.09453461908054805,0.8052759258137503,0.9804453044224709,0.7721529662080638,0.8271399690017779,0.7682986817304772,0.8323105384704745,0.6019415088591261,0.11586443255788337
0.1271827681269989,0.07536343478938123,0.5138122743093094,0.45567662518370133,0.7912616236697944,0.34194757229630535,0.21043876684046692,0.7038832659818977,0.6343945097829303,0.5256807437905793
0.792516742149811,0.48688857710786226,0.2330819046639354,0.012432260233640413,0.681315642175638,0.9704802411205591,0.9845951985095214,0.6629024728956526,0.16176405883517908,0.9211433172722455
0.4218317745774899,0.7009517043193733,0.1714144659470167,0.7577890065748583,0.28441917527732874,0.19790529957679714,0.34890305443256153,0.13308695849767727,0.3119941596282416,0.8200628347783544
0.9814975517536006,0.5805365410890664,0.4763571303407865,0.18301755271332354,0.909804669049344,0.7329174908486021,0.8689933016573058,0.8721290692169437,0.986349853727768,0.37397387596728193
0.42815197725897847,0.30439896779693665,0.6419076527043143,0.7383861805605648,0.677058253185844,0.012740670141915822,0.20834636238629756,0.8114085527354589,0.9048793105273314,0.15476139094865993
0.687551459867552,0.4055474837810279,0.763515681958189,0.2268299002236117,0.6430428267210132,0.288693375301869,0.7156420306132631,0.3499077561415902,0.14624840172823017,0.3885176954929449
0.6644000344237995,0.7213391948615132,0.2072047501090909,0.021895797789400873,0.8545516160228503,0.21523328586578427,0.8294330998968857,0.8740639163283374,0.9428338583651545,0.7719011330642179
0.6105446817126805,0.9342870176753924,0.9118453352143392,0.817454219622918,0.03678521872849794,0.14578209827156963,0.9523853265206935,0.18889790014615415,0.09354334709654677,0.785081494852702
0.5875273550816595,0.7742428717524503,0.7318061089199762,0.5644123384629437,0.6276405268002508,0.6579059847957234,0.30596875830672465,0.7576480299334224,0.2563211784399334,0.21488112744068466
0.5303577395368547,0.8720046349057771,0.9887593214850801,0.8901800992274506,0.18718216304620028,0.3967078827575877,0.2902957032675275,0.6103901444109453,0.8690310724148671,0.8664037632682863
0.5810600445041905,0.42403734518382263,0.7118393865481164,0.8070747636298267,0.9577895417853604,0.418919709390951,0.39553358756316503,0.2898738240369829,0.0513955677472423,0.9544993089518728
0.012930907330302999,0.4859649930139657,0.1387539686997693,0.3810568889927094,0.05318045202410382,0.10224903236607452,0.494288857355502,0.601181390939565,0.511799954702918,0.28010707296774473
0.4587201187854968,0.8598103132185985,0.3054018615700581,0.07764139990614694,0.1312608387440065,0.5969179119290459,0.2916061393415076,0.09501455153207705,0.7292995238787621,0.6005368022799065
0.7685787777534528,0.8938394058142228,0.9515705346945972,0.4371859985384098,0.11590347888494934,0.8904446310058926,0.8587290888447919,0.8475040488356061,0.794350089107264,0.5408247014109644
0.37247806282311413,0.20426123462321366,0.6567761626723201,0.8866178363120012,0.9643543289991946,0.9192758146741755,0.5214649684361058,0.9641167539223712,0.1697016930971713,0.022988132865767286
0.053987072213834586,0.30645079549092924,0.7399537283768631,0.5290545831049693,0.11085912729744563,0.5903060829683512,0.5791861252011403,0.3526015704246943,0.08808174206502895,0.06487298074122938
0.02764578112534466,0.4169328875069013,0.5280897878869527,0.13533262429427362,0.6492397693897809,0.6101779601886146,0.9058582361463164,0.18513671758452988,0.08383837570556907,0.741330177154612
0.32774181619263887,0.68046133450248,0.44043407631160303,0.8099800044034738,0.9103351966053261,0.8823629574268492,0.9910326976858483,0.7446807373029236,0.7254555972756662,0.9286794751855214
0.09994394105783788,0.6112546074568296,0.3350224991959869,0.04284647687533638,0.1269632191515886,0.10786432383413158,0.6794603214502639,0.9618776642197931,0.011046016987909413,0.2220165377338319
0.7611004168563457,0.6530724900499799,0.7320790087828208,0.7523253139025958,0.34475366471874036,0.29594812846327334,0.7567832233234105,0.8649845784683986,0.6682889288496267,0.11981569604496278
0.33340444521365287,0.009655126754688492,0.056928769941322344,0.6788116654324607,0.6325472949410235,0.2598670686238256,0.746535370575013,0.28800690488863534,0.5257207556749481,0.5432369251317908
0.8907496636899633,0.8443672417922703,0.820978617974132,0.6485237067791372,0.9243019916841972,0.6907953517684617,0.504691414209958,0.94906559278996,0.4449865102917441,0.1020391410895467
0.9420062506284403,0.9814986740031962,0.27577317451914596,0.5665304266427226,0.6088280057587239,0.4542426533395262,0.6961781310070116,0.6029513218506075,0.4219189525204048,0.2012708157369233
0.7854300460133384,0.5303442050995503,0.3954880490802526,0.5206523023492446,0.8025875095120009,0.9279933093879502,0.1965920514797589,0.5863510116846659,0.14236127317217795,0.9814341386809826
0.15644415969558723,0.19503283488413392,0.6081416421775552,0.7081625797275651,0.7246043287435107,0.027704663212070435,0.04808339420300656,0.7393262127915126,0.3501427296532602,0.8366286194720531
0.9730194001330075,0.23662449027910293,0.14577158792611433,0.7749317001018734,0.49514748562162925,0.09241718282683453,0.927286170792112,0.004344913854799515,0.199785801714068,0.7054537724556074
0.8442187830666116,0.5671337623222344,0.09902876994052301,0.5848350709446055,0.2878857704225707,0.7713055128949755,0.9404674568771696,0.5396120313110785,0.4226817408920637,0.9485350047063578
0.7130635295913624,0.17310529420298304,0.932284898382067,0.7482712789094927,0.9533322062777877,0.11793345864670202,0.09587538405651086,0.4365081022109508,0.38496092346796607,0.6922921788780275
0.36004575262838634,0.9677181181873756,0.9844548457231088,0.9390835590529124,0.03930407852610773,0.7239132005396047,0.6230487666892722,0.3760709674320396,0.9042151941247077,0.33947280166650595
0.5485414284531593,0.6094572059824566,0.40800664263362274,0.6894118905578313,0.6771197405149408,0.8121300841296335,0.5423690329789927,0.9870373671482584,0.5632543838085047,0.6148286254577249
0.757615882346139,0.06390532224743406,0.11264068693787421,0.538583671895455,0.003014003113934627,0.3617099713257489,0.4933493364062418,0.9460729412014602,0.23598984620124597,0.9724879449365476
0.9512879383558144,0.7006540138427217,0.05919184712261927,0.4342404084445459,0.1564347533669198,0.11141721262594051,0.7991265413500078,0.2772417958960657,0.28282632443791433,0.6648313495762322
0.9785210744413939,0.2550521188998506,0.7700811931566399,0.8526569804933039,0.023236111307867735,0.5721728298986809,0.4944853485389791,0.6758010341672255,0.4557264928277549,0.600532387328901
0.188183640022746,0.9554086520399515,0.7841054641068144,0.4343532617414265,0.6173223385060138,0.08900538479952536,0.4377330392937313,0.43258639758168616,0.9253394768558055,0.7205115485501001
0.7186440621684249,0.5261489170568768,0.18434878456315107,0.7461549851125131,0.4717459160076344,0.0878903387267318,0.5064003019466645,0.2541730060602303,0.9962446276710667,0.05507766847876483
0.5391821944483008,0.28130598586628663,0.08764250598683143,0.9176499844848561,0.44248722475060365,0.5521136402838097,0.9479879845465882,0.3877439344912931,0.6519716736758724,0.39266916150123743
0.19473471053193359,0.43947924933028837,0.3042763765025166,0.27477121976563745,0.2942284664254302,0.21941156880389445,0.7132985552455237,0.043631184720405614,0.4498839465285345,0.8107069300925286
0.12983466909772645,0.9442407708225392,0.7225154353123886,0.7667655709875388,0.10379945086066311,0.3137505310490839,0.1858112397477958,0.8045079598227919,0.6307409156826453,0.8876883419628888
0.683763946972575,0.3147536424325943,0.0935104702188625,0.6454576317415537,0.30593451501839186,0.7273032303770269,0.063617985191606,0.19846824647248518,0.37344923016956877,0.5395920744701429
0.7350447826401122,0.6629399637436951,0.3486594721469807,0.7212130973266795,0.9530610443677492,0.8383584094269525,0.746213079368294,0.09945487816604426,0.7042239710656072,0.05136053078351288
0.9917794125436581,0.13574139182545786,0.958776675961721,0.6483528698798938,0.5823259204825599,0.7612862481018806,0.410493950834969,0.279733642122581,0.9717675773954805,0.9341434072893684
0.6366028103610334,0.662106652965829,0.5128418583522801,0.2114442139712739,0.9189580410632853,0.31351117493978353,0.5584424482786763,0.4263939222935036,0.5204379528150183,0.06534890259567816
0.44033698577008706,0.30299466217240445,0.2887773658175308,0.623418466846761,0.3546015211146921,0.45274015485180363,0.9893323221609085,0.6558176077202007,0.3585494245478378,0.6832888566867847
0.9390044845182794,0.8377160523355437,0.6290441850571153,0.4138504524863752,0.6652220344089036,0.466011972503398,0.730212335299987,0.6977491515487302,0.7421152532028449,0.2108588884980469
0.6726802032557729,0.7621181395852478,0.07419475678185594,0.15024667805510916,0.049369130299710795,0.6282147579245341,0.946921172400051,0.6434424115937968,0.8949915014618253,0.6474180014834097
0.23223687845029095,0.9872111951605418,0.016080539105620573,0.7347852584205199,0.579383003671408,0.023438013415627568,0.3549277121954215,0.44160329495840245,0.45110912262216973,0.20938596652069452
0.6806057490432069,0.3802967669659312,0.41242412609142065,0.7704935130954736,0.9934571103532628,0.5822334555321913,0.0779015873127391,0.12179746082137044,0.5188631242356824,0.020907553923886546
0.6615831213224853,0.22486899841721186,0.5405052636579354,0.3805457972492706,0.27386497211122696,0.5355926694519407,0.6080435147466431,0.12101240484141307,0.7551661314948077,0.012996912811949257
0.3946384497157598,0.9859581200070603,0.8898110168492223,0.5715217324854749,0.8228022204684603,0.600062180368948,0.8341242427048827,0.9348083748233007,0.24155054141185428,0.1627057275251571
0.9237477515377036,0.031942270372803616,0.1405832136475702,0.9518629507975446,0.20206629446863777,0.6334709404458733,0.07209092508061843,0.6155590393998593,0.6821627925277504,0.4278905548588512
0.6220614810965858,0.9077585037475759,0.5974372206127949,0.41388635243082683,0.695287645917302,0.3338217649501962,0.5755111085193815,0.7555884083382195,0.520665055659487,0.6521739469216602
0.29575131309170866,0.9985214352752492,0.14803188863050898,0.9664893148807024,0.537696694636818,0.9598401819758562,0.5510921245253678,0.7072767375438579,0.4208234987352325,0.22267434703678135
0.8301869237725654,0.07952563994137252,0.10277814853597389,0.8217654896195979,0.13375761148996534,0.3011252712579854,0.2527168097115642,0.8736534577178541,0.7668345091151939,0.7368152231600489
0.24961757880223123,0.04480377803499458,0.5256296318260174,0.9380751255891253,0.7812886190404077,0.4351814705065611,0.6743862519672342,0.9058770590810287,0.3020548205765877,0.6003531915105611
0.10965790538193199,0.5191257416259886,0.34648327968408976,0.22286712166178224,0.10232917155972432,0.9981332671489697,0.8840035502590051,0.1931845235513029,0.9766389500601915,0.8567773707073076
0.6108947809865296,0.599399345243435,0.6895064028156853,0.8601099212356673,0.13297378403402527,0.38855705393879914,0.5913372275971452,0.12208461056961373,0.08887374764544331,0.1348487671962615
0.42475698236154846,0.5609660851811858,0.2525574658263884,0.4320830891920405,0.45610428237003353,0.3717540986203999,0.4669440498071411,0.44332296276731953,0.9252415134139642,0.5846408913878791
0.5169047774713056,0.8521959969480182,0.28724827359091365,0.880672325534474,0.11437150929354578,0.29432618416149436,0.7386927093304461,0.2741197204352377,0.15667449005363177,0.4217223394066171
0.09792748502483029,0.07031938419730066,0.6987063982154302,0.006539844900306346,0.5244329369539487,0.03229191194329961,0.9935880061609615,0.5186803519269244,0.8691821989939162,0.7873918579067967
0.13925540217752408,0.8326125407891122,0.6758437626567252,0.5113893451427077,0.9559845413674372,0.11006860224972859,0.1886876908465034,0.9350034285688391,0.6066471898466638,0.39205177597429863
0.024203046968503505,0.5708027904356625,0.48373535946604695,0.5905094132851922,0.025489090416784155,0.3308654681526737,0.17943492187465038,0.5041748326795559,0.6124979467301512,0.7897841444481123
0.44318189693938526,0.7131612849190788,0.5323012226214346,0.4142511470334419,0.3790143749972157,0.7401871694457121,0.6130905678205701,0.8100658834299455,0.8603669041681108,0.10009851951224835
0.36168585307468615,0.7793599934302327,0.1253176686512416,0.39852018339338546,0.9721719120242962,0.6322435362974886,0.05705450024411751,0.7137092453682491,0.19982996187369528,0.2718322094359098
0.9802036870890112,0.8615117569476244,0.4142838694025037,0.7783951582245456,0.3697813184736486,0.7449345321653758,0.9492344250355575,0.46263313704697007,0.8548455792063764,0.13947061027908902
0.04674645419984802,0.5556135208561888,0.9446873879737222,0.02511740878824631,0.8666049685795698,0.4296415108382464,0.28496315029040353,0.4704927322004677,0.04168986957472187,0.6592994333917551
0.12106168163969122,0.9465897604151103,0.05547349504391985,0.5551412973071661,0.34191467161050215,0.45986043736669124,0.2891433135667705,0.35960413217474485,0.1939943270820027,0.6064762910726811
0.7666712570076935,0.7019287304193644,0.7338062752559522,0.18385715700981142,0.6570147838078132,0.9719559221101648,0.34848617667720183,0.47716681626942736,0.07089952037416314,0.6489781442162035
0.41442635178416665,0.9637128717231002,0.0548560934549408,0.38352898289674164,0.5832910403568189,0.6013762474504072,0.9625770374178841,0.25730761456753437,0.2967098894543003,0.16608486998839744
0.7919607375333555,0.11680377547207843,0.7117275835922291,0.9950698818156344,0.249253660072856,0.8114415899424907,0.6642468074276454,0.3231465565155017,0.5281093186788358,0.027078683453303776
0.71172332901287,0.9102344497302765,0.7269520716596146,0.7810874674716327,0.27825666874169097,0.34096727150295847,0.2104664361396661,0.8488187136374844,0.8267073578498496,0.7060098157294034
0.5594972258878504,0.844959987943009,0.4207645496774569,0.9790492181731824,0.05447599391525426,0.6457567740571412,0.3714429472185836,0.07306000844942784,0.3051243557439338,0.5503152232953034
0.1557466990456814,0.37906931953619205,0.09728506867511455,0.63887971903627,0.5492758380804013,0.9602660279557024,0.4592013124753027,0.27345552721246014,0.8075615221284586,0.41719351040702124
0.4129305848536018,0.0018700369816586626,0.9176903342642567,0.4338653010431063,0.004456769661360882,0.8990048878348381,0.28543202255329014,0.7113832202006911,0.6102394569425776,0.8730756868840219
0.3188918267035381,0.5326136008083192,0.3125563106693664,0.07180308802646629,0.8488995930144839,0.8253476392574015,0.19047857682758718,0.5489080524222416,0.13667658168396368,0.03646757909130838
0.7404037206890985,0.9018166189646492,0.4241036061746558,0.7744672103814991,0.4906130072364916,0.7207796914883797,0.6584426105827218,0.5237226377573222,0.7859444050860575,0.5457611906788017
0.38585985673352097,0.6302645655916069,0.7234975941797241,0.17440459164042177,0.3292729138034468,0.4351003815276543,0.18800878147780808,0.19586219808900107,0.44848479899330473,0.8657597087002974
0.3329690223148307,0.33384666180761746,0.6795785154344612,0.8468922100041638,0.8985452438883812,0.7475572062041811,0.2727953637986972,0.533819795566386,0.38683009406883406,0.5671589644856005
0.9231216859272722,0.7028608206254923,0.9388725685059033,0.42647433365991116,0.6725173419788688,0.1974992860334236,0.292607426524779,0.530012729917613,0.9377566879904162,0.312703174289382
0.1987212966433347,0.7668390394765594,0.2068093942973671,0.085194978037606,0.24858611836680689,0.4880135576994815,0.8002892474091313,0.08536933487284104,0.8554821314524991,0.2977270843931058
0.016043985487795398,0.5645232324411437,0.9122082388845395,0.7921248174323061,0.34566575771630104,0.08996164988421684,0.30150506924746745,0.42576719918186245,0.9480051577137949,0.9047224039059719
0.48277084914928825,0.5138529989476042,0.05051533117127571,0.09515331332602228,0.8357356816482041,0.6259174808570558,0.6691086163061537,0.7971394760511499,0.3286161516705173,0.31002037171466434
0.7684048505063013,0.2739533223616868,0.8872047431174328,0.6392942417335766,0.3020775911926845,0.6020761591047904,0.20121918683214224,0.3735164033683339,0.7365377761112196,0.36512583960805445
0.5642364628689842,0.1092885199214022,0.5237122424829117,0.8627489545035417,0.9738634474281239,0.4381857179941654,0.8467300281863629,0.010362302701052317,0.9265507944369117,0.5269261182486806
0.8867056731848753,0.9860545141773615,0.9935689236659236,0.42281847469454503,0.5199174807582442,0.7367483675112122,0.05964140198713652,0.6061665976074413,0.5952898571228504,0.2561981336880286
0.2096590934665291,0.7830590900689124,0.25208977369226804,0.8211146265100694,0.21914950605260675,0.2647423304381582,0.21238039004340836,0.5062576499805438,0.3143201103513057,0.9746081691007779
0.4703182109671499,0.3076474211114618,0.14722776717715025,0.3575151041484713,0.7445556680754669,0.8883788252706963,0.48032708721062767,0.07782177170652183,0.39630145362780644,0.14328576620635203
0.1587635397049708,0.8782315266101648,0.17708089975111452,0.4392339989181212,0.9627967769098613,0.8981444457572215,0.48367433689804074,0.9546036304367704,0.9186519030606661,0.9125536419126171
0.4799439591781488,0.6885383450069683,0.7168759101230118,0.682099843085059,0.46614736279405544,0.34067875406746706,0.4100131073170089,0.5242705852412681,0.3677359205074553,0.20132130898658385
0.755705892529738,0.4151321863011538,0.8380829491921324,0.7933112775160264,0.8392467860260687,0.5848908132775924,0.8097318501323161,0.22477442511850199,0.3297853226948765,0.9684070318825795
0.5439681477746299,0.8378042584979584,0.42017603157837047,0.8027094661269429,0.9893421133275724,0.8546347266938602,0.7918646240386302,0.9675470915621032,0.8802858146204922,0.42043564734267724
0.5783441509958238,0.9565141648984884,0.3738494344997929,0.8919570888402086,0.38866464239407494,0.9022601416294739,0.7315509883415283,0.5224755623984997,0.331846400626833,0.5551976913600349
0.14627970331423346,0.3173781114963343,0.4074571146328778,0.3709823799447285,0.9712482542467377,0.8992605019172899,0.2083704508220201,0.5840812425704275,0.017067654436841995,0.6784888452780589
0.04207925611133523,0.49242373497591374,0.7276404701994196,0.07704004091361893,0.9882177248464573,0.14677509171853376,0.032787940411102334,0.508700901660225,0.43178354357296445,0.7436588603237861
0.08801536768444618,0.4483245437246909,0.007046463394471902,0.45329728587966744,0.8964048882769114,0.43380278121203275,0.9386187114728115,0.18892644343554987,0.221703784540613,0.6607307461128465
0.7616606290413197,0.648657484750016,0.4062632884410683,0.22714123444496181,0.45041307105765394,0.5032348379805658,0.5187099688756813,0.5290025250354712,0.7650653108947658,0.24763024232932218
0.1702600325955118,0.8468974933478227,0.5053960105089566,0.03577895609663517,0.8049323330402872,0.8439052873777279,0.8840188179018035,0.03244188341035226,0.6272544630902381,0.25154253546011807
0.0305249745351579,0.6103487828027524,0.0032493872611187857,0.6407763139922881,0.8891689538530583,0.46460458794975135,0.970039293545309,0.11787191521080753,0.924373261206891,0.8752847818703383
0.3317032778661353,0.4901234716479038,0.5028764136008459,0.2344806997472184,0.28418723324876405,0.9410486798278787,0.14031855654656666,0.4837591524014824,0.33414261986672644,0.8977793809215858
0.3202718276332739,0.9220419372482066,0.7406348862906639,0.5256839155597222,0.3987826683339193,0.8867290372834106,0.5252037911208899,0.09087351957191836,0.32796211140835296,0.11640471811926334
0.3915565534432699,0.5319306878659894,0.961899529704778,0.6366143073608557,0.5506135688503758,0.9930897464693242,0.7016371762071478,0.8887757666489614,0.030771399427299784,0.24697192828018444
0.03584875748368732,0.3529562229627311,0.30700456294255296,0.03677343022718005,0.21641028295991604,0.6617029700658178,0.8757895373832154,0.7424961127108856,0.9470479719821099,0.7136089456454549
0.18282732134710689,0.9014671849787824,0.10999053540930104,0.7159836220522595,0.7208865638977099,0.748283935461741,0.017835658772265006,0.23525927516300182,0.7653120025101569,0.43480988888910244
0.41477270512312625,0.9943235212340865,0.4292064235492571,0.05852941378212717,0.8270993613212008,0.279410404850319,0.35569581128523464,0.5694017463334764,0.6242619304451308,0.1486926296975355
0.27324457739611385,0.40032147106388016,0.8040121297074698,0.9385575787414447,0.9579976643160087,0.4419516259420797,0.5331858135387777,0.23542226708905334,0.6397687307228727,0.46503275479235995
0.24213251325520502,0.9389984088178414,0.24944089226736121,0.15890479272487745,0.8353186976720981,0.2757400205444408,0.42903689084253327,0.28230913320136997,0.8572135949647408,0.6428637218833267
0.4731011575905155,0.10923676591095266,0.7372014738105316,0.8375516231495648,0.34709766760334615,0.5268557649462849,0.02055725464758218,0.12691629418978567,0.46662567068247773,0.9131216812040615
0.42782079600265377,0.06941761106137867,0.3367279551630007,0.6892679366585265,0.14888942047603604,0.5738620982642991,0.1803958267073683,0.6585404821448,0.8197936366663783,0.8126990347497828
0.9969290540159379,0.25214913570972475,0.757750568937225,0.7015797836790612,0.7654586743005155,0.2772182018014049,0.33559751029802976,0.8042994792911203,0.7068808922165347,0.10657043435881508
0.9681490560057003,0.08615070016925475,0.2140710741062718,0.45062166621574695,0.9092538650423918,0.16112018699878317,0.2170624552914151,0.4255201119023656,0.8809648023603133,0.9707586834568476
0.3653531552304111,0.5186036147459658,0.20497952022922938,0.15794775346303347,0.47116956069838023,0.45874424198428343,0.4258155752055114,0.28056341767371307,0.9681421002204811,0.9463025400690236
0.46302252615115336,0.1666852198697697,0.45342536811158474,0.17274729873859584,0.005475232582659917,0.6208523016807521,0.9425818557756251,0.5259644417344962,0.47090433631678064,0.20080023408118042
0.9900431970399594,0.42762065728708065,0.34227268240093045,0.5475738704484665,0.5292819784701506,0.12117301941611114,0.9349409000929167,0.5881391597406205,0.08041941713727341,0.36435212493077407
0.9837017395869183,0.8335493051595675,0.6726507482048282,0.9477350516839715,0.15373486940105752,0.0018941447819866841,0.058350719758193614,0.925458152499297,0.2602838602218861,0.2846352807891136
0.4757847652615579,0.5196146131693183,0.5564078014450888,0.0026691748394707115,0.7074025138716388,0.2502359027817921,0.7053811126697817,0.548092554304611,0.9096586039840373,0.8513060953787337
0.7561496458472902,0.34602751251546515,0.027534430397057275,0.5761518086531333,0.3494077633467324,0.2546022577795862,0.23678085637466284,0.5013895851546654,0.46728667320606243,0.5835687046292249
0.6916824071946648,0.3878929644338832,0.050248202526630315,0.04204889934916989,0.6362396867696859,0.9787124833343088,0.3100083877497771,0.7366115655006441,0.016662522380138878,0.8763979661224159
0.9025653030716085,0.30720327207471754,0.29151545744062113,0.12576027093657993,0.17316101252391847,0.28474085853000997,0.8140229259886692,0.885574198135459,0.49336594854747606,0.018232222702269762
0.14936201832193674,0.40303173701782935,0.03153817877089582,0.028547034092152757,0.9636837108913228,0.5537214610360202,0.08219697519150715,0.6205065332651422,0.017211114704729136,0.3739530600260248
0.2436801905965139,0.08431293207684543,0.24277280114939392,0.6695095166955383,0.1803550885795071,0.31355408370032967,0.5667917096450474,0.612380431715202,0.8901706859120145,0.8591439912074417
0.8785839106265252,0.6688554864772266,0.19847051056165133,0.25854636408818477,0.08419950891696337,0.1477469577121726,0.8256236275718488,0.7056596990913938,0.1443873297452576,0.38907844926437773
0.26243413402901217,0.058501063310638535,0.6420939306880802,0.4603698046013974,0.8383866952182415,0.2979338804658985,0.9833889182614193,0.6315821573204111,0.6067900612001346,0.09302953865030916
0.0950975242568819,0.8704854885658614,0.23608152393874515,0.7426814653178299,0.03924418858700829,0.28744068080253926,0.07858161089994942,0.7845426860298174,0.3905812507946562,0.5566487031105233
0.07164569550211841,0.6489341025047296,0.8906518218735073,0.5647389574403214,0.8868877470150982,0.9155444426624154,0.7013183063717949,0.5765173911042297,0.7252468118963201,0.14247155441640402
0.9294537554853126,0.24269438501843443,0.5946753156690577,0.5834529814133316,0.7123752246857006,0.961596991375065,0.024333839501916588,0.7310552423115874,0.8300884679215187,0.4011682090179035
0.01839402943014523,0.7039696042455137,0.8435815794286536,0.6328508152253994,0.9904382526140968,0.08376480282385879,0.9162336075602995,0.559772568411092,0.7204189988619226,0.843097753583628
0.31258790771197686,0.03212694180472209,0.3116351735224915,0.894299184533356,0.06280581534453777,0.6401231523976236,0.7099220481754119,0.7512817327287858,0.7876359990770669,0.5496250154947158
0.4247004996279736,0.8760126593082036,0.235573931974994,0.6726831809999488,0.43762264570511655,0.503351657993595,0.6556825300576833,0.5182043646709975,0.44328747154826875,0.8159750077999213
0.543755305384577,0.9646100522114726,0.5054469548136588,0.9621250416866541,0.9527871624211594,0.1472143724813041,0.8317424501979712,0.6738445466527773,0.9627532666304109,0.3813913016591268
0.07615674275757378,0.7367757904674843,0.1657763967720215,0.5036249109082878,0.4314504351522179,0.1725461556097222,0.9735410248408297,0.9354770757530378,0.36294510922943113,0.80589429789286
0.0176326996918994,0.24797163442085213,0.5258458052511564,0.6332514327459828,0.5970865957166563,0.7861114328725406,0.0059535519830759,0.9971804098321159,0.4318391037881997,0.8784508316173849
0.3879075296282817,0.8719300932179443,0.09618850450003313,0.6436288834893054,0.7627960987267738,0.4115093266069133,0.31140532247818997,0.6791119337430476,0.13232698698053935,0.832072975782988
0.6501551170300947,0.379697380039142,0.6408929617882956,0.5039664869390343,0.5039582639684758,0.010144402622100368,0.26815552747523475,0.3515533542966761,0.8358815258742067,0.18431500633853226
0.4671771678910934,0.761027935752253,0.10042965579875585,0.41476553930115156,0.1887395860626756,0.9916896432218408,0.22333723377730763,0.17240061182725663,0.1999176491485649,0.0745689514221144
0.05482741747406261,0.9664074234407035,0.6335090284891788,0.8485924835084537,0.37646763345698386,0.21767210287675332,0.8652959250881381,0.618880421783012,0.033894050587206515,0.34199793016770763
0.07152411554389693,0.24257955952186028,0.43110082947379436,0.30335182857911014,0.07618517610174858,0.3219264194570044,0.9644946144977374,0.8938382955606052,0.32444221140724205,0.038219078253206584
0.6652876835399376,0.7113830150577559,0.4448304716825806,0.6292218189653639,0.3615953136736392,0.03275639255308882,0.4834696082847656,0.9072359343087251,0.43204832653332936,0.4038532049218866
0.009230824584494646,0.43680260238954405,0.026787308979969615,0.4667886903365639,0.11243347662782399,0.0019378548814354968,0.5880424297388509,0.9924899763638619,0.6487199458999244,0.6438656629237295
0.5155160607141557,0.8524138261288075,0.7887741840761093,0.8889826278961501,0.8052055599520408,0.8847447945951016,0.9543667423740008,0.39496661255417664,0.4491467178994992,0.987594502436299
0.08571393104537384,0.20809180768084423,0.9687212847859191,0.49905601696630675,0.9488228586094698,0.7930880878660103,0.9114229855775751,0.5218743117161846,0.760589081274272,0.9309301583084107
0.618825785427391,0.47222140148839775,0.23135355081836428,0.17309191485023412,0.04129298218863131,0.6480657109055841,0.8194271112993963,0.08291274139006943,0.747732657847907,0.15046187779225495
0.798888827938231,0.5103796934998002,0.6459054575482982,0.49356091301188776,0.5744664106890286,0.8232411162226493,0.3561830653914453,0.4897463793316633,0.85934588353889,0.3567205511817054
0.6405236477959736,0.6320105975116367,0.02385728497389994,0.7616637894832674,0.41968332792256136,0.9605289259642543,0.9122424685948823,0.9509831453022276,0.5706072938877047,0.21096057496938958
0.4025704527806653,0.8574013203655677,0.5780264016722231,0.631316842141133,0.0874836930117684,0.028027484620328447,0.7728218951916035,0.6934198256398686,0.5250713732542057,0.3178163426335108
0.40417934941583145,0.7838360925494074,0.7079202187374842,0.160614462109537,0.8118463219210509,0.9942693783194051,0.8259019551644851,0.5460648774277224,0.7993971665132189,0.312498153518568
0.4934536536974894,0.8787841630442307,0.03511129872284657,0.9345151174387827,0.46715802137860385,0.39514851893274894,0.08799995232989422,0.8050484353117822,0.700448036483812,0.1428448761568356
0.41018598258622874,0.25146934040351043,0.6740246356639451,0.9967780493430267,0.6839581047967843,0.4619572506762256,0.13794900752248518,0.9487116131711726,0.015558831532301975,0.48643586199153677
0.8812791751258017,0.09344115328447644,0.2550332084493332,0.5681767433396112,0.3074415526709606,0.8831105229942353,0.21537439259853874,0.5023542627043209,0.34380185485260784,0.945557780964856
0.20699007306975548,0.4245083584613326,0.45114942771376676,0.9143366994671568,0.18042982164018884,0.4644463398486752,0.1023249939208506,0.00854865577983499,0.2559981005151508,0.6672398092410937
0.009202567732912836,0.7161968356535978,0.16528044066892134,0.5495035360214824,0.7680560555449658,0.5789889672986968,0.3959458410817288,0.03229164220210223,0.6514801053217857,0.1406335556360362
0.9103812966937157,0.36583493933908706,0.9226456475590952,0.6423299870670498,0.8672536407379011,0.7507177252772232,0.8141978384154884,0.9760980110603467,0.6757130066586412,0.4132552150498714
0.90831026981738,0.6805480454373553,0.6246766299102138,0.4525300929475754,0.9905826304758104,0.2095966137553038,0.43532004924097,0.6913029068923631,0.6208920167765076,0.4752001843157576
0.4664062047895847,0.6102324187804274,0.7208542410503203,0.16660185630906887,0.12593815524907714,0.27335458073291563,0.1595409833340088,0.11121906745270971,0.6085643565754604,0.06926441099532776
0.6321780723368372,0.16181713581467205,0.7337276808447256,0.75067515824771,0.23800831365103037,0.7414468917302459,0.28286149895652857,0.8269756877532424,0.30442587135535193,0.5516073933762824
0.23296325343381308,0.7365197954165621,0.9001982541878961,0.059732590856271583,0.4115144212670907,0.6606476114574837,0.973982336972169,0.7398567241203198,0.30908172063396433,0.061527915229192875
0.6040560563459912,0.47707320339552295,0.3680199335757157,0.28916793908077687,0.30365332452207894,0.21133983779790722,0.8284751540302316,0.7666023165673181,0.18097989501739986,0.5521249785733171
0.06733731847793101,0.15581251485187753,0.7110527460778203,0.757295741451279,0.17578071024640318,0.8252527602138289,0.750941274571644,0.045929973753573994,0.07800269728953446,0.7639743861903269
0.0017248536709015827,0.06572733492145377,0.013518196301932628,0.8785822554976467,0.736121283723054,0.8935460370592495,0.8868948432019707,0.27005085122235484,0.8525415864487574,0.1841028412785195
0.3270739195964224,0.5308435949372208,0.14196778681512667,0.9134946091539012,0.6060542616033828,0.5864941191340517,0.26731093249825877,0.5283956414820196,0.8937817054684124,0.6709341433610896
0.7856608531766945,0.35372658783000666,0.9795490607803456,0.8900580083523639,0.7890628960899733,0.13776176059588763,0.1291909018679288,0.8949914370948627,0.9382958374546655,0.35829236579902957
0.7853282281435596,0.003859614413878054,0.01192663408479222,0.24533274837938202,0.005657778030916161,0.448011936988593,0.4253342910640795,0.023858258309996105,0.2767857332774226,0.9632860169437644
0.060902898955762175,0.1579538101711807,0.24504245891116405,0.37577785126039376,0.18212711508791268,0.05849485067221338,0.6041067498361997,0.9153909539019649,0.4092562194764122,0.5233817736136619
0.6105161902022236,0.6163233592543651,0.7775746141267802,0.5623051779060199,0.9317124637821164,0.39826551244610575,0.6971440436938772,0.4528869658402067,0.063053106376321,0.4181621852082329
0.7209109601239836,0.5778316786187389,0.6697475197435205,0.02110539439976855,0.7769402881843905,0.4131370396645566,0.5758151368101581,0.2262390091167008,0.31334756413914355,0.428860903287672
0.5450099296877343,0.13453773629540866,0.6870909131281394,0.005633545579570076,0.5779776374353522,0.23234116178942577,0.9019775575909655,0.3455389388452669,0.6974141210825403,0.874991002207112
0.9271000457295753,0.4526187258371308,0.5865435178514016,0.8917750213427283,0.5581205759961173,0.6113584153226382,0.35525166192592905,0.2715756950780909,0.010795554339049218,0.9857772769070027
0.742429196748334,0.41597189595478623,0.41371148304265193,0.4133860198344551,0.9506705773625055,0.48135943767974976,0.9105144960077082,0.13184170686795005,0.8664960912208496,0.910716027863116
0.026893904722791184,0.26791091222907126,0.06128434167342045,0.48875688809600426,0.8038042178173019,0.09699471724371667,0.5158585701060787,0.15002983030614914,0.292475508741475,0.9844711076556677
0.03307685658200954,0.31363701723390425,0.1087505523612422,0.5817611050807628,0.8240581293081959,0.5505717598531714,0.41912454563398427,0.9240186389846619,0.04736771112628824,0.18118619670993819
0.07903120958112508,0.5175770709954837,0.6942588787516503,0.8811766496346116,0.14243532734074293,0.8653549543483683,0.9641333771141295,0.2194229451770533,0.7763853026802793,0.6627251079462345
0.40596045761542887,0.09481946927595908,0.11852380422760611,0.7463572700895401,0.3032983593491715,0.9756622131135544,0.8702597501962487,0.16748692679967037,0.385669058545988,0.28551630047490006
0.9301556217702595,0.7560280879954235,0.386026221739038,0.36218491795917296,0.62398538284583,0.7629411033516378,0.7558023378881042,0.6483612438501712,0.46369651332712625,0.15511304120189684
0.7142823257965921,0.4020611618067924,0.05115609487105932,0.3634323541875054,0.592329117391123,0.01537625705261425,0.6825933201264714,0.8252045369073112,0.4782692382024173,0.17766788379317633
0.5094272399117077,0.659757017353603,0.9267487927270451,0.37311877442781793,0.9450309193866566,0.4630163241805241,0.5096891297001668,0.8177550769955436,0.621206602120082,0.47725375207382026
0.8324742776740257,0.4249604381735631,0.03107630296597752,0.9421981013326706,0.3991502410676193,0.8029326405793991,0.46357619092901614,0.5161240294256823,0.4797381770033644,0.3645014217575546
0.5588445321177854,0.6472177474904208,0.3815123635922807,0.19072001427518637,0.16258751728037157,0.5888919241549996,0.6962915982878289,0.90600726122854,0.4420547881017466,0.7675265854663462
0.9488349061810979,0.7244605576454919,0.9180510967969153,0.11855628888949998,0.1293019357805275,0.4136163978254721,0.9658463033260563,0.31056464842234266,0.7382332947860138,0.8811453506022738
0.8251302711262664,0.6158345851751066,0.07599497653306864,0.28497341962019085,0.7239309761643593,0.4290851802050166,0.7605224945232018,0.41521439032459784,0.7152690440414928,0.2434540527711797
0.20068139806020147,0.82988999206693,0.45932240582041217,0.733646818003749,0.6461974627831393,0.817114030827937,0.6801795379849408,0.5454207748406026,0.047600221818760224,0.7242136015938723
0.16478524100255387,0.6100646146827005,0.7800839940073332,0.9879889811216604,0.7002202693299566,0.08912589876755661,0.34718938525814813,0.0580711462218102,0.21469417202431273,0.6686886136806584
0.227073311348983,0.2738335121733877,0.621716260669952,0.4058850771498551,0.5630070144359444,0.21181338567302288,0.6406232470750156,0.8353518178191254,0.8994545325532236,0.30610178162720914
0.13996667182929123,0.3932365494616882,0.31613166849570273,0.827148438573399,0.6154662499436386,0.6274000766323313,0.17006002637775686,0.758096008029975,0.32604319033380247,0.6593947106165454
0.5656089609618151,0.9896397828875267,0.5303125010762482,0.4543702113404079,0.9589542099526078,0.8144833302760437,0.9020080485692997,0.713390429050777,0.9945157921026984,0.5980368791406141
0.8769805550239905,0.16296560603642618,0.919599543489112,0.9981900991658019,0.9129065697139166,0.9123531976808071,0.5416422767895447,0.9806263037007135,0.8478345373913174,0.9298349117687401
0.6730275940718315,0.21016823541592222,0.39933005046845516,0.7826968153377,0.7909421238214763,0.43398867501518235,0.6867392235755463,0.40332985108685293,0.3794671893727596,0.9303632193444612
0.609799584927748,0.607838223466363,0.4394352629112921,0.8652487182841945,0.8871333997100876,0.4848571720073963,0.7651748811807136,0.8692861725428623,0.4518959167108144,0.3293714314102244
0.10916839647657905,0.0045253931795765645,0.6084287074503012,0.5164822275552671,0.028041522313081435,0.30322174955676007,0.434967943253066,0.8032627161868835,0.8383365404597406,0.9751313786678356
0.8479489952334064,0.5306396652423409,0.8634207675989746,0.3252236846240254,0.10151310866059127,0.5954964075236225,0.3611649730850657,0.6773590645569478,0.7551453882059823,0.5227028503217691
0.8655071027061116,0.7589737485211152,0.12305820290222813,0.2269230478312697,0.8091350993980603,0.2573812301809617,0.3470770193598237,0.720002625115905,0.6785862974319814,0.822263209521004
0.027794234834858877,0.9538591511233758,0.12515615567096117,0.1596866742303502,0.7416824123982776,0.472481626389474,0.6915985180665675,0.6377642312751975,0.08066831725110424,0.08658622301867813
0.8765432756921944,0.47480678045449254,0.7664459522037324,0.1343705374784443,0.9384300342550284,0.27880111622540416,0.754177083542887,0.5030341894109426,0.1991708025226787,0.874457639875628
0.9131721067812075,0.663019662337288,0.713854945303052,0.6002333506552137,0.3319667942186061,0.9693352461366631,0.878726302361043,0.6278599818230379,0.8238435860066295,0.673691944176125
0.35708563115095093,0.28289563844686505,0.08872922128262739,0.22880274665189748,0.5944040426802663,0.6828236711576865,0.24026688780380312,0.8170299266384529,0.9831874526109547,0.5057336832340982
0.9323015824992339,0.8191444572934721,0.8550491527011167,0.3355547020081636,0.5864673760082396,0.6857351719686007,0.13612930951048674,0.22458859156144695,0.6427589184369176,0.6055950750404314
0.47175608891330145,0.008347393442586837,0.9595766998543935,0.7712342421452747,0.5957188515725782,0.7353099923835623,0.8673380935301486,0.01887689210360266,0.0763509107174738,0.8701847496083025
0.7169143248684502,0.19206054764618796,0.9784737144334621,0.9957072688899664,0.09827786571806518,0.44382619175675375,0.8570564816033465,0.4937640341967886,0.6534750612313834,0.33208331791453505
0.6804666399564471,0.17691204715710185,0.5615212295332827,0.5043873115713247,0.9345230099736913,0.547348468639082,0.575784099433488,0.7304795843859415,0.7514070899512536,0.6672287596907822
0.12607313754122296,0.19744651311069716,0.2030629891019896,0.8122213729382717,0.5438178033962262,0.14075955011540697,0.49042211852912665,0.6504213260454149,0.5289063494122004,0.16168579299298513
0.8604058304710641,0.12754247299514831,0.8408168452755886,0.2663835971738354,0.12636550496899857,0.07756174992681197,0.7822483545355562,0.2821065962625907,0.03411566257630383,0.8761331687906556
0.5665149584165982,0.24080227614823935,0.2697164125693219,0.7840603945086111,0.20907966714544723,0.34019580469784516,0.4268015854244571,0.022145781533836173,0.4739441158327824,0.7052037250919634
0.14886822391937593,0.7514313465362776,0.21935992238057878,0.6715008653089587,0.7724234272320591,0.035114397474189096,0.5369974675725597,0.03654370491229253,0.8047106819091372,0.595550756052294
0.0380523063682533,0.8289777166975785,0.30269407774559776,0.7258658686335414,0.5903926463214731,0.576676688020358,0.12018816597232496,0.827823710465037,0.5613595241733471,0.8845767422769948
0.3063902495406776,0.7880963853546165,0.4960479915898911,0.08000489851161063,0.3758802472751295,0.039334842134542636,0.8622914566186329,0.8976136253915278,0.33539367927081276,0.08402033255959007
0.43982429855606886,0.5275706120411046,0.5001323282360978,0.7672401455118886,0.7548204058372825,0.12401535378672968,0.3870925717683029,0.24640261789549367,0.4942024700903622,0.8861252545758376
0.8894409938269768,0.25705106684869405,0.017166718434458272,0.4907969107132746,0.5054200507022538,0.26828094976010675,0.8336120333912097,0.23526659570114616,0.8783843239990765,0.6029957490006606
0.5414162255686198,0.8691008463004429,0.33660459031764745,0.028700168077386623,0.8697661610502413,0.0002898393297672275,0.6463967704780683,0.2122827334530326,0.7848635553722849,0.43689688614881306
0.035224215859268826,0.5103275307342068,0.5530994336048576,0.5049345085328615,0.17642055420724767,0.47894672979035624,0.5742557229452772,0.7262542107062203,0.9607497655589191,0.7018715908459694
0.8283165061828759,0.7782565689540426,0.9937616027778673,0.6227953194797182,0.9157867237413674,0.5618596900005925,0.2594179861208322,0.5497344286533895,0.35271638218360557,0.2523904819779125
0.7147031841400702,0.07620396606479285,0.8977075584238983,0.09632823908496002,0.061003929499042764,0.5560187219555317,0.7939159850727434,0.6922320138862099,0.25184763916442154,0.2513540583674926
0.07145030889048798,0.9126300416772123,0.32747590478010347,0.670574854919342,0.34979791863102505,0.08343548269838452,0.46582163566083234,0.30945159583523374,0.5935180207403704,0.5411287717539447
0.6140479091066933,0.5994088594768144,0.15236893513753635,0.8670438190152082,0.6813828537028598,0.3445197171067774,0.6995706172452651,0.747996398481413,0.3382950471339039,0.5393675123379417
0.13782712203892733,0.030583506714865094,0.6324168390647722,0.6338717451445819,0.35766020862159975,0.7162040781274783,0.10740396947333886,0.6077141776502898,0.18348624930162583,0.32647661259897787
0.04047351010261435,0.019605703725372514,0.45981137820064244,0.699626241080806,0.5769875437659608,0.4188832310221908,0.7541090504899784,0.5398899310177367,0.6351130736698601,0.11269136788587897
0.9620117130551658,0.6852192149582796,0.5680293498160989,0.9491842714204906,0.09137233622918972,0.28503104885036545,0.2504996977084014,0.026906172606245837,0.07511388078686998,0.3369144056601162
0.5902353490037994,0.17646881305263573,0.109625744644547,0.7838622905678283,0.8984924043445859,0.10729640678983987,0.6966052575098857,0.8111627576276003,0.40126622869286654,0.044218195683342953
0.39590074720389723,0.5375841163567378,0.46444598561653794,0.28259794038138375,0.40183576645344865,0.05905284175244463,0.2574181387002705,0.25158585354336804,0.5732316710251163,0.31478436701748813
0.8106891901196467,0.48265144372233004,0.8165968101594964,0.5676174558362077,0.792119838528501,0.7517277996013375,0.8127993177849422,0.17699928061029413,0.9022615670103589,0.8477676010040535
0.26240356124559605,0.7403839165141031,0.5678771600063695,0.6088852426867961,0.8698494989219123,0.10117615555499715,0.6355914841829129,0.47189353738507867,0.5262317567386203,0.13831593940806863
0.49637969746149624,0.521525387366223,0.039021348924886734,0.17101628356913734,0.37122471454980654,0.7736764771688126,0.522339668998028,0.1581972704118938,0.17529522434913403,0.10860718712347162
0.526343690476588,0.11677725469329148,0.45359529568026613,0.5541258752239603,0.029072352453617945,0.9341497371625413,0.9246548898969689,0.8293096311378423,0.505665906377912,0.15282426418530082
0.5448501376036692,0.24510211619221667,0.08127817934953563,0.32026339373898793,0.5262159795395525,0.930308724466061,0.9068135948920129,0.6687801659466374,0.7927634618303536,0.9156927744637332
0.43415762225336885,0.2842160453461433,0.6205798580045002,0.9562698044524244,0.9035801739578134,0.7763098435164378,0.7442021788959574,0.9022956875065553,0.47566109163033976,0.3527950279460783
0.645589142035776,0.8078998718188709,0.5326389388113933,0.7306027716720761,0.24670213829010623,0.1988129173389095,0.701088518136973,0.26481775793620943,0.47751456527544967,0.48962129071726734
0.4814804110208275,0.6161227186161881,0.1551809499420429,0.9070392501689207,0.4509385688070885,0.9829735562563257,0.2410065165505112,0.003337316275568103,0.5547986237074881,0.9085279494209421
0.5557181446920502,0.4596562953107366,0.04808324492276861,0.6323880665954168,0.30318618314354606,0.18948882991844018,0.29465297429177484,0.42323087947937355,0.00046469326512399434,0.19252625365618858
0.28544377619929695,0.5084092469766193,0.7925066264724419,0.6807057093965875,0.2850054249084255,0.674131171231013,0.01961983826072644,0.7530154285339613,0.8461126812315347,0.5777838487924614
0.41211564018905356,0.4280934234299325,0.584362344276136,0.2268482720699212,0.708557341569622,0.9882321102679593,0.17647230680808812,0.02471154870643677,0.029429727713693454,0.2844399139588396
0.6445405245999096,0.7738943720543567,0.5093335613482307,0.09166669271638661,0.7613161937016331,0.34753341539340976,0.2848783734720972,0.0031262791799431255,0.3083333096550608,0.35995094432511077
0.3543235349090236,0.6336540247649758,0.021437264368338038,0.6421113451453038,0.05436805415918733,0.7123144950251229,0.6038955903435215,0.1379403344006922,0.21250144799234472,0.964781845595368
0.7710622369001555,0.054519567501623456,0.7775261766854429,0.8756790078166096,0.6273453124362699,0.018542816252588468,0.22313571974552093,0.4976237971476436,0.8880281704274522,0.7263766114888096
0.33532454072912676,0.8364317251873938,0.864369238319601,0.8705634597154367,0.6098678234347811,0.6801367049096398,0.9273834825064586,0.8569944632627143,0.33354073726759725,0.6923855435060012
0.821917954705161,0.1996256062308448,0.3620003650583258,0.9552966752272816,0.2637214134702256,0.535836708540465,0.7803270704380464,0.8881034254987477,0.09192920592769915,0.3034187743720911
0.8374700003987774,0.9505913037203243,0.3593292826394261,0.9487472087913276,0.785338139955342,0.8964708414079111,0.19949484273831108,0.4631453530454741,0.46655483137572085,0.4497371957743481
0.8858822289628362,0.3931920825785573,0.8600336467644345,0.8902194962900813,0.5916656769628568,0.9024053425767075,0.22653390398401696,0.8508484090251878,0.5096528689138924,0.6102295708189719
0.11384006059938645,0.4547238816365967,0.7559533830692777,0.6904015373448334,0.8800177973988274,0.7685481810655549,0.939021816027525,0.8783821623752238,0.6805533485468743,0.11338131208063107
0.5946769400791302,0.8387084125839122,0.9504692916217256,0.3358721338032551,0.14276657591207387,0.9364973204837612,0.16873553835744026,0.4444539415558103,0.7748952670513855,0.9007801628132339
0.08185120300011206,0.9963579487825982,0.6025254601691488,0.727680796085494,0.18662213876876865,0.9219335127589072,0.608489639343806,0.6683214924367598,0.5653060477746611,0.9646294209006206
0.4265911513340337,0.8111680380162146,0.2531554385935564,0.11475144284709693,0.8050625040202553,0.7826315210507383,0.8184730666865222,0.09651633900976397,0.4344266577413397,0.5048798116931196
0.9100879541476607,0.07877259300121231,0.8160605915982856,0.829306835555458,0.694546865115139,0.7882888818298717,0.08964547267340894,0.9150398109433219,0.44978234945725126,0.3057782876404802
0.07713446990872141,0.7803122672895603,0.7499235419570107,0.922583893174412,0.2410199324200989,0.6834881704720079,0.9072109788534007,0.32881172038477247,0.6221066179494703,0.008135332502199666
0.8163896644192368,0.16262947097314762,0.3122945815467897,0.32633099528486686,0.342256188789697,0.4536863405256514,0.12089887220428142,0.4706400484326482,0.5128835152174519,0.8949166272950123
0.21493714842602352,0.1708463237704434,0.05329331905680479,0.5286937050702943,0.9271763041521346,0.9911667076050766,0.802561278769914,0.6894208498360684,0.8889716243721705,0.5177109866076588
0.35486620030447236,0.8714992996526881,0.9822910523485459,0.212472121077116,0.47594059803459077,0.8048462177785908,0.36077523303854664,0.6559911298348774,0.4070723739874562,0.49060783430041155
0.4306687742539844,0.046696344871336226,0.47440667084738,0.6037209372504423,0.2935964319679004,0.6852031690145653,0.7256431648933813,0.5152947100138848,0.86575916423358,0.8440219092623841
0.09503611501721931,0.3580077706744009,0.8114831510142881,0.38135819415836125,0.23760785541075802,0.8020333950504255,0.0440494204644325,0.994724277269228,0.5754599239608457,0.9837428588700652
0.4957023271203046,0.275256786699825,0.29824475736180744,0.7124792879479173,0.61878402289785,0.4015851609551898,0.27666352312375964,0.1506271622759574,0.12869148530777663,0.4863957264011508
0.13230712054228344,0.25450304569940274,0.6400137294533603,0.6008303559960285,0.29332229454615055,0.2454200394039755,0.9871577057441826,0.339455250781286,0.018265729122238117,0.08578368473218745
0.790469886464149,0.9664530812590042,0.7742022376828968,0.4610833546202566,0.07783758924397643,0.4566352551001568,0.43098505286416566,0.9283724652566724,0.4595392350134271,0.7881688168378594
0.4987656713130757,0.4745444686759338,0.21482943568151902,0.9207036492118165,0.22327589102930268,0.7600148714304354,0.717009762373787,0.3949506782504988,0.705665543008308,0.9405967962989356
0.5573449178706005,0.5517563025025293,0.6877766996310843,0.12122393613886984,0.7341570417459172,0.6816508033807908,0.8624628629941515,0.653871797782907,0.9141196211779485,0.5818455671727913
0.3104484776891415,0.3155520684043497,0.7922593072625624,0.1608864623471833,0.09195126072392901,0.3249093810791547,0.44932662899024867,0.2717552559750498,0.8755215688257535,0.6524070761419446
0.9042969372768432,0.7582952683121903,0.358710520526079,0.16848773379294368,0.5362714698056859,0.02845938549195981,0.97849674861085,0.2882935808352487,0.5013751203548895,0.28317751841137284
0.6436369400175008,0.88594205102998,0.5522774250318438,0.8309705914256527,0.9959772494303485,0.5712826624153278,0.7660285768423523,0.9579618589251482,0.023599400669837234,0.24663232843647198
0.9729060853982135,0.9395077647801998,0.8408465679256001,0.8232935521937672,0.44593317931945553,0.06484918258701844,0.23643860135446304,0.4874098357197909,0.861985263332308,0.37125465385452217
0.25213373832329167,0.8501927587799722,0.4811981056268104,0.9849839206969625,0.9535011930339943,0.76850057145091,0.7541899929146786,0.0146588702739745,0.8411393721891782,0.5702846221176231
0.39342158031439645,0.851091864235648,0.33802078905939903,0.49283449620080144,0.9633902380070757,0.4780940742254106,0.42979167616042324,0.3974493768643078,0.41141365867774116,0.7751775328757676
0.20624114160188423,0.21902921082462246,0.1131562253513414,0.41783216608429286,0.9421657453610728,0.45012283134414643,0.6931405686674202,0.5828250131398065,0.9527513301287857,0.8733097190097872
0.938463715527718,0.9729431960661906,0.29888107222734295,0.2567090985126965,0.3839343374187101,0.3248578886604979,0.47191366356568243,0.16518062881391782,0.04536184385762154,0.11573181319612091
0.1761551023504424,0.38292118818026466,0.49145318542799743,0.5504032513824538,0.7485492842497818,0.2189773129713567,0.36962114210836605,0.9260669507637314,0.18007376533438602,0.20450802270619206
0.034105522503503516,0.7243119805106397,0.5368618063351718,0.5804966411621837,0.6373799368318344,0.1868082332191584,0.9890063593436924,0.18092364525313298,0.2008875462057086,0.06335780627957488
0.07062919845982174,0.6199841856018288,0.922037391038648,0.17714663055718372,0.796739777538398,0.006396986413348293,0.1721305272202902,0.8770418875005442,0.19348376262142075,0.9936087494829755
0.295187250648681,0.593756344714366,0.14314293744350093,0.9027953756289288,0.5949450476054943,0.23968347916651556,0.924660583381163,0.3832732430660688,0.021743421970789267,0.9873501004750403
0.9594594988233313,0.13995390266301266,0.8575187223403687,0.49397139853944416,0.7297630617990258,0.3522533069364553,0.6133535716368913,0.9631502715297747,0.7259870073197221,0.45557988521681037
0.2884264617731652,0.7602628890407397,0.7833874059686433,0.5672585641116048,0.5868617491796508,0.5744099225387164,0.6205456310840531,0.1309170508206463,0.7698873890346194,0.6236555958217054
0.08042643445689468,0.46892664942306017,0.11301927717922333,0.38417221605068974,0.10024645412640121,0.2308050558964807,0.8712447293843493,0.8133156619730096,0.8165589287756176,0.1805630237358481
0.6598840173808158,0.013034999572123063,0.3553503204569177,0.04885479267940218,0.27896425788910606,0.6744512884472312,0.5922541802715431,0.9527508203604336,0.9092063761541814,0.6233398017029438
0.9187636955796932,0.5695287017307206,0.467935716387089,0.12587412066662518,0.33714086225626294,0.23203421703208804,0.3946313768448253,0.28762195466340434,0.8155319710059129,0.4081537769487962
0.2135988576900021,0.6896292399540298,0.2437801514741199,0.18713544996606246,0.8046494160125028,0.44021674338651384,0.7746365789110952,0.8454138834990069,0.46585236881044234,0.595256754030852
0.14861730742878254,0.7416760542033043,0.3498819595855952,0.4031000956116788,0.02541874102467967,0.7820381870189899,0.8615570344439772,0.7979589473859894,0.5993118842292469,0.7884720598225385
0.9456123120449283,0.9006986140816139,0.9383327202622078,0.30918160155781116,0.8904088581051036,0.9523472312016007,0.5908519648972831,0.4233887082608673,0.6114353626337452,0.4595253235804114
0.2856790808655951,0.9965436849876547,0.14000315160045973,0.7264407593392621,0.7677755436608794,0.8521828342407193,0.7192428783773525,0.45109555809854596,0.125786371169753,0.24560135619560142
0.7978871912691684,0.47771749690260845,0.1269933781004311,0.5301148946994959,0.10554839220374257,0.44909346173467024,0.10929758437691184,0.8967156901884998,0.008679548785104574,0.8862731436733488
0.8439431318260283,0.40808705818062374,0.09828397422050583,0.9753218574010963,0.8868456484466275,0.8896098215526295,0.5146308380016432,0.41670573251019705,0.8069596997112682,0.8866596863103876
0.9596829224030491,0.08395627719405685,0.597054057091876,0.09083902991260995,0.5602984044123756,0.3146885286593417,0.6273658324625295,0.4928102782420233,0.17567512434574406,0.007327394901664341
0.7814965873111221,0.854469907462814,0.850973536632692,0.7388730627303586,0.9491561315891989,0.8653011020526148,0.10747553316467806,0.8239036446483907,0.7820130273318384,0.46851890819472863
0.04558943525667969,0.6081165239776073,0.5522884997668877,0.8191143036359771,0.6258447800548305,0.6637651443974941,0.3820785455084724,0.6903072909823355,0.42605668501338345,0.43324996849662534
0.8356786795365836,0.8358451945089568,0.5465630328554283,0.024730475060308676,0.9785746206075085,0.14977866859234557,0.05775750910141231,0.1642012770614979,0.6433781631003702,0.5082398822587251
0.11076319130605694,0.3576908023551508,0.3662725289267321,0.01770464892536716,0.6926736650118658,0.9466792598795716,0.6894360251611357,0.5371291601441747,0.988408914216251,0.6786583167375412
0.660526170799621,0.13646317978071976,0.7668531985316464,0.7509838813589701,0.15233870547143424,0.5921753177823519,0.7284780442803117,0.029293912778543985,0.0465745236859898,0.6830945036633254
0.6823466264870053,0.5424511624633775,0.9251444845908906,0.3030693373953445,0.2872421299453092,0.07340611349989168,0.17134935210263447,0.9297658757672473,0.24038720964089555,0.13853748772895969
0.3895675336517911,0.5250929267184739,0.1702173497076931,0.7585089867014152,0.34722279825666935,0.7286393054738538,0.46403542501732187,0.29063666156583223,0.9819653467901228,0.579952995042896
0.45264722933466006,0.2177027872590055,0.37825324298811613,0.386381764785387,0.9721720833830081,0.08234071764199735,0.8550818798714729,0.7746207972057891,0.5329332942575568,0.34429309356206483
0.7574581474762789,0.805243862047262,0.022778716758590445,0.19901403586846456,0.38879315336622633,0.5473549767336359,0.08888153026411116,0.9459142119748106,0.712700341819359,0.6945534862312847
0.0718804304847025,0.46710678255540083,0.33102649758363,0.5407218991592329,0.9687831334391851,0.3670381620827954,0.40243847346533457,0.7962877885302405,0.6162553816761251,0.3608016110546469
0.9337985197503049,0.011679911797126241,0.1328015594688564,0.9103713570037548,0.35588306059955654,0.8535601414843009,0.8318834556678664,0.20691782352513743,0.16923276704975498,0.19101124571080175
0.4324250409392124,0.5603347054637853,0.8920526578937427,0.6222995724683453,0.25098914124674554,0.08224731783004047,0.5707547385036347,0.8223586840395797,0.6526017897266798,0.2752275807553948
0.5614679882008995,0.5073049630790999,0.30581523876920025,0.3850157713624468,0.0493627128446007,0.5726755766345697,0.01736447689051135,0.4848687128792918,0.8806560459611111,0.32124722211488244
0.40559622053505384,0.05704497571102862,0.1444904675548343,0.34020886028434394,0.11381834603651919,0.5822765290793508,0.8617970493611397,0.00013538579554395191,0.9035096387394893,0.05032026145208923
0.4327124554545657,0.9620438325712342,0.3954103417857423,0.4787490697571214,0.016552351363289586,0.7863922476294068,0.3885099480916788,0.030048350245090005,0.5884658741821766,0.34511653727826874
0.5240964107149357,0.6495386238224857,0.8428197356777242,0.06524424984906252,0.021673223574397826,0.8626454984353397,0.930770458878332,0.8086335864740862,0.12093031908900509,0.4426136966151869
0.36658782322870664,0.8384148649667448,0.0769460753842599,0.31732972753196087,0.7342634012349841,0.1460138020110463,0.36061500583969175,0.8920707939309664,0.905928440356151,0.6458734424100574
0.6835876669283254,0.4428820778703535,0.993161447584322,0.1874146016189261,0.09959063587170724,0.18558928412086806,0.1276113972450892,0.4739684365058796,0.6359083516769921,0.11095998965650722
0.15642129248308045,0.9609569012274229,0.6432248499905873,0.8113646715712938,0.978217319591607,0.8202289561694273,0.9737165689567767,0.2531848076982799,0.8235726147332768,0.5582880211317303
0.5133590280867744,0.48911681143836594,0.6730322729159428,0.38366349168850933,0.31843198449533106,0.3881309527117385,0.6742781827587423,0.3737053959510117,0.9884269852916047,0.20617505995556495
0.5294251091510821,0.4751048925446636,0.9473507125812263,0.6430957213898143,0.42526837510497273,0.7330408818045759,0.6975787782718882,0.2771762390205207,0.8284879714089406,0.1836083395425857
0.23096559075249756,0.6711965428557805,0.18482583864927316,0.15334215437190457,0.5666322807895585,0.20967728384327766,0.3833682029784087,0.5547843431430143,0.6616644411345332,0.5750287162775
0.684618056361304,0.6249753689803912,0.7270319781950857,0.7028477479819436,0.04061021525982622,0.29809883403351367,0.6120990617972981,0.6506242653221099,0.3594806395134228,0.002687611869322204
0.28642961380581544,0.4310755343310372,0.32964158154659917,0.3481652440061823,0.9843953517349402,0.1893933193932541,0.24406834147861822,0.25396372955073676,0.043143199382787434,0.5173022967001453
0.09655518380437478,0.16346329666465298,0.0033243383416182715,0.027719169596667315,0.4829863784907017,0.6015314478589321,0.5818946163158454,0.7343190947750322,0.6352772837630607,0.4467666798335357
0.8783118531030157,0.5667406352301568,0.15929349287811023,0.6326880978098701,0.578921270364911,0.710950964051286,0.17556094092904584,0.6594446067851584,0.2376276520221028,0.6080791424074542
0.10083807760453933,0.5980935489851361,0.7985960958252801,0.8163408448987426,0.6661049125255459,0.6288864286426061,0.6519754754152348,0.0771651089085591,0.5810687882836151,0.6972230673016037
0.551371030242372,0.014942660820184028,0.9991862170382413,0.9910973807193452,0.9562529253242102,0.5566496837832069,0.02613953967175331,0.9196734677801773,0.36843689180130734,0.5144583339991387
0.8557462356264004,0.7133253396382536,0.25393686776413393,0.17638148070355408,0.07872792337208179,0.3673065387641108,0.07938772496535595,0.7742147102302255,0.9414346315816402,0.2637729472703748
0.47563147083717117,0.7388186132890054,0.14207573047594602,0.5635783549374555,0.8722110320363398,0.9290178533190165,0.333955858721632,0.5411697287371534,0.40719129431191314,0.16098694351267206
0.44698980417207257,0.17438565437572962,0.6045171118487496,0.47862750416448707,0.14793657183614728,0.5969511855965327,0.6513229422885058,0.2279298707616142,0.7986748775263924,0.27146796868339385
0.9124591370131392,0.09432883626497779,0.4462785511221342,0.07322608769748629,0.7877706812094201,0.6893568229511581,0.6474321764459712,0.2522529745885512,0.6633515652139566,0.9674683896570418
0.540851464335038,0.670580381915125,0.8667549026213704,0.16260012332263873,0.24981085052979657,0.9481610552452004,0.010105478385922906,0.7076253307608454,0.20744982304134318,0.3394291206846687
0.4814139541472806,0.7038689582128763,0.9141148266588083,0.3023390157459803,0.3929082991594216,0.10310024905935122,0.3970000553742874,0.4481718349331464,0.42341232935532847,0.5695180801730537
0.3761678576333699,0.5177258896728316,0.7570431593533238,0.04158224079147188,0.1888024832113686,0.8964222242666006,0.7283236780707621,0.1534810598520251,0.03799969274535775,0.37319492874819415
0.4286526291284235,0.614878186515351,0.15121095322300915,0.5076796187825989,0.43847770138667186,0.8973155007604517,0.8568855344403623,0.82852609724105,0.8382285942766168,0.38891303861797466
0.8496272263669373,0.5078746898472014,0.1512192204860885,0.03245230170285307,0.08916822372128685,0.5640943470926293,0.3243504892183767,0.8401476943105163,0.28758479932164693,0.49791368576817363
0.6437920170999842,0.26724296790354285,0.2821620148284627,0.7678602412294978,0.37043140891019166,0.8873569962259171,0.445013876426657,0.7743927043221472,0.18212280151844906,0.21247343716816192
0.23671252933518327,0.6215534477482109,0.33646925284265305,0.15199181258973415,0.055218417822239574,0.1376070217464207,0.30253432469509123,0.5415821724872595,0.0665003162247072,0.8570562440708422
0.8887587750114206,0.4473096136439325,0.969121929355432,0.38163950625462273,0.1497287731513257,0.6715707340755538,0.9332597018127169,0.6574891619554332,0.27011233771477483,0.6420733584285488
0.3154415870119981,0.5913088616011742,0.9714193608803251,0.6328945041896233,0.831469427098294,0.2200142147278713,0.62009938146231,0.2237379669841909,0.09749980282685455,0.8238420785260069
0.32930921669751145,0.23742653848457596,0.6008826741586267,0.3129264232604937,0.16171745750622335,0.8443718927214087,0.21785927210195521,0.7657612638897497,0.7110143735450957,0.9598573457786358
0.7267256023130474,0.8092350235140968,0.5626966524787707,0.6205153842614747,0.14186696132268373,0.049371116354455236,0.34160437087274786,0.3963160377333439,0.04869863749148584,0.4614743852711046
0.7713554553525267,0.8685775916708078,0.7553959938221062,0.796087801761799,0.03884206097828502,0.11763007222630972,0.10358471465452013,0.8713787841415166,0.42960414241289535,0.3707283039538749
0.731897971399613,0.6675445039302204,0.3658925307121611,0.8795449725586171,0.6877815109043565,0.10218554394034995,0.05969590722680107,0.8293072660782531,0.3164499603945533,0.4606241788723411
0.6543048857794798,0.8513105697647149,0.029268066173296803,0.575028018669636,0.843723649830954,0.5381762406816932,0.42942595003574924,0.9318580409409295,0.3787830961167572,0.659759278889184
0.7879951788432473,0.6258627310702722,0.42303186506782386,0.25692835871298403,0.8247439032438058,0.8135149523708715,0.40919563650558866,0.1415030908142617,0.2648519512725993,0.6453799486389871
0.7690721479085939,0.8851706384190562,0.7404916043948275,0.3976891374154713,0.540161451760174,0.015937016491921474,0.6055430878105597,0.7733876674433899,0.03565319752077756,0.4150988046830849
0.5839324292199363,0.03789930746548664,0.836543221649302,0.19986107831140842,0.8696264162548233,0.33952860068347135,0.4500146897783678,0.7502673563133205,0.7097494284490377,0.9908100769431777
0.2954962749171558,0.9651628068802536,0.6648940546042901,0.7047079555623531,0.27243470001378456,0.8256873571712303,0.9550228728091421,0.9299401705967459,0.5979619388285855,0.6178687435768776
0.073668543174632,0.5773152305102723,0.4274050610852147,0.1776730762045028,0.17404589786290392,0.10672278669448254,0.36160678772730204,0.49204474220946426,0.5465466719233683,0.8167554457781032
0.895514729689141,0.18431259397743371,0.7845879094617354,0.494449386784491,0.7329967755038915,0.2280716921185898,0.6002400298499383,0.4642540964223093,0.8283366718798321,0.95152114464748
0.9326522938500246,0.7536102961305575,0.24726521852571903,0.39565372255502507,0.6741330621417204,0.26677203614780487,0.736150425391712,0.7108681603839767,0.4717809331750782,0.45984043693786336
0.5315400396383227,0.8884105512220369,0.958143901108389,0.1750364492906059,0.4951003229679394,0.05223329660504805,0.15521990827106613,0.12983332535126757,0.7000457351885454,0.7660379781008146
0.3234947068810736,0.7095869821475075,0.21720891507377982,0.994260868523597,0.9292676769679402,0.5691137051899895,0.5268173391061641,0.9134644040537085,0.6180025681235145,0.22788989366833667
0.8281319502192853,0.2456140313708196,0.8381214505502391,0.1022099672408,0.6903685923217106,0.09441783171780771,0.7996253024076958,0.21252241284222273,0.5338947516468425,0.22521975505422587
0.9547486099909821,0.9249985397578715,0.40885461580605187,0.8981611659435426,0.8877569385819789,0.5788997471577683,0.09262459853109295,0.09756208637884256,0.48847253211141917,0.16861266653881934
0.9843803342965615,0.5208421103560783,0.08670611393257333,0.2945170836933023,0.7264841451956695,0.9524642567101168,0.4490652917006591,0.35929208340444563,0.4294926879035945,0.7732449849359622
0.18024694193149216,0.9785637647540494,0.6853581362315906,0.900090451626341,0.27424678259855795,0.07608798275934214,0.4405346436090536,0.031690310108496766,0.12014053467489061,0.20695228562861223
0.8251496298723506,0.3107893873992069,0.0628887387862227,0.3084963205511003,0.840463544466502,0.7731967655005816,0.6064422682475623,0.6087571274566504,0.5631255562923084,0.9953382196170263
0.0797299652609007,0.8692391012095455,0.04128028976826681,0.23851851275086555,0.21011069963904072,0.5933313861321988,0.9679142398728677,0.17794500129861912,0.7601805396822661,0.2080346420197614
0.627004553129961,0.022125797794707136,0.09682116527871831,0.259992775237858,0.5947159133312007,0.8657961578962079,0.6411457066591568,0.34911662902919993,0.6051632094759456,0.7046898262779758
0.8559403534861125,0.9379531362885262,0.7861406058938248,0.36300295882327105,0.011944402808030219,0.9076667601231325,0.9885821112262709,0.7199876422342341,0.14372864698612908,0.22790037874539548
0.1611426719058121,0.5378031457495301,0.46207629234182246,0.9221649029752094,0.7590835076040561,0.0025511881497367606,0.573460921971723,0.9233515292006621,0.6634223645529185,0.1858740917634224
0.01653813365585388,0.8914368613748773,0.39790508623765986,0.22249964915440168,0.03133521590516608,0.17052803789292437,0.6473524219414484,0.9303883606806682,0.13892860149214503,0.6335110755251261
0.7213964163821049,0.7105023721873553,0.38248220421211887,0.3121673596150035,0.8999521298130164,0.3681327866722224,0.0003842864648755384,0.3542772437488707,0.007076688968950973,0.2648025864994652
0.7135863108678372,0.6281349091395815,0.020131704746762846,0.1412640636067537,0.907256587509805,0.43780390570577654,0.790051235095661,0.9966768329345014,0.7338002464013706,0.7912077321714074
0.49767450926062673,0.3613403588800922,0.8610710066422982,0.4839658956939139,0.03195448124397393,0.44880310372708,0.01957618136311734,0.7413981803651076,0.024676439567759778,0.6717365382352192
0.9519106383041025,0.9720619564790575,0.7252440759030931,0.5770685701811673,0.7885003917733131,0.35671272143234856,0.7171144455453421,0.5540633634144269,0.2950010986238272,0.007842726668789601
0.9116252000125936,0.16061598609975147,0.9638934237872602,0.9129257263972249,0.2718607130026548,0.9588998313348789,0.9685347997057567,0.6062938840105445,0.877029994540594,0.7599581088717937
0.11071254339508407,0.8610385527272502,0.02557622112458202,0.27463538886155037,0.28582513724647696,0.2199337503918697,0.9874444769870728,0.9581596981636343,0.3910094606518011,0.7879596252493798
0.7390821962443915,0.28325582307878794,0.22948979832466332,0.3803073323997901,0.8532639673382062,0.9615154873353143,0.2528713915889832,0.17902898047978943,0.8907977103183521,0.43064624867634693
0.6935568492955124,0.532249896436106,0.34628358121728375,0.22725027166148182,0.5137200490297663,0.6363957781252176,0.583889780710238,0.40440342208921365,0.4355324153504616,0.3848350712977707
0.13154475884023076,0.8849668189097577,0.19177919410106448,0.6627521269747856,0.895395238845827,0.2667658205896455,0.9965752146983539,0.08435689383410738,0.5106517624073494,0.9561646881022279
0.4799749653414628,0.25644760325115123,0.10812156179370946,0.6903230850346461,0.4951220404625585,0.4099284525577408,0.8223923386720026,0.46082791897292663,0.6993471580221121,0.8630306589607594
0.14376483358072323,0.10039125400738302,0.4925102740475298,0.2698864759261155,0.9881007208738851,0.3750308472300329,0.7331431727112185,0.711637500922179,0.9160467587266946,0.46432566120093366
0.11348405052646293,0.7386303642169992,0.09232305848252553,0.22036671558548293,0.3972076089914547,0.7231670237964118,0.03012641304088548,0.3503198677402669,0.1763988016279926,0.5546260472694363
0.5470943592673927,0.20882167117147943,0.9443839898413091,0.48883148769898455,0.3788474239328685,0.43869445425293496,0.202228424545711,0.5846805250960515,0.19761741626703477,0.08003747971200526
0.169005057988169,0.39097458656007433,0.05645716026239733,0.5105225120359967,0.5061938373358005,0.9940709028144845,0.5090342096092776,0.225879136373065,0.2975167038294164,0.6932730765203162
0.3229359721043511,0.05237050384676878,0.9363829205598942,0.8673779485885608,0.2732172106998678,0.19100311054057362,0.3642563689528655,0.4888331942440364,0.4100543577292124,0.09493673920999723
0.6438197587066267,0.5781013930259891,0.53218082785655,0.4411124576928156,0.7898342515210354,0.35706135299856556,0.7125888401767861,0.49124705026679494,0.2640507538082991,0.9825495586835412
0.42634873732783696,0.7283080557805471,0.6073205756680531,0.12829911589569076,0.4586641212835827,0.04857643761566399,0.22572758596658749,0.050413293137795745,0.4363255439514272,0.18685033119391592
0.34310392203636286,0.18824557847730372,0.6221328881427991,0.6831445379819476,0.8489677690465888,0.10793141274371665,0.43775995845110516,0.23710613328234842,0.40051698726298424,0.8303915647899838
0.03843495900077243,0.03737924277815885,0.34366096500137155,0.914699874145353,0.8912590642380424,0.9436724570419232,0.5573691893089865,0.7201712683368391,0.33523767896166956,0.9374662046755353
0.5979619926718824,0.6430758721506952,0.6501555903093628,0.16965858787385968,0.5288359627966949,0.9165660594682871,0.5533290797962581,0.40817677508027417,0.8894516454568657,0.6564215003548888
0.5365069953398961,0.18629848649643654,0.9266434191322508,0.8066765196990812,0.15015547837039944,0.09046352266171154,0.9316720235131811,0.29932891101097736,0.6070282507342848,0.9854945090217988
0.9343089815137295,0.6474404900043544,0.8386160970180512,0.4887699768784647,0.4038287270063293,0.3155159230505107,0.22071395607506594,0.7611343115601964,0.3034246977898264,0.9895400668981942
0.6111201199318416,0.588864573151204,0.22763341754356758,0.7318450741027742,0.035972209737965444,0.2638767538114456,0.16000845945269204,0.22891784647589541,0.9187664928309598,0.5699317405524714
0.5287216869754356,0.2255082017126786,0.23619201592650896,0.8651894125075198,0.3933886457974495,0.7043945924690665,0.1569052069958098,0.9434453090638634,0.415105697217399,0.7713925976069742
0.9164547590228194,0.6566385337292185,0.8171613597597318,0.8224503423967061,0.22013012680546618,0.136177530254473,0.3927730810371274,0.805894613749988,0.8017274466157802,0.2337800584684655
0.9473767056407947,0.1546833947762598,0.13686291307259857,0.4128151394652645,0.6649490229644919,0.030824585079094358,0.2690226003790188,0.4309322081722884,0.27603507629076707,0.8986653435715406
0.13267616698927953,0.22601637009848607,0.5876462252736202,0.6413864042366589,0.5806740174519408,0.7893254197732141,0.4889210071739939,0.6092676557552522,0.7468370098436716,0.9010863740345819
0.5320581563102699,0.9471224734314111,0.17958191469357088,0.7588819744714773,0.7106831394891534,0.00881636312524181,0.14058147247035746,0.8880791958159392,0.37176456911371936,0.6860036255639091
0.9287355374896312,0.04374671721857404,0.43712689773009594,0.4289597065002325,0.2834642103892663,0.03412517278218086,0.1719926149641926,0.5057626590532707,0.8885964482913917,0.9515537923937831
0.2532486538257155,0.08039430293187555,0.5521287241404012,0.04395830859630434,0.030592401754268916,0.08100077409954276,0.3211430779080261,0.1202066157332311,0.35719715255942963,0.8829366451550316
0.11178660967789733,0.012214692215532064,0.7010193916193614,0.9290946217327865,0.7762917459898996,0.591708306099366,0.6473538394963059,0.6603019439219575,0.11884817318481045,0.3003758052376345
0.9511255756416562,0.19808688148275566,0.09600899166431454,0.09924584626652377,0.38068063438349986,0.6029623162357,0.05079420893312003,0.9348227107368577,0.04485353073864884,0.29367901060432666
0.36577889928774765,0.856824710246571,0.39167571760190456,0.6711217327407986,0.6863855632021222,0.10726345239297919,0.8505750575641644,0.46207593703854566,0.3775631559175162,0.815458885446986
0.7488003892644685,0.3573946008170822,0.4943930408424899,0.8280969088798883,0.6457916222707013,0.029554546125079018,0.19521270679360192,0.36739804169746915,0.07661272789532125,0.34648709468572503
0.6078896702063998,0.673104277500922,0.5503791624262191,0.8609089964896195,0.9512599405691871,0.6072116789070018,0.6287785915263681,0.27811317746958464,0.30975395780016923,0.2411564293530316
0.8413308175996695,0.24415998455525867,0.0995306142775465,0.7783904791702089,0.07054856850022728,0.8951264920058701,0.7858195645570509,0.6384247061317487,0.9093616402576434,0.4895770704838034
0.20345117651659395,0.0032765398182473815,0.8149572348330256,0.6615252500040044,0.878886652383805,0.602597410104007,0.25387887041394397,0.7052688010674141,0.6922124788612793,0.5382741650441648
0.0765527193788208,0.1312895140577327,0.9551120824175694,0.8025165942570434,0.9831113141876782,0.3974701850998239,0.15846930671221193,0.2761788031779402,0.10165788894974181,0.597395106186875
0.3636491121301567,0.5302900180111809,0.5796946494547818,0.27823958938167126,0.6621715012137867,0.8642421082828692,0.017229063335754802,0.11976850520174642,0.4681343746220916,0.32403308463186997
0.04658257881086303,0.3634006068788407,0.49758187505511176,0.45097480652270083,0.47951588240848586,0.23433278122254186,0.7512885747412983,0.10976227709334052,0.1440266595707762,0.9815517830173789
0.553093811990031,0.4147469667467001,0.8549682746548,0.42094656850543566,0.9956331452384888,0.33380336184700576,0.8283412807983591,0.9629332592227983,0.15203218562174625,0.4952658202620499
0.11109454070318314,0.5055143615035829,0.23765638578239368,0.9268966839726953,0.6412088774873543,0.6852178719066364,0.31548038270391676,0.745202277766979,0.4371096507791822,0.9508827539738702
0.06342976551302937,0.6097206878540176,0.7110343862202207,0.5891725974282479,0.16116785040670634,0.5801769900916024,0.9955148515544167,0.8250565556528325,0.9806339954153885,0.19454862455347643
0.6525426547679872,0.6913047654282336,0.8126996949981437,0.7785033046435733,0.3930355302506965,0.7477330873835735,0.7172321810631032,0.6946691627651511,0.8919961759619933,0.9936846515365819
0.4904202443485356,0.826345453383025,0.7345404483391025,0.5356579974096878,0.6181546549362897,0.44080114080136146,0.8427175755529511,0.4111848444967817,0.7374851522482744,0.4124150465133539
0.29900560020449973,0.7024745239495175,0.15633524822652178,0.6460544754452908,0.3934284554880787,0.7067983864258669,0.04648544162956625,0.49830552145642704,0.8143168368123127,0.367317368966811
0.7258876151067092,0.25201874382143863,0.40242908656066667,0.5776788981810324,0.07768200349852095,0.21839515395323417,0.3726495561746026,0.1294027406145135,0.5039916486411388,0.28881186307185314
0.6392148839637952,0.7978524552727295,0.8698212034998467,0.4361336532593185,0.8571650833407138,0.9859492264149315,0.8849328535514596,0.44662517270984403,0.0014603276226085038,0.7648713010885255
0.47413138144361766,0.13222200234303494,0.6769833627729992,0.7293834940785718,0.7504854557904372,0.2909817614390938,0.6075134284178186,0.6039895277946998,0.8770120862036483,0.7709149916496489
0.8614870585857062,0.918701318145046,0.95848804554755,0.878847012697519,0.14357368762172473,0.2112176500562788,0.6912048015421585,0.9325021588999967,0.7104388816052883,0.5480510908566728
0.5181373847089168,0.8801135589438946,0.23740000980101872,0.7754095290032725,0.8388091413353665,0.3354747260301225,0.8627039920753888,0.1536712499319084,0.9501132604910856,0.4076221467224256
0.725878956757432,0.5120519120904582,0.8771027190464664,0.9215579465177766,0.18317314512788885,0.7430465186283857,0.37970203762462995,0.13356948518504363,0.4372840751585849,0.38014567980242897
0.2514460106911356,0.6877895098037718,0.34004467748736,0.5200217759179939,0.8888001666102664,0.35361797986235066,0.025445555169429812,0.20715450706598038,0.6057908134410122,0.9420128097587789
0.8497174439136416,0.3082000049029193,0.24066780463028525,0.5935598034911417,0.4304593892987182,0.34321262425889054,0.7808820384551101,0.9592643393734023,0.6895606163852059,0.18547061362246542
0.5186217550211638,0.039396651300174335,0.04220984381778281,0.6106682186376111,0.33483579010505826,0.9019385043833047,0.9420616704678485,0.6480974228456408,0.8583112514687695,0.30815535584799236
0.5614009486061108,0.510171290709326,0.20380868356599235,0.15832065062266243,0.0016476157638337652,0.3788036779119407,0.4259408382848675,0.38878658956022893,0.34482538037333577,0.7030263363564979
0.16917266796707175,0.11431167843552126,0.5109946811322688,0.18004677770330735,0.5936990373935822,0.2435979959332154,0.9887158731296447,0.15223505420032646,0.29640539597631377,0.16971739375048978
0.97714144300745,0.2709725692914765,0.6557948683163974,0.7329355267276119,0.2671410793457405,0.9246904129077236,0.01536325613001599,0.03332301016506545,0.16554397325436132,0.6447247700461755
0.33933751967015247,0.28892550427595676,0.48895559019111734,0.5029223945149305,0.4441981382372311,0.5227502161707055,0.06020973462857149,0.402710295584202,0.2629522735407043,0.38807098680953445
0.33083625548294693,0.7861466467498051,0.6628784692883655,0.7146985844000587,0.9392322389890081,0.815512591466864,0.5214260480277968,0.4561532687016211,0.5922958140951986,0.24786813347842718
0.6690719714397364,0.2642297683059197,0.8699444854508348,0.3228484002886495,0.7643763282695615,0.4510077747795972,0.8506843571298822,0.07840822559349192,0.6326970067772182,0.9564776858575001
0.640856164934246,0.3658134194710927,0.21711095696259197,0.12375611860059099,0.584726532416529,0.2294286911185638,0.9741400246756007,0.9972752622965068,0.5540793004947817,0.6182973185419712
0.24392747456502162,0.5929703564202867,0.5027296842882569,0.6733817925383866,0.7502572181754934,0.05404987305099085,0.7291318992433656,0.4190445628741023,0.18647799285258526,0.8038241821458285
0.8650310162574274,0.18422721902887496,0.6537596942265786,0.6835114535197242,0.043794392952071104,0.9029790772302912,0.13572248489201244,0.3907660131008017,0.9424997160760932,0.40837480408136506
0.09489316835420869,0.34393060102113626,0.393567577346849,0.8801484360366145,0.41402599407262874,0.9020865431016117,0.988325684739818,0.5359147768271965,0.12886231504075785,0.40742874491482894
0.9861818495156007,0.7855351097634717,0.8229327335960519,0.8985847983926025,0.8476065151116571,0.4422394970320741,0.1424299056054369,0.3679000850271483,0.059787230278008585,0.9091277748139128
0.030371250514991455,0.42533612350843353,0.43176373397712786,0.9232905342687919,0.9728409544325752,0.8718626949128122,0.740689606837932,0.012818514292203043,0.6579719471810053,0.8438283139638794
0.7927133663988951,0.06992011789926156,0.45090808291086126,0.23332543661895844,0.34802687096390383,0.8818163208096862,0.33659631742084595,0.8136561308762527,0.4024696477036165,0.27900028267230137
0.12435943198647692,0.47744236439764054,0.3647298061998049,0.7980402397546361,0.7975651080794942,0.3455518149412561,0.4688260916557486,0.32230420141694005,0.21257495469346854,0.8051167935082936
0.7674030415716111,0.2005851991480515,0.37902714563719364,0.4466266135961944,0.3137565347472143,0.8211554639929747,0.2338453473908676,0.8509457629836882,0.8402255867539666,0.848525968480767
0.533131037043211,0.3972081559611792,0.11578987386457007,0.7428239842445836,0.33537247261764447,0.5495586895024512,0.7918555219273894,0.9378737182488674,0.10677280711770532,0.17332976693047053
0.571685629904478,0.28047521794669705,0.6739304964184479,0.03981248477024346,0.6224173374252231,0.5422436543690671,0.12439084865132422,0.023512569706452324,0.6439210968199388,0.20147099076580688
0.038424255844359156,0.02168378884312616,0.5476368031419137,0.47570458694481477,0.018297291212462263,0.35794261688325757,0.5112944594887788,0.8219652236476352,0.022574662828715897,0.3309115560994742
0.628286808506769,0.8471982835761306,0.7284307362170125,0.4258289869065598,0.9085912755215321,0.8726008807527512,0.9372999548448474,0.4272037852381809,0.032846187778773794,0.34107026578708155
0.7773915430047575,0.48277684090258643,0.22117781504747425,0.6863732495022282,0.864640813007827,0.6241147457609872,0.17915056803670237,0.33475110296605903,0.9606808184881432,0.3697646971073567
0.1349644363491066,0.4389101485664013,0.041823625930330066,0.013532159143979983,0.12364167117578395,0.6391801770683582,0.2748137525670469,0.7098488185293574,0.6055023659544306,0.669474282278467
0.10556283598990068,0.3795297684188259,0.47204973526152016,0.4670980887037228,0.7018309316069891,0.8222109348305815,0.7314092765501645,0.4182986661832131,0.5382992626677942,0.9996453746504211
0.41052234984546554,0.16882290161762548,0.990099916698612,0.5553858012329536,0.5834055832497217,0.32571686324574434,0.696972223805686,0.7942330349607379,0.801955069264879,0.044114346155309736
0.3407246823523664,0.22920614921088178,0.5802016382178276,0.34852798751362024,0.4519196574579414,0.368853344872797,0.031304323011829505,0.2580416368441911,0.942166445564976,0.22303757250931433
0.11391695216527598,0.10730445336543037,0.8282899145577263,0.6119374569141652,0.7218987313910461,0.5761749039692445,0.648132436819979,0.015584657863097817,0.9995005051586557,0.9602350316765942
0.42562853196866157,0.3763984307989544,0.8926826255444188,0.6791101850835977,0.15911420740329274,0.4088113127923486,0.06940133964220863,0.9154425441936328,0.47902796068645226,0.6818256861066339
0.2360820669972885,0.9468133415603344,0.9278422542963136,0.028312837831161453,0.00551341336902178,0.8522136382074841,0.7554311932301854,0.17330369507855325,0.020372983809422318,0.6634298966228247
0.16328119606727054,0.5089622686750311,0.7677376654296172,0.6614691322287393,0.09364010121877364,0.2666487446424779,0.8877394837434731,0.2780867892751322,0.47962835261224057,0.7933719937864021
0.9718244730612291,0.6231276134301263,0.010400821406181593,0.6184265981077645,0.0745420463019969,0.03821361565285042,0.8672982017275075,0.5846353958790661,0.23234274538745547,0.9977789809088107
0.12508911937256373,0.9607914932062263,0.6246179989219091,0.4129085900274482,0.7069637249760936,0.34025151213200155,0.4124425650597162,0.9296144154830002,0.10075008659453011,0.9788815708983628
0.5841375819746101,0.6578794935384358,0.14637192134045773,0.9418235736577187,0.7593976517395956,0.6228972787731756,0.12321545355415364,0.010713172754652334,0.8876818386404807,0.679040287717854
0.6222118726310303,0.4499719089483396,0.5104425198579184,0.5370199779015351,0.1561940590192703,0.8153913515781077,0.2422751729772047,0.6360132024416296,0.40692294010233887,0.868165665036996
0.29668466547815064,0.5114888439002729,0.9932404013661221,0.8787533457670085,0.8222197764545518,0.7676115231599544,0.9060275680287567,0.4458962615287936,0.13092392933650532,0.6889941539278654
0.03699281373810048,0.17253285803204743,0.28917970198973386,0.4311326296211576,0.06562024813572975,0.5693617978741188,0.7761313361309365,0.20117080699818002,0.2623807723878159,0.3062127978800834
0.17747415260444055,0.11311899719186436,0.7218798453814919,0.21276779500880916,0.4267161725210249,0.40175990670372386,0.9036011872603202,0.4941966963864124,0.593782454578257,0.032712519369584525
0.9779795018005853,0.8932684635619937,0.7911300739162531,0.8827090775609581,0.7956049276604782,0.9848329696131424,0.10334414180627938,0.3747076913062488,0.338387143195497,0.7396293026771021
0.04117437594170925,0.6209474482942224,0.4546530354178181,0.8315107262190261,0.4961557653707359,0.673834001901057,0.36389464225672097,0.5773544230683814,0.8420532303234602,0.5529526373736972
0.8381970464865951,0.5723066035848172,0.9497406951984836,0.40341998195857875,0.3371957037748641,0.8180786513863503,0.7839690772514512,0.04037189096751914,0.09084908369910827,0.7251479777114261
0.5754728169061758,0.5917071102783026,0.12487882871849598,0.47791228592876633,0.4778290143600188,0.21251655067823338,0.481840393173964,0.35742886846965327,0.8521725938892553,0.6125784632522218
0.6395120021079969,0.4941137242403132,0.5396909675156982,0.2537776333318934,0.8097391937241933,0.1228325870806265,0.747348167316609,0.4215632802855299,0.12623214564098417,0.30219536770388933
0.33676252101409077,0.3359657973756033,0.8265177250752682,0.7543256042832677,0.16946510247303637,0.5477782644145637,0.5167103223334224,0.9059937964881393,0.4072498806364846,0.6900363318186387
0.28425727916947174,0.03837613083373126,0.5092314064552453,0.5342385047386939,0.2990290095404876,0.1248285858197763,0.4134836591831679,0.7776691682046178,0.09567619087131962,0.29757345409110425
0.14045835387803784,0.9708715106414987,0.1489806160761441,0.23552723116497432,0.12411808960716975,0.3846503579244893,0.25187596364434506,0.10199192307779625,0.7070766195312039,0.2845715444317457
0.03293882351306032,0.06995864496181103,0.8423451193597624,0.8102553885406693,0.7087591330410665,0.9512137696009814,0.479986261340988,0.5057246973095487,0.056384449768369316,0.9802660176924491
0.08356468170287534,0.13160137194453037,0.897485313507769,0.7431410718606215,0.6191149742669249,0.45736750412416494,0.2579068777866782,0.02728475851332368,0.07773884249263963,0.47776039808877124
0.5148951487589588,0.3273839149197536,0.40567287507012817,0.10824126983987692,0.3024569823661337,0.5451921169941351,0.7783593515186654,0.6424606403608033,0.1574532910483657,0.8967544447904782
0.7900755345129279,0.9987582477122041,0.3322434870437818,0.14901746039611719,0.5832848582306215,0.5030930534477734,0.08010046758428302,0.3763085645559686,0.35675944024062656,0.028866278971942716
0.5016129110695484,0.4039904404583259,0.2670402996279384,0.5617834543315092,0.33205279215382866,0.1507540876066864,0.39215530431991463,0.49693623448871127,0.15111112119883396,0.5900788813935816
0.31985902951175926,0.13338748749276053,0.6412332422450743,0.6168718243439175,0.5693801981381823,0.49963821736586767,0.4162491332057957,0.6237363204340055,0.5365219062088434,0.09830727599480837
0.7432093047591775,0.774998025097332,0.8264167669813911,0.28369030415920204,0.6986916462966858,0.10067043663849695,0.1138968720290191,0.6930555112305264,0.8209981503272122,0.8432141561052174
0.7284544327869085,0.6544807692476141,0.9860828779802091,0.6465632354173639,0.8495508890163525,0.34034140022390436,0.2061877868055545,0.4421342108951405,0.8415034993774538,0.8557483860461834
0.3942058868952778,0.3029597252568055,0.9693733579144793,0.017371874549938715,0.7830399036747553,0.5042699117897325,0.6528794733090169,0.5596397287304078,0.49182474399723786,0.2946510169426181
0.9834481723115701,0.5931585158892938,0.6094997092444742,0.8412335682510996,0.42447887704232334,0.1388427477589277,0.919296650091477,0.7744878395118697,0.3692975357307847,0.029770891157721247
0.9961654802651093,0.9714715563201677,0.35397358748803465,0.8022575719859428,0.11895559677366341,0.09062570577785689,0.4735084068223907,0.8539670288028991,0.14195067018112684,0.08464546323945266
0.2211712464140393,0.2612497097519537,0.8222686607444768,0.2026489700841737,0.920350160965072,0.02939874185701241,0.1365915170281078,0.5838605044473102,0.9291848625687104,0.23252846919380643
0.05445921056395375,0.03768138934295073,0.9916086262269437,0.8431235690498564,0.2246738638683583,0.8269905990601661,0.40584765357292063,0.7539118705081765,0.05813994840437886,0.8495755424398004
0.5902141401218371,0.6236026805388836,0.42288628289033536,0.46383049636569995,0.8223162197059979,0.7664988349916746,0.6199342887173038,0.30793134535218347,0.23713859827155737,0.34827420225412065
0.7757972904391469,0.1941399424727156,0.7325173694073329,0.4381034819506079,0.26687311738986697,0.2676175568910655,0.23702435223214657,0.8126912674964131,0.5421409455393397,0.7740692950589325
0.5145357147704348,0.6750723390732337,0.7587003397148606,0.05490706983057203,0.26066863044571664,0.6039409492044368,0.4103198900724333,0.055348660590123555,0.5193661571226528,0.8954720975933357
0.7428138162611765,0.8705815490235589,0.4226766482901013,0.13814779431746482,0.07389525708860833,0.6041430151221426,0.95922254649605,0.12317639950760151,0.7241824379458969,0.6024045089027863
0.49509802130316805,0.0523032629771395,0.8736884189260485,0.7686997788581117,0.5199343183800001,0.16973117903314228,0.6895171786665182,0.3132945427463042,0.13243771481784272,0.11360962006532083
0.16411647928592055,0.5044370732148165,0.23906801752912843,0.7109055353513812,0.9957398780558706,0.6786906980618118,0.6401859830530865,0.5359026893970297,0.6154070307446782,0.9479164614674546
0.02897361128765996,0.21200021660907797,0.7961926227103984,0.3559849444031129,0.5629272640469927,0.824396414301322,0.2196712622112431,0.967677700564534,0.4823686499704084,0.8765284511346119
0.6940246514446089,0.039308095825426936,0.885494960626599,0.8321775474886851,0.38577954789143043,0.028505124859327546,0.720616894785434,0.548893208668793,0.38758330682407305,0.41710252765550004
0.729866656912682,0.7785406426410091,0.304933393087755,0.8448435214848439,0.4755583759562665,0.35924608553186765,0.008979539300273509,0.39749569774590376,0.01295629761367545,0.48033277440954614
0.21154553577018087,0.4288835613387404,0.6729959677128092,0.8499965015505581,0.7891072419747835,0.19771272662586503,0.23954571045149076,0.10588745346567408,0.5073919160634971,0.3799803537938742
0.8024328205332499,0.3031413066912003,0.5013435502989749,0.7844391026305854,0.5959353730186804,0.03507217586629818,0.7677782725496956,0.17164673236654115,0.08961770821494941,0.8305219409383503
0.8427298401316813,0.8199708487102215,0.7155874376705074,0.0677289363471022,0.4815817826693847,0.35778972948062626,0.10154303489131189,0.12769185191341637,0.8360367397139836,0.3530015456656208
0.07685793506836125,0.013175710138848329,0.38675189497938156,0.15857369957284062,0.9157498968261129,0.41991053992241645,0.6147224056540578,0.18451316264798512,0.1171964390943796,0.9402906320948726
0.0011240437720209107,0.4875331133895331,0.4004506305299317,0.47375595531881864,0.3888458506194963,0.061834025990308294,0.22202578002977014,0.7894311676400987,0.907889468564522,0.914780934567399
0.47879979892998703,0.891746362951658,0.7429068337094816,0.2251657299466724,0.22547901549759763,0.5958277420745135,0.8919741776080387,0.8922326160037135,0.20153712918419542,0.08279836332509183
0.6931930978624322,0.8651352738990681,0.9975178625413631,0.5709154049739366,0.6744195230049499,0.16063023241725494,0.6034960098291492,0.13494661817642217,0.8300831846140149,0.8604764684113883
0.3372689430599949,0.3138441981587431,0.24497433223070564,0.44459186243797744,0.8332214622339935,0.09946209414430329,0.34831007506444345,0.8670208505475673,0.7016569957406168,0.8815155601760708
0.7872474544896907,0.8541365845156192,0.94048538540121,0.2581556796162273,0.7142791481990212,0.8855133605662505,0.7903407893289027,0.23922847093740685,0.9721951364549319,0.017270818683548628
0.28136843074940454,0.4379849868068806,0.2395016104412827,0.30320316976149986,0.3668268735395881,0.4107857675993051,0.2321198762236304,0.47949593386545397,0.026220834135550763,0.5688897553334055
0.44785816513794274,0.1036425490329278,0.31375162689535463,0.756278873127478,0.7058393152075917,0.9155998964623604,0.5421867142208601,0.5841908825513751,0.17370800782333162,0.4182564891747165
0.42660951182652784,0.819673125123949,0.5581659462785435,0.8769329069064233,0.9587649346702127,0.6562610166865392,0.4826796142144457,0.7672322743882714,0.531466058788914,0.2520954838941354
0.5292791426044372,0.4667906042550032,0.5111921990906172,0.24726952575442052,0.6018835273136017,0.29176774972904773,0.578745248370348,0.3942898195226352,0.9387671685945868,0.6739024279367829
0.44012649522277714,0.2699870020282972,0.09950301013334706,0.22508458119885977,0.4880670764932433,0.9042755506571915,0.4847249602334196,0.9047525155567846,0.14448829947330677,0.5761771203668457
0.9331296940386639,0.2654711886364477,0.3735111273058511,0.8852406553182327,0.13716856363259733,0.8092795128289648,0.20277434345253698,0.04407378208481183,0.8006904479191903,0.3996980659162247
0.27661100077940615,0.6540474737387758,0.5637330110437524,0.299427099984939,0.4756962295593491,0.27184509989984185,0.6851125171634823,0.9807225336959264,0.6096058301981284,0.025210298356155625
0.8325659702101014,0.9423923103039051,0.7698470682749048,0.7434794685211936,0.3704862746101618,0.7577992199308177,0.663890709881862,0.7265460411724028,0.05632841069800232,0.19332065032181045
0.9695174434636795,0.006643144112325694,0.2248292900373463,0.2859136906535288,0.5536362611163603,0.24852449747287653,0.5720188533408137,0.7286108256938096,0.34771338847087063,0.24531338433112637
0.03004118329817096,0.38791385968978875,0.9367075882246634,0.1062078393330751,0.3330029181329458,0.8717381496549363,0.10315076899995002,0.9096528019364685,0.22252345958962827,0.9983991204388872
0.24645873063696733,0.34428270754696744,0.5429926241086231,0.5118608865843332,0.0521074485349583,0.4486560688030945,0.0748744948297203,0.26307512538316524,0.7458270951601241,0.9110576541346367
0.2795205402656551,0.027457619443390424,0.44205664570520087,0.08539436820206747,0.20472211254370398,0.5754739529281968,0.8486586049341781,0.7967106556104254,0.14891986660833478,0.50470286290159
0.3752510615486395,0.6611843286295122,0.13561754834727902,0.41254912642134145,0.23185969771336623,0.31461748498063336,0.13419393565617854,0.7994238780637123,0.008172164557064598,0.9009116924817214
0.04544517894918687,0.9364457045530418,0.41603313411719667,0.4169249838418311,0.07282771983588898,0.2272088839554972,0.21639076624899356,0.6439087755668532,0.582724188121864,0.5751653715159416
0.11135718879693557,0.060744036442081595,0.9342139935049819,0.06487039470601319,0.9541318002609498,0.10527546328724968,0.94924010801336,0.5130515107110111,0.4026786809444082,0.8690247229941106
0.8541376715326977,0.4547954656969666,0.4777232916639801,0.9624193524394988,0.33899227188749015,0.4656106885116392,0.46999779372014994,0.9827838287927502,0.12903733988088317,0.7831386670794499
0.6160217309439455,0.973048474726007,0.99716479506358,0.5149005821083894,0.7417085581868995,0.02311089253614662,0.7549081658136348,0.716554734092229,0.6398581645074385,0.7770141641427676
0.13184552383752457,0.7042616359413015,0.24529448575083568,0.8365113387641924,0.20438446599928706,0.641342483962707,0.40239594031608417,0.7928723447323486,0.48261815833465505,0.9128231775753813
0.46009651865317924,0.9632471382179421,0.7643882841668513,0.4267868477585549,0.44453939998278824,0.00025392414281510955,0.262783854728194,0.9525216173509055,0.14291385122617883,0.9199291843584811
0.9885363340169798,0.805678761146975,0.038692301690756326,0.45582763050938613,0.6368225551591944,0.8920822528898537,0.034091909591782765,0.5314479510219451,0.2758243589590115,0.5082000122887447
0.3760144349344543,0.9339659212700743,0.729108032192608,0.8212040528848418,0.8468566824855914,0.2563312663809302,0.20599604590679566,0.8547397840195878,0.6785257967617175,0.8166667570417462
0.19685986792210652,0.5019270233060696,0.3154671841581309,0.24770895673691007,0.4006947867118349,0.08169519153767046,0.5287298508960231,0.5644835148241168,0.108785887436888,0.5768232134969604
0.36046393592064496,0.45663470643042003,0.39741210422131057,0.9387789722471088,0.4259821934469883,0.2697284862689546,0.13207927685598408,0.5553854075271193,0.5625105609302751,0.9810738977406381
0.22515028605084253,0.511736412808092,0.09568480913309385,0.5277663141546542,0.1426679920058439,0.46967936243677433,0.5889547084841009,0.5799399038716434,0.77107133397921,0.6425664982390903
0.6845772314177997,0.44208087292666,0.3067283571494436,0.33068610164831136,0.46914031840070824,0.9734610248136218,0.17415103428537204,0.1013460812403707,0.5651588991028348,0.7150658566942191
0.2902567651215019,0.2783233113399727,0.7560374285954377,0.11619328527251438,0.07005014146060273,0.9794261458201307,0.7746227489791987,0.9410576399554981,0.48576134534228943,0.0652011139459292
0.34017153097419073,0.7351448655614415,0.6731355127029689,0.03720679394109505,0.1346897111203973,0.38464153610713736,0.6269054920103139,0.9340919367987985,0.3541560900919899,0.22775178528613205
0.23967722695977323,0.8516066628240695,0.025594814637473484,0.7611619132625281,0.9048104055369438,0.9195328345391204,0.3681314904408691,0.07852247077882368,0.9944315268340856,0.10447000927282624
0.4547769752679439,0.5026764086483748,0.937007436951674,0.8004299622911315,0.9647601368037604,0.8341864542474772,0.06594788284143072,0.5917886943340837,0.17750631036949527,0.2234381646180671
0.812206136738042,0.41135048996267587,0.2161381134822158,0.12436222643894479,0.25825363404487856,0.10152118456994841,0.5954000505285818,0.7323641456584749,0.13480920836578447,0.7065195938522648
0.1404128245788937,0.5876011917807913,0.5280427724834837,0.7680973548735698,0.45646023577799466,0.636590547931283,0.5027722283816609,0.048112086516552965,0.996197314452234,0.025604959369415092
0.8817072607089792,0.646244093342951,0.5722480927344453,0.741102004113435,0.14491979303759406,0.8412677181905752,0.135537474334113,0.5573984534881077,0.19119762426305476,0.3936282723437666
0.8693565150388867,0.5513394319935536,0.2790362223934829,0.41305158705563916,0.9127130653150625,0.18833081372561344,0.16220669676917676,0.05297436578194714,0.8665970748705347,0.2717938422033528
0.04521932827886321,0.34850998599459093,0.06118002905365949,0.8907812106654895,0.4466647999576028,0.3189837343092109,0.9216121070465655,0.1898231715072568,0.3622984919723612,0.5588558859203032
0.22027363371395858,0.3577732667536173,0.7916591838305564,0.21948660369575856,0.499169049479675,0.4385234037844876,0.682177542927913,0.40161378167178385,0.6287737502961321,0.5950500821763334
0.40822819894854834,0.15593747228065657,0.2899933872263625,0.1945007996663337,0.22336650533126334,0.9213384220139524,0.9017506909783838,0.1824144224353239,0.4711120149523621,0.8571072780553713
0.48202186835712124,0.12776051519412912,0.4191844372231359,0.5884291621337503,0.48380499413563527,0.9159770629824739,0.4204148436299364,0.38141343790187343,0.8619377320552268,0.9555096787318568
0.17439843940700306,0.2234927463809252,0.111948724727857,0.38806977990117075,0.3750083999639948,0.7253479108371571,0.7544558017257718,0.0425553802809836,0.5575705030260633,0.14938534972325368
0.4848812879665917,0.9863935565999814,0.6106472057109883,0.3106300496465657,0.146584063759563,0.4432302688275369,0.20343403580255703,0.5409778574703411,0.005329237035743839,0.8184381250623508
0.380287499359911,0.3627114512287678,0.6770959511508908,0.3680779894212338,0.07403183239465838,0.6544669521308849,0.5397629447011211,0.35039612572284895,0.5632960513685197,0.30667668989464325
0.296391859976341,0.6313059580196967,0.5409767704044098,0.1914472912432832,0.59219293731558,0.8415244541739397,0.868148565457363,0.6862278947463567,0.7451988295405952,0.8553326783172491
0.1188977611432932,0.49645324122042966,0.20641729298278877,0.13601984883568374,0.9205670603487761,0.5307094522774182,0.9863980175273371,0.1924854576885351,0.15402941966700756,0.2669291568084725
0.45348158554779583,0.8537522688091673,0.3283292961871698,0.12097600880536463,0.24271683127511257,0.9589460446873048,0.3746374052244583,0.7975273949247161,0.3796125564626023,0.6772069820020021
0.9646028841472282,0.61766080843702,0.2818562124299142,0.16877707009999598,0.02123393400507212,0.4857989673214047,0.8247275143523489,0.44238158690773155,0.5778584361919453,0.6992199728399289
0.546950578938996,0.520173992191057,0.4760843855832354,0.9061013907648025,0.4353666174171823,0.8110779858254883,0.48670619091221756,0.016501648774688182,0.9439884347511678,0.3382179115855153
0.1481693905992899,0.5158631971988755,0.028464815463798088,0.40503691699438094,0.320759298813481,0.40506997983815096,0.6900564417442194,0.8423785384019855,0.15665981708055643,0.01546634531465052
0.888061720825736,0.7525633912675997,0.8889251126401434,0.7042588652193839,0.5958565651098089,0.36874434780943877,0.9830282329117035,0.2838271595626741,0.10644341143725389,0.4724502811860791
0.9933072706159881,0.9431353325433159,0.5353582994369774,0.922054650858375,0.19286676885032406,0.719171719877262,0.22764595706139024,0.6572219117516029,0.04576490275017886,0.5567505318640604
0.6527876092753764,0.09597656754945616,0.22906167844315162,0.5173261653855463,0.20291538920870167,0.18279484034170224,0.7309046707639099,0.9553806049127945,0.25161138289367035,0.4041450208827254
0.43451907564742753,0.4438698616818598,0.7569062432573899,0.33258109716264705,0.920332301645361,0.4824406236498813,0.5941186186788975,0.28892608187355295,0.3957129624419098,0.8159949006060532
0.9026089057332952,0.3101639114616713,0.11019579262226908,0.16997490482353783,0.7056711776928228,0.3692682175811478,0.6913741298177669,0.6567817077375979,0.8603526400105522,0.9948016440278895
0.2533264338779636,0.1713929525608061,0.4926789276567589,0.6546617548950822,0.3986663967229759,0.22749744527365134,0.6406755771368405,0.04960266352529852,0.5302248945775064,0.6815653754144331
0.01881452833574848,0.20316241228021603,0.008721225711858627,0.2959563955899661,0.5618994750378294,0.1486116383542675,0.3849739401858222,0.23620784678959705,0.13801232381380046,0.19631742497442006
0.7125185479293334,0.7245714496522638,0.09607092526053573,0.6700879262662581,0.05792363933436928,0.6693840702527559,0.8583518628069721,0.33049172562230533,0.9792185028956478,0.5560051989010049
0.8880436379073894,0.2541215859428043,0.859330036509936,0.7732111635455741,0.5586951240733357,0.6674539887180999,0.9623570771923639,0.420530262305546,0.6789819242107249,0.9143566568443042
0.5034034108436959,0.43465278734929513,0.10237361366002262,0.2735006764574671,0.5633049553894355,0.26054515289725944,0.42534992732899546,0.8909715158531857,0.4296240180356228,0.07111351603690097
0.8037539742148591,0.10808036798324527,0.6541325218604017,0.6561235938355038,0.7465527782617187,0.9914804188847983,0.8536673382603799,0.28933762610852387,0.0011849057377317784,0.48439098256582513
0.9119403561687202,0.15263143158387582,0.6986831943166623,0.8956256280130648,0.38135138709529715,0.5677711802778782,0.6596764984831667,0.6685036064158623,0.053817640337191275,0.9528133755215236
0.41042259393188274,0.6658026677723743,0.6851059074777343,0.5143380437350309,0.052847264872487254,0.818492940311594,0.16345956057516786,0.3974544406502418,0.7464789373898401,0.6826828357662308
0.17236789806605013,0.651548831763602,0.9568689492653797,0.35257222560099843,0.8487233290833581,0.6754469656866997,0.1629272072097735,0.2498886163270546,0.5089227175524632,0.7006675569907824
0.49520922185215943,0.14891475009774435,0.23040002215671496,0.6800953150300516,0.5466468381460196,0.48676827319681737,0.5402771589187902,0.024835918036023585,0.784614769379873,0.9172768416761625
0.5888886950521484,0.6130764094803928,0.3815224597415373,0.022933826041678596,0.041827376046335796,0.8248437916321234,0.7524472845452569,0.7133762049689147,0.7325225760964585,0.24502592550275415
0.33035863961272394,0.428791175351673,0.37386571004558533,0.6314394122466113,0.3861271706697885,0.07241307186292667,0.8117695430759115,0.8868568185351176,0.6013913009899862,0.12107389436330673
0.7497759124646537,0.9634949905627977,0.2782412071899609,0.16784128377554075,0.10218157505626746,0.1648972062261267,0.6843131838870444,0.9267921347135019,0.2747098474286145,0.9385281432464679
0.672007085621077,0.7457327138795494,0.28856799861516236,0.5943380161746472,0.4037448261252834,0.5301875919958491,0.7144794247661732,0.8165864466356233,0.05377280254620265,0.7444152880397625
0.9677876104126655,0.7210253453725347,0.04190844030002949,0.28147398275917235,0.6603793513759592,0.5457386713726062,0.18631466902766092,0.49187735593213433,0.2567368956451066,0.2514493948485803
0.4239136849403269,0.6956752956965988,0.30744997959368436,0.025655282992884,0.6442930749581166,0.4736700312146904,0.5280976623380694,0.1905551793837732,0.5113374840708669,0.7476958665037369
0.42588005206638824,0.4672992254844772,0.2643516000580788,0.14857942215024766,0.9152054216511498,0.6798144977302618,0.9389029702644366,0.8846184349535863,0.9701782925369552,0.6216667570039094
0.29858515858576895,0.6201340095271414,0.32673477106959703,0.673095399074968,0.45151843921951407,0.13070944179047583,0.9472881936003771,0.7442089252285552,0.4878234691197103,0.980643322238624
0.5998355044596814,0.6534400056623105,0.7134635395784924,0.23573495068037809,0.7295679924345402,0.7994966191054834,0.6369022431830506,0.7849343240321968,0.023239532030033816,0.2650831181768637
0.052069631282513185,0.33605100835525137,0.4431438103524592,0.6151336491468147,0.508529601989919,0.7629073590775524,0.2008844658862997,0.32550228676958903,0.9280750613516199,0.5955693011277945
0.25670194138263935,0.4100038486450842,0.2472125417518145,0.3958519157291934,0.6195218245902745,0.45506299823674734,0.344792423384661,0.712382015193004,0.7969748270827792,0.0713147440708306
0.3860322347794968,0.7230395589957668,0.022189264613284077,0.3813252283937486,0.5928380582430195,0.5888290172128677,0.6045191563945076,0.7337683703476476,0.24000418677538193,0.5808890832246804
0.6910829854437435,0.34250133191365895,0.586589503072511,0.7481256417447318,0.9224317588278619,0.8639387627760332,0.3683296944702795,0.04458078508163521,0.6834389944098341,0.9352903555337005
0.2869217596995862,0.5691415718192449,0.983809781735217,0.8359005995398217,0.5784669528459156,0.38313824704456045,0.07846563381278449,0.1248495988619992,0.6767402428291113,0.6295720885727433
0.39199487090154905,0.38241240050783987,0.054612933185994805,0.5583900659395659,0.2287082525959241,0.523988401183897,0.9630136127674154,0.29520283930403224,0.9543193397853635,0.02557454782875368
0.04530150947927003,0.3315768259663169,0.2691511712598471,0.901662138704499,0.29814726872829345,0.9707185497756343,0.4294819852077666,0.5628505457515138,0.5821524480921184,0.5735113902542972
0.7117548986931916,0.7038280410346277,0.11867136831717795,0.8826259555197443,0.5229209913884167,0.3834554206181475,0.0365684362678077,0.37416355555636727,0.744950867551776,0.2990782493218399
0.38924576728677496,0.8880310605150541,0.6368401461359277,0.7777714491304234,0.2827427693478113,0.809585934786926,0.31897247722509126,0.5701859295753325,0.20085327121280727,0.4401033402917023
0.5712795123285864,0.3067730952687081,0.3548964076490656,0.41923097153600264,0.9147077932964168,0.2940340977581968,0.7314750714354038,0.26677798033058553,0.24565483279799272,0.41680838713519075
0.012603977038183056,0.3108706380592633,0.9007074110706926,0.843120979990756,0.15607137348392786,0.6345315176062873,0.9515592656544829,0.12871703659786127,0.3946487431566613,0.35526569870096336
0.4144236615810346,0.8704711316138939,0.2972483698737305,0.17804191471896058,0.5361178823004311,0.9336670570971657,0.01860862953544884,0.8926259749472358,0.33061783593247973,0.6096228408731077
0.39865545806090963,0.4219753595031519,0.3418721923694973,0.3732158142076869,0.7725492861710097,0.7132378005973548,0.48456677749866506,0.13117939500573794,0.47717171825580795,0.7663393831989012
0.2202771656741942,0.07922004930512572,0.8628762950414507,0.221833244751781,0.20531189967742114,0.8622617649472708,0.4430793928792034,0.44138874842786535,0.27140513208098016,0.7942491914845791
0.18668673178256745,0.4850667056506718,0.9902161513394455,0.36570475494684196,0.22073460779296838,0.49073034955345285,0.4283291280126793,0.4177667653009921,0.5055822926515139,0.9813972759580879
0.1189557856293727,0.1571294898541299,0.23385559330435812,0.6522354220488632,0.6911400838187561,0.4840820049024457,0.006142969470496529,0.6934510595658556,0.7870880278765224,0.4920561538920196
0.22514634679516543,0.3048905997208168,0.3230731913214413,0.5695322168541525,0.13225918651360302,0.2916109972772557,0.9056417475874892,0.03540955500181364,0.19254197632206038,0.593240632562676
0.40417178687017696,0.6310740841114535,0.6098607080888397,0.2635246604659298,0.5448281009085556,0.37978944639035883,0.403571768802207,0.42023885477286604,0.13205311426471555,0.33305666102434106
0.03481289426701595,0.5192766347848463,0.5650976428941465,0.8738670806625457,0.4689379873653071,0.037425737737548426,0.5846343695111648,0.7202657135334603,0.09107068233607474,0.7674760208904696
0.6296541687821935,0.13807483657429243,0.15189205932913807,0.32242785079460556,0.9929635265222926,0.734103481431093,0.2702862467276592,0.656957578090953,0.2420450204356389,0.31758070829148055
0.48962973966721257,0.4920454978154336,0.027033300300396634,0.12160331885249209,0.7845063769097838,0.06733180782436676,0.06321932119252827,0.6603895079517332,0.463471964712209,0.3581665003983655
0.2206341729090655,0.6330385570065052,0.11484511855604507,0.35577679443075305,0.43803818536158634,0.5847037601296579,0.23091160009608158,0.5030230983610383,0.2964795143640545,0.20069726512610575
0.9547141284322282,0.7368135291605914,0.3768907357022233,0.2419312968253241,0.18036501007823336,0.12060058422846853,0.4310159444545173,0.23098134742051157,0.7905013099624553,0.51582540072891
0.4083803122539016,0.19409359160260364,0.8775498434004372,0.2557778460360126,0.8392061468232732,0.4523501041117072,0.2547030934111497,0.10955019003851796,0.5953343169983103,0.5373994194522544
0.687152638457413,0.03579308623888955,0.2691321933519558,0.978696552941255,0.3745026056624615,0.23871070025042784,0.28851842450393794,0.6784735820586018,0.9549253080446392,0.14878009662211233
0.23455440181784382,0.30672841703793097,0.675545499923981,0.16438909031074422,0.5256577859929973,0.7267672882896161,0.2493441724301747,0.842105536458029,0.49247306744357466,0.6011654597730518
0.8623880382198243,0.3190573441134932,0.40902260293364545,0.7511674407899813,0.773255379507892,0.07997134509338677,0.06181795966924908,0.641119964278718,0.26585677508379535,0.5338966332443386
0.5339472532582845,0.7054462095472636,0.9698602732053155,0.9894089253307662,0.38958331906320154,0.5215769705062454,0.5340118779776138,0.23396906194152545,0.6665771607404377,0.886340649594851
0.6390112461038058,0.7278686637476066,0.5035266761209624,0.7949503767166544,0.8671380775695181,0.45176312344477687,0.6052357078132025,0.978099278736462,0.4748810210284625,0.4330036195985155
0.04493189505648232,0.5990141316059069,0.701580597042111,0.7011083206210925,0.6915103071700535,0.5413088221576703,0.3538958554785778,0.025393939727766157,0.8247854506984973,0.2395432446216853
0.8781621987685555,0.6566857541655184,0.5327699768006975,0.4186372986077348,0.9506932433445611,0.5598329146844505,0.8342324343416149,0.792607554530962,0.034855490597648364,0.7861795713728424
0.6110795011657089,0.9317256549585009,0.30430469530289395,0.1968165890317629,0.6261308156496721,0.13402198138752586,0.4048837966899925,0.3287184723765083,0.3610157928730625,0.9340339875761269
0.45615375555936843,0.9666104173121953,0.44368371982215127,0.589120949470069,0.048424597184853035,0.6728736940482531,0.353602286751841,0.7098080413490179,0.7419140926509371,0.3073906925564436
0.2718401858523479,0.35256417687519004,0.863178894619436,0.8137848508103149,0.24980660362621665,0.6830145033694349,0.34931968606997654,0.9447668964676478,0.22231620558649956,0.7128510906583201
0.12595591396100947,0.6417812146110343,0.7945579858464098,0.9040421676423206,0.779697941624634,0.8144315778607304,0.5730307877799762,0.13128695966690274,0.0536907225769655,0.4085586237313028
0.7462332897477519,0.224322998596598,0.34149098184845084,0.5681426072858315,0.046196090314988614,0.9727061140645642,0.15173471018173113,0.7745795908269003,0.22759072161637306,0.7086303395373936
0.9105266451842265,0.8550904112513467,0.10376957176410928,0.5098822574699631,0.3830500634740154,0.28592951908137976,0.9209324678497315,0.20943336641981125,0.41362890874358293,0.5913058159478509
0.6807913231600936,0.21064389451284016,0.02278332165587893,0.23274609546229874,0.43682617549410907,0.149688797991956,0.41285497154698325,0.28522348413740883,0.6202597451161765,0.6431615290169788
0.6681060555509637,0.5143597685251496,0.2311163216385772,0.9918668439710269,0.6881303408992573,0.2876884527367225,0.021260210025292547,0.8178158262386873,0.05936411163929456,0.45783377311497964
0.6749590711567193,0.9919899009571593,0.4589130787844392,0.42829729862985466,0.24895298115105702,0.5647731383043686,0.1383083313796868,0.35827925035764674,0.8005380105985607,0.24236414678297757
0.7038965392085547,0.16086812596648203,0.7501529467946244,0.7715210648099639,0.1993241841232637,0.3830050770203167,0.8319876096366874,0.656882563575673,0.6830761153605244,0.5458290025227135
0.3641823211128019,0.7950510888606701,0.725272854209958,0.541397990013793,0.09972775162044922,0.5923493749546382,0.8638350746442737,0.2861776820416664,0.28559533275128,0.5168267247809882
0.8453800054943466,0.9647724571263452,0.14186628851304772,0.9379549302879789,0.20011985947607125,0.1761904339788153,0.13433530555084638,0.253164328951767,0.2319926841054578,0.5625859796743281
0.5494790673300974,0.4438926668017449,0.6016599363891589,0.8948674794821563,0.02004418737015734,0.8132640867976823,0.9823002510133342,0.016560423379955447,0.6209179791989002,0.42282822740856807
0.1716125048084387,0.8542350988077705,0.35385326750564694,0.09059193136987176,0.22126827266079951,0.11692412758043857,0.6352189851149326,0.3986328014622851,0.2680354284335943,0.5517034529128696
0.47086747539434304,0.7884213440447423,0.430412600340098,0.9686635938371011,0.5897493335899976,0.955885556232148,0.9988595924268411,0.34275509347557764,0.029617496351954986,0.35855354860767275
0.4788873344698227,0.334077748576436,0.5951902479203177,0.9233991751038806,0.716884118401582,0.7451600351471772,0.7111028454287455,0.6196906152961466,0.4135798934171019,0.988737178433367
0.08034926804229625,0.22429670534913126,0.931824686747335,0.8068074700305734,0.31558279312210846,0.6563780562493485,0.6020632672171905,0.7913000655929903,0.9469527442032164,0.609460840273803
0.462042614701867,0.26771321760078215,0.17981203963538595,0.7693292284360727,0.11958639297805007,0.5718353943877744,0.20203927876664407,0.10710733131467498,0.8442162290659958,0.3170150452285414
0.1188176940149056,0.8081002418241106,0.7122590702972351,0.11580019399644281,0.0812488685684647,0.13769578774127333,0.4141589271891508,0.31721496350578327,0.6124189201154338,0.9219470979621881
0.9662588663739505,0.2736787422321856,0.19456528893334268,0.6313752318007161,0.29056195832685583,0.21077045996415167,0.0016000452153954736,0.9019697313521053,0.4904969482698226,0.4750408279291002
0.10035256011880067,0.6092657296022933,0.19156479629902412,0.7435867987045026,0.38687510696969585,0.7229592598626934,0.5809448774652505,0.12960336311203813,0.4071430720763961,0.9899412984233071
0.44769990865862097,0.9801828219747738,0.6027611873235789,0.20923583038998983,0.3841471011425437,0.6563775639961316,0.35923427829033183,0.4924219768671432,0.7475869193622223,0.6843583621610874
0.137956714584756,0.22434937574645897,0.2422199358257232,0.5268993894457243,0.8070780650942464,0.2944609956382911,0.8757314764817729,0.6644959847416813,0.004761214064807007,0.32663281153778045
0.4833101590476182,0.5834730481589415,0.911148948085706,0.31333470193640023,0.7574674812358587,0.7818906091657434,0.7494895727403004,0.4775890517951654,0.1459533705572449,0.8409709454541254
0.5329234683273616,0.12496334188152725,0.790078553551842,0.5067692465563718,0.57060711745648,0.8517960138920122,0.342006510213158,0.7735951815414024,0.29716851731913496,0.38100247469256565
0.41027027074546996,0.09313820615376722,0.9600504373040364,0.628447970616329,0.48141314339745633,0.6509552675314354,0.7104566463043009,0.6512925309188813,0.05093352474988733,0.49987717357532657
0.5872162306605595,0.697487947714959,0.4690119011457744,0.3404885661869351,0.02209190219657664,0.5032593185560353,0.7674110008727136,0.1498225520194978,0.4173714908551561,0.7137340992409875
0.845518853123278,0.5328998781317283,0.40416012850716687,0.2610285257897045,0.34650143470983197,0.6205053178166808,0.9073154704876538,0.5508043477428688,0.9185530505735628,0.7041843547940287
0.5668067749993011,0.2591870128013605,0.4605845635580338,0.3429199111143677,0.4653012472196838,0.10262057357767573,0.26812952285939184,0.8920046958664872,0.2926738813233706,0.38272555855073465
0.154588634971347,0.288054517630415,0.5728703442525599,0.8537959928671084,0.8384616898378373,0.40211924046535663,0.043395918116766685,0.5531523857375278,0.2644643653404064,0.5648163517413511
0.1096232041625782,0.6552958879906484,0.1888110772478554,0.6148980686068087,0.4567171281853931,0.48762181485824296,0.9386120889030457,0.8361007848019189,0.7546513249124208,0.6072813907492953
0.543297329141024,0.05537790992012581,0.4267032996075961,0.2244347460841679,0.40610309047399107,0.943386380766631,0.985900602036363,0.14249982623234192,0.4266865662303342,0.5211920395840239
0.559674301253601,0.6004508732699622,0.10277691095695984,0.9761601434657313,0.4773091523109798,0.287447122870095,0.14368859512530208,0.2527688813514605,0.07932274596549804,0.5592939902058608
0.1438721702267336,0.9156368218749709,0.46024234394600816,0.06749769085340185,0.4631707513292621,0.9998822073759301,0.3868043784012607,0.07403170730434028,0.5615661376142127,0.5865567099468363
0.47951773188519164,0.6423996253874281,0.8924620414163325,0.701786305227335,0.5863268679476863,0.9862415851033924,0.22652970409776174,0.04273731600310671,0.2991003303722033,0.14192870893693577
0.7167536787057449,0.9648079130912546,0.6026146123267433,0.5953871953322305,0.596645983618887,0.11751663579067162,0.20360747648218114,0.7398816828749476,0.24046161379522502,0.7871402101373206
0.01763149782285367,0.9800948318277894,0.6048719072850781,0.44270322612803525,0.5453446790239216,0.5570451126033368,0.09037329698698726,0.6526205563665841,0.832370359702667,0.35043388118739205
0.17743695362020473,0.37956803470269707,0.7275332058767666,0.5493312016394367,0.7678947499978725,0.40348442795825656,0.29461363977133903,0.41776792884543934,0.5189333537089428,0.9784926088008942
0.33007966132845634,0.020835771589517216,0.35402466118055054,0.3857906818783099,0.1664770640415224,0.7973973372185746,0.582195093746351,0.09061142861875904,0.0910206751658621,0.798890155746535
0.5917334635147841,0.3956522961447396,0.20227549414922552,0.9472687672426587,0.9112380803175173,0.9886520284559634,0.37837024692188415,0.7542663131216777,0.9657061276696315,0.7969091221890476
0.1936678294381341,0.5119378426962342,0.6457273007558586,0.06454872133960665,0.08634306366206534,0.874967555991874,0.6792848450556082,0.6298919591482315,0.31433531008006554,0.8552746795246671
0.6967084532723968,0.2094713970126021,0.33530452863956695,0.11003731812955353,0.1894049287541495,0.8128362270177599,0.9585711601687328,0.9269293674212405,0.046821644164869225,0.8271819535117901
0.9090894241490534,0.4613518992903838,0.006525331625491404,0.6611389754484485,0.5945726124382246,0.15113493583856485,0.18078452533617873,0.8036523889643127,0.07976941591106612,0.6445906393018411
0.03232343803838955,0.11360818134288642,0.4315021587371767,0.13022491353047794,0.2852756714562198,0.34649206017595147,0.462510937778536,0.5570109857028855,0.2031256317822724,0.04507344145328229
0.9585214218594278,0.9615104970105883,0.8294478160686072,0.6270704044190707,0.6204881728870885,0.3859656386107104,0.1619587682150797,0.08762516184173164,0.7417088155528276,0.9874977528140023
0.49899458354667225,0.6471398062994562,0.3982249874763959,0.7091793938932199,0.40394216651447223,0.4961423839154169,0.2976931536217132,0.4581689517997418,0.6242143747980864,0.31924272792470854
0.011334146092395025,0.00420569136046689,0.7983162125055868,0.9316421996949645,0.9614848018424006,0.9190211543084453,0.41904556349499034,0.11994349716553376,0.057196872149905764,0.38208462273894117
0.8728237039827207,0.6358029945506449,0.11459436058625871,0.9982623417129172,0.878819340310407,0.7361515902965783,0.9708598705258237,0.6251865593510817,0.21366565422743733,0.1720799537148222
0.8440870249722638,0.524213890930345,0.9059653954320754,0.5428412774480194,0.023352409701840493,0.6807047771293118,0.3147523565845419,0.7987692028193525,0.637130442911956,0.3610791481697767
0.6517991393300399,0.37648712605512524,0.6630418202243524,0.061753523546807854,0.5355224584563587,0.6322179755600607,0.5201155079164487,0.13404543479440711,0.4432899011287541,0.6318859449174239
0.6062446799684068,0.9635488615377213,0.5957294701339135,0.7933086703622954,0.507708575762973,0.45276426133622283,0.18149002412739879,0.43365258480214974,0.2744341288791883,0.4072880480790474
0.8449449073348532,0.544578541558899,0.16780174144292237,0.7377502821315404,0.057300577859744295,0.22616221145994564,0.07811232659115985,0.5062281198545856,0.6312777805165604,0.13867190808612428
0.7660182955138813,0.23015925898494982,0.7461403219707898,0.9666030043029581,0.5404067680230545,0.22669269109326096,0.9724780758024635,0.5335434081397658,0.5696585760626888,0.3271712211120241
0.6638596878778908,0.7643665693839393,0.9548350841129958,0.3550861117796338,0.46353825830661155,0.9476100061849791,0.5194355825691289,0.34763305150225354,0.012311994789405145,0.3422366631236521
0.5736062704310024,0.0973837084650353,0.023669769692109544,0.3810439341045869,0.7899106922834526,0.3700890440726774,0.8776044616780966,0.03682002613264468,0.7688844700308342,0.7912673320731564
0.8466452259528443,0.39697780578904673,0.009277212146096003,0.21584974652698974,0.2162122332654487,0.6617775708251645,0.22734738327650672,0.5608953294123487,0.6533631349006319,0.7408825284376588
0.3713337811331262,0.6868417254563023,0.544997998537283,0.9752583859854721,0.9867961764413428,0.07558858820807357,0.6885318871523413,0.5228676002708463,0.11059225193386057,0.0873077963161728
0.305984176551246,0.23596026397171077,0.03474360923847786,0.24802661257893366,0.2554470515922992,0.06308468144429069,0.0921437755324428,0.5671236924539201,0.04350244637585321,0.38710726549433283
0.7689499456180773,0.3256283008219384,0.8504161587372098,0.6166573317279038,0.322843746947555,0.971903543946943,0.34491056443911716,0.7906960183117288,0.37777899469359477,0.5377696777590063
0.013074517004766695,0.26027096209328116,0.8499330818124584,0.7799958049541025,0.5315159362767448,0.180959156618402,0.9376966711216975,0.7335990593896126,0.7742711703528703,0.005024517826920816
0.6045751293750344,0.6511048654227964,0.23947244540498092,0.5185355814293456,0.6316741193028665,0.7874812448031959,0.9753878170331022,0.5457371801355362,0.3437723808033596,0.2987630211522836
0.9213149902834313,0.6334464029650303,0.5805465338474094,0.3730540900947913,0.7050904908513893,0.41610635193085077,0.26449202012483164,0.8908519634854665,0.4610213869664336,0.7472832424641196
0.701200059202724,0.8973024082760676,0.8046961737870283,0.33027601995245204,0.5157060063642139,0.16984051216753804,0.6524892793222525,0.27105772784025206,0.12830548482572035,0.2627705565535011
0.405356837027951,0.7961249679364938,0.7210285318796728,0.7505130646945833,0.9502757208790059,0.6308069386290222,0.814136016830796,0.7438993541075593,0.07624397336630895,0.6131661314166146
0.24332556540409334,0.15748584410989852,0.17254919690229742,0.6182021089115306,0.8115600585152614,0.17132932252952737,0.3325321490288129,0.18536058443194903,0.07629774313213344,0.9857079978568748
0.5832017763494312,0.08535910739767494,0.6216326202046795,0.5475558288057705,0.44687202138393156,0.6632214126228444,0.9679012547742386,0.8385267574360231,0.08608257698860988,0.36151593843622953
0.5347757551051345,0.15994024548052277,0.3778603249596518,0.0709288456644056,0.9485345418843781,0.4687385316387911,0.8122526311570663,0.4695621802128356,0.24569909291899406,0.19007557215853932
0.19365340541587261,0.2453627809004949,0.44179690200251776,0.38553297712172296,0.6270753570324076,0.9185269324744477,0.14176565702735677,0.8137451689645765,0.30243939029903955,0.44211019102208826
0.8731708240135664,0.04706661622476216,0.7937188949766492,0.4471580894103566,0.08308656257019198,0.8638487856580547,0.6248713992199049,0.18862768133330543,0.9389173290953593,0.0022172674970940554
0.6650082737094828,0.8890491310463371,0.35598508662516515,0.3718605319570112,0.7251848098954199,0.3825153227805774,0.9468883267371271,0.8860294676485693,0.5219032846146949,0.2301817020275556
0.6182170665517994,0.8658028881542313,0.12726064703691786,0.18656145747483943,0.9304525556235856,0.17296426044707203,0.4368698481740937,0.9075097878400458,0.0435933339984077,0.6941204606205946
0.2241090636769929,0.20556295036063177,0.9256101196424725,0.8034161089626726,0.27636386121605616,0.18522090627945742,0.7551950004122915,0.11013012102204744,0.09842699344642925,0.007398127974029389
0.1376986565966294,0.8844451276706311,0.8039340468480982,0.6400355439093746,0.938627481330578,0.21072115037406536,0.5998812553093319,0.4216919452021961,0.216465832802898,0.5138483919203203
0.542590563994996,0.18111425343623033,0.05027151615118597,0.3978397726663504,0.1947548668431438,0.08251829656040788,0.6793235376177064,0.4499992295559849,0.3589165680399484,0.7293752640558845
0.1864913010625603,0.9538670893690993,0.4963246730410159,0.3206971740817186,0.1597231289882054,0.2004313209255293,0.014767262223406519,0.12092010180414747,0.36995193534391957,0.6159016432269642
0.7156476431527603,0.40731410772775634,0.16307210601630961,0.8210863469947408,0.11952145922765056,0.7272296832176861,0.5304422078214561,0.07091715079429073,0.9022281821567405,0.44052896879383086
0.6722655464867927,0.16630980590218758,0.24693479011181996,0.1120747344222296,0.8549156562913226,0.860406202830335,0.29138452803308823,0.09665944656730108,0.1129190205800984,0.31219887393100965
0.5411879856823939,0.08108120404621622,0.24741308808706963,0.2419519200844802,0.19150455046027082,0.758490988558127,0.04498167804421216,0.009957914196862871,0.18505792584549052,0.013745626865977467
0.2422086035079739,0.1780982578100322,0.0710223007925661,0.6443963938449595,0.5908577745608795,0.05267697994028653,0.5829242440576723,0.3325751866497879,0.022016011817317827,0.686669893015471
0.98908276872788,0.9820354163109551,0.8882215122466951,0.5440225515286561,0.4246696108092294,0.003084226583318639,0.6746289347630346,0.21835973286082744,0.8377062420077308,0.2986034384995543
0.2220559304181582,0.09233393211353969,0.9933181157461368,0.09471397477000032,0.2214814497382238,0.6296710161481455,0.925680648942242,0.12387841649754316,0.7252415307202509,0.8728144122885262
0.28561287018269876,0.7753195582650568,0.5780378237307486,0.7534483679064639,0.7756537691533755,0.07076845403740983,0.08522560999984885,0.8735342038067123,0.923257175307361,0.24122681039664073
0.9727681233125036,0.6189138023828048,0.9720193702175228,0.3080644942715992,0.7329153715276937,0.48706290645578065,0.21481863826539316,0.30699025072939246,0.48134363979032235,0.03236357330616446
0.5939277706564008,0.6554393831340232,0.5460669691568231,0.2075030939749063,0.179323387974881,0.6929543151702899,0.6733641202177028,0.19195536784324285,0.6707390501670663,0.16323113089615437
0.8180831902208411,0.7438696868387344,0.7116323985606144,0.03031308998754545,0.4291835594173319,0.6255356295164941,0.5237971833185332,0.14970515571177656,0.6529740516809915,0.8625897057709473
0.4090386509453918,0.5505141587779618,0.9135982577520075,0.8268186081369204,0.5447228427496139,0.5191030950121419,0.07471449348064751,0.43676899927446056,0.591219826735945,0.9988280105892692
0.21151850414671802,0.5441695971442134,0.030050594323596025,0.24555398551469754,0.35654525147281624,0.23537472380447033,0.43893333931603096,0.9722638022260228,0.2651307195968453,0.885177391891438
0.6623241264237489,0.7258631370555593,0.5953376976556833,0.7773175723247615,0.5190374505051314,0.3691177928333361,0.5305561861279533,0.47110784766537783,0.838362704508086,0.6809404457621403
0.6929387214752529,0.37257249918836544,0.9052969392406399,0.24802989483122262,0.5629777448596028,0.6272922465107137,0.8650630348816045,0.5141258727789366,0.7501504541086934,0.6829073788498717
0.7037471948566552,0.4265549610437108,0.7814552352721008,0.14770994702272677,0.8760725800430812,0.5941907606699789,0.8011419882085803,0.2130288749884819,0.6865990254556429,0.2146305743829131
0.2882422218728009,0.019799164237090272,0.1689257620590897,0.9548534911358221,0.008200980212085929,0.32723955930836635,0.20640771796487822,0.49737844020477096,0.7494253055507392,0.2447460600539475
0.3332401396330016,0.4022837357880146,0.5701631662714272,0.6100109275329024,0.9883374906943014,0.6237614734772725,0.8061805463286293,0.11284006034302352,0.875575060818181,0.4701384662777046
0.5719871987586381,0.10067248505112336,0.8144573099128596,0.8958522696114763,0.006609543409707763,0.2206293918270259,0.33573694128111253,0.3656282014060417,0.5152913454849163,0.11437897139161812
0.08065549926060778,0.905961419366581,0.06384760579943949,0.7214874854269233,0.5382638780081686,0.8802494138314528,0.3001719724048245,0.014672065966352066,0.7672516395184562,0.5062160152124063
0.528375201507226,0.0379127487316544,0.8616845483492215,0.2545754570821849,0.20961407240015772,0.1967096221285244,0.776888707163565,0.2534757196691314,0.5154218729698372,0.89849827695786
0.8094560805729755,0.8949395042779134,0.4986995316807431,0.8272244489896916,0.730193883866048,0.10881769178795664,0.4824212448626978,0.6955605751984982,0.3154605860250379,0.9927090665108815
0.7194257318305024,0.4159700149647355,0.09503286226557373,0.11915745295840052,0.6623099744522201,0.7728834401829185,0.5045284848896897,0.8674743382357382,0.6125946175915586,0.9559793324384316
0.9561505908305724,0.20524200934189585,0.8220271014537791,0.03653189296726067,0.6948156194586131,0.48489292263982586,0.7911867098066758,0.9941013471315345,0.4594497589781388,0.2745218382323502
0.9823000943704893,0.6142646786829703,0.9718409480807281,0.21887695057030432,0.1733344138333619,0.24466618457931089,0.5859088316970834,0.22000350956258186,0.8624378209916309,0.603550005682839
0.02728613535906277,0.6868716706545221,0.13620776928436007,0.922026467827336,0.6299022515795258,0.8375983948841049,0.3235873208057447,0.7513220289508143,0.3286126580894331,0.2438782755487049
0.5343136083269866,0.10570533478911615,0.4380651213406077,0.9900740565640701,0.7845221584692054,0.8098052798120908,0.1980360466728871,0.7903903577068827,0.5745701623348212,0.9450117331060021
0.7850821427787102,0.6212131241567654,0.00948079182520467,0.79528838475902,0.09149591751782371,0.7823050957564426,0.8206596008668815,0.8118065502838178,0.8355471083048435,0.017891166547989834
0.09487411859913464,0.5131549658962565,0.9558924009522413,0.8923527851188024,0.9363957606037594,0.37662420405234387,0.32872451885486165,0.4145058202154198,0.5369894391261933,0.6623978494782018
0.6478311537603346,0.6481446586705459,0.5136974205302214,0.5972000552136482,0.804596499957533,0.6753028752442606,0.7705203768405039,0.3308074336365431,0.2470047640086569,0.23233280581748317
0.5541063250814006,0.4318405634477279,0.545785958145098,0.45040707594959406,0.6571486588280255,0.44130629071745,0.8244079783415322,0.1899475699236478,0.43642881746168516,0.8670265808035031
0.6464749297085096,0.3933500565647854,0.9004567490293007,0.7686668918486188,0.09915164357518413,0.0013758194264864576,0.5841185908938956,0.26769614271412145,0.47420010488251463,0.12737980515438785
0.6575143063072505,0.179905631715363,0.4805388843563334,0.9506724593215693,0.13093495755696039,0.012613791896752269,0.20749277923717646,0.9695163951320267,0.14189126844844047,0.32242918682839083
0.049264280958205675,0.5638030706733752,0.9955630629030295,0.7906566562927418,0.18648167173751817,0.732471468420187,0.4257011126827658,0.8618074291410843,0.655238470832275,0.2502803204134252
0.28703430366421834,0.16283060484568612,0.03479232026899293,0.959985034160536,0.5762273246426897,0.28401495528792986,0.35942261792428376,0.7030694826887458,0.3627514690468404,0.2137807228643166
0.7237028323219818,0.2959516125635612,0.28276811982192684,0.923481466729054,0.24664053541028408,0.9466495306363046,0.41005667753198816,0.8604925885948781,0.3349703311324105,0.03311135622642303
