target,feature1,feature2,feature3,feature4,feature5,feature6
0.589682589993447,0.7358418600829238,0.6868230531807566,0.8951056082535559,0.9417698305474786,0.8218835728480249,0.6047305169584392
0.2555770434583633,0.012309180735944336,0.5330956313068512,0.9542798747040508,0.9264835524880138,0.2779859260804638,0.16592401372399856
0.24833569450565718,0.8292578765387711,0.01669821388220849,0.8532656253231118,0.8343019372129458,0.23073743142094405,0.7054066392667188
0.9380656452979172,0.061363988060084695,0.03830103033948873,0.1325508001629585,0.08998941947394368,0.2910837123278631,0.7309311013735369
0.33243621551616875,0.8393730498508665,0.27282879633761525,0.059064122239035344,0.17401108260000897,0.7090896707951609,0.4659250444457568
0.8646643052011141,0.764592316380456,0.9350322377436618,0.8675228756999346,0.9382339930536533,0.9529097085366571,0.8624526597196027
0.07360832412738083,0.6163834914345327,0.7653271213107478,0.041775524908957196,0.4087895785873391,0.8950711583450118,0.448452771407685
0.5455955328292049,0.13496848541528383,0.07902781589364605,0.500625504514356,0.7625417503368926,0.9705872930040594,0.009319900660317071
0.9598672254801643,0.026795116327057444,0.05062450809990171,0.27753084584965837,0.533441733837933,0.17087563164129171,0.27337114747931457
0.2090363422663517,0.3300397433462591,0.9957961221665957,0.5341180937213863,0.7090611653370092,0.3533588546879419,0.1497532257851536
0.13150647295387075,0.050399817163536254,0.7864393989363866,0.45993891408049925,0.9488326564747523,0.7978044533949816,0.6946295042454453
0.17837670995508503,0.3631491700638739,0.8212014349660598,0.7874048680484936,0.46085943591567824,0.31670133836328695,0.8155717858802942
0.22033200248684204,0.5178870614716324,0.7653059105303877,0.17000294880994637,0.7888211586223205,0.8649747438545425,0.19728815272665112
0.5497267973837829,0.9995608544841718,0.6787861928074781,0.19903412145724042,0.5283777340827603,0.3530675678922438,0.5731650167640043
0.723995779015584,0.7108982489589273,0.7916914846585931,0.40058000048604825,0.9199657421531805,0.9956317948842315,0.7486489641409323
0.7672822968363274,0.3106357841173205,0.07813263774028234,0.036815621467497284,0.5763907277842145,0.3446537850443525,0.09806152338575502
0.6977262616469952,0.7015877912945135,0.08842949282886836,0.9560022123409314,0.5837533157687974,0.9483328673507931,0.42960232095985107
0.8572970330891544,0.5742319671583901,0.8647193541867786,0.7342647264317047,0.599204085936576,0.6325068726217107,0.6712774466751645
0.3424200562441877,0.15506151971642623,0.7906531936018486,0.048462224320029224,0.7932142372192806,0.6606873673863914,0.07307410797789748
0.8674103223428422,0.6401837212872385,0.5424875169598513,0.1267649343777283,0.13462776783785269,0.8744667732717395,0.39007888215574027
0.11934548188801952,0.648291246268119,0.8485179836364855,0.15034523669266286,0.046149489948920874,0.8946146409661022,0.10440614691837269
0.2668305478971873,0.13288506070244488,0.5011634788188402,0.3146148011694141,0.6993247637911556,0.8788851232658766,0.48144436541670543
0.7677797935389223,0.7782682825182828,0.09758147039184606,0.3833788682617222,0.1010464377334176,0.6607251838700332,0.9929611142479543
0.5689010387600856,0.729563088895199,0.5626039162553675,0.6703130071672461,0.3469941819760126,0.32170453912557506,0.31997206830636116
0.2661371702312204,0.38617287146512025,0.03798975840826768,0.4666377302947905,0.34630952325958453,0.6636071895177318,0.09507028594475175
0.09300392269078173,0.9459337421250753,0.6734422307590933,0.35040973957329846,0.04020550693736369,0.1169556257081018,0.07987500976538853
0.6832939756369858,0.63054183322078,0.9019536439318827,0.9838645743053637,0.2748237463342712,0.4949117810298377,0.7619105231090794
0.5963503456866655,0.8886619651365296,0.862365235426007,0.6306445815842155,0.4130670488521707,0.8101635577360583,0.7490453340031434
0.20769410305787384,0.19848932562961563,0.36286498089921226,0.33188464332164924,0.954057322819154,0.5506847206767544,0.8989411655116593
0.06468808337538645,0.2643234345125731,0.3045525405772541,0.26098767535651024,0.16022938249043084,0.7171373557697973,0.8060301718399915
0.054883367837396,0.852832665419422,0.3434780506716928,0.6053510145903661,0.6757018864580449,0.5920526812981814,0.6726718503172461
0.5753134588072726,0.23779186794472296,0.7113743112262991,0.05170737468242936,0.020625104965654506,0.8942234421012853,0.5833483930043515
0.7256668665986895,0.4774857421399876,0.521797048488277,0.9250561459014418,0.8520197332575372,0.6111678851524062,0.10770633723279721
0.23305057225579506,0.2678330402747431,0.7675269200677844,0.008226371749894268,0.5537257977081389,0.12397676397477386,0.19365712470189123
0.41697194773992696,0.6435469761083987,0.7943040011635218,0.8254248953837284,0.5398469416985375,0.09335648009697517,0.861244147545394
0.6259058032591991,0.5686114046388931,0.4644177409944341,0.682718305095511,0.2802567998585622,0.5765321498270892,0.08745744966807267
0.11741306999880918,0.4758884149520325,0.3807239082529834,0.3642914881904342,0.20103183969488336,0.2844432986651376,0.7805579212391597
0.5244269966919185,0.72229390507207,0.3867723702974676,0.2897293875856516,0.5668164987632726,0.08285700482072333,0.22300285229417183
0.44851234348060176,0.8154776791512656,0.8790313004569744,0.8839422613276475,0.1322151538580415,0.8163611664936908,0.12920395125860396
0.9617127618462782,0.10750424068023257,0.6369471360039419,0.40041168717683473,0.363597068167282,0.5493720438586337,0.4641743471379609
0.8635328167421393,0.45641023783479695,0.48083722335392076,0.8338730266172331,0.3349376218503173,0.21971503485467214,0.5424155256834317
0.181661918109164,0.9695857515119092,0.1766846138249033,0.6314527138045876,0.9761862833683037,0.06714726233824164,0.18462029046640194
0.8364605238749897,0.3058496754634158,0.28496802703746194,0.02491596686429498,0.02383419271557452,0.636448474799632,0.4435563269653131
0.1394918514804373,0.2257007517755274,0.5612699578572383,0.44890604747185225,0.3884544014905834,0.17061870678915025,0.982001364077679
0.24700810095962222,0.41198062445378136,0.5634783383373976,0.08521813220827612,0.31030386665637644,0.4344658503974618,0.13670103021903612
0.6652687090041461,0.6386792230854971,0.31715744387182443,0.07114781130234604,0.6216827278119283,0.608704199139079,0.20756688806905343
0.8341273773233691,0.6090958682340337,0.4086817440400421,0.7838423660076893,0.17239232600485965,0.5197740417990075,0.45735374850651556
0.260599380073804,0.7292741652360105,0.6266033916390262,0.2797196016628346,0.7823960691992058,0.8662788493409073,0.11782789568165242
0.41373935665365325,0.6637781280404187,0.540470584576371,0.5775551243742424,0.8108435557727575,0.6593078766485334,0.11665839675588807
0.10544847159042059,0.8234604338380728,0.31446928245847516,0.13727894266096619,0.8843243754191508,0.9895599528272427,0.47127385218630913
0.44809797513311234,0.27454432457710276,0.4912954924553604,0.5589334600064735,0.2156674344642142,0.808977437521639,0.4128027586982558
0.9447459501209764,0.3307515656869582,0.6057025424567877,0.611497434342131,0.07649763923585595,0.8741173716446202,0.1833672930566087
0.4406318554042502,0.8885958458442633,0.6236256679845463,0.30041330490298046,0.5702252635618857,0.32490253396478386,0.2996702675005142
0.6731688430846177,0.7184440468949737,0.33809886107397125,0.05435430638897587,0.03882030698959249,0.6697875205304711,0.8465754743747664
0.22432716746547132,0.4749723751169175,0.45309845443952157,0.8957277850310038,0.6407046353460542,0.27472655753196107,0.4138854632515677
0.651812656579243,0.5835944934550229,0.7321939396025343,0.6843811918028797,0.01682549676425804,0.28221025313125925,0.5670751883736455
0.3651924713555237,0.4505029025350117,0.28504937204178893,0.014804681160663802,0.36994427951641873,0.6732755725051944,0.39490858526954375
0.9589794522048736,0.8567922941881921,0.8696955810316588,0.2917082662934928,0.1615635874920225,0.38511000315264143,0.29217418718707333
0.9462206347758017,0.5154821239686735,0.45676778673324525,0.14814985569196948,0.9446864193215879,0.7622493770899649,0.9625249377331497
0.8718909400837905,0.8234069781150236,0.7234443114942948,0.31367041792001005,0.8161923422925244,0.5738718600683903,0.7653692700311863
0.6344386041765588,0.4792092182841452,0.545853639832455,0.10087429859017516,0.019031587214190293,0.5139240634642566,0.206158959507992
0.5327930800964819,0.9633930743479074,0.037714145626436046,0.21682237361115297,0.6378508148107072,0.27321592800350236,0.09630445834876145
0.4098865453989258,0.4170195163928281,0.34300452036915097,0.738767866224053,0.0016303530293803048,0.9211238754699322,0.24321485781657226
0.5371287319386959,0.4732530297928702,0.039247742121852336,0.6095964816887622,0.6727392015425276,0.18116984104375633,0.08297422843730007
0.26720167455068267,0.9973404759163721,0.32891554649558896,0.7802689255809325,5.102627547171057e-05,0.7980398153397413,0.9649652917523257
0.13597877904512978,0.5464242924244952,0.995388873475317,0.9524988691593317,0.7587121834304527,0.8606658645767,0.3208384865525514
0.7492718258709874,0.11064617054721915,0.0475461102352126,0.08449234900230651,0.2880890990894137,0.8444782076795487,0.7460878119862917
0.8660665830143052,0.9477125970074326,0.5061133903771745,0.5743157690354892,0.8685801408102206,0.6781296962179316,0.8166157842584548
0.4065511212756818,0.48868870352362015,0.3259768292071529,0.8850165596653734,0.5305109519220524,0.3270763643452218,0.9678454556867122
0.09980425445327534,0.010663142907802237,0.6089681071456325,0.1529854125275525,0.6856472857325757,0.5693257351032779,0.3463347066575104
0.21241305194314153,0.45246201703308,0.19498117785067315,0.07704299693689287,0.7475917029896391,0.7417116609794745,0.6590810430542738
0.7274724317370315,0.5251580346230792,0.1409111650549133,0.3711487974490607,0.6995964992693804,0.10161223551304266,0.5807511689728919
0.5546557032966106,0.9157990633438662,0.011514714940510484,0.15082873362584626,0.520728652285871,0.2678994469083035,0.21328670171338704
0.4910571769695571,0.13016233785336873,0.17515581230885802,0.36280313726061564,0.308796498685735,0.3881250563026344,0.5742680020568577
0.08052762163316185,0.5763346567377664,0.3019186807729646,0.3222918537814895,0.41026034187416194,0.6287419006958646,0.205479354212043
0.7411921484129025,0.3559520066527999,0.8405405019350036,0.2563386440818025,0.10347674867202161,0.35813990421273856,0.0842901933436544
0.14329462580951702,0.16258708965375446,0.1397995086858056,0.37614971735064884,0.14213791792816122,0.46041654667900733,0.07860326123864114
0.9428631058969861,0.04885006328417052,0.09527582029901094,0.3077918648455773,0.6716392911351737,0.7337529329521483,0.7624823035686334
0.21350519099545906,0.7103749869641943,0.7839422426457644,0.7216977568985439,0.18446381471904028,0.27519646343792703,0.21302046007124353
0.35193346465119735,0.18033429008582746,0.016297233406513345,0.2676179842984563,0.6879104631270759,0.6739175924867968,0.14604295096805742
0.6006544830320187,0.5314163367793986,0.019866571837463542,0.9723614911003616,0.20744021328989837,0.10724900989987296,0.847967704605173
0.4498586246925743,0.12257181308609255,0.03688964509040649,0.17484199753810947,0.20551222255304447,0.6792407783073721,0.5575687673897426
0.8559789949399002,0.8402612591698837,0.34246321793468004,0.947920831980944,0.529911225994963,0.18665423787116453,0.48488262827944606
0.16535060380772082,0.7580987660093726,0.891353041531249,0.2276875011518491,0.3012402532755508,0.39404632325853395,0.14944437951607936
0.939172210079159,0.04636974334216348,0.5628385382812904,0.8495418661345868,0.459939168874245,0.3248765623034552,0.8195140241037091
0.9868812696967509,0.6489393701874624,0.012650629371439792,0.3469358193395974,0.7729726134702516,0.1448776153489444,0.6287799760836846
0.8621730366766808,0.5124814319639125,0.9174861831300982,0.21409940104480507,0.5278670624981803,0.1532079235654611,0.38941456177827494
0.0021401385532487938,0.6851820666670639,0.9947455032084477,0.10116058074913492,0.6370956357747347,0.9298762938619238,0.018814400508840867
0.08934449042374082,0.16017104921200032,0.8482197253788841,0.03921866655034045,0.5632462364339053,0.07750146173067385,0.29061200106724205
0.7629662812930668,0.5264164607806074,0.6841382020546314,0.35484535937567996,0.6766098715684061,0.14480347318922848,0.29077711720665833
0.22538136772197814,0.44898492625208075,0.9329960053263462,0.269751474176544,0.9596659962742646,0.43091704421324106,0.915494864325175
0.8984791431551722,0.6072409706267644,0.7772689243989609,0.9878394369792957,0.2680031496816071,0.6961555188597844,0.24171013586511614
0.7668733867400552,0.2940065850716479,0.8191455530525131,0.7066455272552117,0.023684762235481993,0.6977847982527585,0.1815411606393943
0.4878571161252404,0.8808008467634497,0.23378028135233364,0.49595357247962957,0.8864682907880375,0.8473274857428645,0.3301537347422756
0.42246463178978955,0.07766431043145916,0.9847649841997062,0.39564370148928185,0.6479616053411303,0.5476735860671015,0.5809500016134901
0.6720807724806922,0.07992445112356128,0.5270379912475327,0.9512007736877665,0.9719902426398186,0.6671029765737346,0.21401500769583515
0.647751024519762,0.6981216326527168,0.21577575400064886,0.49294464355631107,0.1580657594105731,0.8997558972306313,0.13554133901387455
0.35714504871719066,0.06806988185701535,0.49320192903902305,0.18791993759941206,0.9396853975756312,0.224774710998073,0.7938258013374011
0.7272323782697212,0.28155425632631037,0.3244032622202603,0.08814111394647617,0.8880442655755462,0.3987907307077032,0.9126645786153356
0.5880824766121423,0.020268352421945246,0.5503800598831319,0.5061278810030037,0.10274861039186978,0.3460681485739153,0.9513980916442079
0.288429259656134,0.2536660235258318,0.08625578496588326,0.6527936303474999,0.20572216423545941,0.5754655931520279,0.5823168722147802
0.6278178542408558,0.5785159101056984,0.01230025577698568,0.9305099748969061,0.7730517240512604,0.8469563392354409,0.6009248794255685
0.19446554253015647,0.3162290403779209,0.3454279655920893,0.126817089855097,0.6314135777698646,0.7678036027224947,0.5890331632386633
0.8803157288485062,0.5286492631148568,0.9627938350349117,0.05323628958116666,0.4837960706026292,0.05301203021140766,0.3461715169585988
0.008484122696819418,0.11596165118882429,0.2548446420086805,0.13262475034927013,0.2905880367531377,0.913010995766682,0.9671536549927757
0.1654211249978198,0.5279179003523439,0.9210007807016674,0.2481696704775096,0.7693423614997764,0.755576539699115,0.8313350073968298
0.7791301249457516,0.4606911334445385,0.8886910383956663,0.505920852654001,0.9325677369914682,0.17691145619530912,0.9610680676530118
0.7246705742990621,0.9768822952869683,0.42506359214981615,0.39969007421317226,0.3939539425046732,0.899988953450309,0.9286716130510774
0.3406335764375502,0.04020732408999761,0.19033881631182248,0.9138236097264056,0.846056671437435,0.9379310378417076,0.9026120766663397
0.4382112569694393,0.7098524964191968,0.5367794097024202,0.5731606359044547,0.5411733295948274,0.8847688449289136,0.24634842467583806
0.018251271406277803,0.6408718324315551,0.7152861291469772,0.5549442148387117,0.4462965072637295,0.5481451302241938,0.36919571257371187
0.05695158312865656,0.2035818679393162,0.6629899784411973,0.30740117578191395,0.017928523586107303,0.35923310796715724,0.9641389874810343
0.695468183131482,0.5682016661477298,0.7432525116830649,0.47426731833809,0.7363380405252755,0.1836165303511912,0.38684298148932594
0.4833829473179131,0.7872757708311532,0.5860761989766915,0.014288298677788025,0.5547249450223675,0.7119897884506572,0.7472714830461036
0.955479750369988,0.06532470171687688,0.43246306724246153,0.06426183742453961,0.16973066926736402,0.276588227385399,0.4993574301684234
0.9485322548285989,0.9189851861341028,0.35017764632211956,0.25707007516797664,0.3375491580418595,0.3256470397084179,0.7579396560039788
0.3610689201990812,0.6196947048773742,0.018619187199005127,0.038042715995606935,0.08538599913134137,0.6236833601735587,0.5713229392213771
0.8853492958957262,0.716277469268848,0.29610619313124564,0.3107203914826625,0.6810209907008001,0.5113239071270133,0.6832470481571189
0.07793499944536975,0.7487731601713965,0.5345823551126279,0.4077856842737535,0.8206999106898455,0.12884457807886174,0.7688390089495097
0.0011987287493876453,0.838944740332844,0.3345822350141987,0.4674437597912683,0.30992054577273176,0.04057231139669648,0.5232486781301903
0.9121445446335813,0.31603548848033014,0.726307369252526,0.11838855779713797,0.6581416002088457,0.7831421226069506,0.4359160506762966
0.5507898640264491,0.5399414517160802,0.6324334000258818,0.21121144537716574,0.025271858329447117,0.464512733658786,0.29572730659668345
0.8066168065804834,0.8547214277361023,0.09532062965246701,0.9681719203955292,0.966186490144546,0.3335266545906923,0.44206220559942866
0.16038351704743814,0.8112615151718285,0.38918717747294584,0.6788740637220825,0.07524872635996593,0.7108951064221906,0.4509324232374473
0.5553927139329431,0.8977045522669356,0.8945249715677728,0.9590235948322292,0.1276617448586106,0.3648064203989997,0.7376804597638533
0.16950416938770252,0.47713573452610203,0.02222287936870715,0.9878968319098855,0.5457814258628599,0.9534188108967211,0.5298235324167317
0.5119511316111767,0.8112060792405458,0.4137010675456759,0.06239298704874485,0.35383713860856725,0.17258220723008666,0.771630815300252
0.0922521532449293,0.8484433178451706,0.656175856929011,0.3331547751939933,0.5532573589325737,0.7811144924783358,0.07326047282464643
0.10686418856343516,0.8707166538015649,0.6804044397756239,0.9838806628591689,0.3831481486904965,0.8001718815714265,0.145975144915101
0.8567295617710204,0.43243410417368955,0.02966586092769563,0.0011157481104611122,0.17682054249070212,0.712704674131653,0.6957593903211485
0.45915812287624025,0.17119327724463207,0.3449954960885422,0.7565604580507337,0.3020752349093049,0.47371857960527664,0.7018624477903419
0.00801647893964208,0.17194197752384544,0.6889906904855407,0.6100141303207414,0.6685346163357552,0.7504991265933152,0.353261639797085
0.47747013548827066,0.8634065197254392,0.7647587977812998,0.5042394094628144,0.02728492978409114,0.07492460033647064,0.6061779992376336
0.17420038474139155,0.9888643628414574,0.2544721593983025,0.24114485609957625,0.3358788858237982,0.984095496145049,0.07881022997802667
0.633436284719203,0.8059808870275724,0.9092446945802404,0.7098677783357878,0.28490269995817796,0.5854443517220322,0.5633438738674794
0.0012921078955647758,0.9247836142964158,0.5611813095056268,0.7458197583808793,0.9500450818849399,0.13194080392577545,0.7328271355770899
0.5400734616930469,0.607691489237902,0.8800223792506006,0.13378331404893196,0.21833211354056226,0.6425686145407979,0.6014247355743899
0.014471024511008346,0.8158984652164077,0.7702263717563366,0.1857854958092865,0.8796924841166612,0.6723330226101016,0.7595083006519546
0.20662517925712942,0.2575458271088743,0.7521046404401456,0.5091097639452936,0.3022091453248382,0.7803658785862149,0.688133741194472
0.7132030358359746,0.8312066866797995,0.15071006861754288,0.6242734244590821,0.6634641567040989,0.21895035635052584,0.7556947312339479
0.2449797104187712,0.6276602673868902,0.8965755705498115,0.20774563075267005,0.5329569325676383,0.0891218782227825,0.729726183298925
0.9514149898520443,0.7858925758473635,0.5936190338980201,0.7063926379762887,0.7894855471868972,0.1021680208778657,0.8912593559144084
0.059820576298399764,0.4374496076529324,0.4718225059981902,0.6801084472926043,0.9408358020003887,0.8694035763439412,0.5207901264852219
0.5727950085190746,0.5053058092004828,0.5727408799294409,0.5085432019814446,0.9517704075519708,0.27114201748104916,0.6170216616179851
0.5810440785494305,0.4148383334303244,0.45099992564553815,0.874553274734195,0.4124561031991073,0.7544089621936153,0.18474695544771513
0.04473618949116598,0.9693814156851162,0.23120498896358954,0.4178701522621391,0.8744530581044053,0.05433836159777017,0.6044310852433386
0.38208113857174986,0.9227277365346226,0.47837884420906707,0.44400803731443383,0.469568685343008,0.8501792756885639,0.26284622032935967
0.32754797687254045,0.6063563903070626,0.8970197831587227,0.6725879123969184,0.8452911030921414,0.8544634762065594,0.876561752593215
0.5383107402436722,0.9858192157978649,0.45155094756312986,0.32903614666186476,0.22003373891993205,0.6836076534161156,0.5181022825591758
0.5357182496569386,0.14495178652214813,0.08694943612479078,0.7442991097657846,0.0828540567502668,0.9025566351126741,0.13572426621392075
0.0041956561522475955,0.28292905611634833,0.7801990984270102,0.23866262569518426,0.4506035537111165,0.08183656063106493,0.9498266583085891
0.7367809324607877,0.6830837398051635,0.6252888156129683,0.7427061184481449,0.6036093005430556,0.46648415458091974,0.6935404179745592
0.9186701211273888,0.37960416623391036,0.8677226782333396,0.6502529743959448,0.9061573944380644,0.8262970306816241,0.22634032156948036
0.05701245148455847,0.5426575335127193,0.2831928323516715,0.23523745451240352,0.41414584976331725,0.9624320526675398,0.12856054246563808
0.1708049352703468,0.12817550332310768,0.1443988863522514,0.122692622572528,0.2373342728809229,0.260072020941463,0.3080328160397726
0.4157422999411281,0.44394301262657443,0.02400252349050025,0.33622232444797473,0.5507601034557792,0.17926393800113294,0.020124727252118446
0.9463913539196925,0.35130832460864025,0.283016454418198,0.9250383928485452,0.6401801813924078,0.013257701020755075,0.034431887596275246
0.6637145634644588,0.1980501726494367,0.7945440283264086,0.27097208270807205,0.862948534555141,0.0004532701035826481,0.16332543819850964
0.8077144814456004,0.01215901477816772,0.06019238933180848,0.8187785642405957,0.6517725246437742,0.33429658713608235,0.04056110835490345
0.8818867207450137,0.22249646101391385,0.8711733121327171,0.7737779395180472,0.6153810799341201,0.6500456136920291,0.675963901437765
0.07938674639334675,0.8216419487404648,0.832570309865687,0.2879818771595096,0.25838714900954285,0.7379383901480876,0.2989771764094483
0.6098625605265172,0.3408789018171855,0.9842786392411228,0.08249143234278977,0.3065449581118723,0.043561905206083607,0.4824132069394895
0.859498594615027,0.9544233787088534,0.23102781960448882,0.6280198202389055,0.4662653822839409,0.19069955329133248,0.12472274625062207
0.8874431637322787,0.4933011305073487,0.8775117447992803,0.7878848377409594,0.060150872178887815,0.3368806723662663,0.04255581788240426
0.179859735635841,0.6157023584721045,0.8883074270213539,0.3725033242564998,0.7768420271169529,0.9644933847096907,0.4972839072152174
0.3189446551080164,0.06267130566826562,0.08180827993752404,0.4033528496533739,0.8545882555888287,0.634133718850584,0.8302628861721476
0.5351849627017434,0.9487535920707376,0.6902888981830694,0.05690762051922338,0.737930277195155,0.2981032478005585,0.23315356431138534
0.29080542519809227,0.37673005057300435,0.16214803999404004,0.776609837516404,0.2963980259144444,0.2491593423410451,0.23522535316111992
0.6115800149652462,0.9291131533280652,0.21990360747587323,0.1749189481534399,0.5229427948780542,0.18237705735091547,0.3617866732401829
0.3980354238721757,0.662927033360362,0.5730333411658758,0.147998358969346,0.5267630031590954,0.1977306650646833,0.9803995503460838
0.41598738483475806,0.9068001594034855,0.9550021569115734,0.3535931250057882,0.9592218580307418,0.4930192776749439,0.9679434348286634
0.6593557937654799,0.8009723935218864,0.7113869048694857,0.8833838148766591,0.18325874631093653,0.24814438176348452,0.3535644761923884
0.931853255876451,0.39830822390441534,0.720245005742495,0.3829716916899515,0.5728253383835409,0.06223013630492791,0.7924177889979322
0.4785599110739033,0.9956660760385414,0.8154658244288813,0.19746047851773874,0.42956951108958763,0.5669415558983659,0.9528594789501046
0.560436875735174,0.6816798995295266,0.6983972772137979,0.01951862406738336,0.9317206170702979,0.24981983497382432,0.918852932284816
0.9836527938047925,0.834794724159197,0.6237088022675716,0.7293937024830679,0.37761095522883115,0.6442645905638303,0.16739023569273148
0.9760968307243378,0.11802733678467492,0.5675794290331518,0.7071089467519331,0.8706254237784923,0.6550334414225317,0.34289674707154194
0.08985505819380157,0.39730089635657717,0.13352078155376967,0.04246570251702131,0.8890938553905142,0.1880363443470343,0.909630241046849
0.9614042063267604,0.47898925341583665,0.12585397072592786,0.7551527132043964,0.9121158152669633,0.9271935638734499,0.018715583939605263
0.5960520538375033,0.3156872407108414,0.5772632868376706,0.2677836987334262,0.440195431982495,0.9942775267194177,0.8023145733599073
0.517894127976928,0.1463680422407283,0.04190376798676643,0.9056754524647953,0.1460230042122569,0.7738872548872253,0.8412391355985126
0.8341558077199727,0.5824730211344092,0.8451970518992291,0.8384907425674134,0.17289278002321617,0.5379738956019444,0.8125596788227297
0.3319610132218992,0.1470652537940823,0.7706508652852209,0.33833670406676997,0.3597790263085817,0.037516056095852734,0.5342836797444277
0.34715777502219713,0.029459466915739196,0.8949164312690865,0.5903320818024773,0.5593839859040752,0.09043393036342273,0.8589990242478067
0.15641507855273806,0.9344337368908002,0.13341458571310238,0.506049773642153,0.827608348763798,0.6332988140859762,0.5743704981232164
0.5717554391594313,0.09456271507717051,0.15248390503123088,0.7611786679113176,0.5988811850982536,0.3178448952069587,0.7544011401683198
0.22799610383029567,0.37607087406503037,0.7367963676069893,0.022595406244767413,0.5541801189039649,0.14368213415252618,0.34296805793114526
0.3717338341116706,0.2251296578106291,0.41277381990985174,0.4441380889089398,0.8133523812486684,0.04453952354025714,0.462100383983973
0.8927932036664361,0.36240153616481563,0.11427844519790298,0.424170835163877,0.025206192865177668,0.18546453121797213,0.2709409248483098
0.14387651624936748,0.40608487848816466,0.870151508966094,0.0577168047553166,0.863822299175565,0.4592100211104523,0.71612969334785
0.7178372696486044,0.7784880974848994,0.8286542589144588,0.2565448770757184,0.18725650636584068,0.6335760514356048,0.9635218032822426
0.12541262168106604,0.14373258013245993,0.8767242374920104,0.16067500376620136,0.8505536598198171,0.9292105582550008,0.3501409511673603
0.02760647181213849,0.7923787791268483,0.040107276896272914,0.3296781751691039,0.8532265350132453,0.47477866438483995,0.3584954569763229
0.7856259295177631,0.2733949111388827,0.6491945830849941,0.031542737330647164,0.13492362369323763,0.09854279038193425,0.6278398386964738
0.30262712798056923,0.8823670538974563,0.6175757948824754,0.9823827094502121,0.7587626334889106,0.7676401267014311,0.72747101482173
0.7701999028497041,0.5251519990368965,0.41621130167492637,0.45730204072313174,0.0943136241619964,0.3984659253152172,0.799063884123634
0.37047425325518546,0.38714957695803875,0.7694811475021447,0.5590827162839207,0.2457904026415897,0.4427970010733364,0.9111165356266927
0.8850586082393622,0.9732373600253543,0.987282037588285,0.6121628388546938,0.6191965858418043,0.799132372500287,0.6141292510919814
0.9073754917486343,0.35498197848440316,0.29773663726583577,0.5366671865039762,0.7112151560646358,0.8168643981019573,0.039084800140948506
0.15050755055991194,0.008935470692407299,0.9232795192136805,0.676042717310569,0.919003166612301,0.9625719270787745,0.9643123702851516
0.21315249783925538,0.7282080196087496,0.08921334484490384,0.08648721496061318,0.3520869917687328,0.011239766110179183,0.8059332487315818
0.035820242674651004,0.5988907655457555,0.15263038117658334,0.03906825351140508,0.1433951491185963,0.9939717269384748,0.15325776234714583
0.9533801224091942,0.33994070385546693,0.5455952947514794,0.626210639042161,0.09592310348407351,0.5711866985147446,0.6907568945611781
0.09325064318517218,0.7018524079115722,0.23217946661386513,0.5289599524175408,0.09251564443501181,0.5644533648482635,0.8366181280787638
0.42012829745964875,0.0642081552636049,0.953972034881013,0.5529236172902141,0.2501826984060699,0.557477094178564,0.4994960256862845
0.5347793726938436,0.1991516023954103,0.4708914244537331,0.07217462777306671,0.8022718252418831,0.3624870504732898,0.5060922830819223
0.9220440525364234,0.33020550066090204,0.02418800142290589,0.5885671330580214,0.5901077408680123,0.9061743871308205,0.574415091312914
0.5999868531520169,0.2870639698060812,0.8630006358590554,0.8994544550002157,0.9104063187673951,0.22178730578356654,0.3225592451308993
0.22517625817913756,0.00405741430222728,0.7120953741980461,0.587087411278041,0.9405387893636548,0.9001920547693305,0.8184545966956025
0.1574474390594821,0.4432637359116126,0.25941138227704674,0.397557319687065,0.01990605821588709,0.7958718148314897,0.5279799858465004
0.7929740438240066,0.5393500253648453,0.28272005397762723,0.7280739100774324,0.6544540706073718,0.24873178981579558,0.5538845370802212
0.7116716463513153,0.890767111028358,0.06528287183398118,0.9832336035706151,0.39516836001991873,0.3937868266683201,0.7254634356228181
0.3237521374166411,0.8487203120972279,0.39233503810040604,0.8293715049048803,0.9929450777406306,0.12166269051946432,0.7136203342107953
0.39806507895994914,0.8002483642315519,0.32498318501002366,0.09992734051115049,0.20464730631673467,0.15834322148693325,0.29803796106492186
0.10691168895389214,0.5226443418094957,0.9501774139703272,0.053715796085090584,0.7725838973622762,0.4481288316752968,0.6842551527998822
0.20732631944737134,0.08641777719020904,0.07976506290101892,0.16506641816725676,0.11509453054747965,0.8135211490716523,0.007442400407241201
0.4891884506323956,0.893706338657591,0.1532467155341417,0.7088233901983074,0.05462027822226656,0.124959437348524,0.06402074484192632
0.15892745771618755,0.8788076915598975,0.2795776825063898,0.1250257680506892,0.767111539537307,0.8042211986506091,0.6758797150088677
0.4205296948835766,0.1246342852283493,0.9919040879276614,0.9120396080807444,0.1955444986120798,0.2062359417612899,0.27385291721686755
0.186927889641343,0.7674833988070648,0.7752182167067571,0.16023349263353648,0.07626500895240051,0.59741258564665,0.7865018513107939
0.5848529445118549,0.6930754544558794,0.9669707610285585,0.5947304602310538,0.08207075763132077,0.12574047995400772,0.7420386162047788
0.7389590835788531,0.31460773872070236,0.791365166758468,0.7793556804495403,0.11696980355188569,0.6243435255918679,0.6559834970288875
0.6591679058671059,0.272405209298194,0.33598183634066525,0.22497360824556412,0.7963142227625197,0.39787429758246917,0.5843991313822924
0.2469010471762887,0.3231762588650292,0.12784132966460549,0.4541360506192115,0.6234763494653264,0.5565431900594418,0.4465107950528098
0.08090240077172639,0.5953606291462756,0.7921615783504483,0.31581455453394336,0.42924174360216216,0.854824917502648,0.5879470838700889
0.7872579906521767,0.5927104902564829,0.5242637302254384,0.6130595666457437,0.6514917213884878,0.8686584536810131,0.46378265567783705
0.5930708315044185,0.460234504242792,0.024761932381498375,0.555292737386053,0.436048046386298,0.004224047820595378,0.804622758414138
0.8110360857097181,0.09450652952624117,0.48738297701599875,0.1651034027789966,0.39020134337016144,0.29793053933456026,0.16577316141650822
0.04930557811930869,0.9185123572175206,0.07294306375031245,0.22883619996613136,0.4303291306190764,0.5601884388918511,0.6386006458401574
0.3030979403625571,0.5291568110247717,0.036840374583270386,0.18998738237869495,0.8203027448869913,0.5002513816476818,0.7117846555496721
0.35909533460686904,0.3029793247798359,0.8281475281372038,0.18980930571740962,0.9013749386228395,0.09887544887453004,0.11688832590093101
0.22548537202280938,0.7823943800748879,0.9080615344906273,0.34768068769779725,0.8564048137439347,0.16523509198022335,0.8886785352782068
0.48840257407178267,0.1449755219702551,0.07964927622643814,0.3221119558883696,0.006137277411018549,0.8821507032973367,0.7245886945162013
0.6814992530726686,0.496518035986362,0.3163410338338609,0.9902900059102439,0.38308296815948406,0.6948719072846601,0.28356559196270437
0.6893823783490987,0.4963250953942915,0.6244281592173041,0.001662781298385152,0.07063595704446901,0.10366523257757132,0.6903673669948082
0.9166815097606367,0.13557316436370448,0.7797851512453098,0.7063979058097448,0.23351637361125677,0.4601212285826445,0.3116121373906412
0.035756998573904464,0.18032575855886823,0.5162599945592802,0.7692405322490098,0.5185686444853095,0.09933519507622035,0.8744998889076274
0.7738243175856914,0.05104044841696298,0.9084263929564822,0.5978289774155556,0.7311801275479264,0.2863660852490364,0.10336031318780059
0.3627785370694445,0.0221307767456439,0.16371290161520746,0.20431319033470496,0.13996381189255458,0.5714616135077106,0.8888918402940388
0.448983858803746,0.7225693226587615,0.021926189004779162,0.47953258889086603,0.41058019279424185,0.5603550777930257,0.8045200972284552
0.8533195742287655,0.8997635950106333,0.4131815382428735,0.0717786073277128,0.3243410814968708,0.595945189001909,0.8576364669570882
0.6250078463592217,0.5440662283157797,0.7340567211289644,0.5472030499778484,0.6222850593078456,0.43892609091763213,0.03922763056200884
0.08311001618047342,0.7884700318798229,0.9917916324772129,0.0863196115732725,0.9231402911584146,0.18186083244442008,0.8768284031242404
0.27643542225423,0.5288414090203752,0.6997664903560771,0.6137321327064515,0.7940974566175191,0.6262301152604922,0.4793011208105975
0.2112009055021291,0.24151487688761952,0.3476059068039653,0.5928210132410497,0.7056795558685017,0.983956210472541,0.9840774755354063
0.8863278340684159,0.5397109630656438,0.18022726228345454,0.8786560439482127,0.07301452887955362,0.35802807525403646,0.018330664069928337
0.0640815451147313,0.10217474812219274,0.8436676344361166,0.6431395240248499,0.5379299166011166,0.99230890349778,0.9730430575990433
0.7226490038339224,0.9022970677477864,0.559968654031055,0.38691264859178653,0.9030941384172099,0.5026635619042955,0.8586137091768666
0.8172893185891963,0.5507819924137777,0.2901850657141334,0.46650971649185313,0.03429138321868097,0.6316673654001672,0.04622604411124631
0.4037344522175955,0.5375753809465459,0.16153918052851635,0.20125974692302462,0.5510658657243905,0.6575789638559538,0.05889556681314578
0.6205357558979326,0.36841480916471214,0.5768250383612442,0.09716420978588913,0.9943657600420166,0.12440736609560266,0.5993002218785288
0.9975792735935816,0.752800458025437,0.7608032844150162,0.7180581745210926,0.12479172190888577,0.4599720341879475,0.9203087364769842
0.7690916079911113,0.6105937849284614,0.30413350677804674,0.7603461546132277,0.22765613578480937,0.6765466294782877,0.5160791103185962
0.15159666516444148,0.3881149577241738,0.9136345936902397,0.1656191922106256,0.5548063356492056,0.3894675013683855,0.34485056843653406
0.5104305275720586,0.6650067570763141,0.600600815737391,0.7906140010437898,0.4769728340567724,0.32533891110857993,0.4783470534531815
0.0421951403354599,0.8760545486362135,0.5035189020330066,0.4150394956308451,0.08842328187866855,0.5617209252735883,0.18590347408677932
0.898504481206306,0.7895187174634922,0.40599209579781603,0.8063710619635737,0.8900762810254803,0.8109760004376244,0.4464778269049041
0.26746033068404684,0.8207041563656997,0.6901240679246881,0.09345940497961325,0.4359013641971705,0.2906466252631291,0.4699479510753528
0.5350610429751665,0.5741487922199985,0.027810057450113113,0.6683802755900798,0.14408862639083908,0.8065273671781511,0.9421266872217482
0.5358746046981239,0.623354123890957,0.7102069857906874,0.441243152602088,0.38064738470633286,0.11668994010206424,0.447913846963807
0.372001315110182,0.40398078666213755,0.36350247619162634,0.2430388040408148,0.2915781439320343,0.9909894707700769,0.17113589629682913
0.3062327756916907,0.1614589535403982,0.7237220882595022,0.626711069110664,0.30086010815743414,0.02107925552358092,0.9479333499515284
0.06835011393518264,0.6040081884114011,0.8081532902040194,0.02213417660770378,0.34488380185357403,0.2137947862254551,0.9721160526092267
0.3151111362146871,0.5309859335588214,0.8561649566869025,0.46276000187671174,0.11930328324328698,0.7369377064185793,0.698260814377988
0.6183249192762502,0.2882183146466033,0.23513447452229386,0.15035723123860534,0.9142481874778275,0.6652613104695151,0.951887315624907
0.6141375513213382,0.2605081402657109,0.21436785864193675,0.3605210660748641,0.5875822533602689,0.05532430743201311,0.18887018029710267
0.26862996541030326,0.4196812150940059,0.1588625928188847,0.9485255433895553,0.0033620040577421184,0.9183075226596562,0.0043153010267165115
0.5801290398182755,0.5028024125448505,0.3148686698605674,0.32561380653045224,0.577898754278769,0.801983091704659,0.15730354562298932
0.6040571135968712,0.5797057912496631,0.5585669929143958,0.11359930052625744,0.7147047838973137,0.7325845248632356,0.7364366294952702
0.9368021593451862,0.8920065180159014,0.25143147773093877,0.012291555590580372,0.42455970091197515,0.8087773706859009,0.7444120322061336
0.07828846687364333,0.559749458783224,0.31968149309336213,0.6708666256728401,0.020595993205135277,0.46633883192996883,0.6556076005861166
0.759457453551074,0.5840817999175208,0.9380957351504624,0.38183327592390714,0.7566985603413893,0.6619125850884234,0.8947723019385293
0.5653554000972738,0.49418812847202453,0.5801113548787107,0.13050069790253327,0.4323013565704792,0.8825082591984332,0.7481863603603316
0.043618957919013046,0.7776054597196501,0.8950999537970993,0.5638980486158551,0.9771813461361144,0.12379056658661236,0.03216523129010507
0.23525601595922474,0.6423412460017903,0.6315078812969259,0.8941691541797987,0.09877042512109313,0.09712884002989275,0.8776617056216344
0.5952763447757404,0.265914230863031,0.20960803237121117,0.25971392434054075,0.7007124707254945,0.020065539982274228,0.6354148699580328
0.11371687486899051,0.6648101132109749,0.6000224595298211,0.4067305520892994,0.363908827607627,0.39326341772234563,0.22488339836474713
0.17622572477422516,0.016221115467892733,0.0642194910542152,0.7783892612603356,0.5714447460713421,0.7874804315198858,0.10402116172300802
0.6152505304319672,0.24546686618982205,0.7439956825263402,0.6935019617146556,0.7624439097987938,0.6566746885601124,0.7235277037695963
0.6572400698643881,0.6625166311937141,0.862305459274387,0.0909010000253172,0.18729227152578476,0.322138779193761,0.8797085088615416
0.11444623848212532,0.8102361247848828,0.14086570806933507,0.8549937849434398,0.40548338995370137,0.5393284411930418,0.6939458457567567
0.42779109789482905,0.9587138122982738,0.6139703677679351,0.22643981601515017,0.47089480859030186,0.24470977985182774,0.9748327553001538
0.18201269822476063,0.7390405241091904,0.05694465240771618,0.5951560154052231,0.8764310698643574,0.3746126855047618,0.3991728274390478
0.9221040648040779,0.16885421710731363,0.2583903156275458,0.811998411397343,0.5842038810589476,0.47448454122173633,0.5140561011532722
0.04345400694866397,0.06208939985975981,0.25841156577919233,0.047312486715077706,0.1481619947468339,0.5710986440135986,0.7287245394393186
0.8748881473981516,0.44068725468682113,0.06188303987560606,0.9795248522664974,0.8852275803857845,0.15842983264647392,0.4996974408841829
0.39098933037043115,0.9842277847232819,0.44286333813488843,0.9202853051885398,0.588505578222265,0.194983994329734,0.6373515919045952
0.5898746361431068,0.7142345489371653,0.8244520520955126,0.6076061417966248,0.9470807303305776,0.9983078267895837,0.5780375402555986
0.32136739487919874,0.5698647929813855,0.2107755266648994,0.5507494522290446,0.47844735247673864,0.7150041703694473,0.4057824696948016
0.8255621524123133,0.20571018147193987,0.3479525971161872,0.9248455522806285,0.08966375854660258,0.08384571739120295,0.31365122911004384
0.10641465691920182,0.4044600179390958,0.9224716385773912,0.7790585378845988,0.6601992188412447,0.14848683290287068,0.34503102159854937
0.9817487587906338,0.7828420136671879,0.368393668483312,0.3145783547637043,0.1126331078760574,0.3636537612141443,0.02823111282266011
0.5968036251222532,0.9715895365226046,0.9417140905631064,0.06337968771426428,0.07297205853160915,0.7672470367216898,0.8146880780635259
0.0253044742368409,0.2220540064597415,0.09224939931917542,0.7103285686892843,0.6928271835455456,0.4204184539263076,0.7166811234225521
0.9435672751143803,0.8607758023350107,0.5740368817363183,0.1872827908094653,0.5151461291777476,0.26253926859114163,0.43241895731001634
0.5680723341358317,0.4121374399859622,0.7737901528746766,0.645166570370114,0.7273975204614391,0.818000236084004,0.14574560140670612
0.5322353812224003,0.9802520062190371,0.3921945351012457,0.22972095639535706,0.7241816057105513,0.209911721404773,0.7133380719331616
0.24401699165812174,0.330660514941416,0.09086051923056615,0.1326553978807361,0.044512856729313044,0.7472450395872368,0.4993707393844412
0.04486935119115598,0.020684623032577787,0.7244053859005106,0.2594998438974827,0.5735011908211093,0.39526835610478495,0.476781231273139
0.5438427182842955,0.2584663863065798,0.07870675064267607,0.3055246531164212,0.9229334204938409,0.5008587576264354,0.6398338875217476
0.25088203419772903,0.5541777179110121,0.9040472594480206,0.36385686645500526,0.13045027912738383,0.059436319046780484,0.4211432362186154
0.6237654096689557,0.12711145990924078,0.2870864061960542,0.02890480227195935,0.10066267144467722,0.15433762037199228,0.1705041600022721
0.4002318653928214,0.7727712920705528,0.81213101063073,0.7135862041457933,0.3069072986441491,0.872857487205246,0.11261155359387864
0.9147622706887635,0.3456517769268096,0.8751070626887933,0.2353424547427997,0.6733715401750766,0.34062163856167393,0.8003642640504749
0.7105254001869453,0.5606310915723302,0.2184614157154976,0.42494990939114785,0.865377169982678,0.944008272755882,0.29228016476870566
0.2502160673167634,0.423663379088542,0.047471126517063755,0.6391543625934113,0.15228579911156148,0.4239999732236627,0.06011552582184099
0.38054116314695197,0.14157012581972506,0.3598151143006685,0.602934677727096,0.6483028049839921,0.6061865892595313,0.12068833709459814
0.659686016880165,0.677092851943613,0.881927098318589,0.9793680320601696,0.44714731834358845,0.8761231552432618,0.7643840102792869
0.4492193171096277,0.4928509145063734,0.2500976806555567,0.30509236521914074,0.030418876301525954,0.9764350570421274,0.6470910401882047
0.7432940002574467,0.6577684242616977,0.5079574383824221,0.5420977275475072,0.2448474190782779,0.37590605136198185,0.11730951391238553
0.9032577123253267,0.17531361977295756,0.4614941334353623,0.11561840939552315,0.23839038170747517,0.833392326826374,0.4429205894607423
0.6624407736334287,0.4388566498375843,0.13348424882816934,0.7863059106606041,0.24459171781423172,0.19833786105738904,0.18261103404218493
0.3270554107478304,0.07574759658659713,0.5745857432969551,0.531302981651253,0.4156385348360727,0.08299664837193677,0.473622842507862
0.7840384824134564,0.07495147705430061,0.9419794867013138,0.9540180543333773,0.6382837111429789,0.3653974027620297,0.9226637107353387
0.5845077725176202,0.20211248079298927,0.2269848412288371,0.3974004799917714,0.7447607791775998,0.5921703830105203,0.48060349300589345
0.6073834316160547,0.14675476039503643,0.5428960387263062,0.4022616018182684,0.32387412333086096,0.9027675606045376,0.9590598748820739
0.8146850168321949,0.41176568981775163,0.31545736826351867,0.6631780836195958,0.982970139658147,0.01740852024251449,0.5901649455075797
0.3673190053921892,0.4382288966356519,0.69851408921245,0.009868620496951919,0.6291541051993749,0.11062050258351686,0.9078808106915279
0.35433023925221274,0.9281980560420617,0.9991822052663059,0.7207289243177207,0.23914194041069037,0.9654639042232488,0.7686452255814656
0.23426907223653892,0.14687736446781485,0.0569374975069048,0.08152567988727144,0.7896171197773109,0.6013837533458941,0.4182763556580885
0.7424219526425161,0.004009754886637018,0.8074081092008948,0.3865840780930916,0.803309814227814,0.6431676287934647,0.871432075823433
0.14300602550096886,0.8049094516978541,0.12097871081147804,0.8984783279330877,0.21042931078972393,0.4405871144737621,0.7808530948665381
0.7945955916577448,0.5108641108407341,0.4135159747281233,0.5863833997173823,0.2364139178189829,0.8787662044214577,0.47490893199014916
0.3537754956684295,0.7032397666413365,0.017282534522478965,0.1310589842911779,0.5007638466583298,0.1680253764259575,0.06116547353617152
0.8019703114942298,0.7170927507544613,0.7617432659700849,0.15685942918479356,0.7884170545671376,0.061786238890634726,0.1984947183585617
0.28317318837978034,0.880161355960909,0.6196008107662759,0.20010501825555682,0.7294889748895242,0.8266115631887011,0.8191116084437355
0.45930647370146505,0.5006372317993836,0.7482714131204171,0.7713156043147258,0.10704456051365518,0.3789718679075287,0.8043017023793441
0.5504978275604784,0.6496647960669629,0.05964301561460017,0.09086655314205283,0.4279654419008634,0.2912151631689882,0.0021756729182781376
0.37188905866810673,0.618626557850638,0.8506922429593861,0.8924011279823115,0.6379014190760773,0.11322216888572789,0.57558981648563
0.9752778514654148,0.40918317175456453,0.3299699363162123,0.033404824165999436,0.2591495005035076,0.149464322595242,0.17076164974982233
0.8889231164864252,0.3897299943648901,0.6305109473113705,0.4730175714612903,0.0944954498267776,0.4880285020714087,0.7882283062984947
0.9809686063580522,0.03654026680505629,0.4866119950164608,0.13391118452424966,0.7201788175559299,0.7216147846640636,0.5587471089496452
0.5850479700098072,0.22733243385143698,0.6489554451314681,0.4410917223353017,0.9462084236997087,0.9499601518930446,0.977175418710207
0.2669420578883478,0.8909751827438659,0.9475182500155711,0.9189862625853419,0.2956548298763054,0.9252829236419668,0.7416460425947976
0.9128035185084976,0.14198932967101607,0.26134169127148477,0.3399352266369676,0.7338163418446493,0.860179849454851,0.10053198254926776
0.27084305359771854,0.30040621539284074,0.9191462852384317,0.6556412161964932,0.7812829382775632,0.6473167739296329,0.6049109316936309
0.6664252204522997,0.7449762715867798,0.440603749623213,0.25379735817602256,0.5078957401390737,0.3107099099825248,0.43960748640662595
0.5699081658037094,0.5358438902325214,0.8171574578832645,0.012119899341168638,0.097617713176815,0.7046990276549775,0.9348193329804257
0.995139632496674,0.39166935521768387,0.26309881199450824,0.45641256726738344,0.6706325052642937,0.40622840728874576,0.6159298291009936
0.10691379495718467,0.25853680396902623,0.5873938308360732,0.8740373028880422,0.42512522633075567,0.1520530424430011,0.4797240382567789
0.7411625173149126,0.4553261044755408,0.9999681549033679,0.19730937590690434,0.7199158782820657,0.29209952983153487,0.38417905034410316
0.8654899629402134,0.5546998269872582,0.5710290506598027,0.14290259579843956,0.20151163803870376,0.6696655161101442,0.5626916293490658
0.16813749413142565,0.8189378342976572,0.4672501168671024,0.25548107039351076,0.20312937262093156,0.3545020752996223,0.28710853402909575
0.8522569613962296,0.8619838799968298,0.17660348237856238,0.3406340459726106,0.14766498333003775,0.08945313831060364,0.08030170801475833
0.47070763603386157,0.0055056185901656285,0.2705422334653973,0.47551685553825895,0.563146547345929,0.6194883983961271,0.7065380820412143
0.8779329183269604,0.33238859597577586,0.12550953261146458,0.7031625547774655,0.06377894939332485,0.7789296207483385,0.9340877799145978
0.2860064636287335,0.22595752039950312,0.2146317281305109,0.6081604229308885,0.9190418703855652,0.2049233716526363,0.09174491324706657
0.19011421011856355,0.3443179139427204,0.11086000550680786,0.06434517894369651,0.5153831746752614,0.883032721009338,0.5484260908246896
0.20286250462224087,0.14257099727514833,0.44803605690416515,0.21157844651695612,0.4468511978722082,0.7006512756097812,0.7649896849686629
0.31038329162499445,0.15210587880178372,0.27581822494087493,0.2927925476314105,0.37660110664800817,0.9415522786143834,0.971153124534702
0.12024448798804055,0.5445440782284816,0.5335736515741547,0.35880359012399443,0.27238462215299575,0.3678042364910269,0.24365316061368913
0.10363336375969201,0.21611549504609662,0.8480403405544237,0.6581543154651919,0.38511308573446057,0.3905715544673485,0.2789278751625546
0.6778821969729686,0.7605698102095464,0.15062637595673856,0.323241229121324,0.78471227424978,0.9838370379585348,0.31414179628095895
0.5480477344520133,0.6476542657133553,0.8472234388496531,0.6465979404588433,0.10999159633594913,0.3637978166063627,0.11042427836077706
0.5014126934252825,0.7185656299495891,0.49001868256246583,0.24309194095426812,0.18772574341423331,0.4191095432297046,0.8762366525456651
0.4473855264089075,0.013011039393094115,0.03976236415877732,0.6196497821085469,0.20828852803155196,0.8838994780361453,0.9230571858488932
0.5220402123141195,0.7858983534850374,0.7215713615308523,0.5266232903405772,0.8745468955972554,0.5897070611301992,0.06851634490934178
0.8823949921524885,0.5408907672991966,0.5069947633466724,0.083366602215723,0.34375230749181607,0.9113682651514292,0.9655647629144188
0.6476816078489082,0.5424907207470234,0.7070896321486001,0.4417166563326669,0.5962922866074343,0.20506527231937288,0.09407854189746079
0.242455301602712,0.021858535112516342,0.1059275008408258,0.6030784847044801,0.22847746992198192,0.30202825179330595,0.3703208414579864
0.03758925184654671,0.4051328384892158,0.4374035522935016,0.11428158854105419,0.23409776026995532,0.6995210701323101,0.29499002999669155
0.9930214664574774,0.23875039552323496,0.6477464187257634,0.8348336777151059,0.8350287949881965,0.4795869189136486,0.8958007025659879
0.37875944375953974,0.461499169324631,0.5648338564830214,0.8101206941921604,0.8195437501925965,0.32769726089147566,0.8200712624378765
0.5110785233849074,0.0651173080567452,0.6078624194371613,0.9525141563174797,0.30626723930279465,0.18780273180617502,0.014238017045528961
0.9210719736919485,0.019475435712731137,0.5470370993545218,0.4615441375656556,0.07648913099507992,0.6882234483414618,0.19808213007486397
0.37763324627137584,0.9419252315404765,0.8575001152561966,0.22600010077182797,0.03855995233738796,0.12673508496100216,0.19323912299632773
0.7529565514538913,0.4312011218429578,0.9032750740241005,0.7541062974336197,0.7517127103179837,0.6044204968202704,0.9286682650579087
0.3231847129339641,0.11800760773725893,0.2957553254424834,0.07269659542055773,0.9069114611220049,0.07360974960257638,0.41383218936936494
0.18195272514381988,0.43390954346749033,0.6907159196339355,0.2682241021906926,0.7111103474845231,0.030312255911319252,0.47236442563380154
0.4622483699029971,0.3217781736636154,0.5660013322496258,0.8935614240434331,0.7989404586947524,0.4571269424075738,0.184764160073419
0.24464011386558548,0.43515685735642484,0.0613462940098658,0.9638500871139187,0.3822365746986326,0.5820766900491655,0.07648249454353329
0.28199268407855893,0.6636268537586173,0.22926168783034562,0.1996643833899775,0.5281499579437429,0.07130525823440848,0.7531238505833349
0.4847958277802832,0.7272577151521067,0.7581899816544794,0.412448317782662,0.2700755160209445,0.29109039013163795,0.010865766208543182
0.9414237287806826,0.10676629714539876,0.7296276983973213,0.6985208272705832,0.07366723505509443,0.13384965885145284,0.35716868548690184
0.5014225450160948,0.41455832936524395,0.5671576717663459,0.37979284301335614,0.97579034876308,0.7180434648354378,0.8342947059347401
0.41887170568400556,0.5786583118575914,0.9643169495636963,0.11815849563449399,0.4588829860083351,0.383188978188965,0.5907446607628242
0.2390947701002598,0.6803492871329975,0.9667382638509833,0.33075649087679926,0.5384398828918984,0.875655271393447,0.20926171177724617
0.5292350101544003,0.9376769014512211,0.12870988190277732,0.2863565172993948,0.025455609036107107,0.15599698439994014,0.9579280394541959
0.7257779227544636,0.3812093356949815,0.6863700148717401,0.31850728491636726,0.1744228813274783,0.8899020323542749,0.3463929667465596
0.3829986229548522,0.8689274708936608,0.7846648075083013,0.18992694104453667,0.8656796140288469,0.7828636591031509,0.606018715571976
0.7870481167804811,0.8174419179810344,0.5074472362481381,0.8752766339727606,0.3659483540251389,0.9431517257012804,0.30269355601349957
0.42039845791393526,0.9842523615217255,0.20702154523431704,0.20458587391897254,0.921289409079806,0.39841474157972967,0.7696792294791829
0.5656349294171628,0.4603579182522942,0.4084020517245125,0.03800793095018029,0.7713298052847116,0.2815287358232099,0.1945367594960351
0.6088158289836558,0.2988224294551425,0.3576928098150123,0.28499637188018245,0.7070369177884178,0.8926241738913405,0.49463798508358925
0.2970131357943001,0.7452303095078644,0.7655606955281788,0.36330469245976427,0.5031233338806453,0.0650771772644122,0.06677144954969028
0.9635085702291633,0.740309318123636,0.8791204723288376,0.3099199675986344,0.828789690960889,0.8203981887462117,0.43559806154339153
0.6717242041769778,0.5171314387818627,0.17997521736898703,0.5463470538944412,0.7641349577125657,0.5179926454134363,0.9982460659175194
0.6475259658304204,0.6417656987696165,0.6549494884370265,0.7365009564545411,0.3083264389733965,0.8648590236692469,0.8767478605034565
0.6762864303791577,0.7761940489002919,0.5008526190407898,0.8507698026172186,0.9347187350512286,0.6764871069374543,0.4745910084538233
0.17340344350847936,0.9833330668682304,0.8614118613076233,0.5233092494201442,0.7947534704157502,0.048647622610148544,0.4312969921449117
0.24435564519281516,0.29458626680923106,0.3771368472937543,0.275365962199391,0.7458271110846633,0.8513212071389278,0.8005178641927625
0.08584839185597537,0.9335583428413233,0.07172805047483799,0.31388171553793054,0.9530370909886661,0.5884396126439077,0.7829973333427411
0.41343370269243784,0.10073942421398141,0.4487003762907683,0.6081520641345668,0.6668782743388506,0.09582400068711672,0.3678494450451891
0.6525901998868221,0.000431379947306465,0.3099381632056524,0.5661126389199678,0.5615645469996627,0.8548058215880743,0.24217941177193636
0.5334834550283503,0.903993395800378,0.8092146431932408,0.1748294075378991,0.03539037755048757,0.942255548922738,0.761242654066552
0.8947721360747155,0.5567347069396653,0.1598160356060755,0.973353974756802,0.8034564206558609,0.8170739999195681,0.41452785334178166
0.250456685886266,0.7249295572402559,0.33529217596086025,0.2279458289427997,0.45217185499789814,0.47248608676560766,0.30715263394399817
0.7459922026619755,0.17054971160829102,0.8745796303147515,0.4534908645432554,0.8834158681856764,0.8103344550683602,0.4459169201612776
0.25050178532591527,0.40621565815489147,0.24761421812934958,0.36634349456256754,0.18077516141223315,0.6424202612392034,0.1236253928249682
0.8691541730359484,0.21217451218514527,0.5132825880806136,0.02025461988184296,0.4342479858946342,0.323965921208349,0.8751344218937608
0.060530410262674805,0.7367196680928546,0.24068643106463716,0.4575122904079977,0.609731228383899,0.633655527263272,0.13853941713324758
0.06486854526984498,0.036336068174887104,0.5160397008040638,0.9947454106316246,0.05337817666235134,0.2630598438752727,0.9951974681249719
0.8556129971976913,0.714336208454309,0.5009374616255855,0.81410316826839,0.04283360261473512,0.7732276829818693,0.8880248621389657
0.06773221571955423,0.24780071570276352,0.5471955651516299,0.8434951642154469,0.099909360743068,0.4968793602356377,0.22822963744835323
0.5059093906065414,0.15609092372498468,0.692347936282584,0.9706544270194619,0.3598330405006873,0.0892732087648398,0.24835616710822028
0.1231067389141074,0.251440562590033,0.20267072867371783,0.524331915971602,0.11733017012945224,0.11426556475272487,0.7486266900215525
0.7689962921546869,0.7879640861852406,0.34995917308513436,0.7057136251446617,0.21606971719962964,0.5389341671576897,0.964257730129709
0.08495273775867951,0.17804159367810157,0.32958127730135567,0.008906344157223578,0.09773475894966854,0.3421256776748529,0.5709607522704171
0.32036396555185354,0.3027591213433214,0.172463062672499,0.2516128322770228,0.8131241882837198,0.3715191452543657,0.8621694893673433
0.13406093229987748,0.13404128265789605,0.04199263184736268,0.6964093803769186,0.5699696583121338,0.6961482372871598,0.9608711785311447
0.23092164931926462,0.07328370780654225,0.8368109073347315,0.7803655174180377,0.13787802676662775,0.20386614608074183,0.7174101421278639
0.6629199993598167,0.7123421108658481,0.15308502066397378,0.855766849969443,0.8795004524975829,0.6612539015308475,0.1997233714867006
0.9030053665084432,0.06993066204082987,0.41608323739037323,0.43138553003581803,0.9736734774456581,0.7793007188961198,0.3318994668099847
0.5397188359449994,0.4369758799807044,0.4657492318107348,0.7361823680762037,0.4200522630444027,0.05960360584654434,0.921674104504752
0.5219088647579025,0.7179512333908492,0.29909697298946725,0.483329537300228,0.01216006058753527,0.7647221856394585,0.8217648527506195
0.2509446867594538,0.9917656973299965,0.6112858501102107,0.5134298221076339,0.801843920561909,0.08374732190985756,0.39468525944122934
0.26602040430191687,0.37615363887845366,0.030396210005866897,0.5029686772489012,0.676366787996748,0.5914426252676819,0.8621180845146763
0.3515239173109397,0.4015559614620119,0.6702676959944528,0.6079691478954683,0.2288464329560036,0.8176539880631113,0.8651852525140517
0.2728677561607459,0.3735872153473404,0.3036358831039375,0.24960263744171196,0.5724198121476426,0.7356624871795895,0.9234149138032532
0.6213370450831105,0.8484671619679065,0.9992828271207057,0.1257427415746628,0.9698461798980302,0.24527871733318696,0.6349606823373021
0.1858387108795222,0.38328090203958365,0.09144223419501929,0.2000635833913822,0.05762759426368602,0.8043023405548115,0.8902446178936458
0.17813497495568276,0.08710233173549342,0.03429251376485587,0.40086993769879986,0.991613896779017,0.466467152585325,0.7323965188618945
0.5448380276269064,0.7472903248979086,0.12160872378974108,0.9449843928126938,0.6411427023845502,0.02173887652527484,0.6671559859158398
0.27647615722929186,0.622293353167885,0.09590034436044992,0.4703706626169635,0.9116789582394603,0.8124343017603803,0.24815223835580236
0.6216313864242569,0.9727829432019706,0.7474569414010982,0.2608316339102392,0.895806479439566,0.7567213694411182,0.018022505367870978
0.028355320295929354,0.4406754042151685,0.9118812681774312,0.023536807954431693,0.055045165694555975,0.14810399544217845,0.8531930047688976
0.33415482986583067,0.5887468532499223,0.858389955760815,0.9397399006859231,0.15550653304913997,0.261629745845832,0.4048155329515013
0.3199027842203953,0.9161363144500597,0.7170844637861219,0.03860727699365718,0.17090078653479213,0.39920983586590064,0.20348419266657947
0.13926248675153785,0.4317706765505521,0.2519850737651862,0.910842852204826,0.17816227688984698,0.6346960896953927,0.39694142305988445
0.725852248447845,0.31947902328767563,0.49589378110984594,0.4999759097183456,0.29831181543622165,0.9277096375363415,0.25761224691256135
0.264515248296074,0.4245783076764076,0.41951040340246115,0.5971699321986285,0.30409678858612577,0.8257870075584817,0.6028719830253886
0.24609254108162126,0.13653897061078113,0.6068098446422046,0.5921209310617693,0.9904313148821191,0.6694720603677994,0.8568598660954082
0.6614156994246376,0.31795049854803914,0.916259931408643,0.5175413871717526,0.3046195280601868,0.7745641926866021,0.2524101967696323
0.25128280844683437,0.6841010013335519,0.04001131520933332,0.6168555443125407,0.436253466659681,0.11202218268331665,0.6049937730054914
0.25823443759356357,0.06325363164443765,0.2657662310208675,0.02054615263231996,0.22353264101210546,0.4579862072863917,0.7463554390305085
0.058571432250632216,0.9184742682870133,0.4160973538571089,0.488648290187204,0.01631453355192214,0.7740133261374492,0.726182720590442
0.17200511738796376,0.2808000703528283,0.7925317022579568,0.010032034303640636,0.48746990132329204,0.40591492322767275,0.5247673895956815
0.8646190166067118,0.4825913187682739,0.41704121978232656,0.3569847620140083,0.9482710830112534,0.11306291862248663,0.5990385399938973
0.5324457613000234,0.7770925996821149,0.04279520816658389,0.08198317993140403,0.8823562074755291,0.5485258324882673,0.10861446940689379
0.816550557464886,0.07905927105109523,0.4587725122125582,0.7088679759771402,0.9015129652105061,0.09394270322721054,0.41585870465545827
0.7872274832025306,0.5513768685263932,0.49490116604515255,0.5678937762400966,0.09518669146822134,0.30962293684357833,0.6615553247931195
0.7669648513179124,0.31190692831669187,0.9236664634208464,0.19135778683463267,0.5004053470785245,0.4923481002641482,0.46828885597719716
0.3090638946613752,0.7467335961606616,0.41347714766170707,0.7481554602648484,0.09274515550687357,0.29515654790483714,0.4630678870776618
0.7017377568733587,0.9516948486390561,0.20705373223723444,0.6640867145870311,0.9866315578172947,0.4093557427273006,0.6184943455300476
0.13895768667586816,0.6564484217696741,0.9085900944050948,0.9978116697738175,0.7374649052298122,0.18355306503343405,0.6688443363293717
0.5373554279966206,0.050663976299353264,0.8792720981642727,0.006698161789167378,0.08561376565933931,0.7017812595863538,0.43409448538624706
0.22779764715896655,0.4554535686880574,0.21071201004191875,0.7533924354871256,0.7506601000922738,0.5447204624602301,0.2743511155738658
0.8445169045275983,0.3600759871192215,0.08091326534979115,0.0189077433958017,0.9703855284737996,0.22135151452261836,0.8983692728610143
0.4755302072448204,0.5410109951278587,0.5691282371881867,0.8676863373633554,0.2076081326310769,0.8082596505670437,0.9060377523112761
0.002537317159228669,0.3437852339518711,0.5095606910524907,0.471080003194145,0.1398208597561137,0.5612312027698364,0.9202193685631462
0.03197690855752244,0.8401176968015553,0.4832163526927695,0.6353985198619762,0.8560265425612983,0.993393359356132,0.1116136805827932
0.8041493967946012,0.13161909153720874,0.7997304066500561,0.206860665301288,0.8162785662365352,0.09531128518607956,0.6316255245713582
0.47142466868995236,0.24741039880998483,0.4454179293382625,0.6430843040438103,0.5505394233224951,0.4491917851135925,0.8312799405117255
0.39369417427457887,0.7857794578529266,0.45923845858822887,0.7523728539918567,0.864467855239752,0.5934746348461067,0.29228095035133217
0.0048374649161536665,0.607529180223898,0.31968657403253686,0.05381290232799629,0.6180393760741213,0.4805626256904121,0.7416488628011909
0.2037347042819252,0.06370494457002995,0.007461317434882098,0.9830173448675205,0.4295144576807852,0.5624308279768664,0.30181439222226714
0.32866501941891757,0.20961324759823197,0.9936009756283829,0.9793708406853543,0.0014414496611654393,0.25379207643215596,0.6964612249932315
0.8861825255824086,0.02953073881411794,0.40420925717061273,0.45133981967897996,0.039338000446586086,0.6130098026922033,0.88206106073958
0.5815346172103885,0.5492984930092017,0.0729966714578254,0.5395007704308347,0.5756234072791981,0.9140904524991641,0.45377832888311587
0.9881815864741443,0.2879773271044028,0.3198371866268199,0.7119576990122464,0.21297503527764083,0.8362836864305695,0.8357784444535094
0.9802516436657508,0.11771542428480486,0.10730061163955407,0.9878319479975715,0.8587597865563941,0.9913624286104651,0.6118156912624958
0.3446252268350045,0.04635778492002096,0.3431479685212421,0.8924815238893686,0.5772306531322592,0.15004059698556527,0.9698414550739256
0.2673922789826706,0.39426739550525247,0.43533607612468517,0.44685375364838553,0.5282062010128642,0.527532296611579,0.4581206486520688
0.9120935162525434,0.38662516409585856,0.9507874993585561,0.6944639565205709,0.9452570155343012,0.8120488195751334,0.06346855746965152
0.37980220462995584,0.9304360127941481,0.5038552724987567,0.25541577376682967,0.014780412041802915,0.45127938783330457,0.5079328429760821
0.7409682730434234,0.746287325368754,0.15587146764071036,0.3635602942732604,0.32871119084217004,0.8273350780793264,0.9152353982390448
0.6160916762991171,0.6486218415301311,0.24491992685853659,0.8035242472455639,0.25764330671485436,0.0862431804749969,0.6459674739238425
0.8228195997054338,0.7234554375427374,0.18945759423891229,0.1409266312672689,0.3138187420685121,0.9223861255431948,0.11095612801136479
0.8665102949562015,0.2581169939097525,0.6521551104766945,0.5675654953620038,0.09877091766584611,0.5369158758854713,0.23770619876605548
0.9633370926357163,0.02506935183899095,0.009307572033225853,0.9645336991219761,0.20918424481380027,0.8413639586632987,0.2298856830173498
0.5442279403539415,0.4147738358705406,0.3017123822872212,0.06292548654395558,0.07583685694966036,0.5731242559315773,0.04998914400844123
0.6088909785887315,0.6711029379499586,0.4144169601539096,0.21780955919815848,0.6147859712912208,0.7674376672820351,0.07241350493906706
0.6316357144462071,0.6252939306753909,0.49646249611301274,0.6970639032244857,0.08660012234575165,0.49614560732171054,0.20748050240171467
0.5593337508230772,0.9885229300513829,0.7645676720226966,0.2009060292414775,0.19098433100506884,0.6558081416705409,0.6578874192340153
0.09143742944418043,0.46492519747258054,0.49156736318935845,0.09714038388814716,0.7197234946890005,0.7204001261908437,0.33472822027912996
0.27600873340010745,0.3897054476722651,0.23623761593554582,0.9483890254791095,0.06281978498115526,0.01057322527840654,0.7267782924899179
0.40105862257114355,0.2954702315899772,0.5775660508916656,0.5707346881457777,0.0006088726753247231,0.7784655365684011,0.3045165834647655
0.5597422178794921,0.040145026145654295,0.23648250431365814,0.504381941995656,0.39994141918960235,0.2978108178349246,0.08633188233273059
0.03466300594925509,0.03145540043007711,0.755689733363428,0.2007663805654446,0.12512354469832254,0.39543507761327823,0.10593363593628435
0.9196157183740796,0.5653785820763101,0.9272537929477009,0.406682531234424,0.19794744771656203,0.12539723339435516,0.7316878287147021
0.6650761059393577,0.7964477273947881,0.11460689422773163,0.6188494283115668,0.27783979638173684,0.46410806272410776,0.049144831398369004
0.43341881359248524,0.3262768412618775,0.5817122021953276,0.41922113482062384,0.9110726815407745,0.2214327627778716,0.023362812903340857
0.057773424819834274,0.5775601878824519,0.2016236292090684,0.7731609551760027,0.36437070393540705,0.6215031832123558,0.6634195043315785
0.6509107167066053,0.7370245923657056,0.24986975895919172,0.06402438826401335,0.4089977123901487,0.13710192677744915,0.9497710347773828
0.5906839809793846,0.6746658625919282,0.2673313742708514,0.516961578639561,0.32556952969250097,0.9038384910657292,0.5642514762991255
0.6923657237587417,0.49152400009400776,0.29827043139594456,0.5420345260402961,0.9663322883288336,0.4311460654813527,0.09163116643673563
0.054057623513037,0.9898795000872991,0.5435539537175257,0.7606769802482598,0.14034997267780225,0.47558311972031986,0.10186276559883711
0.3674693526596641,0.31810685688988527,0.09974515442800747,0.7266351270156314,0.5924474841496419,0.2814718313242953,0.18861919310179054
0.7437319188757436,0.5147959054923273,0.015232204985558995,0.2376674064724007,0.28025528476566464,0.9824405221536171,0.4627484781153346
0.37369789357539684,0.2940203156112069,0.08902218619934121,0.699681059842145,0.10455524254323534,0.02669593914084023,0.3425363960231713
0.17649071602787647,0.8844218920865502,0.9252889363687122,0.20193139508574764,0.8963346458124013,0.5691405616923554,0.8845096351855938
0.08120763907359208,0.2986969045800032,0.1439841475335888,0.3404469733910621,0.34215457186416776,0.617609320844749,0.6463058989841027
0.9219651101192042,0.8480318851120002,0.5709159105815637,0.9417736341780444,0.11280552685632317,0.14532795906466234,0.7024159896841784
0.5757131612015487,0.0070140354124620385,0.4568330015550639,0.7064615299097271,0.16692315414223746,0.18410717263737597,0.25433476778798203
0.7717046692809327,0.7649957421988964,0.9764790319300545,0.4636590548325531,0.9995511735365518,0.11644282694246821,0.2449801508787206
0.5376866041340549,0.0966397214882716,0.9518032455082303,0.13982338189785404,0.9720802056088984,0.7930586937487434,0.4638491177377497
0.011249948671448684,0.7022950311138957,0.6244567303652284,0.711119254985303,0.5290747329381791,0.4722295306697538,0.7894369914890177
0.24491588556299804,0.9522106451760805,0.6037620084599258,0.6834991087318475,0.18986788802179666,0.6466857148059614,0.05403788106768903
0.01989458770584307,0.6051977485316273,0.8097325781730657,0.06100389298471354,0.7733612287612023,0.646371419548326,0.9981118292105632
0.7165580262575963,0.40317508523653167,0.4367925577734011,0.6650646816409016,0.30255783574381345,0.25090800923840495,0.9766868636554166
0.44299852161634656,0.6533036660155855,0.6839541674865027,0.6349788851729132,0.01307513606027999,0.6096028064848729,0.0811451889750402
0.9810751136863466,0.18655109044341434,0.2561294093485069,0.2558065090006991,0.6262200583636306,0.9871268184826544,0.08155929673584217
0.22342083653374634,0.18879682401928,0.5056097444744048,0.7669384413336413,0.6312667444237984,0.8797229117612847,0.2786320292374014
0.140459926661898,0.5615516288971647,0.3784131777315498,0.2281979187500307,0.005798620393227316,0.6210299772855441,0.6722023378491568
0.794092235145879,0.8044856873127462,0.5177460569447014,0.3147050754211549,0.10071978709846241,0.36787977346867706,0.8949918823057774
0.36347339124713895,0.23445229995396644,0.7927991111146309,0.4750261166067893,0.4224123706794969,0.1890843802619273,0.9139697408167773
0.7782285998608198,0.6642013476728146,0.7014239345733821,0.6171546081545531,0.07956926080601279,0.8532470663898118,0.8363835869646375
0.1721892191696507,0.5943343842897081,0.5305876001492592,0.000565064821728356,0.7650885051231235,0.6047715544118307,0.22496874663561472
0.7519078874456542,0.6973382707737285,0.5182556973498055,0.744604108363241,0.23762631845909832,0.4881064926258507,0.6809621704714213
0.4372769787420132,0.10679088169994821,0.03516206100741148,0.7193831949244446,0.09276270934650865,0.58375797318057,0.4092248454859566
0.6261504916434741,0.10960398153962736,0.006902520914797372,0.9035030297280658,0.6935841473657088,0.16583773304452087,0.6796438678456687
0.9989368379189357,0.007549241115368699,0.0024411776803477947,0.5293069533835078,0.8574576411579163,0.6099936970039814,0.7471693578798502
0.3049139870007068,0.6606904624491321,0.7267033614212487,0.5310026527799304,0.8656815510859234,0.07524814504999877,0.7063766608319304
0.20679443379275286,0.7476840069537044,0.6674988464198346,0.09489238293126989,0.15905902459697108,0.6524246376547288,0.6326558370836595
0.8113612000410269,0.7665141733905962,0.6272817984882655,0.4854074107864452,0.5776950372640786,0.0007419864873791093,0.5505150105254596
0.4316341180923624,0.9836885329361239,0.9211308673110447,0.4543039514855183,0.5031130960440344,0.3294068845525132,0.6812365427781905
0.3055780196806155,0.4453582312563247,0.02093069081062293,0.30079041937199325,0.5521807077942121,0.9697649687840959,0.8220365298352236
0.042344245203758124,0.8046929006445269,0.7048526248944451,0.2377620908737249,0.9480877152447638,0.5323449135790819,0.025531694012014272
0.8995646146565969,0.9799157324807503,0.7044965580483575,0.9903761494993931,0.9254012414466046,0.6879688173164302,0.658290449968976
0.14420010939572758,0.3551824455310878,0.6931069905491692,0.7290607483298112,0.09455827389309579,0.39317902098008284,0.7190625434212857
0.13063598229792173,0.3057164003645012,0.864530417924926,0.24501302116520807,0.5077152489940598,0.7457530023229755,0.21958670132731373
0.18189226327544328,0.19502802369079586,0.1443186432397583,0.24442152138165607,0.6443229909807733,0.6338205428587481,0.49696542802756527
0.6379912505952224,0.518366538674017,0.16017178445837277,0.5817156286437285,0.7969204355383935,0.6199376924630466,0.2210377032528884
0.33106591358801885,0.3738895291297909,0.20772182493716518,0.010147660955829085,0.22058565962728094,0.6853849289042524,0.5353958367841922
0.052154547542846985,0.44288591924289844,0.7877942635703771,0.5872554248784387,0.06746134236544044,0.942827908367293,0.13696470637273417
0.6566313518578721,0.7435478084986412,0.9827989108659124,0.7237800448682841,0.6595886830692531,0.28420510653930076,0.44505958685083513
0.4379323024593057,0.574644776260788,0.04435197740415664,0.05024704967778171,0.33514640339047974,0.6697352331273844,0.4188698854787698
0.41440864666266675,0.3392192205754738,0.27268396346710244,0.39763207596446526,0.36851460477956677,0.9117553391582096,0.6732876339927206
0.5512102561830983,0.9046451419681796,0.39091140201347074,0.777899335503323,0.7344658055243442,0.9925501477752688,0.875321435063248
0.9120657725766612,0.025425208473969674,0.7012602149899668,0.6137049555494811,0.44090234764965175,0.23674954266918802,0.540595438583134
0.546874754653595,0.062118906205223645,0.525671687004646,0.8280673548374631,0.32572630404473946,0.08862121781058441,0.019764270235140602
0.42542390739689684,0.050341592335508056,0.9673576407610297,0.865104573510579,0.01975298424191696,0.8561395410345545,0.567032259336718
0.16001117409275933,0.05801776031359951,0.7046962132330135,0.10912730031370876,0.6673345755697203,0.7547129408253986,0.8367472772456709
0.34513865064382265,0.5783706614609753,0.9454079861407739,0.552857645398861,0.898061889460742,0.10035915752116553,0.164890060549722
0.2511869626931186,0.15325504269005152,0.40895391520131863,0.5765556958662963,0.7286660064918994,0.5781749454212533,0.6341934223538612
0.057121028952957786,0.8951445320696865,0.10779677370811591,0.42561625956077787,0.5406224471573361,0.9326425531229003,0.603725428213891
0.6574001405017945,0.17471716886922772,0.8528020499243052,0.8122464068630735,0.8907625138222154,0.0006434654934700523,0.6353831249242655
0.2752494888329372,0.3031510883863193,0.243560017972266,0.13898103090564418,0.7842159359965486,0.9860103175716058,0.9205549825031973
0.9041012852031205,0.8228456914049338,0.817888921121992,0.9795229262749585,0.4201406093001925,0.2210344848512753,0.931229859238557
0.11183255483092425,0.5456667001994772,0.6186971657948561,0.6753730621106182,0.8286569845755382,0.4401384734685776,0.37509056931704154
0.34297160991140674,0.7403873307770494,0.9444928998380935,0.23280242841100918,0.9808050490296987,0.8058788730111514,0.010655721990032174
0.06708888110576727,0.4845923012390413,0.04248115515402129,0.27592147820664414,0.6125300642216596,0.7113740168531895,0.5456308564617285
0.9581509059999896,0.17361305831407903,0.5667752861507305,0.485283267782616,0.3724714745267539,0.692400578728647,0.690071217472141
0.13816924870111902,0.37429794203038225,0.22069107789038922,0.9156921927696497,0.2790031413632741,0.08428454844447597,0.6221269572276681
0.35224985549869126,0.3470631167632976,0.3993967629395808,0.6054243029769719,0.14254489267220638,0.4309212459734102,0.36845018298872034
0.9824914794409687,0.8513587270428259,0.4722451772363222,0.36435990733651613,0.4946366104992479,0.38733925142532577,0.23935042504159665
0.5949003057163808,0.3634859862625539,0.8309692367147153,0.3616981160166344,0.8530671719847273,0.5639850719870904,0.5079819298271705
0.027041181707998074,0.9343398969267481,0.7515403179474412,0.17017606596246604,0.6221239648638487,0.33178216871040556,0.3723764181915642
0.756493368701866,0.977696907055616,0.1579068555462766,0.26008676810782705,0.7767004979792341,0.48445924283301944,0.437033313729553
0.792279735667316,0.9665666845779943,0.7874584836382427,0.15703778967703252,0.821444028747817,0.04427828960224889,0.850661409702755
0.24536467912407067,0.30828746309525934,0.9557820162649234,0.9399422251848941,0.06994770255096094,0.23103206141824084,0.8712906532088268
0.20855146280213066,0.16044573845412213,0.14784247095371095,0.5735678261764465,0.4665926650501191,0.5771542006407764,0.01894346130971125
0.30153459874665256,0.1987680930579867,0.012257401893832065,0.3360637053662957,0.444052093253821,0.09969301025061228,0.9414625679609255
0.015487820956610165,0.3639860653070831,0.9715059307146063,0.4976826797052909,0.7323206630119384,0.5206565502727531,0.15452436829162064
0.6843634991346726,0.24037839144768736,0.5402565210255252,0.7975774515633222,0.4753082883921228,0.22283964201748463,0.7336503561758384
0.19906223320862548,0.1437317219212081,0.7497375733459762,0.14309972653461567,0.025910868926176445,0.8694801463586227,0.9739255980884808
0.009845056579401268,0.3454528794118302,0.46848642801352525,0.8677252603812946,0.21794332336258315,0.4059636174435489,0.1612476547944729
0.2743400747769128,0.8078083306621001,0.9767269539856098,0.05337880359550884,0.34297730515088964,0.393925848653091,0.6337557364899308
0.27358397477802354,0.9445138120848501,0.88052108976572,0.20146632570503942,0.3188732362137515,0.213162756656884,0.19021108032057765
0.003335111495810006,0.053634241959571116,0.8493408179094398,0.9330545408035655,0.3974888251439518,0.0033706536314569435,0.7339485782547001
0.5055653914381831,0.0010668920391103676,0.26008731011318764,0.26203681469089923,0.321869127904585,0.8515031167796622,0.9397183545008354
0.4729798618320016,0.4979642090703217,0.5321846927590786,0.4997149746786206,0.7907057049578042,0.46886975714421375,0.5928223049173291
0.2397212355017151,0.01803889543509063,0.47749461567334217,0.8923908150361484,0.32545540949426366,0.8907163776450714,0.06581196628790553
0.19603939434492634,0.966983385846125,0.6803322315179274,0.04036134164005023,0.4076074004729823,0.426268842950701,0.1408457249276599
0.50747190953301,0.43634961612019674,0.13753198209019435,0.413388047338784,0.9719150161944705,0.5408282005014979,0.7653982032937904
0.5959059557276468,0.787192530320537,0.2723216561491921,0.6065252852417137,0.05481936372806551,0.33531263601989736,0.5239325982775084
0.4351733060886528,0.14365022758536838,0.3253573274425482,0.3677142924310778,0.5064803378071472,0.1405371835800786,0.49615491111140286
0.5004690544219582,0.9482147693518052,0.7666130947794239,0.5034158136876821,0.9361092536398546,0.05203400462345065,0.4657406083345669
0.9353526139731396,0.5346353634872434,0.11381108398667417,0.9215598169093993,0.6726989970733469,0.8505583750531993,0.5057728594479216
0.36074846010438577,0.7702234396098728,0.7694400057750833,0.6261120220118147,0.8975377118858292,0.8649687707350029,0.16583859822821934
0.7663955025094773,0.6148981346571853,0.8617587908614485,0.10141389438215309,0.6767181079992131,0.481959167774882,0.12728557926691908
0.13279994898430103,0.3475517749879017,0.7405940460030124,0.13448493829411945,0.7486072012878799,0.8495467204935647,0.3376916621914108
0.08925842677492113,0.19377458203907283,0.9953682910064023,0.1049021824690316,0.8413102509470917,0.6558360426174809,0.40183963099122766
0.9249111369029415,0.5638998326795746,0.8783085539167652,0.33200752410597734,0.8413326409258162,0.0951716652561343,0.5894996851822797
0.8965073712632264,0.5410131565111832,0.5464436455374126,0.5499274101193459,0.7452648097157298,0.8284661336689181,0.22685653017025809
0.6215227528075622,0.8524198555112317,0.07458205357206071,0.7046980847076252,0.9306815262481458,0.2679826025783044,0.6747079089287514
0.34136942562900363,0.21115412793551658,0.1276078235080892,0.6743493950563133,0.920294367193924,0.1698452908536522,0.9284625738531406
0.0074226467850462274,0.10424454387796567,0.44578072151293413,0.4014332037965985,0.7508328307202193,0.24956812945544704,0.08280704321207177
0.4475967264927563,0.7969874148552186,0.36423576777642186,0.21463986473264174,0.682385317383949,0.9555559073165245,0.3576721037641155
0.04140969753366652,0.5922008754307658,0.7825604955553658,0.10498510693608198,0.7646462302501503,0.2081605237168993,0.5167843913251093
0.24712271381553508,0.5870326268965796,0.25098507731442443,0.2381011136774216,0.9107968891852052,0.696890172830995,0.9761449397546444
0.543216085755086,0.8247995797968201,0.1965716234964956,0.788016956526015,0.4275226322000476,0.4590353320031969,0.12864609898485357
0.01153377799605837,0.665695401624295,0.9318261579994339,0.19874829095589652,0.23980407851193375,0.015329313262444133,0.9676321239870088
0.7664314896654116,0.6200002525704,0.7478043238956122,0.7853314948203229,0.3667954942365681,0.10394100657752336,0.8747800266558892
0.6425705390736463,0.45633343666878146,0.5511934702666013,0.3244418952382201,0.4902989982685081,0.175166080668138,0.4106997002729744
0.3849540907587683,0.5539785841046184,0.5688748242235184,0.9125673346307838,0.5990208748552275,0.06838044937724741,0.9302799658921236
0.6834973294519483,0.6882969601924518,0.6599184813927663,0.6411063057375853,0.5152843762995584,0.8745463562044701,0.4840270506707386
0.1327646066624214,0.24673225750800243,0.27929544613503077,0.1508236322715042,0.17054233459711166,0.1538006839477345,0.9636661463326948
0.5013993871754214,0.9105952355989797,0.9313812062459217,0.8026586908328408,0.5993497457712396,0.4803200819420216,0.1645870096687253
0.8918079504356098,0.010404743025994478,0.4069306248101452,0.6601458014572485,0.5536331827811534,0.5371983567276951,0.09176107485877716
0.5131688717074213,0.1922609880151931,0.9240568240216216,0.1895334831897737,0.37273721661835435,0.11793269898442438,0.2270045900911415
0.946329524810118,0.5021440961480775,0.4934331749856701,0.7285993795308773,0.8610547584388963,0.4709209099661207,0.19385809669199694
0.19752624033478594,0.7742580352266896,0.38329098263509653,0.3117858245372124,0.448400579638053,0.9464104789911986,0.8620212598797038
0.7014684907958385,0.7983246169742048,0.638652592162235,0.7529119206978645,0.31366743390186214,0.10753724136434428,0.8095129739992071
0.9876433338036171,0.10460235051315192,0.94299160344112,0.7627957429115386,0.5467562231440587,0.4752999711138748,0.3296274476249057
0.32799629739082403,0.10737497054155443,0.18932174873339003,0.2638520156902707,0.10624699239728086,0.33073024939350915,0.7115031333465063
0.9737569146271523,0.33971054012277313,0.5061242285381066,0.1813375349063162,0.5131410853160986,0.734291095883926,0.7077438371350158
0.32707536650782065,0.7327897472835067,0.050138097435162954,0.7966770948576154,0.6749344102117346,0.049312596571882805,0.20254384821851634
0.05930513912227631,0.12986757880804545,0.7943480789322147,0.24627252865859317,0.15391211488632517,0.489881847817351,0.8771715714764001
0.8066201289842606,0.9848437701180272,0.5237246480947366,0.5826665687305687,0.796693886148453,0.7548844423479818,0.24417614429733336
0.4804165762973881,0.553693268015598,0.3817688610117568,0.07288496420331003,0.23806291848928252,0.7383085011727909,0.6261488523137799
0.5405710451049641,0.00907912187143034,0.09956658183600808,0.2682539165694203,0.3976699999610973,0.5201114647733666,0.5649343724237523
0.37752453322885493,0.6061672964444533,0.8757097859719184,0.5743534848403439,0.865299250071101,0.6993037411216875,0.4560431842556336
0.9678030400112663,0.6400115144875659,0.43312114891815445,0.4394064015555349,0.8245950465244055,0.8464086946714822,0.8543939879693635
0.9725234679621623,0.6537314633585273,0.1543558976776802,0.4345555844892547,0.21566699029580383,0.20350517451895245,0.3526197673906155
0.4625526281676624,0.10212470346306102,0.26424216896028585,0.841837729097295,0.4366564687364596,0.4003761861452818,0.08063442285467193
0.16181206733830167,0.39624114861422854,0.20695446433514042,0.7991400440911519,0.7242499529642809,0.5111875078726476,0.4860317354643736
0.021901038306245346,0.8800418884728015,0.6954868593568714,0.8363927078057913,0.5086856823154721,0.24263327915777433,0.11551600451549793
0.9258143560041373,0.1615333929680709,0.4730276591212299,0.9200335374289763,0.17049244998462543,0.7885798363956532,0.21792016784879553
0.318948301180749,0.8338821532339672,0.45910289646820335,0.003588368797341146,0.1068317272587701,0.8932705849080613,0.6535169052979269
0.22311189470174675,0.4819879466836665,0.7281963562711864,0.514588793322615,0.34535402262425907,0.58957590564072,0.3079078161630312
0.45566817888552325,0.46461887842390215,0.5762155423504738,0.2902208929221912,0.49841824863477147,0.7274649615830838,0.2998713541778444
0.5246573774583108,0.9671919841490869,0.6437452278654918,0.5302267479280686,0.603289380277106,0.2685208848659896,0.5222446202734233
0.5168602081180598,0.953487636564938,0.2897870919374981,0.5092861673083285,0.1931595408524226,0.8968809062284108,0.04298218431077738
0.4031962623812898,0.24125116722002649,0.5892416275173722,0.12838417866864693,0.735325681492465,0.6728272871774523,0.7418658492671474
0.7669855751992251,0.564084992590141,0.5857773849768831,0.2952301609873682,0.40562051009238076,0.019941057776603044,0.3994231736689384
0.21937046269655192,0.8851179035551877,0.5646026923139952,0.5198232522239757,0.4940695888588783,0.3476301973567608,0.2785466877881255
0.1187806875231332,0.5881505791239142,0.7270595366381184,0.36498841179528063,0.5325497087521893,0.5207049946338171,0.9203186716654397
0.5745561906378636,0.5954411915620152,0.03130672762090336,0.06517411894593417,0.3360836934786655,0.2696282475950188,0.627836546936216
0.4581811253805538,0.6663657927972395,0.8143244641810755,0.0740755583039081,0.18031694373927798,0.9766930527058827,0.15447744509283745
0.4120897883575332,0.27981612800368016,0.14421706057640726,0.2647850213820282,0.9187915845369182,0.8092502125521698,0.13446570024298188
0.36639460789651623,0.3081507492229175,0.7932504103489562,0.4485993202487223,0.63778602620494,0.21246402934880249,0.2470002905019073
0.0465716418892862,0.010180622062174516,0.6283405594045164,0.8776780564764036,0.8104579952828506,0.062222030135072104,0.9876248247293798
0.6356278760581389,0.30041173425404444,0.49842948449782454,0.38803251141264694,0.7336400301377014,0.6358692351230539,0.24386074844716932
0.5506188442666436,0.5455928895559184,0.4583073133601778,0.14032925452243505,0.6196987647649219,0.6295715530322755,0.5047918903556807
0.41361294254809133,0.9737442709014085,0.6186652336584235,0.7202827842433199,0.32943320275282273,0.33651995270806256,0.5255952184801793
0.24794069115096662,0.8444346600591245,0.29437804274362245,0.3343439526960943,0.22671649682873452,0.7604846748657742,0.7824228223383125
0.22307990247495957,0.871847230596956,0.751118739902571,0.13257958746155096,0.7310403040512755,0.17379716219269792,0.6839194491028087
0.3137254418304889,0.2606827277277297,0.8316267703589202,0.6818027016916309,0.9104278725864176,0.5985104750518143,0.6536670620386168
0.9588104389033312,0.9366453489211858,0.7690303490713317,0.05069432933221674,0.5858209181869051,0.5358958910453155,0.04491946505747024
0.95943187173469,0.22934462531503952,0.466444898001785,0.36667753322871777,0.6699205915263133,0.8837745627878052,0.8269130065167586
0.949594570227695,0.06927912841850348,0.7984217406306461,0.014674223462524782,0.19155408015168385,0.8888477849310797,0.014750028218148414
0.9429476183449703,0.9194375243845965,0.26795482444441565,0.9350653038942871,0.9502936809531746,0.10613851788698514,0.9823712090276833
0.5424646677974234,0.8104376899027295,0.7583134461679178,0.07404581904495011,0.4309572750601398,0.2560316048380813,0.9541323329440617
0.9223327846946666,0.5850336733003183,0.04951759975209591,0.7544566875271608,0.2711564558847952,0.6607076141765525,0.6417295303830549
0.4917854458123285,0.35863154233052574,0.8516494412647607,0.28721866594328516,0.5684240062936001,0.3818745214008772,0.6898863633121525
0.36101016340753056,0.2638599627246748,0.6829076622293653,0.1340547362909178,0.01625895553118928,0.11279701135288622,0.8348207083208539
0.6967005645340442,0.8746274973577618,0.1966604420303485,0.8638155577514609,0.7857495792541297,0.25945171133000633,0.8740836833634874
0.40587564436567325,0.49365246065867574,0.13315894997047906,0.7243918486856111,0.35878461108005977,0.7895952552503922,0.2888471167872574
0.5444381630501794,0.1313207115684656,0.4432436070923651,0.7789690133717457,0.25823947058999774,0.042016666453563056,0.05160653670952842
0.28338669144271245,0.059938026204467865,0.2902109594034019,0.5867132891852682,0.14483769352143716,0.6944751913659529,0.957906767540598
0.3457650443666237,0.5263120809649688,0.309488247038714,0.30591560915170213,0.8216527537038376,0.06470647543124242,0.3467318559153695
0.24274867910215203,0.34348175246014245,0.6684094258387444,0.22300178679086424,0.11668603150603674,0.011511437563611615,0.5352050522267114
0.986862857067047,0.22631554345102045,0.8991453258178971,0.9685330985400005,0.6301436491605946,0.7895596927426698,0.37493501207039837
0.5501447822430097,0.9689640565497245,0.36810018413624646,0.5586811712651767,0.9045475709802302,0.8935770304629652,0.22332558788337875
0.016542460721839403,0.793955463779661,0.10489371433305195,0.3301082441252463,0.7878461630759479,0.26502253364371875,0.8218431784585978
0.09276223505790615,0.41959641052570296,0.7559284646193175,0.25645574774756674,0.49582294625320034,0.7660138010116605,0.3371218173178987
0.8045534763340297,0.832684340422602,0.5380762157617864,0.18531367119668407,0.4777730577935393,0.0599886482481109,0.8002466138342551
0.11761893608725249,0.6030931394082804,0.7874664898142307,0.4937008719735797,0.5559280487950506,0.6988028937877467,0.9183384022169985
0.16277262726072605,0.9070386096728407,0.2021848756042557,0.8003047972842418,0.11372741065138237,0.24199327026863948,0.2979412336861248
0.5083210130225061,0.525006216757062,0.291512708131176,0.3330437008564495,0.8730414806276365,0.4120244254062575,0.983303553571398
0.6940192898152555,0.2584562184468412,0.668784608001837,0.6112049661555141,0.6983274796403307,0.9180986879496156,0.10251770550507577
0.06300739180277071,0.8472519144444299,0.2997002797426095,0.822364516491878,0.3993238914627043,0.10993397086623369,0.5616248098947424
0.7680959405678106,0.8566870266243938,0.35525937206296787,0.9292958092982043,0.016421985012793683,0.7276379601775285,0.5517819289468635
0.6230353544512969,0.8630801706404163,0.30690439389451496,0.19460796666938118,0.3701291367012045,0.8724260765284103,0.4111950660890422
0.5721444351790093,0.7297868600007067,0.47980275157863284,0.43743668720915607,0.2086165368459385,0.8659431989126223,0.8043356229170743
0.15635057735153957,0.12349846160456002,0.4455082479925546,0.9518448412175593,0.39023719408384927,0.9909836686695005,0.9924420879468898
0.1756475975287155,0.2906179022448945,0.05438862532507893,0.5858716648422344,0.8020383622212577,0.8079727672636571,0.34709766680848686
0.029601019519231886,0.27046757936467647,0.058252169789627106,0.9110619070027278,0.8550991662998875,0.6311788577423182,0.702793874461989
0.3603144856015489,0.8279296658519033,0.08735139921898294,0.6384744208104279,0.8982317025741626,0.48610120580960814,0.29602925990474505
0.1966055421542855,0.33172237581756203,0.32517420265173225,0.1217183028981148,0.2940060246727185,0.5382320130802086,0.29713927193793055
0.724078252621265,0.7153258398893445,0.9825612548568851,0.8462240177316416,0.7734170193015916,0.2742126763034123,0.5912286836757451
0.8053404665585343,0.08721649170150347,0.13680872084432094,0.36042180908824273,0.6553938702056641,0.9943903628900014,0.4125089672230591
0.515920884970741,0.9986218811414936,0.02405545243602325,0.4782183518434059,0.026616345246103013,0.009647724949030989,0.7375007998124575
0.08178804258173189,0.5556351165552881,0.9426166374089526,0.8544017330375611,0.18179882796654312,0.9405194843442106,0.6164180531558261
0.09259717949095325,0.35525785355880823,0.5895334145670389,0.2766286847245589,0.7324129598810747,0.46440904501532854,0.3898555444428008
0.6287009664017353,0.5496851820530441,0.16606543419097308,0.9395701353531443,0.5257020663756753,0.21780019802361694,0.4722156750736375
0.17506391353338757,0.08322634999741596,0.3179872582942641,0.37552993077394725,0.459173524014056,0.9974295568093883,0.29503097466646944
0.38388002336823923,0.5411114387083888,0.9488517687275386,0.5592356752733906,0.24232981584656466,0.4647916714890139,0.5987391270323469
0.4311197565967032,0.955014926235354,0.7777951660118,0.7296638114577841,0.8273235486378434,0.2517474123307136,0.08052495233214407
0.5531229044306055,0.549872481930609,0.43237254031635897,0.7718389713600687,0.37491390177370465,0.3994078760035066,0.9385911436347525
0.4755725565845752,0.08563072267928873,0.816002501543281,0.09038319137345485,0.9564362502695377,0.30870493445606584,0.07084432624242598
0.6668365670542233,0.31738677940995086,0.9432713428178817,0.8179113328546899,0.40358465038812963,0.2979503788472345,0.06250878007736904
0.37629461398702546,0.9210900345437524,0.6256706998769789,0.286223050221015,0.8387585467065454,0.5379680630915489,0.5244923406382307
0.13561799123920482,0.5931970619437554,0.26604689169375006,0.08543237804972681,0.09128571316734535,0.5744906043255738,0.016841396780785223
0.1269357970700632,0.6798611308492042,0.7213644916024035,0.7772639882327201,0.8180562238411054,0.3779265434285697,0.7660867213925356
0.5553363418189038,0.42764596146395717,0.910380098514351,0.9309811056981097,0.7815351512259318,0.7459650384525607,0.8015730731366864
0.6868736427945329,0.041830817292707434,0.8605678956083783,0.685618258620899,0.47313579823371643,0.07984004669656675,0.3683040691014404
0.6070358968954493,0.20507059326448018,0.5149682153748285,0.6038667429298963,0.4549060709119165,0.2616261749907409,0.7620127626851452
0.3830731312645903,0.7118058420985965,0.6496200000718877,0.5069151276414452,0.9532903286507338,0.6711800966759627,0.026193460281223047
0.6152450919794179,0.2752585511564942,0.2763047654687242,0.3901285934813119,0.04965168156252919,0.7655996130878517,0.04765717687710591
0.6042525882769839,0.6709237348324602,0.050594583219905176,0.9674118583777725,0.03469611968145336,0.42920799654075625,0.40278288479226987
0.9163488525941335,0.6727051472124144,0.07163743531524391,0.6985268583075285,0.8454623781337424,0.14623747669425824,0.7926560479567857
0.8173438185997287,0.501301704749106,0.6096555855622277,0.7924252188981249,0.6085548570357163,0.22857164679451636,0.42637812761901306
0.9781804341584787,0.6279084104314617,0.7485738646610813,0.7532168459252365,0.5803754199257347,0.5832553058349718,0.36951390336544054
0.27599411864458645,0.6212254566452289,0.4354039514569119,0.38453172856360907,0.4753121158739566,0.3190807726941103,0.3295708499865344
0.029866381263307873,0.3371985984775703,0.7258338095264522,0.17321119130964813,0.032438960740399425,0.08010583540060767,0.3576293808564076
0.09287586743297105,0.31272738367842734,0.4049097656395415,0.17878041803496303,0.39313517978588053,0.07660417067458192,0.5110483010719413
0.14142216828376286,0.9892035784690288,0.897995724892576,0.7097070058700834,0.029516371184793888,0.7927606236335335,0.9485479748589977
0.26129950038053174,0.0811748969778151,0.40051307984969975,0.9468179851429921,0.8623886280546905,0.9159305378170388,0.0385754593616594
0.30271062999218623,0.16307173032815836,0.7148506007834718,0.5026161359937347,0.0105767419461128,0.7178117445534457,0.019445324897216287
0.0419513216063806,0.19273164992662561,0.8111868256129229,0.37322053394407717,0.6181591251631837,0.5593746864757804,0.21091282584894255
0.34614746364537385,0.9460948837283346,0.7687963520622264,0.13669746496319857,0.29642121411024847,0.6742130855234069,0.09309633356323077
0.44567816413855255,0.920520166492301,0.23021333746945094,0.48477156065415705,0.08311384387384091,0.45089551657137006,0.6524120613270671
0.3885170647954945,0.9856418294419094,0.5454912084868616,0.4858879376504196,0.7565558878962076,0.8998211491039811,0.1080720563023918
0.8379118129163927,0.7736044209750008,0.09030063077564476,0.38413493611947946,0.41557373522191277,0.42364327364812304,0.6318095826533008
0.25444448142989395,0.8891340245838539,0.41854065515486316,0.3151308865765604,0.09422737672647352,0.32951828551988926,0.42907459555605854
0.23525128855505795,0.04885732563389644,0.9832432819541317,0.718703218733036,0.49083541898683625,0.07093362141318282,0.6324305653594351
0.921371124446976,0.8672689794885994,0.06609470039206122,0.6499811914099368,0.5169771289757015,0.23509448582882508,0.6514135431684371
0.20718195152037466,0.5782565678724163,0.8915477594258098,0.9086846071395785,0.3197246947412673,0.3674361552323402,0.7660610920666784
0.6320837263660674,0.39254715996267553,0.5366264059799635,0.948855779011161,0.32459495968839613,0.5838364686284813,0.038088203634078166
0.8798528758680265,0.24186730820284819,0.2749759492256978,0.358401914371677,0.21984745174118514,0.7029793023143454,0.9808573972540042
0.2352757100872298,0.5224497939104806,0.8237900331055285,0.23285000024013247,0.5463582491631168,0.5471597716994496,0.0821130981634508
0.13682312398938623,0.061116917047179475,0.3232386333192723,0.28753490510105706,0.5026951055507577,0.16692484947857855,0.4090085658852609
0.1218569281866051,0.06572365384940959,0.3993284069287656,0.47926411957803494,0.8747126629807904,0.7079316981559747,0.45239854412837577
0.20285707372743012,0.7054494034451231,0.8836414713204518,0.3068658524183955,0.25887812551867984,0.12618256616736723,0.4893146795586627
0.0570729437933577,0.07744026532320247,0.5299062275204797,0.19677327602908112,0.5221833307048402,0.8080623707144668,0.39709293734067164
0.13186180789721547,0.3969593636599196,0.722551124343703,0.11204850758074347,0.9795991379470292,0.9382056549064008,0.07590425752812957
0.4307761377098529,0.18877596194525048,0.2280116328012637,0.49167947266684486,0.25605060293318815,0.2588307565505117,0.2884365232515428
0.807228849525882,0.6647841335506397,0.9940795126354276,0.8339791879347194,0.15085923935620738,0.10109880049010056,0.35164775806643656
0.6929640344207764,0.9831768942524973,0.6341535538512103,0.2883695102335537,0.9452035926983197,0.04288114614843597,0.9659155888415485
0.6755151096341582,0.34366838066839456,0.12664737342673327,0.7058233096056742,0.6152552329515666,0.5270186666378133,0.9250204627650951
0.8215907960476809,0.8084751966075513,0.16624889394431452,0.3977088857659681,0.5887382903355,0.9579243532501359,0.5833070788777898
0.652309141282211,0.6747522608608116,0.003495180521511765,0.44433240069836377,0.9457650884677491,0.7548336154304855,0.6491949107542427
0.5291394667126194,0.8602153983645685,0.38329574236544817,0.08300999136682918,0.5969401817960023,0.4634644450643334,0.9632738596114242
0.6307263752374321,0.9522704443115596,0.7017638807781734,0.7528384251125496,0.9061530063532844,0.5569680880580584,0.1294809736592467
0.4284809871908758,0.778497320621802,0.5417188209844254,0.8937453121137151,0.9798494803643584,0.6966282440769413,0.728747236429547
0.7885665492830972,0.06256076855511428,0.8605479713526989,0.10250010290393063,0.676121135154129,0.01800597854808117,0.36645982186726256
0.8088209723986396,0.7686601307998736,0.7900527097164417,0.18281149428538557,0.44889278712917025,0.5518260689544491,0.25928638801168213
0.2211889431786519,0.6084635204688273,0.023344520603799546,0.5914481220517764,0.36109776612501876,0.12190512137548537,0.4207704213364222
0.04973832791870736,0.7583783529271071,0.6804454597834048,0.39621265191997157,0.7073031504881894,0.3646978364786513,0.308655122682277
0.12838996147979131,0.183702092803263,0.2249292380424679,0.08376878896307605,0.05743832899418044,0.6199763734481072,0.27423479443132126
0.2801111548668599,0.36510750237013345,0.8830231402755687,0.5758281653672344,0.17910306403488363,0.016436097831966867,0.1982976727710528
0.8428298898925323,0.47949140003887625,0.07336263757556749,0.22122361882521724,0.25501781121334466,0.11299859823590808,0.807944775681758
0.9520308617381397,0.06302818314657432,0.7854366445969057,0.9670747396012803,0.5219228053817133,0.47649543329619415,0.47008792407002864
0.9320511292196348,0.7409049838555,0.9854100305200182,0.7059250566485895,0.3789129246532428,0.6618597592056665,0.5297726217377537
0.8302323081344714,0.5897021630927134,0.18529282975049421,0.43117776950146747,0.2950843869330584,0.2694825945734134,0.8116279157034119
0.11890485342031754,0.34076936750242326,0.38147248893023855,0.23049391811541697,0.6060016887158234,0.5113896114631128,0.47814137487886454
0.7056803909097754,0.1862481463433613,0.04326266340237006,0.7361738592845117,0.2734411198497041,0.5918471151665398,0.3883833786300117
0.00015744921758054087,0.4921626187026905,0.8669197222770664,0.47726394069408973,0.14457224892051224,0.7903872051540605,0.7298645842052571
0.9193727227123538,0.3557285616302881,0.027370570028231955,0.4055012007771859,0.30348277913186605,0.9239767193189392,0.182644377409661
0.983944836550649,0.38545930767546566,0.33038144570916084,0.9203297475448315,0.10170820776014633,0.13821879028813777,0.3198795592509869
0.7619478906825478,0.8079393620048135,0.2450575883329944,0.31746586793121523,0.8083154545642913,0.8314313866158012,0.7563408109311902
0.004749558962840794,0.6421737763861258,0.697275511084357,0.764232485590969,0.7721873020050013,0.6749712948861286,0.8604091848784559
0.5689678354133457,0.5229969685037964,0.6692235375695438,0.20469231277543187,0.2766284845706476,0.5191715063463016,0.17295449266576013
0.015299888539289208,0.07636300400697305,0.321066890985544,0.3251042833424318,0.22626844843961835,0.16752671239570938,0.24382367960090456
0.36931357004191434,0.8193838217366443,0.027162777492550583,0.13702477394965507,0.8211959080964625,0.09939804796485707,0.13541627211857243
0.374589614353106,0.2590761492905478,0.6277739505989846,0.766692565145348,0.008064556068956064,0.3913426964605342,0.5421768213441006
0.763082393074478,0.26006868551411466,0.5987591277245111,0.1881079951547745,0.8589588167410775,0.8377364771617232,0.9495534379867846
0.30620984267687046,0.768033479518038,0.30177855559311106,0.4984726800318555,0.2869807733007844,0.44993385230665717,0.45892652165091496
0.2957375949345247,0.28655532259190253,0.8547076481816275,0.9283674849361345,0.33227556850458684,0.3179352158903689,0.24403043655969137
0.34002826493773575,0.2371978841632021,0.24908326932971758,0.5378525617140073,0.039393325656602585,0.9071832133816186,0.9883113625608977
0.5108115216467812,0.24359868426805664,0.394336878658763,0.031479000329747375,0.6742623527541477,0.4761501938423015,0.4161721875056975
0.24723502593407032,0.5517501404420844,0.2914565670640943,0.43022134467078355,0.479544339514156,0.19722699860672233,0.50594273101996
0.01762616636563963,0.8227144651976271,0.4882021852754709,0.8732222478602003,0.06477066894208428,0.9159891259576429,0.03544643489074839
0.5259718342715411,0.508401779487676,0.9717158431750641,0.5365533850849505,0.47306210312677066,0.16410190259606205,0.45998655887698225
0.29708680064555415,0.6603122877088621,0.3142337961645577,0.10298501322002807,0.8271825963108983,0.329000865586319,0.05635609517451945
0.8649588430245613,0.4803854453533062,0.9675979577605113,0.9213893318516276,0.06849826943233928,0.13228498580842685,0.047420105096106946
0.181808595131016,0.4870069425743666,0.5291386336587158,0.9311894454741305,0.06286867225026693,0.4879491138498747,0.8761745843625921
0.0287562862497861,0.23595160603862741,0.2953466406174491,0.05410107989780111,0.3686954530607375,0.7857421311940775,0.955172538239839
0.5442985675770001,0.6765767221490203,0.6444537194066033,0.3871596382989779,0.4828088404754026,0.95758661531132,0.68279466743724
0.4562492984108366,0.2125201168394235,0.31198440656994597,0.5693570083013639,0.13759661457176042,0.42496144380912937,0.3272689921598215
0.003955065202034369,0.06723067280489037,0.13832520223398304,0.9825079496892019,0.5229157797980951,0.24017368597017963,0.8111245103606037
0.025079337550031666,0.22007751541142417,0.8951370064389549,0.6342874913738882,0.7628385417927087,0.5198468637812381,0.3657697328850048
0.8833253240603745,0.5645749306575392,0.4244601146831223,0.6882056914040016,0.24281897785344153,0.1882362682057196,0.7875796525902058
0.23346312255785262,0.6496786654775225,0.8831164114022234,0.0005478702444442485,0.4361390264921514,0.9648602546203829,0.10257160166284152
0.05666085372341256,0.3850408371021752,0.26189323916311547,0.18840593132088812,0.6513457862731855,0.9582842726601708,0.9565356939571665
0.6818697305476483,0.8358132632863688,0.7183293929907454,0.7736627521753622,0.47149809222062455,0.04957764164352607,0.6175153126770391
0.21042630738840384,0.26714084642353253,0.5742627778735291,0.13604786995566298,0.7891716913426845,0.834683721887995,0.4952980651928043
0.1461626322114662,0.17717578563375735,0.6488832702164268,0.16740627962833232,0.1365464585776538,0.07344629888200838,0.9116767653865101
0.14506194718381382,0.7797120011493553,0.3867880274985619,0.5847086085677875,0.5092749030486463,0.49777982039211566,0.0913227224933928
0.539306088372986,0.2611941181740869,0.3608335532105643,0.9307593484555141,0.7236508526643671,0.5903629362293722,0.7283772875474421
0.027305340653317356,0.21497935149707403,0.47074367129914374,0.4625119264726345,0.6284692631160945,0.5595238558386666,0.8501656973062883
0.2668035923902924,0.4467320101047243,0.908379486946596,0.32041036583739746,0.7221450009307142,0.09411382364758691,0.6188418613947388
0.9773041399537038,0.8365193753380559,0.4390325763937808,0.6358097248150465,0.2597607300316902,0.8319626793307888,0.023078618299426257
0.4765635561193112,0.9662242566154069,0.5722528339697797,0.8937222990760266,0.03265227385346825,0.34467646612001757,0.11918016854181235
0.1956165785618207,0.7580406193635374,0.9200728286231084,0.6272252001088859,0.9223982532807014,0.5540912666277666,0.0444050211480882
0.06998763947116915,0.5991058084788485,0.9141157648038375,0.07618091690959428,0.6740436747937024,0.29222889698130416,0.5551036681800436
0.782095285582065,0.9660612650117331,0.20372794971137098,0.614270119008662,0.5622377740383988,0.15028659149996515,0.43508491777375835
0.9554399103512834,0.5082353144135867,0.4716040572237712,0.4263952990316623,0.11343579318459018,0.4758348082432172,0.16239939495925448
0.930415885121815,0.717309778757791,0.33928602646511385,0.0913598374423068,0.8622618662077478,0.9859789789659984,0.674250386169857
0.40788848256746746,0.2892163740455096,0.4521964657286356,0.37281195137098266,0.6107439785709163,0.11482514825822343,0.5960217281421166
0.2461065175245436,0.029677465895825317,0.7792302269335596,0.3380909745387948,0.2626629516076181,0.8305149897660898,0.31611179261849764
0.7543911322140916,0.5190136894000912,0.5131297080062516,0.1946755487689451,0.9822491244047563,0.47099554374069774,0.6719435867751399
0.8371923175872045,0.09545857336455399,0.36575189457630364,0.11973748203897017,0.8668906754985606,0.6006083661687458,0.2781404129674274
0.5517788785998848,0.09605196590001441,0.16509666753637464,0.8690499332568046,0.8017568040594953,0.797060581990051,0.10576153963537283
0.27363861089977826,0.38852240267621874,0.6240144606184772,0.7404441769328387,0.7340803742389179,0.8255284276224027,0.541838135069142
0.9583463730299466,0.7749065660298584,0.39918997551395496,0.12154421559441753,0.4855789124279044,0.6831284259370375,0.3741349502907104
0.8283780295468655,0.905671535937255,0.7684017344532159,0.6027062587408651,0.49222470449413835,0.2150961598289447,0.422563247505095
0.61778059746544,0.6068779523776332,0.30894730446725727,0.09224721106141998,0.9628895618354248,0.9713892174723024,0.41294761359662846
0.21922401928077073,0.09408512777361999,0.6127788456806386,0.6409617514657375,0.6333174456461634,0.47751138831872786,0.5033710824292678
0.27502881038046223,0.23983068154042753,0.7552449534303632,0.7232523622683296,0.6368226341250088,0.8299853120648604,0.34698418525857966
0.1575002159886969,0.4312171647846187,0.09974659462361324,0.05200906743385392,0.8907254286696202,0.7329451387140622,0.8413017625232242
0.7435031225194473,0.068344140993016,0.08515826652471048,0.1037574294406518,0.6906239271458633,0.5774671882566876,0.8875315153355707
0.7427743929439499,0.4126789267503047,0.7153846766120491,0.6792730838921703,0.5599671678395945,0.6647353031335492,0.5326396834456166
0.11071815077613856,0.48650815378296086,0.30578751388300207,0.4503162550351779,0.32896306590070556,0.3247406085963228,0.3487905678426997
0.9654419314326924,0.16504384898777047,0.8757302035654897,0.01758423787608565,0.9507631964817285,0.5996662534057144,0.9697477538931223
0.29169084995145056,0.8557922259536236,0.614063038119779,0.30539367029446385,0.4974912511239774,0.884229059431014,0.3257780707213517
0.9291078211534964,0.8814803078439274,0.29769512431503,0.6839363514237305,0.8092494739802011,0.762849535580722,0.6441898904229144
0.7821786997380683,0.8751448016087877,0.5327387247145462,0.46978161288726505,0.7352564537355163,0.48093104812950105,0.3345482884621649
0.7834818042977572,0.9365761993287842,0.07640602811685038,0.40201486561186395,0.24209238661665344,0.28587020036426425,0.8759031739558686
0.9369974475739721,0.8827586117692174,0.9206972345405032,0.5967731920121931,0.9762013714323129,0.6469532276275701,0.2790889561921558
0.5265186536121875,0.7429856865092179,0.880781564982401,0.7545767478414532,0.4417356931465236,0.1523525959390618,0.12583572308148827
0.21398200044635063,0.8811555499210004,0.7286819696734576,0.31009802867699554,0.538799326818872,0.7493513732241799,0.6150347894563979
0.544739507137888,0.8232322424099447,0.6661123447809055,0.6198846479123064,0.011847878697498926,0.08871868032670083,0.6483823602136844
0.6493410320697633,0.48144951890384335,0.7905003906129979,0.5327121612450438,0.3964893013986076,0.3587092880087498,0.9567908221804143
0.09925430476910568,0.9018538068143743,0.9068076776747782,0.7940845106855006,0.7902108118798079,0.18722413649210534,0.47363798487751274
0.336794777028684,0.239191527448546,0.8850347398146782,0.40770725691540377,0.14731652423572195,0.23674245091546564,0.7282758632912855
0.7988272539630289,0.7283758641055436,0.6398434215007225,0.14481956495703519,0.369068314130518,0.07600664341552366,0.7899482989701636
0.6209376369358677,0.03634603765934896,0.2051985088662096,0.8821203409609473,0.7008181822336225,0.5081344196159698,0.9971628406533175
0.6163031161632394,0.842415527702031,0.047137731451190934,0.022367723467286882,0.3885434316348265,0.7054721602358698,0.5381439526751339
0.8280700268970326,0.8139234483731429,0.2663300088093643,0.11576228001850541,0.18390391911149184,0.7178784773982504,0.9522369645228409
0.6234318987287727,0.8104876534478993,0.728146976425569,0.6983735221264366,0.45186444898572986,0.5787701833940905,0.45919570844679947
0.8834033779782393,0.5219209196013133,0.43691832139063624,0.48323857009642535,0.9834139440871199,0.15058506963771867,0.11103826406582828
0.06093817664084966,0.7680376164711958,0.22372119301091065,0.6220048460519291,0.6294435633083519,0.23201425310517332,0.39495307534493873
0.19481647574045358,0.4877385413773143,0.8298182533678512,0.9533998704377927,0.17177094391658498,0.1128099437523783,0.8876986607598101
0.29179060597972173,0.45014433436527324,0.2772270895509127,0.44117835811064143,0.41262461757574587,0.6215146762033901,0.969546458856764
0.008335165097876907,0.9840399198850025,0.9346836327002049,0.07379349759049803,0.7910224769424097,0.2824272463131706,0.8899172452909451
0.4553130453324925,0.8863000016688863,0.07585551389156597,0.1585845467164988,0.693530193930509,0.3114866402988077,0.030393750255397478
0.4696591517170535,0.3824755866383165,0.30643675220487576,0.6647983983928777,0.9854333177127581,0.2197767316098117,0.7193883915557766
0.9475129605211867,0.9501804285432858,0.15266112824134714,0.329308039498332,0.7877825236721494,0.15599085906387022,0.7040949912585438
0.6544726259398558,0.9051653403270468,0.34131204389450187,0.553771810332509,0.02809301658190122,0.20301591419919163,0.011680800891972432
0.418484717981364,0.9598898848134438,0.6180248246192436,0.3098726295507165,0.9203257849302483,0.8914475969766765,0.7641725445245983
0.44118967291221756,0.1986999481303956,0.4248008311855982,0.5097565657482788,0.01011405237707641,0.4006222044070954,0.8553201698374823
0.14027056949562233,0.27934152940660684,0.09757738468314558,0.572017450174612,0.3807084247035981,0.13251884840508077,0.8678573211285668
0.8443980865742092,0.7086645961875798,0.9471046603191025,0.7973593142008699,0.9107968622334736,0.9408680830866554,0.7964917809476745
0.34661614203748103,0.08714485779858405,0.07485496355755072,0.09847573494812367,0.30961364813517334,0.29221227105144454,0.7280134768956928
0.4229739662599744,0.20168242570659334,0.5301704385128875,0.8546394134233033,0.09108682365626453,0.4426198156908411,0.1685461581998342
0.09851701971465465,0.13191178007461857,0.37031683049718833,0.4163998500083942,0.8096193769506344,0.9792725188951259,0.09149870669808147
0.05637771939454872,0.7962992032037579,0.26458591809941656,0.4808179938847489,0.43084266645791036,0.05100435226838329,0.6397481900523618
0.6058457636685777,0.7360688587955182,0.7860492618470187,0.8048169627986529,0.48765787578953435,0.01685644169520717,0.3755715664257585
0.8027808854384589,0.17549411828666106,0.5719480714511016,0.723428389777645,0.7355230603540676,0.4560296456042926,0.9817659360135702
0.8976304378830435,0.29149421594701475,0.214564860873803,0.7975446752077403,0.2654671162743284,0.32354176793312184,0.6041384379827505
0.04538855925254115,0.5090143606098632,0.5577837283705993,0.5034122335990987,0.607947758369274,0.4900362146640618,0.6029940613972959
0.15554087064799638,0.7273240585113733,0.34964276489230706,0.9236043020913117,0.5999103748800716,0.1831347744251991,0.8500621045866065
0.561913074376748,0.8801899297568485,0.4164392188593311,0.08325138112212971,0.403057956901709,0.6287731383287128,0.05833412187439391
0.5865535897070273,0.6723953034107721,0.2519975475687354,0.7661912992239885,0.06856580418900926,0.16834094139055322,0.6723720726990728
0.1158400098803567,0.9349465224567121,0.7816211955048498,0.4900911721887733,0.9105093998380218,0.7649024452893926,0.8531057516589192
0.01943955221282434,0.9848404104999948,0.61289729588124,0.5861700795018039,0.4700259933064821,0.2115184996072068,0.02710157038946237
0.9594508120130955,0.47663765319473395,0.832158540065775,0.530930478073599,0.8271309632129378,0.8846782183826388,0.6577676847635412
0.5132915808609214,0.7576676953598631,0.6026730316166239,0.8161581260504948,0.37848310966464405,0.5545219973009067,0.689086939183861
0.6696291870523847,0.29756780240372727,0.0936452259178604,0.10191841223271281,0.8232435293517327,0.6116980642740741,0.9050367942389164
0.19956604394986488,0.8434613897551035,0.6679010798922066,0.4641198456152411,0.9226027941735071,0.8560064601907433,0.47246229327205047
0.49528983308523966,0.38214798038882813,0.7679871851804858,0.2887166768033481,0.04968811636173487,0.2190127953243063,0.3928996853342469
0.7706793268551801,0.6636427801533217,0.16240361254725633,0.7676624538815082,0.09246322711384836,0.4717732717202955,0.6013103553986967
0.7069378400492584,0.6047942709633155,0.2198687303830893,0.8865280058521795,0.1066983470960291,0.11429494460934964,0.5310486130371478
0.46142187459010986,0.06028592221866991,0.14224655363729388,0.9478864578671892,0.7699623972046172,0.9970810853668072,0.4881060918141832
0.6565722582109108,0.40259574425033295,0.022671074622593324,0.4327800856301275,0.9225234841152661,0.00517595319846198,0.4694062061901195
0.6833158166070635,0.669462592994046,0.46143695080233627,0.40247913951531444,0.18817504074774172,0.051100763730715704,0.9480373816499007
0.9345771426658156,0.17509351954008467,0.1335805669744895,0.8728561156999014,0.764856189893564,0.44312392054376903,0.6321473898337125
0.2731638681233107,0.34600966204902184,0.11922277860125852,0.12575717024706445,0.10455599114515324,0.9127193094915589,0.5777759486799718
0.5473378295551142,0.6187639239327694,0.20480613433623118,0.6772230007202193,0.47516115496620037,0.04212075951538319,0.9383506362281349
0.7439728927985653,0.8902586028533785,0.8426696396124584,0.40068676726546393,0.09276797208309473,0.88177031037267,0.16642501316230007
0.8195827700961651,0.9561736762657739,0.6846313973360204,0.7301440184664721,0.21486560835695845,0.4504719350577613,0.23636401831235854
0.2473624661282776,0.9570170096298479,0.38647530682130515,0.9042660944647982,0.7870299775367499,0.5670397674766188,0.4995740978810419
0.2968249163160729,0.7659000198016663,0.5746226721951783,0.7921876465086748,0.9561187531239476,0.9001985687908621,0.724742277328557
0.5449916305720062,0.9610790023630681,0.44531913359033026,0.7514677237020299,0.7176322578773575,0.4407623375835812,0.7084427254432876
0.6265149562277242,0.8553636274259421,0.37706222202105877,0.7494708970613393,0.26098867123251623,0.13131413792953217,0.06848889217801513
0.4834858675774776,0.07272437296409939,0.03269610600723549,0.45000750502195597,0.6173156674777468,0.9900429592685441,0.6714225785732633
0.2587555802788004,0.9691574527772338,0.15065224979572744,0.454613880311435,0.7993219451075719,0.022444243719132784,0.9517217834070923
0.02083808129995801,0.8449521175449826,0.3491296739289602,0.3446328552093245,0.44550644260528494,0.6374097561716203,0.40953766674243497
0.6751596424889225,0.09182246011193596,0.814763302345018,0.9530015031139455,0.43147101471702554,0.3509422473813453,0.9705279683691488
0.9161847208566094,0.7305180609240438,0.7587325647022268,0.3287898859795101,0.10358742656419928,0.9990020663475772,0.04689612110699082
0.7090038902363757,0.4195437584271826,0.407120926709298,0.5861614045361272,0.0865502763995909,0.03984601675172683,0.31029107368342024
0.17201408260189333,0.6756222375421589,0.6793699487999351,0.4771811000070443,0.06812719483503782,0.8732020278710805,0.20214387352365315
0.6219830141791779,0.39118647711565535,0.9663506538445101,0.07030227419517399,0.126029804897134,0.5992937095924177,0.6335235237533522
0.36466343579127947,0.9960072985265531,0.5972407072753403,0.6755231184394977,0.43802043330059837,0.8654017399717525,0.1843292463252627
0.11120958501937106,0.9685157586862193,0.028549219814820614,0.6757324714670429,0.15955764766507397,0.4361049381711257,0.3897782622008844
0.2744887237080412,0.7023710241471357,0.6424885326652184,0.27034277003121154,0.9063680177836397,0.966703801426039,0.4925085546458746
0.14126098909820384,0.714564634232467,0.4200634118364409,0.703420351508403,0.20806737848619483,0.5818295263902058,0.34057273907053454
0.7253780967754863,0.09502448525124352,0.9811121591635905,0.45117141795740767,0.7089838570680633,0.26533926060796276,0.37195280324259383
0.41258851925075124,0.867082293750219,0.6609701082631707,0.6994889521472716,0.23360329463551877,0.2551348132621356,0.7714031427772571
0.4079754636301016,0.9650681063936817,0.15991076992118547,0.05948347624696748,0.04412668229285477,0.2032090124922148,0.48641733122688946
0.22721054363554283,0.5297332066466675,0.5421029531652036,0.46776928190038736,0.5971063908693355,0.29073240574272974,0.4976762367182743
0.32525627193952344,0.7514514970273186,0.7131024178318683,0.686711846318032,0.19559197743471735,0.6792917122820055,0.6049819611141867
0.7734901756546799,0.45301473337112597,0.7075998835688763,0.792403714230469,0.7089018754798289,0.20177228793305169,0.4273417510491373
0.5352035159753123,0.7384113642916053,0.47265026844590574,0.3090028968935441,0.80277167672249,0.13109056818723785,0.9661482033560957
0.317586894507501,0.6856848680030648,0.6162343121230909,0.589656987504096,0.30353341625352137,0.5744974635886011,0.169345482608372
0.6761231362498764,0.6547686460481453,0.14195740189745343,0.7576709737125025,0.47669500078268545,0.16575472252521506,0.6124854356597503
0.9957598619530801,0.7717061266816855,0.036451405893516475,0.40685370458972725,0.02452531327649765,0.866026751754143,0.9257569698582356
0.5965151955958868,0.3725224084497172,0.11666287223676708,0.7201522673231701,0.16238312318589754,0.6183807049231242,0.5019929372134532
0.016126484177503064,0.4443127855397757,0.7721531575095141,0.8655503173169283,0.11832105443777341,0.4132264357314953,0.9092052286190323
0.07831416628210486,0.5581523189592597,0.07360658448985746,0.19412669047155895,0.3469289462839853,0.3466162933241498,0.028061629799845056
0.4078066482149708,0.4045937647992508,0.5875471942822527,0.7555774412515674,0.07200501163517048,0.3353322195360253,0.3830281498281731
0.6813005796215394,0.9807993946012058,0.02735893253736954,0.4836247671382302,0.7597608168168811,0.707880168135437,0.8037937298057469
0.6509615786926602,0.9063520003619145,0.9040304950987449,0.3106035843302438,0.20439637183189063,0.48842391206411817,0.99248983770782
0.6106073319730982,0.3614302768555946,0.6995376156834315,0.665876167713724,0.6899676840790344,0.8735376737768983,0.2170477046615754
0.271060999881107,0.5537781863234102,0.7237931689829721,0.3124410321498019,0.2281132659559254,0.28601411045003766,0.9165447859073986
0.8055297130912265,0.4652620341970811,0.9664888142999124,0.4097038726245802,0.2933361457360706,0.8215402098631278,0.3245906637234215
0.8242063981734968,0.7922232592452341,0.8742599568915133,0.4803775640616046,0.716014421454266,0.2409093034987706,0.10674769526006345
0.7012938360044079,0.2404222829006306,0.14528623476274205,0.08004132520679896,0.35245060430941766,0.0473746365004325,0.41872142650275623
0.3518664876037495,0.7043012552297147,0.2050890599995706,0.49294251402522693,0.6934028873398044,0.3398834242427361,0.13939768897251004
0.4253385171031808,0.8709686590731621,0.2801797318546314,0.4211135198388669,0.30030373619822504,0.3166625948698095,0.738531846393546
0.9829400458396873,0.3672387818222872,0.05013385604025411,0.4981433741404482,0.522545280451702,0.35842824368445547,0.44950699686676476
0.3720501160652505,0.6581816075051428,0.2405675557562751,0.9779613472384755,0.01953991670420585,0.26238176024001136,0.10417599924205012
0.5027478530490784,0.4736942763573816,0.02679896776121815,0.7275298942276337,0.9953016028939106,0.7130265203844902,0.8353868045972335
0.26678592212963836,0.4830497598561392,0.735568917504446,0.8744433329269259,0.038148712653831796,0.031755244445883846,0.620048073461713
0.4688471992587442,0.2802796771165392,0.528823955596259,0.5370235871949071,0.03157739861115305,0.8762121254313177,0.7000441028216976
0.6975050671022631,0.15408127239375013,0.5044494952749992,0.9411834322399012,0.518402276207854,0.5607493725251823,0.6544787764966793
0.31674381884487834,0.6829409543494313,0.47120510338852195,0.9808670944039365,0.17709078459372551,0.28322592817603254,0.2889026504275377
0.24820867821148507,0.05770867787328504,0.22196929192428105,0.1094796433025923,0.3328757938350121,0.14110443036088116,0.13533234648976356
0.3501337180090124,0.4460192635725637,0.3737969412422457,0.2450985516653693,0.4867436873008305,0.6226059745599587,0.5525368088447448
0.28936598414049997,0.5488428359098448,0.5979171805612793,0.769862111721156,0.44898938541758937,0.171307453065199,0.4717174016037784
0.34356829295755764,0.9245620968627942,0.2689850530976675,0.9357878913529134,0.7704523238883576,0.13221277422426614,0.23658501447112257
0.9415468652496516,0.8496081501959764,0.6482804151891004,0.8290505837990861,0.2008838597734901,0.25272366961325443,0.08990186470292683
0.4643578038416748,0.8080344303955747,0.6904368364741086,0.19254958639582087,0.9915460797000278,0.5656690415561633,0.5182975802978204
0.3985775507983952,0.2123787489833343,0.7720163646154435,0.3098103830143888,0.7742175525009878,0.09021249988744884,0.31962047125169435
0.9292274414269927,0.14955597609749893,0.2357080148429157,0.12197517458597296,0.012807450683406052,0.3860169840105636,0.7373444792546482
0.8184953774403458,0.28032749713773564,0.7635912161175972,0.1363736681743628,0.6595456776855226,0.8667141281295855,0.6269199592970619
0.773928523904,0.5897642312347631,0.2732521382047638,0.6724127896656467,0.29608314639795585,0.5671035421452347,0.8270345950595811
0.05061403223352845,0.8112068997718312,0.2517083309251851,0.42988978342770323,0.7054620677144854,0.02499258644889779,0.07046896832626715
0.08484433438841377,0.7191260981686929,0.8365858881193592,0.16342874710560606,0.3550298709566997,0.7280029851903274,0.9952512619852637
0.3525267715004162,0.06465366535192707,0.43022439432819914,0.18928366322399948,0.5838419004126338,0.9805579626626267,0.6775648934089085
0.4996525903163871,0.3733868400825038,0.6027956599304463,0.40704751112111315,0.6271976962125778,0.045798131972959344,0.14391451812888822
0.9889005512437343,0.845749865617526,0.13228399505435517,0.5722699081026206,0.7271138545101165,0.11799509648416484,0.01471398473530694
0.14424642931444376,0.9376916887480367,0.5731245460360027,0.36131899598667194,0.8456913449724824,0.34538752926527705,0.8234562409458329
0.6353300736160999,0.9363273725669319,0.0598790762682081,0.9886808718045637,0.34515268312596703,0.6593027236262221,0.7359571643890233
0.1704350258172599,0.6647330082172532,0.4676195815960158,0.24631557970868712,0.14486815156034671,0.9655823186271969,0.38228464844962906
0.7966942630751387,0.5883917748882306,0.9270020343442614,0.8831419956028286,0.9591512642519597,0.5202145842964898,0.8729278502065233
0.5648796744769603,0.38258875131206027,0.5283813382971905,0.1599721185734565,0.0040715707027974,0.36621592391879987,0.3542929220102784
0.5498570459330758,0.2667197563775472,0.48220552871248257,0.9960659624567801,0.9655324007469376,0.18404376774465436,0.1723648922633686
0.708901916788667,0.021309595503284928,0.7086760267006594,0.5688199058112838,0.29274744467412683,0.8960355139946655,0.638551268565751
0.22400708983695772,0.8210283910043836,0.850904249822669,0.15538467985383686,0.7423922037319369,0.7420321262840834,0.713710136539392
0.47015358395543594,0.34802632103093034,0.058339823305184946,0.3980080075891341,0.2283363661383725,0.9845579622025834,0.5805552992188144
0.15647894531579998,0.8219661508034112,0.7469871122432696,0.8453961801824588,0.6174937076214566,0.42055599419214573,0.08619626467646191
0.18167748401567474,0.32748981467506066,0.8211216239505402,0.6943573008785034,0.36405815914810224,0.9458130634769001,0.18922400325577204
0.09462151472286406,0.06966947800696843,0.2619348709281286,0.6726023572960041,0.933891495014188,0.32267639186112973,0.9290072605188073
0.07119375638308645,0.0316680863313441,0.46831290080859445,0.5051932795373363,0.6188068534587146,0.8834450271717277,0.20469760165120765
0.7609275151795178,0.4006152943352784,0.45148244387723924,0.35204333569152824,0.36782647151208814,0.5197326120453579,0.8936873244155676
0.23277960538656672,0.21296754295113962,0.9347401558177176,0.8001229944526103,0.20186988387164784,0.036296146084561554,0.3596456963621295
0.7347746655617813,0.339627566398752,0.07712135200244619,0.8914180801362224,0.33421673816131114,0.10010844471199243,0.10991568114403738
0.12359467168373717,0.8090167485826393,0.5941695947289428,0.8353914295927883,0.3424333495409908,0.38246303590665154,0.555452594698477
0.799201041257568,0.06693229807212264,0.26067615051785953,0.6851798818873828,0.3441904430589905,0.9649562636129857,0.324286885846899
0.34797120084764,0.19091212373514643,0.6752606500044316,0.0875402813521261,0.317860517759017,0.046082974876255456,0.07991534399454459
0.028860952174786347,0.2948563927808735,0.45607207585265597,0.10109864936914925,0.5725838228159896,0.6015852193422133,0.6133338387556198
0.29457458905399214,0.4530587718638217,0.9754182529466265,0.055819762923710825,0.13794539903751335,0.6278369266032708,0.8124855122685282
0.45100458493086915,0.07814898930341874,0.22016152667828226,0.6287426834056009,0.7468503194910336,0.7023891599284854,0.3086367515397088
0.2033146397068143,0.09211428919496889,0.5010316734582843,0.18325287562874015,0.028797128490484547,0.3709428464769604,0.7837371731340798
0.23115520914673793,0.40581984012871,0.02212705413956806,0.9212102002802202,0.5560430264598345,0.6098474608235871,0.5861664808936303
0.22030694164399278,0.11114551694741692,0.242999044563595,0.26858835894223687,0.5376759598412478,0.7184901218867856,0.2816865830294957
0.6331234104148235,0.6476984581682033,0.08703065407421628,0.9685612442941293,0.8288335842345834,0.8958551746195696,0.20168962893976938
0.03685810103028575,0.304147286082212,0.8811159169219803,0.08459067382396379,0.541580468914856,0.6121972493465254,0.4556090484324411
0.37473438349253674,0.06860124241235399,0.4648075756125163,0.5042243307154806,0.6086027277581383,0.6870712892315365,0.3644410762257191
0.35259965353946476,0.9182742157066309,0.291069308003743,0.7360628230492728,0.3274790463154482,0.671709075904335,0.4307325418304634
0.4555299281212799,0.1935708840191388,0.48795223022460865,0.27522485757505655,0.5569249626052348,0.026674062348455152,0.7093075029619869
0.8735598746765941,0.531947940526374,0.2332022310954457,0.05306551479743771,0.9383773396590929,0.7754267232742021,0.02524834715710489
0.5353265596699609,0.6665806120451111,0.11492510474294959,0.720551539913694,0.2578906420580751,0.8159001091622662,0.23677411440031415
0.4970694462748103,0.0653215023307071,0.06754210491838264,0.8127476816504325,0.09692436366467261,0.7429799317070592,0.3496918333447643
0.4884141756881538,0.04717808990854899,0.1799926063897841,0.4035074627696821,0.23850120673376285,0.7964599117628666,0.3375735174293857
0.586186806008667,0.7296516565851511,0.8416841647209218,0.2894020040742593,0.9773210299607429,0.6718939080397806,0.4002448695200834
0.758587813639112,0.6774175704833472,0.9686750856115282,0.11868136816320429,0.9904811589137021,0.0760010312163677,0.4809292222700332
0.9907374830102702,0.0553168436199889,0.8813799362237426,0.4273615293592523,0.3657284323965856,0.7246339299735305,0.1792760416625827
0.4183458427667459,0.11155265986383478,0.03890907099054974,0.012012672987573692,0.8324496413125836,0.8985741746775792,0.26544440999860597
0.0854298981638344,0.2475446211345934,0.03424669936276892,0.029221547469449383,0.2409703132711566,0.5593652100529697,0.17871871049702848
0.3309682227453111,0.09034423067495312,0.9810122850317098,0.3599934631134678,0.6502406362711102,0.5685042248284337,0.46734193252985357
0.9195873577343014,0.9920322369770265,0.11267953679623877,0.38507037207869166,0.4752048028580692,0.8774614089390917,0.8478246232015114
0.7855218267203545,0.015202390312878067,0.3522583893491309,0.7773240030460914,0.3199215679682891,0.03667253082971278,0.9197735877743339
0.6170535644266214,0.5096054986481846,0.2150760928203962,0.3215675567929236,0.651813250327888,0.9645347365246961,0.03649406740735173
0.7503287904668049,0.2815059357373414,0.5127991129399717,0.4719326706073461,0.8167995357202683,0.2885557621427485,0.39395607590149184
0.7510551169568721,0.6042924237646046,0.25221399308757597,0.4610083653548672,0.2831223525758906,0.7903831571998027,0.17953515553194832
0.20964588283742613,0.5513271731169739,0.21201775063283212,0.4413006361396693,0.1955691600199042,0.6903284932153829,0.03446915879553014
0.2059849370854503,0.5797904386895161,0.5826918390524386,0.5618011656455681,0.7489559620874844,0.22540289929014234,0.15252472365770553
0.3754177232099556,0.25489525409522384,0.8101944560021519,0.8913777374150352,0.5865695010726236,0.13059308139540404,0.7735428111668143
0.40225585655499807,0.6260323836741198,0.9380779942960749,0.7553861055135408,0.593585942009216,0.18441822790925166,0.8044180964871696
0.5986638258037984,0.41316413071812885,0.8526790983923056,0.5026553404827665,0.07390493888961458,0.26846633829606104,0.5503666751290688
0.5719239127547612,0.37486930766924864,0.9097305288873274,0.20011617844010576,0.08234121063009359,0.8659311539713049,0.7280374977816961
0.11512868875452698,0.30036474077971176,0.5641862816673967,0.3681159485941268,0.3529734728891626,0.05914898540148594,0.5376370165233127
0.8630198194789775,0.9573239438680231,0.2617268237334208,0.07629071846693314,0.22668580845736708,0.5366534877702287,0.7004610074334355
0.39678627609408923,0.1296154242566836,0.03886778726550244,0.7546753523621792,0.8764412841539707,0.9067580997291882,0.195018130835092
0.25330052274420456,0.7767371432610418,0.3918666310231209,0.6083665105295216,0.5553301597757841,0.3076246097389268,0.9409386447839574
0.7858104326754081,0.3108170794264298,0.5439285506974255,0.07639832979628813,0.7120822277877036,0.271233726393886,0.07728168434675642
0.989410209684897,0.542201356935737,0.22973682142460705,0.8506662420348033,0.896112149272487,0.20060553899117606,0.9728881686217725
0.6684564806578202,0.3369910792492973,0.6704839635220992,0.9746369370636243,0.43547813596940743,0.14608279727817342,0.17719212827829078
0.10881245911787119,0.31016977578881044,0.5763003758955252,0.7788354600291185,0.16501419747980495,0.30012482229323245,0.37324962825384334
0.6075905483742647,0.6468398441695825,0.37020240306569296,0.07365147920787773,0.7903046876307495,0.1032419313952555,0.9436360606496323
0.08058460349105723,0.0033483136532932445,0.9779613831510503,0.49110421331317966,0.9065537996560353,0.8482710063641865,0.3478799485718084
0.7931789295822301,0.020340026117414478,0.1760747672230859,0.552688083453803,0.7241588717516401,0.0016906269662675388,0.30578276286416517
0.7213343387102374,0.2411614252897878,0.4875252948952139,0.547683670333448,0.7451234113874292,0.12434128585524429,0.7024279566603625
0.9529531021249575,0.9172577873983371,0.39764666074611854,0.3133972191469979,0.745090158315542,0.8898897241328942,0.39752235953812043
0.23518534867480856,0.30911927097653,0.3656009334405256,0.5964044201064637,0.19119055149639952,0.7622449068706708,0.5367487094426738
0.21556654819608267,0.10292930860566374,0.6687166892989589,0.6352001303445154,0.24430410747304376,0.8098912217454186,0.3469880235082943
0.7157352298490723,0.807866780189139,0.7261876973386627,0.37761867898758883,0.5865216667971556,0.32225104766396095,0.48233195476970503
0.12251879443721903,0.3629785876817132,0.35892405159349616,0.30563301601907866,0.02870079586321106,0.4979506077476926,0.3692469801608662
0.46607037017432207,0.21141975462834695,0.8918890914398366,0.10290324690459718,0.8423129249466007,0.6936462713992608,0.7008800977174121
0.38510423623726053,0.6206312926048021,0.7305709957775471,0.059000615940584256,0.5543216862658065,0.7500129980306963,0.09165973623741308
0.5836340832800208,0.6226181090658971,0.8045231993366504,0.6721153888445686,0.24772335200982143,0.11809627626594799,0.7565318485284566
0.9859435189182544,0.32917664619705556,0.26322543038830815,0.3081642978183754,0.22816647466395723,0.1971307300614349,0.15056087704298382
0.7715378226239535,0.5224317050477608,0.1269679659972982,0.6998992137273575,0.17877519100129702,0.9332169326002511,0.3576892878297031
0.34539389128065223,0.9198285498964199,0.9453465387952665,0.39819083972682723,0.4275629264805645,0.8356080971095338,0.32606704671505293
0.9440440526959655,0.4383693795299676,0.5996598019577434,0.7683988403663183,0.46803946409081243,0.03784255523964475,0.38851370289157183
0.013113332937831568,0.8475053977961368,0.6677473558064917,0.6549114221031551,0.7400689554282959,0.1756939315074394,0.07830054105444773
0.7233819114414338,0.17086302442349688,0.4419791154837609,0.4079107636829352,0.46946743796857826,0.5979298478251058,0.38645641831853517
0.2869042643094596,0.7523530271456262,0.11194785893347436,0.5960394646343278,0.7550347432705966,0.625128164795843,0.97956118521099
0.4229661588175744,0.7047011225462815,0.9680393885570275,0.6588294611246879,0.1175049468119076,0.2652862495699674,0.8120274924267887
0.5980489474145118,0.5626473200554567,0.5988579301947561,0.03159023628255797,0.2298254743446687,0.2813344390028839,0.36930891611996863
0.7506873455787804,0.14429050800391108,0.09054922394607923,0.23890865262953398,0.7533699645695444,0.7750419699022099,0.5241728295105718
0.37040689284778416,0.8869549443330649,0.6247156294005586,0.9501296084047303,0.051284934362868406,0.2723808892541184,0.42043043886573483
0.4938289479342475,0.9433545848456982,0.6539552178673794,0.6332030303236353,0.6066730309418177,0.1519849107759168,0.9873456675280889
0.0006315027161378772,0.7090170145848754,0.26926948373189774,0.28842607374621543,0.07511598101146966,0.5120526378482786,0.19514908358439553
0.5737187830154287,0.5272145700071593,0.6711812240121988,0.35050774658855033,0.9517942583225041,0.09704004622110274,0.8587131873288003
0.4296257164966365,0.7069024220708741,0.008203200974559843,0.5536510161669448,0.5891445838186439,0.8484261215251484,0.06469546976391527
0.629654335468255,0.15176716000434054,0.34075700257656705,0.9333522972335008,0.1702904844803126,0.8324682388709315,0.9384518061840901
0.9238102168687873,0.2513864085034163,0.15405383932668337,0.1216853695061676,0.036097146674088476,0.5184796777392007,0.5640693320783167
0.7494157824378193,0.6288597204311828,0.013623991477997421,0.7875397965538645,0.08602497915624763,0.6629915313401725,0.8809555746176838
0.5432844241727385,0.8807661245625253,0.5955056427653304,0.6856342579613703,0.8688560808891317,0.40893206248221414,0.3065765910097543
0.9393736987017174,0.2625085870168833,0.2033609112967778,0.7362107694182026,0.7959507234191877,0.9017786916228386,0.6716088509354915
0.387863219213901,0.5932570129059483,0.02724686175171731,0.48228029925048366,0.5815007038864147,0.9084442831227529,0.7520167200873996
0.8782725605402015,0.5338826636848589,0.7771952182817969,0.9936747072335426,0.4593674753518825,0.5129074668657148,0.12517934855655488
0.162496999780273,0.8762529348562631,0.043987071790095644,0.9826813386465474,0.44658469099573306,0.6033650404237743,0.06934152494064927
0.5788063168752783,0.0940387192004426,0.6408346573129867,0.15845736093511242,0.9840666113323905,0.7715385404560564,0.03280609372252663
