target,feature1,feature2,feature3,feature4,feature5,feature6,feature7
0.8292936708933906,0.3892502280951369,0.6271646097757253,0.6982849520817593,0.15783827930256955,0.33111427626385126,0.5837026967330923,0.847892968182936
0.14711976082688494,0.9483391703973206,0.6420756384217567,0.5661595878891912,0.08210165994758112,0.4541677376582185,0.057541533946157464,0.1635682648385366
0.15627503866473091,0.8067642146143507,0.7313247453838455,0.10118426372175915,0.727661069505409,0.7682154587882062,0.7408176453305158,0.313913980474938
0.05857753059478854,0.6680675908641434,0.5489404370319463,0.6397980115777521,0.6718597965181115,0.21640792693568955,0.6473959492506008,0.6045162696457312
0.5848314532944147,0.4333842207495723,0.6863333038431765,0.20747568235368974,0.4953769372364166,0.30112405775451656,0.8944790252028669,0.4833467131065816
0.9491661896184558,0.1500246489112278,5.689499169270196e-05,0.9769496133419048,0.792695951607681,0.5464995575566256,0.316623099224001,0.09737947992552543
0.8550227798641575,0.9979085076483468,0.5624358710947108,0.3721066584981231,0.4187917053642026,0.5312152055015449,0.5690097057965514,0.2941894721925934
0.3930491367472809,0.5879245683021159,0.10331430117348295,0.3884758411505722,0.03526217445282798,0.881665740590341,0.49734057720096203,0.33677143378582364
0.5661919513685777,0.7317629648523012,0.4432694989531516,0.8358387492079822,0.2663493134963755,0.5117742578661674,0.9372394335785392,0.5083540843827643
0.5968647577607006,0.06315790864025728,0.9256459911391796,0.47675631990425826,0.06835314812366411,0.11509049028599538,0.24533740209104105,0.196491453462456
0.12165222246185725,0.14066350758833768,0.6337618302580175,0.9850294926383563,0.3391327714595723,0.5517023618098398,0.1124964474849911,0.20592417326222823
0.19953043013445626,0.9791130819710204,0.5155989627523045,0.5448825395719644,0.04351586990759315,0.20139682309946694,0.17388893052399712,0.20013665072302766
0.35691982626909424,0.8971494929363705,0.3215238535868634,0.6399558358012142,0.2866292149827221,0.10301608288764541,0.15409205879224808,0.9571827270966735
0.4080192225786724,0.7894065337373453,0.7397504602558342,0.24864956679194572,0.5792196102669485,0.6174592918174167,0.28402371934202253,0.6883873017059114
0.3178736847801078,0.8413126639837765,0.27562819156843865,0.61541193486546,0.7000904501247147,0.10567811617474565,0.9637215331135655,0.08327525400764246
0.9839260808259778,0.2993967599699384,0.5769588912988863,0.4676247155584131,0.649151794222697,0.1349991188010945,0.892053950058447,0.5942360419458557
0.4794094590339305,0.5872383413518969,0.10469054170292935,0.2832875206808739,0.7594526993810106,0.2718953374428321,0.35145890462146334,0.3484489474469131
0.6273778723108981,0.8855280634742996,0.9909808248008163,0.21008198903574038,0.5351108826506792,0.6330876336734025,0.6314163041333415,0.47993109985869564
0.9129388947652767,0.0569801640017118,0.8004893626824623,0.7775596813806127,0.5624970723868437,0.28669949214523394,0.16877546621124362,0.5417014639451343
0.849002177853175,0.29775601738341095,0.04649356949333061,0.9078025689895767,0.650107981815904,0.7740755587514064,0.8079525332802586,0.03181600044855348
0.5569309340656443,0.5832248151414097,0.9079905126915244,0.540466166565051,0.7373616866969652,0.5505079790207796,0.22719562925939318,0.40214089767652816
0.005236886236682059,0.37550258904639766,0.7110384092547317,0.759124622298612,0.11941998364881967,0.5074797503960415,0.9065236373808591,0.09542306671297951
0.4050465651812378,0.9100803584021866,0.7834717631989008,0.06887454650669689,0.6453142304608652,0.4707576713369851,0.6374670425779213,0.27585718620304367
0.023641358135716106,0.003939943096278653,0.39581926976323245,0.713932953565879,0.4754662607748663,0.04263594063993548,0.2801152175594065,0.352685677923659
0.28245760836511846,0.8295843328376146,0.5966285530195939,0.5943364398111405,0.5268685131852978,0.38995262789149254,0.7562153897396167,0.9249740807285362
0.5677000590294983,0.5982294875598357,0.32728440521309954,0.1377470829187296,0.15718463125481108,0.8597726951575938,0.6290585862665814,0.826801376355772
0.7099914604837959,0.5804195666564458,0.24032719699350946,0.8935394396781636,0.4888075662678226,0.17354027559451657,0.922810546919764,0.3507328065689894
0.07447187044974479,0.3661563534626643,0.41249170910615696,0.6540957641454703,0.9965254268154066,0.7352625390993791,0.010365621549895954,0.757017059059373
0.49582928645989566,0.07320492389826982,0.5958985057590476,0.8105968147089605,0.23860209712045521,0.2837197448598675,0.2869556778509885,0.9309002159460542
0.10746284788807725,0.7793186840799099,0.759811867112556,0.6013474076396002,0.2731425469921458,0.26990740759104237,0.5762517460109762,0.30489610914266363
0.5946251060656974,0.9290564186550454,0.5220667013098143,0.26996863508065383,0.840880144072033,0.9477207757016654,0.07353615755628984,0.13681089806175928
0.05840638567487155,0.1303701195400302,0.32368350742794383,0.2463064786634318,0.5926080072188422,0.7968113782742234,0.8502097931742427,0.6143971955111704
0.23242620496211963,0.23621908334161446,0.6367046294409731,0.7287532311374427,0.1110687260602975,0.9881209089701604,0.7079553509785194,0.9390453760052871
0.6411589497849439,0.8156389514156689,0.7945611997183301,0.878538017033466,0.5496368400976682,0.7271925690042244,0.9650053707242386,0.6094347186314578
0.16727352225107284,0.18563027871085058,0.0942189279487261,0.36788782150688726,0.06715065893906891,0.41751294531438765,0.371402427008788,0.22099391755098663
0.708971804426206,0.7005895240769472,0.6653537080610132,0.4390587148449616,0.48047921409934224,0.071171737485619,0.019044972020861972,0.9640105297131202
0.48976713194265065,0.719924920576453,0.2999864411447064,0.8785252121198122,0.5392478164981717,0.1760383471514234,0.1342617022613708,0.4403751240897863
0.7340766764393005,0.9090154935956368,0.46632234446684495,0.9234660091490471,0.7083209198641198,0.34769392099750274,0.6524951523204641,0.15331693496965293
0.07721687257920173,0.8605310689186784,0.13029274970725202,0.6699279665211721,0.7182434630968441,0.5324680255744078,0.7732044438599844,0.15854505586554024
0.06355656258598996,0.5739376860945129,0.28570745866220637,0.8634590083305073,0.7192639412691046,0.03285820988969301,0.49869892856966125,0.04575923376983693
0.04351491204076208,0.5337686503712349,0.01752746510608627,0.4453785155800537,0.8279525406276637,0.9426992159903936,0.3875297678335764,0.8747593560791193
0.7730511702844676,0.6478269244349245,0.3932196794365348,0.37046065410108964,0.6882928545081052,0.5600677175876674,0.26270152549666836,0.16196765842383676
0.3413765519266583,0.3424575896646186,0.2688474103320929,0.6752111986113857,0.6191412918167656,0.7410877688083668,0.46144224209102214,0.8867190249907516
0.906316183465111,0.20104176113962569,0.7149578408431853,0.8112661388587538,0.37302182915275883,0.6996671396754289,0.8755295284060057,0.407796081500444
0.6732475399974007,0.2478064824238938,0.37774047027742763,0.17176784563275616,0.40931255247115805,0.2307618657594891,0.2730427224935743,0.07673060124892683
0.5004364261264773,0.04579717478783363,0.014575288184041413,0.8795822282570657,0.8259124328466886,0.3528793464981088,0.6784310897788322,0.22761660918764426
0.7027265240316968,0.08751487009562864,0.9917280898959037,0.8306827213009154,0.7844363080611867,0.5657086576589688,0.47834584523888324,0.5446761674961468
0.7502712110060517,0.10216337359802674,0.03429679794920781,0.9760551383721059,0.9984369058379822,0.07399939407776313,0.9049876538095744,0.7622795802622524
0.5035266164734576,0.13077542992166158,0.27721560286432556,0.8448657537288367,0.8251582992333392,0.17197760730426814,0.9136291379991971,0.3117914245734603
0.19521989115957983,0.2774930924069533,0.4235384454130744,0.23734017446134847,0.037861019612690505,0.5385071182348291,0.9957375652238376,0.13479021284460946
0.6983147535192358,0.639733890353407,0.15722455169128557,0.023069588538509267,0.14337292644575517,0.7075532070279357,0.11235426155453687,0.23329910661265973
0.9963902882456268,0.35554210691050736,0.7447574839375907,0.6539121889025366,0.9169167671057745,0.7466936251509291,0.4820539485212477,0.49589560378418684
0.608498699269467,0.1549409440798939,0.27964419896701853,0.7160652891196813,0.7420740636168488,0.16543645521524586,0.20433150040009984,0.3119480490549196
0.6783323442519216,0.7175180327930628,0.43674802995054285,0.77594177979595,0.44546332955780976,0.32046202222551456,0.2044002244005032,0.8151399807513164
0.15232396211759736,0.8419057377046145,0.19060055103155193,0.771780839305851,0.9682403433176507,0.1839031458650071,0.24492519866338425,0.7925089391302997
0.4706022420372513,0.2926280622270798,0.9533367396593524,0.9287763501858491,0.2849668512079202,0.6041599775771286,0.5975436000842079,0.41769889301811824
0.18092020898265881,0.7577722834027146,0.15709640873920871,0.8498329817104125,0.4598218339444752,0.10609652463974628,0.5722558904973998,0.2627597459492014
0.9439601420536481,0.7425560998398567,0.8956171269633324,0.5290798667361103,0.8612656404940574,0.17479577440949745,0.27223719917060796,0.8864302902390434
0.4233631382137214,0.7298901579647875,0.33684817122652944,0.6542610251538794,0.3068606320184851,0.36411768309298886,0.6344847560456807,0.7339122830311117
0.9477161872149856,0.6853692602880201,0.7693638137322288,0.4033696550457727,0.4425487070026932,0.7333937523298417,0.8781847884999916,0.11664413256362693
0.24537884751583516,0.45365117533689925,0.39055001214022655,0.3602551870229296,0.720355448583162,0.7077683122284134,0.263920568019412,0.829321043076308
0.33728911117121296,0.12578592289057688,0.9135762120300057,0.6900973266663751,0.8622738304172791,0.9993698096235991,0.9524555623157601,0.5834666690722757
0.710532494920011,0.2021290349322553,0.4919632029350526,0.3532027198701937,0.03772167684550898,0.904884944403943,0.5723418684319871,0.7650417813170046
0.9692960364902171,0.7898890229493071,0.1279510030273947,0.08353313086281655,0.02227394039663322,0.5598514468057528,0.1498920087009139,0.14531264295536894
0.9771557538321256,0.13763514229845097,0.5392696134925341,0.29726541049393074,0.5285571026266747,0.7223183044252177,0.7850725403082512,0.8707206260944165
0.14179705860583058,0.108100861464141,0.7109415776876914,0.6757476705478467,0.006060786656831185,0.19345603638227538,0.6134807991799732,0.2513750198920386
0.06534237218956096,0.18957281695999717,0.12359492634133862,0.8116531783464209,0.30315005801868966,0.18071620761239593,0.12805772314916664,0.42407225604551624
0.6889056351732712,0.037427455074034555,0.7610285161274746,0.7503504065456226,0.7203111075413912,0.056904001164189144,0.048248650350216526,0.7478299436049962
0.7034880620491921,0.6279806746877123,0.7074867445132271,0.1425970572153883,0.8006853807066687,0.283627085176532,0.022801546391559624,0.36056164530807755
0.9253445156803141,0.07912703108029318,0.8395815401063842,0.8041087168352197,0.26839115227516896,0.33986951583729164,0.9982328987788011,0.9990325815687944
0.12915118868378528,0.3257046825862573,0.369717082816052,0.0982799187923481,0.12274924656973818,0.4408194528917092,0.9376284555618535,0.2046217322646552
0.8003669833938142,0.5923016673283102,0.4156184242772525,0.6702067741418553,0.4206185998289077,0.8725059275103576,0.8979930067681825,0.3742148696760329
0.24588260719772215,0.04913599153246462,0.9201723300948944,0.8682670874348402,0.6606186007106604,0.9032143029908611,0.1361811623297352,0.05580485603140084
0.1429389208662405,0.9308636233178326,0.7049730980309579,0.7157095084637716,0.6930795502400735,0.9446136976884272,0.7147244125926406,0.24650083200258077
0.9239440198023834,0.6802060198603765,0.8688485209968608,0.11609364435491498,0.23352176759076226,0.09419054065237498,0.2675770129305751,0.9172216481930574
0.6774130650975041,0.5142220961516285,0.9797275196606077,0.7266556345025709,0.6995036311988398,0.4668946714714015,0.05215672215584943,0.7023734765368004
0.4803099637683137,0.6396934028610327,0.6809567843553194,0.11097018828270866,0.693517406502495,0.9015822307803124,0.9626589510978845,0.5284770532788672
0.6429110268321616,0.7417165947836307,0.4641547568636252,0.30053257136170075,0.3315881337516855,0.5353089662879711,0.7113784926500087,0.9908753847498909
0.33750354791349835,0.13039391963887592,0.860124963116276,0.6000844777273228,0.2408398714285157,0.3958362872104594,0.849925811281716,0.43168507169958314
0.4986154703186385,0.8151242595786744,0.14134352002118344,0.8736428502696715,0.5886094405991357,0.9124941112964264,0.4735589054710275,0.8037654821781252
0.888605308997791,0.1423326378308748,0.1208928083625802,0.9218559372832631,0.6403317665608038,0.5765173736336975,0.09269888414707927,0.8016603335280105
0.44252639156585283,0.8417365779066243,0.734438543666547,0.9513470913580461,0.741252608695509,0.14291315947708916,0.8209531223629934,0.7141059515070713
0.20602693952872642,0.09592002673648259,0.1791625625997666,0.2633506137869217,0.5417635556848706,0.6398507776082686,0.11723350206473526,0.33107544478714057
0.7714769815584485,0.26465153744075554,0.009666548619157389,0.8833325369605887,0.35684834650528363,0.15734823298662615,0.23791459426130013,0.25070845704132094
0.4017131774297049,0.9108277891683622,0.022066449714202574,0.9087707215259158,0.5132766977951532,0.35642461072848897,0.4239121481451773,0.12456784864579284
0.6020716944450637,0.23858643912826483,0.6561050218061614,0.8350139666123143,0.7109357730375239,0.7407401383337109,0.7874828581816206,0.4761841950691472
0.05317353698075744,0.4516364395799938,0.9865047391459717,0.8664952449502237,0.6557312745122377,0.3047965369241521,0.2352580816156815,0.6495642322347722
0.5351820984023969,0.07086626433000709,0.10359800889960336,0.12366553438127947,0.49246423423504615,0.12548301074944213,0.1598769201488528,0.24524057440963531
0.8116465048361086,0.5227823804024297,0.9155082001410528,0.1852633658219216,0.011796523169307349,0.2306253564370595,0.7258338538471393,0.3034787075856502
0.7677280705631311,0.5539092290310788,0.695097709332995,0.09277734793119563,0.7055742686114034,0.6415562462509445,0.8557949026876573,0.1373455184845006
0.4181934155538728,0.21687802255134392,0.43652530175891535,0.7475015632845898,0.9281819656123794,0.811418692730133,0.3674540054660421,0.3469577432467519
0.37005719486519084,0.8111019718987085,0.772011979757099,0.05876648498280601,0.13763912229688435,0.7148848291405601,0.6834489117966795,0.5162932904764932
0.8749360789891663,0.1780890311805845,0.7589502712044752,0.27909913504636497,0.6594577104199921,0.9508374499949276,0.6585153917877464,0.33135494411383026
0.6783796843934353,0.7867206635804219,0.926855814964876,0.7593734449809832,0.8919852512919938,0.461383589389908,0.052986439442715416,0.32785987632784186
0.8454499616823868,0.6591379772641188,0.633128223938358,0.5188831641328695,0.6462765908868964,0.114466450093612,0.7381535620627959,0.3441060892289024
0.7446552223989377,0.08670505364072933,0.9712406967545951,0.09684111018241082,0.002421064322353672,0.8093989372915845,0.45635623208140164,0.6571997856533424
0.8838028898054088,0.9251559913861619,0.20606638318901938,0.6159936526647671,0.5390535992914299,0.051937083021764696,0.8954576064970763,0.12438213741518911
0.9301589234180906,0.34761166033458424,0.43954433149434313,0.36934134948332054,0.6776411297605494,0.7711811047711766,0.7588350005570269,0.2500351026512041
0.11055988533409489,0.031374436305771525,0.715569901388258,0.3908464795068062,0.5461024718411802,0.6054255659897427,0.7107755592890865,0.849519443005653
0.8414306594829624,0.42166353879558005,0.7957398307222586,0.37306224270287747,0.6187381670099734,0.19291907668473307,0.5655077581260746,0.9741320071358582
0.12548981146877813,0.1936421889475498,0.5638615301733668,0.2570827455194291,0.06198958430588564,0.41908769910758426,0.5308870300325169,0.5477174365410409
0.9908239529513347,0.7975754522215338,0.8385423683686513,0.6014210156334199,0.6166175522756053,0.2739150182339858,0.6889006715140326,0.0319067763229296
0.33015647731869446,0.37649527277970096,0.026327277810846428,0.9128156690424717,0.46020424690296025,0.1470939810269145,0.12995636385176412,0.27056570425434023
0.984292956433639,0.6973475956707847,0.1137724121188799,0.20164625591819296,0.2385317873746785,0.010671303813896027,0.5334275220905687,0.8114796264830922
0.36289638129809654,0.9755765986385794,0.18573887325796434,0.7825111235894232,0.2820889622447189,0.17804282090830992,0.20041829755550455,0.910556993407475
0.32418494593353897,0.18678815368084256,0.6193405082420073,0.6698467085065369,0.37250354589316625,0.4304839952047267,0.9963736492848708,0.9721562569059513
0.1169830669850993,0.42337713341584293,0.136724592042057,0.839832054370744,0.8103029777971973,0.021835410159355195,0.34128926635164747,0.8962992361356703
0.9964396709308209,0.35442739745115026,0.650677970045483,0.47113878993828207,0.11246905605205759,0.4418049747041104,0.17401672466669849,0.2596639391324045
0.1509179861682105,0.2574782963831195,0.6556314268632414,0.9908272212233911,0.1951327960144441,0.4164917756486075,0.7385072142632291,0.8669542945732815
0.24713224598648442,0.9684084610135765,0.48028274312749075,0.5522674196629408,0.3206755164483711,0.21478293802069237,0.3224879458961324,0.5024534051464391
0.6232178027254061,0.6970710832539705,0.3445682117892328,0.6509496564183814,0.21627358629303894,0.37062289023915684,0.508498505735568,0.3558916228660377
0.7739433919804835,0.4651229840313126,0.815223066968246,0.8662287158589889,0.37653703649130266,0.39590425000256124,0.22918261664187656,0.9639982577765231
0.3988007097363645,0.033786116251289244,0.3773927284702787,0.27788256861424654,0.261919545697355,0.12703521984819288,0.4854888820030946,0.8580341760687824
0.3960418185645117,0.3351248737139072,0.39574379066745546,0.04973255657300846,0.12691020587258017,0.6258211639970235,0.8824419643031873,0.2633607240440812
0.3694440547190917,0.8264219813056489,0.9550060695614582,0.8649603104037205,0.27563795429267224,0.7242155415901518,0.707903684161639,0.07325586202808532
0.8131161979215008,0.977584007447408,0.9083221107572627,0.9530638061958313,0.04869923100427509,0.8077647233798203,0.20333054067603729,0.6012993157290433
0.26782993438079605,0.6616094579254763,0.9513840485600799,0.13064259405468648,0.07922921302739427,0.8872470632787721,0.35824397456902823,0.9382440498883154
0.29090233842076385,0.5627352434185661,0.37756729892758356,0.3733555956802852,0.35118159151618866,0.9582558226561275,0.22960967698849832,0.6630546331252065
0.6950000258926795,0.6914549693955173,0.7119083637436687,0.5211234248957679,0.18735782983590843,0.6932398941047743,0.8679254056630483,0.035854543391861116
0.16654467485272917,0.24525912677096262,0.11219773769587538,0.9358825707052697,0.4921845479267821,0.4987200617817712,0.7639383345413244,0.12195830589317147
0.5587334122906397,0.815629629800884,0.13112360254895683,0.20271969220219477,0.08116433548261148,0.161358097301469,0.550314216311459,0.869521085384156
0.12532400602922422,0.7909010850525661,0.9413358615415672,0.30778345493808124,0.9159394277702974,0.7803387845306471,0.3567920806168732,0.6740734315343784
0.3450568519043148,0.5614643867852079,0.9179242893525177,0.12132877515316776,0.815847807486543,0.9332169095397368,0.3346277761248825,0.055697752538030776
0.5164073077901407,0.8616944163144057,0.09640966486017555,0.01853436676924103,0.6300069002557749,0.5435425886560331,0.28693789824890525,0.5038931507097371
0.06592875655785768,0.25986787842843717,0.413659042729846,0.08729721137959345,0.3594208127344154,0.42307194191620756,0.9875736016612815,0.3006899774021815
0.3776508924352908,0.3583137615977865,0.9066347117108547,0.37646333328031634,0.5703448496451341,0.5621188811110236,0.45053561475906323,0.8298695982495039
0.02938432315252315,0.2351150382632088,0.2550051835985012,0.6105193736241404,0.9063479379205037,0.46190021010020155,0.08756257617549656,0.0756523079676168
0.29499819071163846,0.9719869522584225,0.8182755087282394,0.9432659673573216,0.7191018288309692,0.684524007489277,0.6031950521795107,0.7502935505945261
0.22084886122095038,0.4307588628797894,0.5670185182990354,0.7971271013582902,0.9194618867159232,0.058485198019653906,0.3261634893960289,0.8621981999220967
0.88129350308202,0.3916862817171817,0.29997847405087696,0.3121385357897013,0.003478099002480528,0.027322344614508,0.043124931422917845,0.5859325185376273
0.7670575004003776,0.4980913729140798,0.48632650312166004,0.6962545227884638,0.005267806590634971,0.24873930302933334,0.160091917288127,0.24103410242562218
0.5062497960551947,0.6156990222640878,0.8682220363521089,0.8031157267529687,0.5069301718347944,0.07016753263433395,0.2166907412940825,0.9381494221207736
0.7880124469848584,0.0595466677837545,0.025199187269549728,0.17112705251467375,0.005257994446404735,0.33787057096351847,0.2882594721141174,0.7196015556386706
0.7118307131270402,0.1333145029111602,0.3041670882103229,0.44521483922956995,0.7381910151651705,0.6223326004231434,0.9197548220816527,0.5030024668433876
0.4029811797527105,0.8531334743424377,0.7468849739296125,0.04188929572028799,0.9793680188264297,0.8627235297671179,0.8224822677810444,0.936988760911831
0.23226924341263655,0.8872416565474218,0.8071113533044975,0.7605121759291071,0.5256032170514665,0.9447879422295898,0.774457170672798,0.02064170427369283
0.6634328125783105,0.8638855381336915,0.4685537092555725,0.7940991629685789,0.20488174136981607,0.17493060938507465,0.4616213969710383,0.4336998845299319
0.657270705607432,0.8507181158621604,0.19260804647606178,0.6096123493798786,0.4650064462661515,0.6872325473331748,0.6455046151042538,0.3980724105208945
0.9215729109115739,0.061366614882231385,0.03609367855437917,0.5914405912363955,0.7480716186354509,0.00702529387125117,0.47947058396226505,0.01860583788042014
0.6229153495775532,0.6335449068930491,0.23899028841750447,0.3344516952001504,0.20851677459402318,0.3550628183073916,0.7856570123109086,0.6024655474819188
0.9828709779157729,0.6286861036250665,0.053272532223951674,0.5400706661541359,0.75018976463717,0.6151110178379944,0.40146868226761945,0.32700864264941365
0.6579002554092107,0.5945498941946805,0.8526595629223481,0.4093207282255812,0.3481174316480582,0.0829433635347191,0.5608919111913646,0.19168674997992086
0.6763143345538424,0.7396445782258652,0.8818349329475765,0.1705380073795596,0.9383415535516584,0.7618669883705805,0.11123529101789886,0.027235363755347963
0.6017894809490167,0.5644965775685793,0.09211635089626224,0.015513754070597296,0.5754254218174678,0.893838738177735,0.8251286661521519,0.13316599669614126
0.8870151880005844,0.7124799574886517,0.5701524357789097,0.3969271471214725,0.7973462709001657,0.8206597059383075,0.7353943518118312,0.22115776985086466
0.8551496321684222,0.7782861563012893,0.4129759061143665,0.031079497674491474,0.6325865369601427,0.565156874850742,0.6579037954358561,0.6261580358311112
0.8464001387676159,0.1280441681569241,0.3586803116535646,0.04174527934906269,0.10828386668307521,0.48722794857222296,0.9742430448775219,0.584948818612433
0.5944684386051946,0.3289352093904433,0.16821193036869353,0.6429267173853045,0.3433213476834188,0.49816130640930156,0.9227444341447802,0.08891301310099131
0.09576129926591004,0.5539630361035716,0.49462968725150946,0.4148252688298154,0.7814562216066313,0.39686301645024535,0.9470539912296643,0.16429510010394976
0.0002614686222852658,0.38205430195636914,0.30450593427869843,0.42040600144931406,0.5344612192039848,0.49339775279697273,0.6383647715950914,0.8740417474694139
0.4770797956791867,0.7312989510907739,0.06931344896980529,0.9452735908918569,0.9755601118620075,0.7458123516283877,0.805291893528259,0.3201058710638892
0.21613850606207585,0.418894728649692,0.9328035312108862,0.4644049584104091,0.20200777224662914,0.28919734612879344,0.09342931383244535,0.3207773474675437
0.007894527164692633,0.6273083799698396,0.26057155573643587,0.10645467971041866,0.05360520489083642,0.7782683481430918,0.9148239367901947,0.941137389748539
0.847131931263838,0.9761826838474688,0.80627670981128,0.21050886966676297,0.23349183748333824,0.9716602390358547,0.4972248701932487,0.7016588694441154
0.47413989740254225,0.20403082438594555,0.5365995473749624,0.6106373717407161,0.9262460382014949,0.16180406184200913,0.739166685636928,0.5090418359288468
0.29397841932962554,0.9697459443583273,0.5458991635512365,0.8797449259631059,0.3436863994579422,0.02923268893730835,0.447588367399808,0.9778967540949619
0.7439012156784225,0.7774633724809861,0.6847052664969075,0.6118801014699019,0.672117071773692,0.490673259886772,0.9606903380638373,0.31677126209900486
0.7870411595560675,0.7701911244005097,0.6849558066885615,0.9919947122908259,0.23415890712576137,0.24769432609210162,0.8181799684792124,0.5265389064770055
0.7213781722384295,0.6888485184325819,0.27096020354829187,0.709663839077509,0.6776940917433457,0.8985002579764256,0.035266860188434834,0.6565795163395504
0.8977803029936569,0.2449993101449791,0.5349616167926355,0.49487192432138194,0.2609457126522744,0.5294356674952566,0.1660648278554906,0.41301337226955437
0.6127681894898133,0.8816901391300807,0.42095311191561824,0.5445056272975324,0.18402763248434062,0.8304693975008988,0.2855398083033034,0.8036456057228937
0.5000258079324313,0.0012899572322908615,0.7296896738545067,0.807511963978768,0.4370246168254238,0.8604181216094037,0.1401940052453643,0.7821496905141022
0.5332313556384667,0.628655256351925,0.7672849771540708,0.2938244076204404,0.38012510136782385,0.2049975676690029,0.4797713032905271,0.07508263387208369
0.5433838495951949,0.10307028669881602,0.9923022512490896,0.4972427625093725,0.21463858252246315,0.8055249128232949,0.2293237624110358,0.021037611400035128
0.3839689032616601,0.009921479849633985,0.7094776351941584,0.7025312057032631,0.855922976979279,0.05178726120339694,0.6413112925540472,0.5831196562176822
0.14782885088579167,0.20577020828314796,0.20237316581223597,0.08468420749361727,0.5756983703896636,0.6283432663421541,0.5666583951751567,0.5903443660103136
0.8494372292951394,0.7269288634950168,0.2572583087763679,0.665717830626432,0.631660257119409,0.4840414019022172,0.481733558937567,0.9602976595773771
0.7180319917286061,0.07701194367009645,0.08983915582361812,0.29565355935170345,0.3145550660132199,0.11462872208190633,0.7450094432823487,0.4693049522524074
0.8293272714477592,0.6349006309347174,0.5171882965597788,0.7914424366452643,0.967597394783538,0.2894552772513429,0.21665905988407208,0.4806826617665704
0.31317937382311456,0.2025630110573281,0.8717159224143254,0.7812647946523252,0.48214316759131237,0.4419586285466618,0.7826709500131175,0.5604898388666624
0.6956652307043033,0.5986497073872324,0.8281195893205505,0.07970037761363169,0.18029495168083443,0.36623478573546187,0.5448158952164065,0.5531617347715158
0.16512186435430554,0.6462083066745995,0.5170831266313977,0.5443803154129924,0.7323130882258907,0.4884474309765011,0.5948846154431859,0.3816704390478096
0.5938505729253715,0.537445547112452,0.48503707251921635,0.5102955886057531,0.3955844665893422,0.9644373757293383,0.09233463108486106,0.21084929112546058
0.6223652532125014,0.00874495710487877,0.111887579032793,0.6504818848227695,0.08737386756759902,0.22141824733831406,0.9511415637057277,0.817194764649258
0.07520367114167326,0.4154960751219363,0.13003482415670398,0.4346629526062309,0.5987816236084452,0.8036231295444671,0.49998610969420143,0.6729490912836391
0.24192807190728005,0.32873057354795243,0.24081556046817165,0.4698856242731352,0.48889093954561225,0.4442641812753657,0.43316329413213805,0.9895350317992802
0.547452564779999,0.3711983664224111,0.5968479935428828,0.7946507913958706,0.6951458087224401,0.3195132839372331,0.12757188538412556,0.6800344269976559
0.46901457682630254,0.1921273983654711,0.6651545382577347,0.36860382038817985,0.14678305086072685,0.7703869614688222,0.3104493609590129,0.4151189675583533
0.33001369002075864,0.8168754777314241,0.29768364457813734,0.6912434515750513,0.8887242265567854,0.6253923356700406,0.3203013832015449,0.20294298639307407
0.6385035801199824,0.90955860261829,0.050760223208957345,0.8828244334565534,0.8353145418150383,0.7827263550307542,0.4392345169938606,0.6306194197802777
0.8861552427661579,0.4808953644390691,0.2744923456809596,0.691149515722027,0.4108150912289399,0.09203065793897025,0.6569318883045416,0.8822647397309769
0.911513024348016,0.0924452997933054,0.6590026491894341,0.9512533469837078,0.8234913352977802,0.13135403845469984,0.08627230155853283,0.02239782982297578
0.5882497905705344,0.08856926922428188,0.6420425673828071,0.4394244324339269,0.632274201568985,0.746885089169889,0.9237097005607383,0.38121056513973495
0.1611888885268935,0.7224712264197498,0.8590211911784932,0.5224746560402747,0.6154584141703069,0.2836315653086565,0.5000175446264652,0.11587640568907098
0.5728042729431289,0.3966996511370734,0.7123067885157954,0.8936422030919652,0.13698546897627994,0.19554506516335313,0.3906346537147696,0.48961188799593625
0.11637426092537562,0.9832955742400367,0.14296520291221848,0.6484441741778445,0.40178859346880635,0.5168154596442786,0.709136784217176,0.45717152729372523
0.3616280531361912,0.09264566398369634,0.09272366983368441,0.35540737985070725,0.649367655639113,0.6657953150547549,0.5871600599788035,0.8263450355047647
0.21688155427484068,0.017194772206476694,0.7897874776641435,0.22711720705696015,0.6385480832533947,0.3923365410851003,0.8849298524041531,0.411554594248849
0.32586480333345147,0.7985931608989202,0.9563561049690222,0.749627546941311,0.6079363818657822,0.6340888370136541,0.1476606524359535,0.3182546949419306
0.6534484694867216,0.6999143549562474,0.39475707624105894,0.27539758545621906,0.7863993213727315,0.7585402061268324,0.3611652950015589,0.9997212510167686
0.2441261228607865,0.17175343657003683,0.9071995638783659,0.3051891617228689,0.1528515075567798,0.09721673192538893,0.9025034749796327,0.6332156023501818
0.6241085238374163,0.8279270945374453,0.7545192903019791,0.7375457469971066,0.23063008294336296,0.9697318614370046,0.7464198212039075,0.6487228673813826
0.894181164730982,0.30300743123480445,0.04805044057453656,0.6386600664045822,0.719372351582773,0.7833683324659021,0.334067074444812,0.09156159248539819
0.47654236539229144,0.40441208121106453,0.788319245722876,0.8790132686095116,0.8241937836344779,0.46678444012243636,0.8844207564212155,0.6885459525330166
0.7511061755639155,0.6383212173556547,0.2179111716687191,0.6093849029527287,0.2616989291844375,0.09176877962072827,0.8410298093587188,0.9703727793587031
0.14500007722830577,0.026018571441528193,0.2604938832094478,0.9192490056438681,0.15097087301425138,0.591885259176673,0.4689445958421361,0.9919702061949925
0.45530521120477774,0.4117861908076704,0.8274979590948506,0.11567552509048107,0.13390928104620492,0.8940738727195969,0.08590236796385498,0.15917855318663843
0.8726366840649495,0.587504449779534,0.4418123096739982,0.34343146086003684,0.18149659911714988,0.7582497927772985,0.8532739917242435,0.5305785942384025
0.7653343284897562,0.8334796497995254,0.2850678322938285,0.9793207294933164,0.3084022832604285,0.8035362835403015,0.8947761863482151,0.04803717199221491
0.8227453356860124,0.4058413372867854,0.6390501171238147,0.6405822008721227,0.32250310234442836,0.35067073127915405,0.8788373687590251,0.6587966470015415
0.03848626872186878,0.21473039895236767,0.35136027043159923,0.9325077793393863,0.10984761589677638,0.7432631059193664,0.33253471068608975,0.8544756770459907
0.2952337626759728,0.5918957891232783,0.11479050383945832,0.42323211291157503,0.7884133702865571,0.4886920650558271,0.7965506789473078,0.9820366986533754
0.7967902897993909,0.86177496985639,0.2555810295105103,0.8495783572076866,0.7841660029866758,0.4471065645961866,0.23808412828241943,0.6044504324614033
0.6517408919562545,0.6844242472633716,0.5656116216725927,0.6640509936426064,0.40326136561447123,0.8803715111952682,0.22369984821448852,0.33081825758234296
0.8687767985632072,0.27872760042472855,0.8718210999721664,0.9467822727680688,0.6107706756989776,0.7972448060767303,0.8492691905964237,0.24802586048965924
0.4530293650156896,0.1536029672697552,0.42646531505135155,0.016413517655177956,0.28327352050928156,0.6925430187076252,0.9758824809771958,0.8185067004060571
0.40010042659471357,0.5184677924858325,0.5706905034577204,0.676269041041111,0.08992034656542425,0.40705539432629223,0.2779114163200962,0.26464985733551705
0.1166871808361134,0.8221727708293967,0.44829978243733415,0.22358740133627986,0.33518420214298983,0.50846305652581,0.030220314739514698,0.8764336854827388
0.0277785505356829,0.24501758891319303,0.6318504005807407,0.2970337258358323,0.634948766704795,0.2832614938334911,0.22584755534123901,0.7075541647552237
0.9904834302209796,0.03521100216133044,0.48502856346785295,0.1429011096413908,0.2534909099684721,0.006746342867537947,0.7566407203406191,0.07161617829823663
0.28594167250157554,0.5956974378034743,0.7176171128569191,0.7408806152302541,0.7217714961782132,0.9668831569196481,0.49358678540809675,0.06240716546573255
0.2859672788135208,0.28644002658356316,0.15003615305291917,0.2962979585713952,0.12003941206621749,0.6860548965785217,0.25325938339680476,0.8551858389395398
0.2530585819480339,0.5080763843324946,0.9625265773641252,0.6807436020585721,0.8975382660230424,0.8849990516230644,0.5359745133200414,0.6944376509925017
0.20806470624300077,0.78625002078617,0.8324378372505865,0.9609751017196992,0.5463203649989461,0.34328181267911584,0.755470805033542,0.7204400893404908
0.6979128623640084,0.6276514322115576,0.8218034003188619,0.1468365033008754,0.9979061804930959,0.7419444380517125,0.8665823301712288,0.8176104728693787
0.05674290093404,0.9561779063752389,0.6097448651156494,0.7264373837909331,0.43400346784972565,0.9661170208363888,0.20139007115767915,0.7855807548061184
0.9973980067456216,0.9565741567640598,0.11978560478156075,0.14671808464171499,0.4052126989599133,0.6876892025949631,0.26038367282753316,0.005625077116478638
0.40768309892690857,0.333787939843458,0.495329169600475,0.22216886282964454,0.6189187985297506,0.891181487720927,0.7950143046919976,0.9793999930461394
0.7469553461924466,0.7785991594002737,0.401605344453708,0.6001503912809801,0.13038415959619698,0.09265574325409087,0.45049777240379696,0.17435888243347264
0.34582834030038156,0.6573569781185465,0.08025319199035652,0.1261412496509129,0.4756421839088557,0.7281609422468315,0.3110238166615342,0.36100340709560463
0.7594965343626583,0.08810973005547929,0.6357199458917064,0.6017893320033855,0.3979595509170194,0.034147694511863835,0.20901977627751467,0.4654475187490099
0.2363493134402277,0.2382891988924566,0.46045959390194513,0.10598142352975004,0.7985928486489902,0.5702711709704001,0.19382576676708463,0.9850817727849418
0.1658082400321953,0.29936492590952424,0.6425700227415924,0.5718262661478611,0.15662670549976765,0.5163662898398322,0.7647867881571055,0.12995776981775609
0.3336442930381681,0.19744817715680285,0.6941653158908581,0.20915180881687234,0.04006989996406929,0.754477021858244,0.245604698120245,0.8242452013472679
0.5396018900908706,0.009306065506568872,0.12140452004085689,0.017507193976822544,0.9910496125544858,0.7260758999312912,0.7008153342323532,0.05000751759304267
0.16154739559710485,0.9659165359430687,0.9831188913960451,0.4674172948514873,0.07608498052611934,0.8164349242253621,0.4034536547067935,0.6246970670498241
0.7907617744296798,0.40046177023627905,0.06841014568288906,0.5056890158909039,0.721658910111213,0.7352357996100164,0.8674306729651541,0.33250669414004697
0.5723611971590227,0.30878353840414496,0.6002992898244977,0.5233169675650343,0.20040652950622573,0.43632331948289904,0.7241807037300695,0.957988366339612
0.7481715833153315,0.5382917258099928,0.40217625008839963,0.8108500232056353,0.3717072376099111,0.4027587824423663,0.9694585832225392,0.23281906485560167
0.5315603482658148,0.13135385542922995,0.1488685713397857,0.9070632150098819,0.9614438296917397,0.8161945970833154,0.751230858038641,0.30734538994697724
0.9264677848205153,0.22423112333593254,0.2445778624573458,0.7290373032480831,0.01581055902612083,0.4150238481123868,0.8715383006897409,0.8956692846516514
0.6044709798965213,0.7825821007777468,0.1602223522463957,0.8052011004160367,0.901376237520963,0.23281088583566756,0.19487145021597108,0.09493972444977028
0.8243331374928023,0.18825062517078606,0.15362753931297968,0.6915665113878636,0.7520673561978536,0.6208831038536919,0.48952723014789634,0.4714645318424219
0.2175375346301105,0.22157528998710752,0.5162547380440364,0.8816258296958893,0.2085835466584346,0.10885335664221374,0.945971758843162,0.7812565955062735
0.5253692233927872,0.7858846342166271,0.5690379092477087,0.8519066859141432,0.07964196117638578,0.23494941062860886,0.8492379894102555,0.3899625283578262
0.4523391059831796,0.09605684220952238,0.8070375242407146,0.9223887521505124,0.7536050176089675,0.500304297031298,0.61698174442129,0.9303988373674213
0.02996549405027249,0.24022834891905553,0.611788780827156,0.7497640273517605,0.9848082625123579,0.6505602823631249,0.966155795600787,0.8601755359741537
0.5919958051530756,0.04132006279672762,0.576646424803594,0.8622082495521903,0.2082433089932324,0.4124971664040724,0.08518588189881471,0.1379845543305871
0.6402873742489555,0.3745824878627735,0.09218221081359279,0.2980941301300779,0.6805494502419835,0.7418083224563067,0.7921258219017095,0.9210422162405193
0.7453196875914208,0.06376848114667255,0.3764198300291808,0.6007137670343572,0.22705282032201723,0.9892006931522382,0.8877589908481736,0.8238622449133088
0.8318463401187332,0.9189985308664409,0.6201311628687908,0.6178555699819825,0.33446866848980605,0.48680327574759075,0.8207057937305844,0.9836378910900283
0.45342844871731525,0.6598098630879359,0.5879299669812252,0.4697840902362632,0.38530646233934973,0.6924154269535368,0.741527355718985,0.6475719202445912
0.7026186421181991,0.6000382496241429,0.5372480982033433,0.806729750332696,0.8873243983509168,0.516389960169895,0.2397438740527742,0.3565545643099438
0.8125366036734047,0.9341475183658324,0.761382299984707,0.7531287335335356,0.7900493492168374,0.37758380775384837,0.2805824524842785,0.8111422263903902
0.11526599900044288,0.253160185098808,0.8869325367408954,0.39056119790913746,0.12258530546692459,0.5303510312693424,0.4501683457756407,0.00705089303791695
0.7067748242604039,0.21726080510131784,0.8609596027307249,0.4215328148667905,0.8358922958824139,0.8761555826816414,0.4648503956585388,0.5903966069935448
0.6572090679515842,0.6032171294113244,0.869838632884648,0.0721234981733232,0.09889350446453882,0.6439801741927322,0.19576906814699047,0.19797891931761857
0.76153936870549,0.8969957197225364,0.5873240241528703,0.4443419213096109,0.03130897908089203,0.5427628918714058,0.4215807934446453,0.2417799829005517
0.22340821278878042,0.02027097649281351,0.33738964480679634,0.4872135241998342,0.018790253146610092,0.47631654818394176,0.9882274694958817,0.4643363983499038
0.6030615472708075,0.042306745223598674,0.9246807077244091,0.5909190941303046,0.35893772744200236,0.500553850510161,0.38073854853436095,0.6131491967244831
0.33751527672070614,0.529911456324896,0.1951609084223871,0.07434640951652205,0.9892644695542899,0.5594035805292192,0.32006055180473003,0.17532949659274888
0.5906052552831839,0.9162605917939761,0.027937665240535092,0.8580022514716475,0.24098278445933907,0.22198488943463612,0.3478429618646828,0.6390876460282008
0.09164247248650459,0.7388649703269505,0.9431397824425853,0.833990469038339,0.29538734994159954,0.3916489413706442,0.6540541767138226,0.19033128684484069
0.5631772506131525,0.35146186518081257,0.5094692531767632,0.06218212223165509,0.7176151097641612,0.40397817226711896,0.1498213640063376,0.5740413356370929
0.4679694910030039,0.05779234614207063,0.7931089736963176,0.3741610180498479,0.00014103128313680546,0.717413423345,0.8655588876951641,0.0923920047061978
0.06734908620795876,0.00796318670603735,0.6416600824407616,0.2588162762040763,0.6944014247466946,0.13608202376480072,0.9047852029786108,0.9302348264880563
0.46199296857405114,0.860897604686413,0.19412430341932696,0.7225117801480125,0.9472445946660762,0.1882493204857696,0.8525465351085021,0.31493192931616065
0.08549400372510163,0.17718941114883946,0.9791309896658112,0.8534879589268413,0.48408454632180165,0.6834433328448786,0.45791340201092734,0.10123278153422877
0.24509057175357318,0.3696828243254645,0.6439897902493973,0.6002177039263781,0.8548892750626704,0.5964242262218097,0.6323175138616702,0.3984540685216017
0.9964515537888109,0.12387597389427785,0.06753535263441313,0.05334473784227223,0.9064663784762783,0.6209561520751498,0.7503915555586805,0.45202476190542307
0.8105358858057119,0.36876196740668654,0.6442740381584984,0.5250956897205252,0.40113198291001206,0.13136313235499653,0.9103770383078114,0.1840084486409853
0.5729561611895808,0.5933569349095699,0.029374629684282505,0.4987626147609455,0.21944578714646823,0.7903571564604122,0.2735199231349926,0.6602440522383327
0.5650355392719527,0.8985292003479192,0.23868166954045955,0.9043640718446747,0.9137347045203591,0.9220619563883025,0.32728554672583754,0.7244047895973912
0.7252372355497293,0.2875939392433897,0.6554908770233561,0.6468262278481035,0.3021379535297597,0.6310778077971578,0.5988260702423418,0.8245443344410236
0.6549105538424825,0.36404267516985445,0.4106332812239055,0.7035129326554518,0.829591033924372,0.05971523554519431,0.11782756961394947,0.3819889906600994
0.23567948635927038,0.18191183282147305,0.6425714668940467,0.09939322364599912,0.4812036355886178,0.014540049353871876,0.7255883931670256,0.22611981705624773
0.6879271880206755,0.8668749929640076,0.9706140317494576,0.7206804976781342,0.4349516122683359,0.4836705574529129,0.2150752576537598,0.2410447046153752
0.6689971306547493,0.35589059506460674,0.10616266148675413,0.9710607238159771,0.9588004412941111,0.259523005761207,0.5109560907913426,0.7219655819675922
0.8348749301818722,0.048183468547774555,0.6537094175733945,0.9567727747793555,0.8604685129954941,0.30265046482183977,0.7219368137065157,0.9406540482484406
0.36509277205499746,0.3632618242655391,0.8488333087016157,0.612171215902996,0.6239653148822634,0.0923433074881993,0.7451680692636617,0.018584086226280494
0.01122320082962791,0.31088216552604564,0.37776149012880633,0.5060098643506946,0.2819630721927937,0.43826622922513225,0.23954015929729566,0.9141087209689619
0.7927917388294743,0.7088327929683023,0.18952591565928878,0.017122117255872427,0.29899570456717073,0.029866199799181592,0.30919555610996174,0.1246843321020914
0.7044671632318916,0.45487773834659406,0.3019860441998383,0.4914680136849995,0.2318646498368434,0.4956507047119816,0.015039136311375323,0.5524190852827461
0.36267711257493773,0.97589081585143,0.6576637502172586,0.7591644410556083,0.758009057068449,0.8317495383809319,0.5701645918525883,0.4587343675301475
0.25399030737164774,0.035735225824172545,0.3344805302694922,0.997570368287484,0.3299391171148356,0.6143316394055545,0.4958736905327844,0.9500242750439203
0.9099967743829395,0.5014660956724634,0.9127295990130959,0.40626707841924625,0.54904063657488,0.9868627995915881,0.5286302513613338,0.6452304133139124
0.3239037145936966,0.25697481789554444,0.9582297322666504,0.4637409918914813,0.7980377384576693,0.4906297166966723,0.17983019363949782,0.4014980252736109
0.2495757275863748,0.10028988505906611,0.17696706880357305,0.22491003430879153,0.4041195827959603,0.018199728573034202,0.7683255615006837,0.21057051985486375
0.36183515115175147,0.16435709030128942,0.2582713747033193,0.23915098959075065,0.26343528001786176,0.6903150377133876,0.23971520246485611,0.9594558378551937
0.08592781260685267,0.884912104645897,0.6401484205089786,0.2808542945632223,0.3672844346858086,0.30802736431769184,0.9126055829938675,0.44914854841845253
0.9848120916078057,0.1295694342788154,0.16820994163159997,0.12023160342169326,0.520955697750881,0.6938140212868946,0.10874884076503888,0.6631749151365945
0.9924334157885534,0.9319938120142295,0.7712449417823048,0.49083103758483626,0.07365021825154905,0.8317948634290566,0.5742992431556736,0.0759020123451386
0.3322735134997131,0.12014096001141683,0.37044365316905425,0.9274688544268461,0.46534147453473285,0.8013659218652014,0.20601423703314414,0.9914422059319996
0.4009960953910898,0.857472012429887,0.15018718142216503,0.4660181742660361,0.41402349256139415,0.4777945775492801,0.8552014681660697,0.06229898379644194
0.602708652576989,0.4096043986398158,0.23568756772445443,0.6900810237704421,0.31909867033121675,0.26116145236560995,0.27284643319785895,0.6781574140972503
0.27566134888385574,0.7651378381535818,0.661762302086677,0.7947644900381365,0.7859266955626542,0.8171266229561392,0.6346423278247192,0.1940942165388191
0.3047597976333204,0.49138034804591824,0.4371923837270396,0.9918276194045437,0.2366831086084058,0.10778740462478809,0.943903763717274,0.2745060362913265
0.6386872485972955,0.05192008694186234,0.5849571754959493,0.9273164924331778,0.6088461424066024,0.06738489192460617,0.6580424545235992,0.40175479527125746
0.7626365499706368,0.8104645619792795,0.8487773446546508,0.44827556121916623,0.9722136949918847,0.4311817993542991,0.2086560176172585,0.43200233174441394
0.15156848615265162,0.724781166603336,0.4154773275508714,0.24114054922831296,0.28979679409980197,0.6596987319044748,0.3923483343088702,0.0009807024658670116
0.4256010984035826,0.7842990669571182,0.28346775763106313,0.14121685621539593,0.8428651327783698,0.9125080262582705,0.7871524452150503,0.2565908569395621
0.05190486233930591,0.1944832434796806,0.06708488170811189,0.5257757524315556,0.8078525373162347,0.9602963662641542,0.9051228528675503,0.9897959403885679
0.659723099380218,0.26502032454799473,0.1451061171776432,0.12152064303532684,0.7061082949679213,0.1632476580483746,0.7187161185898725,0.6250200823767086
0.9273982559907675,0.21183007019223155,0.8350970360462122,0.35545627080166897,0.3602102649094806,0.415322437073088,0.7507164949147986,0.2449614699436462
0.3775547686632894,0.966092699343201,0.6212947136152672,0.8517783677060802,0.557032835171468,0.849767657146436,0.1903088533519074,0.9656870924714264
0.9590691688551292,0.3408868208539071,0.8637923895787746,0.25620576259908867,0.3539071701039588,0.4184473598648255,0.49970655445900647,0.43851550687990326
0.2517127781426026,0.423162941219804,0.11476716400611686,0.6061074528929362,0.5408954228043058,0.5783307330537361,0.7123853342074096,0.01879266367068222
0.456425746096483,0.9098000445441391,0.050390174664802556,0.4857757137369374,0.8147495538806648,0.4761846750789568,0.6778547833573253,0.9146240188268651
0.08806895711991802,0.08016412081228874,0.871408402997635,0.5838821311492551,0.3939936892975048,0.1635360779190299,0.6132357400814505,0.8712100682712468
0.28769178905475734,0.8005882051362306,0.9510787338927439,0.9369754063749953,0.8274171014470708,0.1455772675185747,0.8307782718161938,0.6877389284133953
0.7578820594061152,0.9199777463449801,0.9106729962616018,0.9755636648326889,0.2040474533573985,0.0826345616038644,0.05711973576480289,0.9353713060984682
0.43025664788704776,0.07135811710877016,0.7618840820596056,0.14651389782380397,0.9976260691525173,0.2356630343093068,0.42203920205098333,0.09516894041333779
0.710602237756116,0.5818679998252989,0.17216891694638858,0.9193087634694027,0.4826305654138143,0.47778347436597146,0.3362123667012086,0.30080935255533314
0.5726653666505247,0.8453747271954243,0.4593230308058277,0.1981953079794584,0.14164556821069973,0.09306506887474908,0.15447909942792193,0.38824522951359175
0.5265119664241026,0.5825927543623238,0.9252957694893418,0.7853509487981122,0.045924201055350666,0.4529494241839752,0.020743398704182958,0.13842559842757185
0.11471584117143341,0.2521441160093414,0.398550579864109,0.33765730899310753,0.6709210114143506,0.6116231508586119,0.013568985983204773,0.9016156737023052
0.20920481295709625,0.7629229914405823,0.1394553179609923,0.5712020962773982,0.5191614213367436,0.9101129025863826,0.7445877575210609,0.7881153950731378
0.9657193637923165,0.08599933629809331,0.028640202842614704,0.1368287153523331,0.7212834030648293,0.29268699701922385,0.23645409892558233,0.977865522205622
0.8497436578719003,0.12908411861907976,0.2993375280479318,0.7290086592656515,0.6786109466988232,0.5233440839004085,0.2739729547456884,0.22513660349712017
0.4610093845861992,0.46108448745443587,0.5981551025234263,0.4322598150064312,0.05243178069498711,0.055112525099589416,0.7643519522911051,0.297776829920239
0.7607188407308414,0.6557143539012935,0.16796010329144506,0.35268246101924783,0.6547062629200935,0.6901545719013459,0.09509915649438716,0.6332096364864882
0.9696825887356842,0.13931957654214522,0.5885078219808875,0.7178696026122664,0.07035325587350527,0.25728233172680903,0.5498745675443246,0.147565323470342
0.04880788639254885,0.9373559791893872,0.48928699998457637,0.11089495622610712,0.606947438092569,0.9661977644280078,0.9316964001402136,0.7285274818696214
0.9718829444370938,0.6622263397148779,0.13683853340672847,0.9808450580125385,0.10838566861273458,0.8597103397638928,0.5075182890523328,0.7210525441512918
0.7801710904349177,0.8325511161004384,0.4814480549291428,0.2689570745995513,0.6220744161292816,0.27642453184821747,0.18863180262924417,0.8338710347046736
0.9417548242392678,0.5301998757629232,0.541513706410424,0.13781149921531177,0.2141735281142394,0.015755094352409404,0.8269331694247835,0.2772825787376543
0.07980107272146031,0.2771987922545437,0.729119753053956,0.24167214119148128,0.01461730033493902,0.25724265626136233,0.9318161192209746,0.47271771875495616
0.9811923882216553,0.15578982180960133,0.14485266294773713,0.13534662748273485,0.7765544555938437,0.6365679681662801,0.5942717529951329,0.34495182786151946
0.03889856857887586,0.20705640525992952,0.25149355104819127,0.16658689699082996,0.4928967599549059,0.39720579057757766,0.6387904664069546,0.034239749550104226
0.2511757331690372,0.38457796235953756,0.7312246545245805,0.8185442078350889,0.29610035417606617,0.2515100494478866,0.553231408611392,0.777212487808645
0.8617183334140227,0.8437076739825058,0.9448030822270405,0.663258735950761,0.6849262382356591,0.50541585540253,0.8577825597773463,0.5073088605399731
0.332508535975078,0.9272201325301763,0.21613001455041048,0.054176525542801834,0.15028147728824837,0.43011821656545624,0.8998474932742169,0.3650031619980242
0.7873993011786485,0.4265367599881852,0.83719242523936,0.8943753892413893,0.2344449653301781,0.8701570781624244,0.8396790220140721,0.38334603501059106
0.07748706866546862,0.6314396341473664,0.1357146844004441,0.8490565900544682,0.17270080231053941,0.8574996046228901,0.8444976380499188,0.5999422285979972
0.7495800562352595,0.9512291684782384,0.366032887515081,0.16174018302971072,0.40542707551723134,0.5957239422729523,0.44484155545045934,0.4463349565966477
0.04929964867801784,0.6132693974086348,0.47560413313478334,0.5690814549891832,0.7415315076376171,0.33607372891816345,0.8779383514412213,0.3428096297058064
0.9678003823780766,0.6134945608798117,0.5333029885708911,0.3419248164743721,0.39301617479132767,0.38308152238646465,0.7970686425038037,0.7427541417142473
0.6835966491612655,0.2517122710824947,0.7584983149425238,0.1614572087293784,0.03765645850443178,0.013650099142160088,0.8518851559673987,0.35216170912150513
0.5370899362290693,0.6598923395063667,0.9718009757696742,0.46230505509703823,0.12541327504989985,0.3586614968956906,0.6110051017062795,0.5296526638121798
0.11161318813094212,0.768485864805986,0.7392047676632443,0.687118236624753,0.985715778179194,0.19697771469251657,0.5706181669853824,0.2669448290831944
0.833617286640578,0.2600541075827151,0.9769189198388553,0.42026339586388395,0.9439108351774282,0.1713238584573077,0.8162461286041965,0.950859716301031
0.944111416696795,0.8763104687998496,0.33148122714413164,0.8086488844985561,0.7148971279671583,0.9489427395485897,0.47327818813852784,0.39869162329604146
0.14401520958033398,0.7732609622095303,0.5686118197827088,0.7541459346352104,0.5806623720351328,0.48003160740499373,0.713562056692849,0.23622310831356452
0.45327784902226664,0.9470196135549589,0.34595503983302944,0.9953678218414113,0.6263740546838354,0.5966629938494269,0.15494145457901565,0.7842364919495403
0.5635935727592157,0.9980909633090087,0.7582020065980801,0.3188774133347293,0.6938717889550353,0.4569383139152392,0.47449053140478104,0.43050708937220183
0.9136995588424931,0.3555236973149851,0.09169749612371814,0.6237126892835956,0.24179789096009874,0.43241404582250886,0.9155611252119115,0.261926288355007
0.7807132822371217,0.17113297559883656,0.49830163513311143,0.17397899282472873,0.4088188158197711,0.5589180831704099,0.47641530304946034,0.17871417914062426
0.06218376482867327,0.23110397122214488,0.1570245362466477,0.8129208563033543,0.059395688098313415,0.17234741348488547,0.27761435323271655,0.49134491529828805
0.3823361614485412,0.5071509846259253,0.46729114787831283,0.9224423128152771,0.7528057881428462,0.8858946943182077,0.1065196240927192,0.4957735961529357
0.8130473883507071,0.9249311696227388,0.3413920050449749,0.4407705535022215,0.036363630127008606,0.8686556227259126,0.8269457041695085,0.1490095680257536
0.40149223505744713,0.33206129645272564,0.22532812221856413,0.707089752625878,0.4339643487312892,0.5043450852244817,0.1526582868427141,0.3367447505668728
0.6024842621040977,0.8494849315106495,0.23423151449470792,0.3244787135023577,0.12676400459803217,0.4608937711554735,0.163667404188502,0.04561153093814707
0.6799325742181296,0.11052515352004422,0.9955163648677287,0.5433412178419793,0.9735422426728217,0.5508893992923787,0.07343580437162245,0.6204516332527443
0.5805027844760616,0.8919211892970298,0.1221248842858087,0.684218996764223,0.42381563795529786,0.08058530246301665,0.33613496912624286,0.32028862859143026
0.6712763906571609,0.34222533856980264,0.004125131124251058,0.40884967479307377,0.420439563047445,0.3135437273759838,0.8576097876678582,0.18054811755437905
0.27713499146451737,0.3907097622025614,0.14678350134375096,0.09443490505539398,0.679261985917181,0.9483807233706515,0.38897183871606034,0.45727445966844493
0.8927146552625735,0.8603294470209767,0.8516611810398291,0.6083503318713018,0.5930706772214174,0.11863973290184726,0.36521592555504334,0.13237334680793433
0.7823713831818889,0.48413897254086435,0.2211876384386997,0.6250266644241648,0.872559442221253,0.5328237565148826,0.37033468013844373,0.7160560996775907
0.9590861523154984,0.5677623412714297,0.34029928092286554,0.22412813010805377,0.1545747521205606,0.5090891793184854,0.8162743028049069,0.6200161111178947
0.6959175363444808,0.9325839786787888,0.471069210754424,0.6002992437734522,0.3239426025780756,0.02327193156834184,0.6121931350609605,0.8964194340167356
0.6381096655583853,0.71402391888466,0.5263256054586852,0.7558064206260945,0.6329572349589624,0.07006400496602094,0.07868646221310804,0.5465667717421026
0.6424212452894473,0.14796230143115574,0.2936498553831697,0.8933381812330126,0.44191694341034005,0.20423514256860542,0.07628531556115814,0.4200702327714273
0.3801846546151305,0.1758726115402135,0.17532042699211747,0.27325109469523934,0.08845903885779371,0.490057650940134,0.6182836747496131,0.6569931404800525
0.32060788349625335,0.9519357342830503,0.974689073116611,0.011142308071955154,0.9331092277912766,0.6783941989223411,0.5447545059563589,0.3649122897148003
0.9564829585465144,0.5444042703296351,0.2088345467920315,0.7865480444960069,0.7426749266023036,0.8871011402521009,0.8217108961025401,0.05941726679202086
0.22307366372250825,0.03628772847791206,0.20709141279024046,0.19766674166594134,0.95638156446884,0.7442548274159267,0.6796218957479809,0.6931523890068376
0.9555364408064604,0.017045706703315178,0.6425622891908291,0.5539229791252801,0.14296608367697616,0.6080590094558195,0.7691548755692482,0.8700199365744025
0.36034987346681,0.7908055987836131,0.2648823149372148,0.2871609574671363,0.6603482413022586,0.16540605355712357,0.7584147404031412,0.5013811676126954
0.662365062449551,0.9006612666742039,0.7873546266800026,0.2961868107986939,0.2440291226482617,0.23476241771607254,0.534124197779984,0.9071210915697012
0.12404104182925291,0.552246786763007,0.44491166505215585,0.29271716816861093,0.026330864255058706,0.6211240165787797,0.21882018827710947,0.9492159318716409
0.7409918358805537,0.1957802821358141,0.9040792682951111,0.16981271011755739,0.7686598710986641,0.5539531178431647,0.6938755490275121,0.056026854887197275
0.5093769201346987,0.8214457714458543,0.8257635615796948,0.6073357739553441,0.34742278907447766,0.06132484720117992,0.16013189958845686,0.42345510514488105
0.8449256171610996,0.6264314185092278,0.865674425326242,0.5716430772070779,0.5709108550713741,0.6345373334585983,0.3287292129414654,0.059424882326977735
0.7296222419345438,0.2851692822630072,0.3134760177384416,0.2676317232870784,0.3717139179861295,0.276346273762064,0.4826120321486096,0.06192020538988929
0.23189506950379302,0.04284585302676702,0.5820991932004325,0.2598864108115828,0.6803498126850933,0.7219936268590144,0.5582491487116032,0.16533646957931902
0.4261815933134554,0.21296227058375528,0.2802888258292071,0.5262214731534426,0.7373753508848044,0.004186622872483614,0.963856670720728,0.4049167985429125
0.06193305220261991,0.9033704471592694,0.3659032807700151,0.7478394027792662,0.32895533324195414,0.36491579961908915,0.6473809161409196,0.7045026672302248
0.9483696036666405,0.8461210467334738,0.3420930146535688,0.3926028975516621,0.718959965261571,0.3646334361867759,0.16378024336009378,0.7523718136331661
0.8761535593438521,0.7056320285024108,0.5255731609674386,0.8469549542131521,0.3895278476400673,0.577824836556311,0.15348724303909667,0.44667088725357174
0.31685769982794576,0.03454045509023196,0.636716872856073,0.9578443175249945,0.3364835351703259,0.30003039720948044,0.00929186686961947,0.46616129292257436
0.2615924341514161,0.34403542577649027,0.6050760412305558,0.33244565361386635,0.4779083175575518,0.7137192952933868,0.3310585705938628,0.12735446704567932
0.9531590786019648,0.3868807191105026,0.014804455500716074,0.8154337666492328,0.3969246517015572,0.48286706989191774,0.5274943092585376,0.2929436591922132
0.2609414665458576,0.010219896131387296,0.7695742478162757,0.8013375295783669,0.5766842679720984,0.7269566530628068,0.3777020489273184,0.30960785431099236
0.12430504060741976,0.5932268528549178,0.9812568084583809,0.417227541930857,0.006145604202913435,0.15398774950827276,0.417966183276282,0.6450361626325107
0.14379042447074697,0.8688057568403895,0.4739239873034825,0.7340188937233452,0.19081637792781903,0.4918697021606321,0.32053929913632995,0.39035490026168673
0.9208988730303982,0.33681678030869167,0.42337109315007637,0.7664542245886375,0.3204925533715377,0.9762325526699765,0.8890490819296604,0.8061096463721682
0.25342620693237095,0.07610912655313695,0.6318906068519283,0.34512375134749307,0.42115984531368433,0.5560831402659685,0.27859041864964085,0.06934811723396961
0.7342089105332285,0.9498034721116341,0.617859122239324,0.6914820177198137,0.7449312818921726,0.8751229474330076,0.5581515135453167,0.5018002341123399
0.9782168591566065,0.12878058489040245,0.8291746407835081,0.46375962115911895,0.06710083083571527,0.4440134163205839,0.6254802629479556,0.5894807085447293
0.5970694549582732,0.2603505128813276,0.3934717985220152,0.08267279307235376,0.3886874146327063,0.015413214199980763,0.22557652502777226,0.14725888413071886
0.6639837668121145,0.4179966451293301,0.6149331634805383,0.567213813803459,0.49944776804149904,0.8604569131706875,0.4635875250996053,0.8541975130466487
0.34006069340046474,0.7486659936674603,0.011018518294998891,0.08395446806662199,0.04407307108748737,0.5055947304767007,0.27913850512432814,0.05093115918834945
0.2689230802230923,0.8084481898042489,0.033082008680275554,0.3457938884486813,0.4910411209111438,0.6871707451500841,0.43088427376569527,0.36432254156653243
0.5968210266711679,0.8151032366010882,0.3801296401480444,0.6691902626158865,0.6217726128997458,0.7905930979182263,0.16684532428917853,0.39446499018240855
0.6662663244720438,0.5569229801386795,0.47342154708945383,0.9037323852964714,0.05145703542135893,0.343522981764108,0.4796664803507893,0.03986453620847441
0.44103318526898305,0.887572330100844,0.7847182065490028,0.9234367959314089,0.46941735372456084,0.9017515854651351,0.8898433567337217,0.4140585306471919
0.3251493440217166,0.735543526292694,0.5218646992823397,0.5572587909371702,0.5063086167258228,0.012666807218330578,0.37135648756941375,0.8168581656410318
0.5936685820021921,0.6032348531471668,0.9369609767223991,0.3185584648908849,0.3640007299585164,0.5324213615360665,0.8284399834987977,0.47655052275716536
0.1532136975388826,0.43167111028713556,0.941871262829031,0.19094856688467088,0.5245626922539589,0.6243533586426634,0.9971279570378739,0.2560901962839828
0.8151334194011464,0.34842453189965095,0.7335284802495151,0.5371125018447243,0.9411449720965143,0.44411207675708386,0.2795207581540574,0.27508092331672895
0.08939817719127696,0.5981003595296758,0.1596302296424721,0.2718749866563419,0.24691688013239343,0.5687577844310857,0.4458761626492065,0.5782675183570486
0.24925632969446487,0.09266960232362065,0.05156899520101654,0.4806963212356101,0.04897121873420007,0.4214554898313657,0.6302639121709794,0.5987326826674008
0.3200336289002128,0.20294221397014123,0.9088082509517182,0.9386324174988462,0.6131984023121649,0.5530959666459186,0.2465664726934077,0.37028214372416346
0.49974167351363763,0.23618026069412912,0.4469360664908407,0.1310870827794779,0.2516597260231729,0.09941663701980707,0.45648671946019703,0.6847594596032598
0.868994952521139,0.41049165239405583,0.10069638504344647,0.9708146754834537,0.8338750848089195,0.5641890532631361,0.2740646027228961,0.43961881409881987
0.9875457930059013,0.4981123098376038,0.9690961628917327,0.9372134641528409,0.3608089141917654,0.522595285433896,0.6759539998203898,0.5331246618623118
0.7569507548537252,0.3185754001641632,0.4927245191370996,0.21383076139643153,0.432649020176913,0.3483373531799975,0.038699510301705375,0.5697866325142552
0.9021383403182551,0.10378469833780979,0.6028237619650734,0.03890455048753361,0.20170103769321523,0.8643098693997725,0.5162021620073609,0.15401065044393858
0.013794044254138882,0.58391181858212,0.3061149443634835,0.22244976323415733,0.4199527420972704,0.7004677952860741,0.09439515035085644,0.6808291490508821
0.3798524727955027,0.7261274257937098,0.268545784098677,0.584710045953208,0.6819574555497642,0.7249292370099403,0.8018274652005358,0.5411349154240138
0.9810916443637104,0.22014846638043528,0.6590664606971935,0.3733438192732249,0.2269877041199886,0.22123246526924367,0.7085567452443636,0.47528177890350753
0.05904622406501414,0.35956342263272845,0.2988091141697279,0.25752134632340495,0.6698176799582858,0.6349575788249239,0.10162704878518247,0.9269198905223964
0.6249356648694592,0.4830130922935918,0.9077473013760546,0.4847948278700762,0.6806863193646273,0.2216775393085827,0.6618557022886958,0.034386105995183214
0.8742589952221137,0.6105233672571021,0.4184194092604392,0.32926486358203855,0.21636224615156718,0.853398425542257,0.8021781122771632,0.7650972569225574
0.10715458455535154,0.8164964696528352,0.7560535692327041,0.8560840669188315,0.45314719288364447,0.33107852602424614,0.06842644388134245,0.08161160083390362
0.18859577802165395,0.672034118012471,0.6816093512628663,0.4457109647308547,0.052458357511492304,0.8033512242916466,0.7664595850373825,0.1378903065079875
0.5012605316102459,0.4542113987199997,0.7555689733268824,0.8363502414992656,0.16032633738825552,0.943232250923484,0.9626076165573267,0.9872987459967875
0.15217944042392717,0.13738885896831454,0.6137051534561571,0.4941430664779958,0.2442441147971821,0.6840498643049918,0.28879724900437753,0.10088357395334457
0.23848090691969015,0.3125049148730339,0.603625763340508,0.4079150140629718,0.9467507793217943,0.5209878289680917,0.09650566975673303,0.3943045910247709
0.7754231928520455,0.22562778313155873,0.6485552941897107,0.3916973642538325,0.45647496005939714,0.04882455270482833,0.9449177395356957,0.788471025385429
0.0038575261236567515,0.27619068272864145,0.8873974599023564,0.4196528786874999,0.8840534521894671,0.06690946532978992,0.9456103575516008,0.30555514385104143
0.3569140400268478,0.2897336863257943,0.4624887101983738,0.4599903245754854,0.6404288791992261,0.7073483383552316,0.4931459464336927,0.2673523335529464
0.7267363392249638,0.8758470466046507,0.05757177336432995,0.26960902705639767,0.09294271922884678,0.09975621138222435,0.03296792384646596,0.5051660766592686
0.3273958557380926,0.010979713791781753,0.7613440302016885,0.062945262837937,0.29076570134726465,0.3360918153883178,0.9293840224389078,0.9660990129685326
0.3733744798928914,0.11455891390408512,0.6915074893941308,0.6340698695092482,0.48638201489499744,0.5952582946282298,0.645255641773193,0.004547103206960501
0.07510844893474955,0.6727723061457321,0.5677488307273105,0.2945233947839674,0.613626825332103,0.788601589029474,0.9962508705111514,0.17549250469932653
0.7181273460478382,0.9476059829956779,0.4544291584068728,0.03275248417111287,0.9786992927185603,0.2526870760803541,0.7801985910492656,0.9881272074544794
0.2956331356068086,0.29330385097680167,0.6458621284775814,0.24159341312629545,0.052363831899697066,0.45090774231264386,0.21690766893163183,0.4353701934616043
0.07989780369751565,0.6418704795886322,0.3902558496387899,0.1415002387756824,0.5252776794128792,0.8811939652676738,0.4106400041821662,0.9572812574008036
0.11378711564500554,0.9169792932765656,0.8759270667181459,0.48685578121028183,0.25209481403835077,0.3987941664967677,0.738656146070205,0.923085311137662
0.18737679618523795,0.41672968718947145,0.39767293278922333,0.5512941029978179,0.6681330417467034,0.6272176411535677,0.1023222432609916,0.05064930184388272
0.8523481794920132,0.5576971445634871,0.17848157094727324,0.5778607168623983,0.2963939272009366,0.8462163132929758,0.17501414317440467,0.7356464346961838
0.31704999467864825,0.1640894564291272,0.966912632375423,0.38900819578148627,0.6492032167783629,0.4954574945985645,0.4123828817647178,0.653055490778907
0.8702564734058489,0.022604597336332466,0.3497194059094255,0.3804276224714156,0.45335437871854023,0.6820771960957726,0.1874407011476772,0.9646360222399298
0.3526153597817382,0.4214312319500626,0.08913397318589056,0.3909119646832483,0.5521106524046939,0.5528254179954206,0.023583049349796825,0.07715566666862972
0.7794205483015632,0.5596529881967913,0.32763243057407276,0.3210679704481372,0.8520108877494407,0.8114923992482552,0.049979783481287066,0.16372970502299145
0.9966375027008032,0.4454380256417876,0.4061347770821354,0.423160779904723,0.10277929071175396,0.4502255304160775,0.20517056379177467,0.2188718847503941
0.76166833817675,0.41397209464722273,0.04538551513184397,0.8298055829814267,0.8012517112831241,0.9195337041372764,0.6168722264236638,0.7908946653845685
0.7845685090069304,0.7012018415588843,0.7639042555002057,0.9097567393026257,0.7578542946546373,0.22652311816953863,0.7504802672870394,0.31225111646583337
0.25976857426083155,0.7076927887871389,0.017653557250249308,0.03880842539314988,0.08198141251192959,0.07652438306059817,0.8087928160009462,0.5506610847416397
0.892684021618341,0.07717617885423,0.9545279098755765,0.8128198097278355,0.9924566774954067,0.23497275362847525,0.14069055002921027,0.13764347896018025
0.3480709672911888,0.1920236614001919,0.19602956191820686,0.12670208967552332,0.5335344893578352,0.22135694544970852,0.3230027392553494,0.029145506015026523
0.6098396245192936,0.8279553809113169,0.2700308514931007,0.7097455540206657,0.870065946043283,0.30783894757694485,0.22873006847403643,0.4386286982262916
0.5250130779542,0.5789306350941533,0.26637009935235456,0.590369458141507,0.5732340820203361,0.8903130518474001,0.5994489275783422,0.7181429264169458
0.5591194224099844,0.260975230633827,0.04741810875307062,0.41508325021138714,0.46278611637473877,0.01044326342043489,0.34802672128131573,0.7781259401988755
0.15720203126564847,0.2183768369022504,0.13094840651611084,0.1450312618464804,0.09851895533025945,0.6024487396850284,0.7959024079475282,0.06376515592016874
0.14505814000606576,0.3514241493474408,0.29233358133586906,0.6497341993506285,0.7794063141236687,0.7004967537258918,0.3227954660613366,0.5492214070701462
0.5353201503733488,0.9542120168521172,0.2860541472185676,0.4808679862310783,0.6422379303730468,0.6715035466126249,0.6994673007442042,0.01231859025385984
0.2335569839192766,0.11564621381323381,0.5140232171880041,0.9737663900679712,0.7221732904936647,0.9539066481111896,0.48220063532122814,0.8846928836926747
0.19196233674752805,0.1445686981694999,0.2107959683877968,0.7908267087200155,0.7862010064496094,0.39451708251162554,0.7809285175557391,0.3297362321463073
0.8290975769645781,0.9086120476835006,0.5064511392235223,0.5236172526848261,0.8957332845406041,0.9851673450730583,0.04378023014375698,0.9817636786101265
0.6518985041684222,0.22970877102049703,0.3125854213695416,0.32446217302360547,0.10574090908505562,0.002515938072894297,0.0012640722003399718,0.2637075202023498
0.22069398580008992,0.7013345295251131,0.5281812399233715,0.6377647876378248,0.4031658730914376,0.9254814497735095,0.37423722595343034,0.6936587568105193
0.5805681415334882,0.5435737747168089,0.09248797608673998,0.3993553808271253,0.028626756686712107,0.5164975701627956,0.8754229538904627,0.9221239100698173
0.1185578712773857,0.6933002789606224,0.9340921886378537,0.9348934936029765,0.6282473629539533,0.22654693873333298,0.2296324975737698,0.40331388797090884
0.48171125019956607,0.15900845032355526,0.9837784356769933,0.34455672459607045,0.1785389762812043,0.9571519499957939,0.7156408738194204,0.19628863643636218
0.5836124873878272,0.2606312364216765,0.5221826647450647,0.735586604140345,0.8775821558505911,0.2387223773159196,0.8887267291290202,0.4936433495832132
0.47733119383273903,0.5051767452645586,0.6561811156175897,0.47700780194866055,0.8932735599039506,0.029795383543871568,0.5379048671609961,0.6891328743400366
0.9837338669128406,0.12644301096989585,0.43407224586005444,0.5402049775983783,0.1522250807330311,0.1920807203142444,0.6373121907024228,0.3369635890007677
0.7146356365385885,0.9741336479093132,0.6780297384263403,0.7937750771964383,0.8754014194903856,0.23584284504720643,0.8736472996568257,0.368962284598634
0.47884925137497014,0.3571700091426855,0.39626413431699814,0.6458848776888464,0.8115399840806427,0.3473908559295985,0.04580082091678872,0.9227655477809104
0.49458781798575646,0.5160982001596495,0.9766588477010261,0.5947690484235583,0.8051990141638625,0.9835702780634883,0.16661243599241637,0.22399526234978429
0.3251915538924953,0.1355780775985579,0.5713974654404129,0.38639706676270236,0.3538316167138814,0.8479636608145152,0.5551713596578899,0.7489438181914199
0.3509620744381853,0.22696154792434187,0.272956131412164,0.8704405445990958,0.6495561192557211,0.8173890419595251,0.6380976519284485,0.6608521610361958
0.6264379198159098,0.8065510174232072,0.3867124344343593,0.8689774675837216,0.8590714523397671,0.6292700156415626,0.4030947062878677,0.8837105638570686
0.6733956542705106,0.49256298077292904,0.07202735683596806,0.87752137991031,0.42898878259076967,0.9452218613623533,0.12277351396607816,0.7801103434410748
0.7258876733196393,0.3423475159053997,0.2330712857730456,0.181539062253537,0.9209679274188688,0.4810142700957829,0.4369979611335757,0.11974215184599579
0.3302690370281397,0.140780541921932,0.10537506182559675,0.5136358335522322,0.5184588662876476,0.6533342747437161,0.5932309342856258,0.869280171778133
0.5639983129627287,0.2927995458095468,0.5037755486237138,0.7801543008923826,0.9772368410850005,0.12433629043852068,0.10505076101475264,0.2399206010219187
0.09704225896575425,0.4906311565585868,0.4377668311201831,0.004727440149658424,0.3258196151316749,0.44674305631192635,0.8054393359101769,0.11017151090488164
0.2309576267983986,0.8507606185809378,0.1683261441298901,0.98734721943065,0.04279758186037241,0.14282187688011805,0.2557850915205887,0.5725744136531319
0.6363311046721226,0.48543566877185207,0.17617491453150558,0.4131425502352596,0.369751393081045,0.9789406904560332,0.3260699457667664,0.9439680772197534
0.322440073614934,0.8712714396715474,0.662634541137824,0.6759155466764011,0.9839869476319776,0.8529886913499192,0.11679558546119206,0.015278157898419797
0.7070346369853728,0.18306414961601003,0.49284603859251663,0.7912595133992306,0.7121837737959725,0.36216603219160315,0.8784093821556953,0.5062763251198276
0.6918697801636554,0.011293411164167044,0.8656675825930228,0.0903937760248924,0.8865246306040033,0.4811545739015505,0.8973562444743397,0.516880087993026
0.5026524298137773,0.6333998471310803,0.41149960597552226,0.21522549802426993,0.6544622248563311,0.09822045913560418,0.7848722671845052,0.5097479597873197
0.44423534635505124,0.8260750333658744,0.3232495169590005,0.28876699149358476,0.19033809085504472,0.3143896744375261,0.30527992548552496,0.9691000027441083
0.6493265440735998,0.7315855032690629,0.21470665303352787,0.9645236037671681,0.24794241770405967,0.4462004400767682,0.5087834345478568,0.3356229574271046
0.38086983395456087,0.8611352116609954,0.6762702472691069,0.18611251664699546,0.7471460430919846,0.6791019938868958,0.42081563075859574,0.026830018202250283
0.0070392413775418605,0.4146769554757913,0.14394223102167913,0.22247795223037548,0.7053358337269213,0.5493088852067056,0.8862577151993205,0.6918817288625982
0.4063922725170003,0.9907072709105079,0.6139003915407039,0.6959463097313543,0.17584501245928685,0.09228025224170078,0.8161500347197744,0.7045987240966354
0.08147945409203672,0.5636130215035335,0.7398259147077257,0.2729451716889587,0.7915514159194168,0.13238535447339017,0.23406274965866192,0.5244791049095564
0.706933390320401,0.5519643994134747,0.9077520718590572,0.13628275126104916,0.17015114053475067,0.9199683202993572,0.7918169102537084,0.09052173837239874
0.261693914813553,0.3338200664020583,0.8780697161888593,0.5435778338908508,0.31066303393083183,0.6769061506352102,0.3485997451723333,0.31553842174594504
0.1395578391688107,0.6222492028245156,0.9074386753849356,0.611726224203703,0.31158956589081244,0.1671932721930629,0.4421453640865287,0.7663236859986678
0.1734453525317884,0.9954968588678852,0.004485653893308128,0.27591396147763525,0.6733056376648167,0.7957508990121306,0.505681084746273,0.7322209826399465
0.3493102473182611,0.3662229682305135,0.3740548192525186,0.7701442844544653,0.015733946536145238,0.8046469492594637,0.24583271874655854,0.9995474909569565
0.8702805243663622,0.16551277712074353,0.553381037906967,0.03743714467321535,0.7379041001339282,0.6584328201079183,0.8155593192925279,0.6643970630892104
0.3867057827014351,0.08055956939414033,0.7854873651968352,0.9167915048549024,0.4174077059135637,0.8266088647369522,0.6348307450435249,0.4905545365630315
0.5069831838823067,0.4823341098771541,0.8146213534918313,0.13934283542377535,0.5146159439907514,0.8016250797261915,0.19493219779448523,0.6670600283474234
0.6551887011797692,0.6153227674159779,0.8537173183030339,0.6102099077289869,0.059122026159803664,0.3951158360165198,0.5535653091845558,0.9957618028934643
0.6147036190759062,0.7170194572686733,0.7518706638922455,0.7489446207814441,0.22169208718606537,0.5481807866875743,0.8724668202553624,0.09728455857737917
0.2799447961911632,0.7774995304440881,0.28280783485365346,0.724030688843177,0.5576061944011191,0.26461837997738324,0.41250358477540416,0.5659800202301575
0.8680993144249145,0.6706728293439027,0.47078718745863846,0.5142181483410998,0.8526047240803569,0.3375468891867276,0.5347959226604199,0.9087091838004114
0.16674058677119852,0.7379426784212921,0.7710838214303328,0.4006475675369564,0.40307634867365305,0.9055350122103839,0.7800075500156628,0.7565496306581083
0.8219120148169993,0.7935867069356103,0.0760219423208317,0.10243114592364777,0.5677190512587377,0.07149999168126897,0.29800829917838123,0.2838702018849263
0.10320437210386368,0.42463253383371635,0.5378097939411921,0.19486017185525983,0.5228585029474622,0.8976300340780469,0.7620669125905773,0.37182753351937625
0.019113539487135234,0.5676273236802338,0.9983474884361537,0.4380436116869282,0.9791629438013105,0.17607270624039228,0.37559005152265257,0.7775169532305365
0.28070134967507043,0.3298207872580672,0.10398114937592418,0.8333875899251034,0.28701723960270054,0.22998845433787385,0.8014031728455733,0.2679276175522606
0.7630316255048176,0.39291971465860576,0.5916470690171597,0.547737848838501,0.7921388399456146,0.746548005070698,0.7952086612470297,0.048038640542722444
0.05608965665369059,0.5502900413701648,0.24562366468200847,0.567336250514194,0.3753824353727734,0.4528629792136095,0.8225739642840721,0.6451932569502739
0.9272737930736804,0.6811793667363225,0.5523710514782468,0.9436886416354261,0.9592580706914188,0.4759606558242303,0.1400079619413518,0.23538107645684403
0.48954861970434504,0.02967140982867833,0.3453414803010304,0.7676849536120969,0.7913543383988418,0.8648562568916633,0.5917856506677653,0.15909755967825123
0.9846345811100788,0.3481040954523058,0.8499605242136896,0.9783231621983184,0.0740509002251194,0.3800657173492913,0.36756567897243075,0.8619847866751471
0.6610206219251996,0.5522648778460006,0.052756272209923405,0.3233243209029819,0.8548833806592632,0.47036609690067654,0.9664606019490402,0.7155555319729866
0.46117769646301077,0.7995192490947864,0.0014974870913754268,0.8760032425445353,0.25034215452995334,0.15639580552480403,0.9994273796868256,0.3119388696837725
0.547231121698077,0.540205558094845,0.22459772027764868,0.11678199767641428,0.5112885195739065,0.4886651047414704,0.02125153378589073,0.626236004257388
0.1986629297350132,0.6119581665202612,0.4728826219506266,0.5096823580889644,0.5855863684555318,0.7947602052435481,0.026068988998357523,0.5739852824867077
0.8184198326933863,0.4254568459121204,0.45085562523197875,0.9272255768464333,0.19727213917235664,0.16686815996565219,0.5910962692214634,0.3821793420501878
0.6261564133819919,0.06205474125421506,0.45616374326762144,0.13524513783573455,0.019138777138985263,0.38709802556234496,0.3857533417274258,0.33715532846232144
0.6436541655967654,0.049967739014808665,0.37017418100748134,0.06342399303998003,0.536623001841571,0.98311285776324,0.9518087235968882,0.5750408692063085
0.29719658241298164,0.2915920849824072,0.8960419604787874,0.37052591361518916,0.9448381781800818,0.9435714294295279,0.1393069294865399,0.27327255014361607
0.20838002082570495,0.8582656718159912,0.43131609406723903,0.20864821380423426,0.8215677840375181,0.7324865785690596,0.8835743672570551,0.017362320244755036
0.19689566785766166,0.019239279074921734,0.6525101404868587,0.45652562862179225,0.4660881353299817,0.6777673989652021,0.26922835970347936,0.14242503309738586
0.6118925319842435,0.8865865505683088,0.9964539138676446,0.2533522965347671,0.8363232100540381,0.05107143435098915,0.693624682937693,0.4394003589505815
0.014242361109201185,0.2752301206645088,0.5648486932988481,0.9417449747677659,0.1696366586210576,0.1874708593569625,0.2974069331564453,0.778953173142272
0.2779676934410016,0.05436759926124024,0.8445017074229098,0.6154088091848675,0.7307917325212668,0.06476769357265377,0.9144977872380228,0.23423329007437355
0.02320798960808801,0.981996749147591,0.21103972989751552,0.2139936001814159,0.9928516296258489,0.07522528306776599,0.2573290435254304,0.929266682731725
0.6124070971958657,0.21044135122438035,0.046877981136705604,0.04948857854090882,0.963445982767861,0.9452032715043222,0.19641052928133362,0.3193722963231719
0.4591083215837609,0.09110162651109988,0.21771135484970972,0.865283099320628,0.2186189910716545,0.6106210120384482,0.8403322028720895,0.2955613634537527
0.22414829245237688,0.3772583030772517,0.48337011264542507,0.716859572211274,0.6059142551948465,0.6608741675195728,0.8435786961800138,0.9501105887972114
0.7580657966360419,0.5412545308727275,0.047927484390538844,0.45674612128383574,0.8025119489583785,0.6253677406999816,0.13125424949825093,0.3862970851861356
0.08077623084497954,0.24520574256705618,0.45380436039555383,0.19716891935495928,0.5177483870418345,0.7144413349867756,0.6411377488787848,0.7043908413260004
0.8882135551635827,0.6415682412693148,0.730878500120149,0.7006625380274992,0.4493714225499593,0.8391822227959859,0.35749238537981387,0.8073157507401274
0.7112524722247844,0.6466627440002481,0.21217794002361212,0.8838637364581761,0.45556497607608026,0.6462674335622464,0.9207986636853558,0.49451868579355085
0.025916581490889268,0.6663520363458557,0.9888038569048713,0.3516198226628259,0.00637805061715091,0.027945386511675552,0.7469535100916239,0.07466595012057287
0.8689730228811466,0.9281119096826548,0.011924626633846858,0.05976959790570169,0.12205327462546423,0.24178051361254116,0.27997243681539485,0.5341305055434367
0.7286586986401495,0.6628952180942044,0.4390450863281292,0.014521179274136986,0.06103689873012219,0.2583257519400145,0.03394177166409651,0.9047341066637861
0.3151257693671209,0.31236110686332164,0.6659832841482088,0.4308704742088941,0.9488609605933204,0.10975980604657454,0.7045227072457442,0.855669683044509
0.588746186667797,0.7715650768268792,0.19143904149192148,0.9707589583684281,0.5964797582809276,0.5758767270239177,0.19626498697531658,0.5512788087545095
0.7390521047989852,0.28182021526834067,0.8534366101900797,0.4808312459836188,0.02137458587085339,0.43545527051698263,0.14839293063618486,0.9728753861371426
0.5747633173546102,0.76006710430131,0.36525204185729954,0.9007399415689328,0.7219575754642646,0.9901170931605691,0.314213307220365,0.10573977147137936
0.7658321745471506,0.999547165191611,0.10865642228717864,0.5423965611303504,0.41281461758899995,0.15863406750195075,0.5906010598609529,0.7725103406304414
0.4049071045835585,0.22126841612968318,0.39975992737141586,0.23683919509145457,0.07381287999270869,0.5513628695879825,0.1122380048953554,0.4279527907619608
0.12497942797617723,0.7127905059793189,0.4565258595555587,0.06482507803770521,0.5480063952318233,0.4362789073801059,0.6436454287994166,0.807709765063627
0.12979333292703166,0.8357032101172107,0.8306414091884393,0.7846212775897694,0.9624406690640277,0.7235385510788045,0.9741895377371955,0.8447497816710432
0.4834431254704019,0.34272167403475073,0.7336710002118312,0.11539164880744068,0.6943159631796423,0.8493369041743177,0.7915203018985448,0.8021395915837665
0.4012971118773121,0.2513998710343597,0.8044741803679618,0.51761664204882,0.3307241226945177,0.8622115692314938,0.6225492919607551,0.7876249568044896
0.4346482048042538,0.2658396680959615,0.38327212360044016,0.3626883763879928,0.08015410464641082,0.53048346208181,0.0006653787814363543,0.290700133445002
0.06381569874610915,0.6768041117719727,0.10918123040043337,0.3838961797895091,0.8743665887044384,0.008790008448361308,0.41117064529714875,0.09997746383953565
0.4814547818245646,0.4361613820223378,0.4730789752094908,0.5636747670353732,0.6977233780524124,0.7342083405533875,0.38542054026289463,0.45665516689477137
0.4254394022340813,0.03780437417488258,0.3593881554367855,0.6935478406470174,0.2576846505164878,0.10764483251095147,0.5062625646883905,0.9670657515886973
0.8464206991157386,0.7487691301503653,0.13516957620524628,0.4891674168211676,0.3139580436073218,0.9670046826530493,0.46385849238298493,0.7739439096541847
0.936941621361237,0.9730313132278261,0.16761032560170797,0.8837076379572786,0.005371100886880642,0.005817867147326794,0.10319998957570908,0.4418261977581638
0.400794682622876,0.8029699292504662,0.960458486975559,0.5004056421047357,0.6945615905052812,0.6935506288296731,0.5450656290331213,0.9073177499201259
0.9182821832108662,0.36192356090945155,0.844846134374001,0.3467318938517475,0.7385636377574972,0.16044930225981946,0.5310705119605328,0.29984853674243583
0.47105594673687246,0.873363252621046,0.5089556163500516,0.4620640665197844,0.3319771578536651,0.8784653430957511,0.04377600090158429,0.43686119380678745
0.6305470374214601,0.5029951086988259,0.7613388543366534,0.1622831960813731,0.9579217394565451,0.7617720710225335,0.7022938128117643,0.5360072929967822
0.364806504431188,0.7683553189992643,0.4213513876860451,0.9357322649414784,0.33386790432430047,0.09157753130571578,0.38565274403239136,0.6519118470094639
0.5241317220502563,0.3555876700722377,0.45715571727568516,0.5167532698601177,0.6608539814871162,0.061240389381231775,0.28094058776581643,0.7059381451357802
0.5113599280672887,0.9845748047801823,0.8189114404588136,0.7744231267548486,0.40958566487258363,0.19517721395264487,0.7200888141933313,0.3582382400918652
0.8422980717434253,0.5217687692015509,0.7495199055690942,0.36185571980707365,0.6631997025783279,0.4075920037211177,0.8975424066299674,0.5534795982790588
0.8024678833104814,0.398119531440455,0.48622872543028695,0.9103830569890511,0.6894674248028507,0.8774160117695374,0.4313193020694416,0.1994712261273306
0.2661899466295231,0.0755234074547656,0.3300129263754369,0.31684815244811293,0.4873709378688067,0.4823499538922684,0.664949675340354,0.6020039063304757
0.013482505601792094,0.23989739867444493,0.8211475321047187,0.12490362694683266,0.001307955226169999,0.17400902806685403,0.5324481545744861,0.583163620120231
0.3505833272587866,0.769318538197563,0.7860735028017511,0.5179420601671758,0.9091278683071383,0.14392102431584708,0.9234592231910387,0.7753990551516239
0.7716849841826375,0.9348727866426589,0.1054543217605236,0.32699097068228944,0.7061218509410968,0.5389427814099961,0.7819160903331787,0.5180530451846374
0.6447445831161807,0.8157391121897134,0.4230233614663126,0.3578908850302641,0.32122134867207996,0.9366248056554407,0.6246391112144671,0.09995226732541695
0.7566780709618174,0.1433131717810906,0.9065795033916146,0.7257959047429421,0.7887170484164809,0.09772346746198557,0.00770669030086657,0.395763015434312
0.5329703681984211,0.41476170164451465,0.2721770048386436,0.5371361476061456,0.8514492500083912,0.5609088566891662,0.38073791433273974,0.8067990979138517
0.8476820813469028,0.6096641024069156,0.6632023309034052,0.985340154331984,0.5800218980516831,0.05463219555866583,0.6743280349344877,0.2705563582255859
0.3434413338393969,0.954076751534019,0.005606429357170706,0.5384985698286013,0.1319169190632462,0.03637471855605878,0.566763653846435,0.22402276109147412
0.8624977549702221,0.768163304291644,0.036736210902584276,0.5833564636176295,0.8394335247757845,0.056778541062771026,0.7929348129795372,0.5976689244547287
0.32462595364417934,0.8936089728088665,0.9878197187973502,0.13223076338467088,0.5419144587738534,0.9887945272139361,0.26333233639520615,0.33082436356057887
0.7895032253506072,0.8840340728420936,0.5818708876969607,0.4429720752348273,0.15151141839640947,0.214268160793034,0.6206858188474434,0.8555310993240791
0.20694882263649717,0.8661363619074083,0.9297593203060832,0.33794818443971386,0.324367844078709,0.9079136739264894,0.5257515331864235,0.7659539368075458
0.6081543024767564,0.5517171703763312,0.6622792784449166,0.2142416369109188,0.4757113654783025,0.6258297558351248,0.931685376304964,0.21578673684309768
0.37865284200067084,0.8232577585775089,0.9246957889778342,0.1191148524672162,0.7541817145761288,0.6897680443109314,0.3973882874333383,0.25606809361889415
0.6261371555100987,0.4588794697180807,0.5448181717843112,0.0026975688816884835,0.010320002605472167,0.3178352865913111,0.4055250398986756,0.28059341850623765
0.3960764252366836,0.9722660265911238,0.2059045312126041,0.02371037406237486,0.27068547383655706,0.7888498980828124,0.6518432837870596,0.3910853747405899
0.5574588815734388,0.38185889406286677,0.07233010855867672,0.5916673682591128,0.08542808459122553,0.23435375752824883,0.7133474127009489,0.9539974611524169
0.4391238445935236,0.25276862921952137,0.9806250669286736,0.3949550536496592,0.33611787098197055,0.7352302900972041,0.8634540079596229,0.4044869676876628
0.23806871031758015,0.83873063954234,0.24106819340665087,0.904473690965996,0.15106664528189095,0.3299236463586942,0.3981037113139093,0.03555655474629871
0.6062141263185098,0.36733451545233053,0.23382336114660207,0.8850815783955807,0.532898006095932,0.5403069834848888,0.08880886413519151,0.47530714919505435
0.05130005566335427,0.3274431816618213,0.5720903334155784,0.2157914668560068,0.30103483678457144,0.7671123649430531,0.350192133389047,0.026353718585183095
0.05953518519747725,0.1284189052104341,0.08988144438641366,0.01635807464354755,0.1742643615881182,0.569801882477587,0.30002724658021096,0.498480572581111
0.01284711411921402,0.7506548114908178,0.8637039903430227,0.2827642129795883,0.09882343618819278,0.5620712145447628,0.5417157542569588,0.6869169090359454
0.6026849127645604,0.6311290649751848,0.8687803657364579,0.26212965605290905,0.8190466727918647,0.9562445361338175,0.9413691382332426,0.040625430203951485
0.6158472685898393,0.6486896528425103,0.9689618526698932,0.2458300166717603,0.08278606741266548,0.9243795421098936,0.011625771260768691,0.7336882702370117
0.07124421613585186,0.6305652755706308,0.5342311715080791,0.776328900480351,0.04343178279151294,0.44759688831714795,0.41261601748308896,0.6719131460687249
0.6095181284770989,0.5935867557496097,0.9779459941905093,0.36828650412315844,0.5186303690993945,0.1364415402102187,0.7690587539811562,0.36864379248680834
0.4321279846939705,0.22805359340888798,0.10301078623554605,0.21312711667045048,0.5074982735824861,0.5034335631267483,0.1270499226156533,0.3971974797460819
0.010135647236776846,0.804399242858473,0.4334878521989707,0.5363159019392204,0.8871153584648668,0.0378503565163526,0.1794500547304403,0.18879885767428473
0.676816039505126,0.04068218987221539,0.7357649964455374,0.5138923541500184,0.7419676835564405,0.5699769629830568,0.07639878768593211,0.6313900699504092
0.2924469396021362,0.02993459586642011,0.5680133442003293,0.2293671988964282,0.6750580178957576,0.0440026796422629,0.7256516196202787,0.3472138947492315
0.27380113129134,0.32830460251751226,0.6437744633922539,0.09627693308992602,0.44695966000000453,0.39823608296898094,0.23438714512395753,0.5580582351586743
0.24442836797329015,0.3381009781825468,0.19762930370748766,0.921663677152023,0.40274508711161694,0.10250704804140531,0.8727442212004701,0.46523983775287925
0.6898912051014898,0.390567297076011,0.3454817284355113,0.4486330161874693,0.7021077254864754,0.005996046176094172,0.15470626251270225,0.5505621494814674
0.15600494216768868,0.6708788297451209,0.7044429584714363,0.4475950183955263,0.6233969326873922,0.22299534969593826,0.6920367298320428,0.17754189753163507
0.09316322055818671,0.8559443968476901,0.43037869126113837,0.7586030121132333,0.13635386781863978,0.4434168640941556,0.044333995167699536,0.7173156464004483
0.8570309110918208,0.39550135601406333,0.1739754697448479,0.6321254647280152,0.6360676779188786,0.4545916534853841,0.2831544491859902,0.25665036492702176
0.5093597684383006,0.9207640176382141,0.28472376254086196,0.3676675696007168,0.34696026711460726,0.5674957912219549,0.2547691880782438,0.09041043367864077
0.9599054105080684,0.7246254374395271,0.3796355907529144,0.7232377165211951,0.6675716536365498,0.2603155220133405,0.877133794373314,0.6265208630273253
0.587357868847064,0.943376361327865,0.9872376433971713,0.29989477813442245,0.7203267976817664,0.2665169217388339,0.1803049540360273,0.757695491530119
0.7680000483712289,0.03661522625891678,0.6589833583858868,0.32492671651192107,0.1114042654548808,0.8562993297401774,0.7395363217404534,0.6429980662333322
0.36415728282970483,0.35665039847777424,0.4332984411832679,0.6221333991889109,0.5894259394834396,0.4835442038573595,0.2204998215177325,0.5424282672442143
0.5649741411969502,0.13638754868059277,0.9670025272443047,0.6411718396930842,0.21150877206393714,0.4867837731248571,0.3282212787460034,0.19541915165432489
0.23453751173877835,0.5228430451370321,0.5421999378330089,0.890495426957583,0.8829127935335264,0.7986060004720578,0.23618865028419134,0.9273788989385655
0.29746705228532966,0.6639852328805779,0.7136922140930894,0.06588515194998301,0.8831719819560188,0.22044950341618863,0.7872721782084469,0.353787611237407
0.9487155371062225,0.9596705790669731,0.3214483410633754,0.31341511071893746,0.6629529829921292,0.38496070587874454,0.4255708749701699,0.07673179927747598
0.8312765886274941,0.5737716334611414,0.5609964187468568,0.7891329164802138,0.8261855354433204,0.18858018911241414,0.8630177637762892,0.6192203949488368
0.8373262817996917,0.03461910691292136,0.9708486890342994,0.8786255537062868,0.7830569541297093,0.43111001275317085,0.07076272094162306,0.47736405623844513
0.722275650195374,0.08516656661352129,0.8608279456103984,0.9627380912191773,0.1745392695443002,0.35926389593015495,0.8790292518854491,0.8694729434884788
0.539135519972107,0.3056587869798828,0.25569853437690315,0.7121642285042964,0.7240417804041831,0.36700342167461975,0.7361597030460231,0.4921794681824605
0.9573199446100816,0.3712942582904707,0.2108316823713019,0.4557644613796291,0.8338781650324011,0.20296083691321243,0.014595584141975815,0.125842971041627
0.4082165555062591,0.398355220353276,0.41762803499455303,0.08987184863092423,0.151533438634733,0.4675232918788619,0.7525166408191146,0.2845172805334888
0.9460361897378299,0.008364818461238155,0.2602929159818713,0.33308312010141583,0.7464216844081281,0.4293457395866017,0.5045960332889572,0.12476610674969213
0.10107953979191497,0.7765436267686667,0.40487034684434997,0.07875740676918352,0.8691960014423671,0.4697883053134728,0.5452163563629729,0.1505844286938467
0.9105421979980846,0.20951139118873674,0.21465671094431504,0.8888150379481742,0.30316065201144005,0.17096551814279615,0.5601905943324195,0.9141164950807799
0.49739087665757165,0.022995963343435344,0.08133988616399446,0.7092664706027777,0.9217989586041887,0.474267169329723,0.7697639754811858,0.9228861194031145
0.9866748668176563,0.004734390330969451,0.2362025242185909,0.7133394050315727,0.0006667349821334323,0.12931979743508049,0.6823684991326525,0.37900419229627946
0.6591140348405171,0.4274755428925746,0.03171386143066901,0.9995377790358543,0.20738693912092898,0.8154173273568031,0.8121359334898379,0.9516567050086238
0.6019017981528725,0.032662503510542784,0.49766208802674394,0.12004594755979248,0.9126256141742767,0.4893370169576119,0.35678303776875175,0.6551708608645107
0.2765962954347405,0.7677929506615393,0.0012162002300792896,0.5623519829008814,0.2325563033991649,0.9990743519156039,0.6844856480995317,0.652675271405569
0.6252754882976254,0.6812580058220135,0.6477534352159664,0.6441864038101888,0.5755925040496408,0.24296192052680288,0.5791460373180694,0.9768401694685842
0.9044789194362223,0.28910676042409333,0.5518375720555564,0.6580442262214476,0.9020316842906487,0.6698150685560464,0.7730476363743307,0.8207433397012258
0.24833817368501365,0.13485705515390067,0.24379331134859616,0.9057526908539649,0.7383110689239303,0.2961291154388068,0.5545055197392224,0.19844307460006805
0.35190631899343194,0.8870700602495012,0.973747856327821,0.515079951399481,0.8172969500460499,0.9287292153831537,0.4134710061972423,0.9413937547434191
0.3322396597137116,0.6297255647903411,0.04562133758391884,0.6073447837121866,0.5966809210901317,0.2323550460548095,0.4264515363891841,0.7810049866237256
0.7321314066904926,0.9772654433113929,0.7972155416843556,0.47163060565587744,0.3793186715762864,0.06563133211136962,0.15745263927528086,0.4939830512749809
0.7597274983876067,0.09740086420924365,0.031685178835267,0.7723722882927632,0.12521678333151764,0.03521378112520002,0.9112919230948628,0.24975027587691456
0.9334736779887887,0.7560638940596869,0.9536305357520666,0.46254594730705745,0.5260074945928207,0.1518207766056422,0.3509141578298307,0.8691141523597634
0.06522127138484357,0.9096014195586659,0.5337610436318831,0.27157838877980034,0.660528125174992,0.9297883780999378,0.9118780268558478,0.3956473296915267
0.8426088572216143,0.26195030054451807,0.4844057121446397,0.9515267145006954,0.2670893780632895,0.5904045203005166,0.36337498574168303,0.2332565309698127
0.6243671272419633,0.5423222338877305,0.48572530810259174,0.983723116029769,0.27400616194004446,0.19735303670016435,0.8463488299858769,0.5832587981784869
0.017285405822048627,0.33718800232619683,0.1504952071886816,0.3918832286070397,0.4809534059436904,0.2949986879132026,0.06702523158606577,0.39011345845381595
0.7098588994870706,0.41408654799427524,0.3619720311245771,0.35883437290881715,0.015434637023781228,0.49657144094685557,0.0697184529439101,0.48455386379255305
0.6988636625657932,0.5213705740136997,0.037451933277056204,0.18984897321270178,0.5465460463542083,0.9692651726531174,0.7969990077332394,0.8374531930431477
0.9044239028836809,0.09214742912552831,0.5549168789398199,0.43764530241693334,0.4612859250528418,0.6455698267710847,0.44020017945627654,0.7920187901023051
0.9640895005259486,0.5569681477358944,0.532897690731321,0.7520733755383129,0.9490685917192889,0.45973834905875655,0.22728610291746876,0.5802133230687864
0.09232062292424281,0.6637262126015753,0.18370886777739903,0.43982553311135775,0.9088105197764244,0.1598304257833707,0.16261700690957148,0.8283346457228279
0.21891967921552458,0.2882657260021062,0.7229873584219125,0.6602274755506805,0.23960883703473634,0.1534358304145157,0.04401050812730223,0.1841798724008571
0.9400264230971134,0.8691000478288883,0.9577711785303435,0.19638244337795652,0.7148876610315932,0.277555595193989,0.690905528979442,0.2569819903655244
0.1791205403341134,0.2935489025439051,0.5516151289443668,0.3170954611700417,0.14130564951444147,0.9642596742776526,0.9961804741554059,0.349149381570117
0.7672522370320269,0.38849246794219083,0.04355755189981192,0.6154861131631602,0.23582486673596992,0.00804530256490632,0.01583780914324595,0.4733369061663004
0.4707555234921492,0.7341025120395903,0.8930267333998133,0.759407289948301,0.24155787459058975,0.8732628367156633,0.8179930164133768,0.9112347357404197
0.07504152906296202,0.36955712068363833,0.09728132638797904,0.8042102510702039,0.8752526601358586,0.7775958544977682,0.7104781415264761,0.825622425601517
0.8310309081406676,0.0386488538619425,0.7743973844828618,0.9957825763008016,0.6414405236126356,0.21428524060386223,0.8101476593637799,0.0861127499744726
0.6670635405869302,0.7799635411417765,0.3200522721152568,0.008620031819223217,0.9866627797396357,0.6034107147470089,0.07026279325541818,0.18722163833645056
0.296632058101733,0.6930765894833082,0.3511952747413556,0.8606015097312367,0.5984775378197834,0.43499232922410325,0.49813355956655736,0.2797550618053698
0.20724060965747548,0.22762503185764538,0.8534438813328622,0.6084450245776172,0.19196895601064967,0.9219267451028434,0.045629445751692144,0.54997775919436
0.7397483719651818,0.7207198046689137,0.8397009478411402,0.01746036006060081,0.5529982725562587,0.029017708932949193,0.3522012183042106,0.38587761374541796
0.14942633757213686,0.41569662007224284,0.9530445740565746,0.3039952809583345,0.7900719504085401,0.867740631803238,0.11075705265166003,0.9510455397398454
0.4480379212534521,0.9858427846564336,0.8254693592170268,0.6467207966637449,0.5962157769726529,0.9011557214793736,0.5083048855432425,0.03128301248520382
0.3190825036869921,0.9689155365811849,0.3795575333071207,0.246779027917837,0.9450773678377515,0.039568102061018684,0.40909801972902493,0.775736240303777
0.5130107833676005,0.06625620730144521,0.8677999297503093,0.13985563571998338,0.9016449858918157,0.33381706344013684,0.18370311063098443,0.07196059466263949
0.7891885937770905,0.4529585644587064,0.25572978785153555,0.573108508657235,0.8343089256091649,0.34751801203794597,0.4450558191309034,0.7766456481646636
0.9260059086313935,0.9879123483179768,0.5512514015109704,0.6831513813535914,0.17767144937403523,0.7371321791273038,0.9779168388054338,0.1731070916580526
0.7277056994901758,0.3477619704674211,0.7530389165006723,0.8121041143580869,0.12958018504236912,0.5656321150592515,0.690275096028974,0.33382150109283526
0.6824685940655416,0.8373306494070005,0.8312772559191721,0.5419510191672587,0.10642348173174965,0.7868515766575753,0.0270663613291513,0.045425833803322324
0.7264887144168131,0.9661264476685534,0.6258975307460731,0.4105959668802087,0.10473031686821777,0.5343891067609307,0.5380144514822884,0.2995923749205036
0.7742593975513318,0.011806230474207258,0.5389686459908438,0.9698521482820684,0.12417835092167351,0.6613440109200076,0.929856300471347,0.2947579553767008
0.47382504403050296,0.3234375186604018,0.45596376516129666,0.9537114048028121,0.2708780848628227,0.011109188191010255,0.14628789212884208,0.07518923853123494
0.9069096676830585,0.1366919905123296,0.4526976209056588,0.1468744844063843,0.4633880127818901,0.22662789506294745,0.2516478568049624,0.8929712985853501
0.14735529029679717,0.5272735062066629,0.05201941350623662,0.3655766816350473,0.053377573004073864,0.3790358266561161,0.5381368262145618,0.8524394117945195
0.9924927232470205,0.42707258017785565,0.34402068913808204,0.055224112397193825,0.4887371337120764,0.5579575374054124,0.8166636273167979,0.8901346064137977
0.7694019107670721,0.12008370298017379,0.5471425744123706,0.39316659424537703,0.05000773021401439,0.9146216656822871,0.5610229394619226,0.34208476940488075
0.6674550929803013,0.4279126867452242,0.37603181779553996,0.9722407009902182,0.5862229362651724,0.2948770987993692,0.0811390929364263,0.8608542420523391
0.17720604211415103,0.9686013147773431,0.07039695834391424,0.5469267770035494,0.805016051572397,0.38908878512658807,0.6575383512478322,0.8922248734521293
0.16460335216112676,0.3205621990096309,0.5539220538509719,0.2793351683560007,0.9287107527657302,0.8712345423309481,0.5252017401482508,0.779899942619872
0.287328873628655,0.9376225890995193,0.9725189541711282,0.05236472027518124,0.1822217677268959,0.46723477492995646,0.21832744101925494,0.4878415857738513
0.1023470387892842,0.946212309239889,0.9470932917363256,0.13755958550622782,0.2737385835185213,0.3333740063535533,0.24457508644223847,0.6052073783032391
0.1508792796953864,0.333973181965474,0.009611347429456463,0.3153189989532069,0.08217540160511616,0.8301904365237479,0.8088355670495045,0.08528940522716921
0.5252743390416669,0.17546886644194848,0.35278312243431376,0.9826860452165749,0.5720696926395392,0.8565749833417158,0.2550362204167429,0.37744775800824315
0.9995200319966221,0.7209444667909857,0.5999928018709922,0.7703216922536685,0.2962482047224284,0.34026348468098777,0.8314977528350829,0.043440705797437196
0.46326240961473053,0.5202651805307633,0.3032278392407042,0.6687801228995008,0.7653608440171691,0.44085982345453956,0.7179116005776255,0.41643120282981916
0.79123672399328,0.6480063980189802,0.14326373279505766,0.8882417127131963,0.5101127158611994,0.4725739250777544,0.6549167958759023,0.04782121897554392
0.3624625751828654,0.36889366728939565,0.7060288603508745,0.6410271266951002,0.740028720833891,0.24928098153143752,0.8786079825522954,0.05105760010789362
0.5199025529549034,0.2025347503615358,0.8497833024432608,0.8482283706469274,0.19659307320077746,0.0460551038481859,0.9849836607479867,0.21115967559249738
0.5765789887166742,0.8665746231209656,0.8744582550081509,0.753073869633072,0.8568717626182929,0.6958557305141038,0.6137239645035151,0.15693510575377345
0.06929260083793964,0.16388655893136472,0.18851783829731716,0.9883301695305174,0.9792994430172393,0.3065744590826873,0.3448280040282181,0.8810583400868425
0.6201540964927442,0.5190627216374046,0.15334954712892324,0.47100323980509096,0.1880658726534179,0.2859233273448403,0.0850368046712463,0.410532337368017
0.26763062503626167,0.3715269882147316,0.6799993447346527,0.46850533635038727,0.04025549221764435,0.7450533595409764,0.2957742713294984,0.4326707996302752
0.9570434867428363,0.5733121290837119,0.14517108118716504,0.5641393801082591,0.36217739831321505,0.6859924257306238,0.5342636946709766,0.8145609733561574
0.881639178491237,0.02469916615689549,0.9771803604650716,0.24747642416921112,0.9853836011915961,0.15504758779834393,0.23554440840278634,0.7969263177586033
0.9815645459430627,0.3393581138508647,0.8018432643732428,0.9526433340628767,0.3869879573328501,0.4192945454972009,0.1288452707240656,0.8528081424991036
0.06105637957132015,0.3732561828509098,0.6442571839365024,0.733654706164622,0.6878540689318787,0.20575865923432124,0.20795659147524703,0.044156088065786636
0.9823997912349042,0.11103819425099093,0.3091966540438843,0.41409827810818056,0.014073710342754397,0.6197614292210838,0.6296138091150688,0.17072431784956066
0.4208770779868718,0.9117587138578978,0.22015925805707925,0.37731437918011357,0.8282257050069441,0.1445464965713994,0.08938896356509674,0.8613808183303233
0.7605247353774099,0.5162987606853625,0.2521384123578221,0.5325656906917138,0.16896168961018343,0.049399653371523855,0.9340748344728267,0.23161015463730372
0.21212441551963546,0.45055892929974983,0.6921087436490715,0.5683930209004503,0.1446785041973052,0.7717408978563183,0.6300197575618288,0.5394016127407268
0.9382318561148495,0.5808064103239975,0.7861481994001335,0.7317298100511738,0.6420581985885865,0.6330933780701998,0.1357890055518065,0.6384715467900697
0.5263198015934551,0.8249474938094074,0.6253537787788305,0.8177451791950034,0.8307508607479701,0.7594950993343477,0.6500745663710641,0.27220669122449026
0.5314334634664819,0.21159852003746982,0.48733580603150906,0.4446400157441399,0.013496843364324773,0.7852025245336212,0.20720868856594554,0.17743625373309724
0.9181147712782474,0.26015135711961435,0.18634416223425132,0.8019365889914347,0.07365318832261103,0.9559484498657272,0.1572376800658558,0.6871771616562274
0.36130508020404106,0.4895372990301762,0.43484317104702874,0.33009308749815314,0.8728433668067088,0.2994112655504896,0.06424725408703658,0.8154788690208191
0.27889122921150133,0.6596072054264385,0.4752659869631174,0.8951302084516879,0.7175246880149789,0.15504533358670802,0.9587091845451474,0.7226099403708989
0.0061443966719719745,0.85120132962278,0.7245927102441195,0.9607693920979817,0.6896245260624991,0.6465410164255668,0.8493342516250482,0.09909517772248388
0.8781758688744715,0.4074251142258073,0.36369100910581054,0.8704547312148807,0.5745225214662437,0.2524061334254528,0.23945811145648754,0.8940340595661632
0.20524812573390439,0.4736700093855746,0.8967755608688157,0.6203917173856939,0.8068653201139024,0.6732748890642665,0.24264593594079065,0.522178672936409
0.7486431318951022,0.17139645162087458,0.013941771966010652,0.3390257445168282,0.9856549743948035,0.8851347386069686,0.5431028837303696,0.8705216170066122
0.8921779164368197,0.6070309721419836,0.06478110879429344,0.6502440078713,0.5605968962114483,0.22914964343037048,0.905298284686279,0.13052037307459463
0.06497025676377355,0.2591030382299565,0.39344645098481923,0.04061509546903841,0.9894977498194436,0.9841484221458829,0.8074696794938342,0.28184854776999224
0.3411579815959198,0.4703837074319779,0.04922883233347475,0.33421692705977823,0.872318889587744,0.8640930565604568,0.36940841684731807,0.21473597150855817
0.8666045850973515,0.47271459910079405,0.5770634939055169,0.1388104765329473,0.36725109170547177,0.6203021145309048,0.8320878681188688,0.49368046080539785
0.4932262646583849,0.05332277482626191,0.9877266143772874,0.6867087161090013,0.10303953812421829,0.7660721929599531,0.40314011926951987,0.3929988437313141
0.39787576382541046,0.9527460257014464,0.9025047817119304,0.4667091715037772,0.7996060173487257,0.9147027793519307,0.7614902290519614,0.477199451301513
0.9296351932285079,0.9665013127691678,0.13826128052173203,0.6778028313907887,0.4902329804887966,0.9688171269565652,0.4790089393606721,0.9534006200030364
0.24279868082781708,0.5174093240988125,0.14060611032896675,0.5806953571156523,0.49274604312781134,0.8708170544876903,0.15084581457325674,0.13255110698672423
0.5433139326894113,0.5344783388918138,0.6410411897600267,0.09719854902183855,0.06526456567042838,0.6611396177097049,0.5899121887617583,0.56725467755566
0.5204766970877294,0.17122882525903393,0.5827663699918865,0.9766399396500448,0.8785077256299089,0.27944054521400963,0.8657513751314256,0.03891101024948118
0.29492030344054654,0.25967460079010685,0.8128713914052415,0.1336409881630607,0.4131704123993776,0.13660156083990616,0.29492993491887576,0.28772043871595543
0.8717316164947676,0.3800268782459296,0.2492935253649765,0.6740173378214572,0.682500271801846,0.1410068882864277,0.21255289670150723,0.7632123746467486
0.8341267301642574,0.2727290451812999,0.3414231556432151,0.9559815269173116,0.5697953757077826,0.44923736417653215,0.9034795065910389,0.8881208963638191
0.29459094564772226,0.11677707496256962,0.2810007057076722,0.04301453745246142,0.9698177253854587,0.6357259784054873,0.1848742299632149,0.5468278254749714
0.44178731095749524,0.28836373912785074,0.7908262224166799,0.2624621801198266,0.8552616065232965,0.002323752784869959,0.9460759330849446,0.9379561502951597
0.1828223567166003,0.6243324268421936,0.20672580825158493,0.1670519673519384,0.07822298626164625,0.4331814848756962,0.05913923841205049,0.6765229977678524
0.5265442880528565,0.5392578765589333,0.49520929761595234,0.9522793829084808,0.4920036039069601,0.533743517784266,0.23239757794825577,0.14049757862106138
0.8504084495951216,0.7584096524867591,0.6581686501359928,0.3291036635583311,0.7465701082347477,0.38863146644994373,0.8173249073063702,0.8236038053837947
0.4638831331333626,0.268678114515595,0.5000253144228408,0.1209229772391277,0.4033208797390838,0.8140426896192036,0.7548786832187996,0.6432809436787108
0.5923157022042936,0.4348896218112648,0.2767404695274903,0.8609938237919392,0.7683879365944013,0.18707709631792957,0.2882340929827518,0.4402604483188737
0.29010000922857926,0.05451327581391863,0.3230401737924302,0.5030680247261747,0.488650043580407,0.3340619618814529,0.8017615074630806,0.982604587014919
0.16836381518093468,0.46555252771196776,0.3283989228361911,0.18432746575634595,0.509850518792804,0.7063527023381164,0.615059110913626,0.37716028466938956
0.9060046708578732,0.21840269744155916,0.1395530293713505,0.5121931583854912,0.4229026559052962,0.9380907567984101,0.5170492978162783,0.9707641306328645
0.007866296794419414,0.9523238043019342,0.7144159914934579,0.17047447273532323,0.7570671000367303,0.2725069569128572,0.13051095996046003,0.19315560549687394
0.34044209195367003,0.202977363529382,0.44672281006172765,0.6805754014648332,0.9296663956041104,0.8606326762273503,0.35630319326885296,0.24689380977442876
0.48774290267501874,0.7293451494156991,0.25460517180007847,0.5223588460486813,0.563782910737929,0.7038723157034562,0.6892358369208296,0.48833216547387004
0.7494559116539666,0.18636236158224206,0.38908060077634965,0.12171694844794123,0.43708095722086604,0.5197260379585505,0.754723909656521,0.8197445484328874
0.9779230564027621,0.8101773562139809,0.7111599246419521,0.6029447968482929,0.12391588217554117,0.9264528799794725,0.9778822055096597,0.6683769933281741
0.435517770169344,0.7709878936360609,0.5520868184504472,0.04927464242852375,0.9399233492447573,0.7631452238762272,0.7782953579382248,0.8220778554059592
0.688532305889992,0.3127110116432844,0.2407420636321359,0.7158234503637969,0.4502935675462729,0.710211798909163,0.5501800268442251,0.8602747583447861
0.9215421162596339,0.5042320472679784,0.5077333349570368,0.7312267919585581,0.6139101282430532,0.6844282996178129,0.655560883026315,0.6146563086312837
0.18602444530140916,0.26353052618446837,0.7953170560297285,0.7735753209150951,0.29332134337389015,0.31445002178156445,0.3280691836804104,0.8494047613008808
0.910454576313782,0.1125129633442098,0.3460201747709679,0.5996275515952375,0.19976368574100434,0.8339847575353727,0.8817801360785541,0.5945431353853652
0.8370855189918517,0.11687078315447619,0.38979954462994315,0.9594956143649949,0.9673342442522659,0.13811744694357664,0.7246197801177997,0.27706682710207553
0.25129893757405264,0.8830692783330929,0.8429733707052426,0.46321950562901615,0.8988618264463811,0.7869833007619964,0.1558477401858357,0.7556555538066698
0.5908862009405407,0.8987568872390653,0.6653003875886301,0.23625553967884683,0.3991074021406604,0.7810800595496734,0.9222062894419195,0.9816176240456886
0.6141560731666358,0.9167404940577594,0.8567143433138157,0.4917706578048241,0.7927428673919042,0.6510944233811488,0.1314835445264907,0.33448924420163284
0.39031723176725786,0.1308549477305574,0.05755344750959657,0.8692608218906507,0.507226343011167,0.054507103624649056,0.18104829847542847,0.34744142154258184
0.5513842181432397,0.9444417929152092,0.21295427618120832,0.8464925360010701,0.10643852252032615,0.8299308377952948,0.9187570701648641,0.6039217536232944
0.6503055489083449,0.42612148325960664,0.1090130726228028,0.09653983448928738,0.05788093447851561,0.5418091623904185,0.8440423862744447,0.2517658405838036
0.9286853281130206,0.7858189903689763,0.12951000455736084,0.8368375735747258,0.9719302745998212,0.779267050083706,0.7566668683922978,0.35487118619003843
0.8734357892084194,0.02311970129366625,0.17468423598095673,0.8844318555769546,0.7282409646693466,0.6403374729639312,0.8922104225236015,0.6386293163730961
0.9855932719429928,0.6989681217102098,0.7701154576103271,0.7309734064118469,0.9989156985845747,0.437980076081697,0.6172686944389338,0.21770415359743578
0.3370458156947549,0.9230835541820761,0.2925217347504889,0.43823797244805673,0.5432899408326964,0.04533525627632873,0.10667831199603361,0.3875238777847393
0.6984357093481925,0.12478778420295267,0.5260952781317242,0.493368019381874,0.15931127194037276,0.13745706924727175,0.3728457423639353,0.7817514369191231
0.6202046273720969,0.5452907711417116,0.3655385813171732,0.4853155729438825,0.5740116677719009,0.5804702273061711,0.8364357275627944,0.9853395714360297
0.5240232303183198,0.5665248201521174,0.01228479362877044,0.11435626446506253,0.24193093222164785,0.37296185554929884,0.5223318318402641,0.24547712685963896
0.2840257221771768,0.32186651194231497,0.7731905168169358,0.3977741627044571,0.6713060745858926,0.11046299252807079,0.8777142687878712,0.5308616711899461
0.7186039672498145,0.2495494667451098,0.05749474729169579,0.25219603456419837,0.4079160693077992,0.04707059059522123,0.7016542211546176,0.7067642748748888
0.9957020917421209,0.46837199040597677,0.8637826839629373,0.5961801295957012,0.7926068223066912,0.01382203274164251,0.31538967984879207,0.8092402964752984
0.584135054461375,0.86101288453156,0.438387845168863,0.06368685279106734,0.1692602199723937,0.801454965582237,0.19056601594446854,0.5912861292285635
0.07058971873144226,0.8010366780835075,0.9696313658044197,0.28666467236911863,0.48161269256845696,0.972696491680942,0.17398053103454036,0.4221519530245009
0.45756808097204615,0.7774182182892215,0.8234624777862719,0.993545584011899,0.11150628602520396,0.6535666748722299,0.4019975967599576,0.016701170324950887
0.40511554239387637,0.07970934309469202,0.5026792336959477,0.8237476834651128,0.45998927634570963,0.5573156068072312,0.8881082373131087,0.9493299239916022
0.6738181867401646,0.7039379261813997,0.7769001537094747,0.030727900608078396,0.48907888265356836,0.9876792610576743,0.009724525607545442,0.04861672248273674
0.9431360502351731,0.9825819316094228,0.274916727840788,0.6221680101469063,0.7875789207235059,0.7936554842624042,0.7024150520622059,0.836306969089472
0.9041488194563064,0.9167170282227355,0.9087986561872675,0.3593540771474466,0.6799732778080025,0.03034164341983392,0.8499834824797754,0.3481705869115135
0.6955690429569131,0.017821892799518735,0.7875157858944298,0.8575177719217679,0.01526945597038909,0.32803121495224286,0.9720809427655993,0.8775804831288432
0.38154870921450146,0.8428064293166942,0.7648969054699946,0.8108544677784051,0.3552593312057858,0.08349179805127993,0.045360780911460674,0.9177949436486297
0.29925414563594377,0.5726067813099109,0.19752054883221382,0.6207026813064677,0.8430158556596836,0.3902513503685501,0.7304019174971904,0.9601255531325028
0.9570589865916944,0.6153331993563362,0.18596615952488926,0.3800597111877573,0.9924424610814665,0.840420542495977,0.11353725369604317,0.024153005941271566
0.5997532204641909,0.8353234813395775,0.1916723419317924,0.08025805153951104,0.9927327003925586,0.43139091461448786,0.29485521473028775,0.6574330002508363
0.8055543663601127,0.2697695103623651,0.964809554715556,0.20087860189170148,0.33547480680830677,0.8224959653453674,0.40767842906357343,0.4208414961917304
0.15998565423256794,0.0985831877113511,0.2218905998002193,0.23446051477336416,0.8154322301671733,0.6762511691855854,0.7894653872513518,0.07780973264454927
0.034663570080991746,0.45021679347767485,0.9741884426964885,0.6272120175394008,0.18441735548482974,0.5193788933520913,0.01981699669009651,0.9850535174470566
0.7990154005572817,0.3533357837224085,0.5050666680863808,0.48197006930769704,0.23359831698752398,0.8650677696461876,0.5663297354627133,0.053290363822140585
0.5974614238420797,0.03772569793880831,0.09477660896256279,0.33853155749244257,0.054780052494758924,0.9844260651025621,0.5308457999631848,0.5386027989633385
0.8667239064968109,0.8801769056812371,0.8805163790116878,0.21104643909083165,0.22583173628046793,0.8852709572551886,0.37336903971500257,0.6771157557657532
0.2851222528618379,0.7691433539934358,0.03757311213834891,0.9363347642259806,0.36130044668695693,0.5861821659433051,0.6793747992812658,0.7798972949448091
0.7007460625673205,0.8228744032290394,0.12405101432119847,0.15749890969002445,0.7858137356239627,0.7401603364342505,0.908125352754272,0.42194924651979526
0.5057979512460065,0.47557932981993845,0.04661093406156325,0.22611417481982132,0.539815730708159,0.5716461945963279,0.2765399249356416,0.1913860875605904
0.24253726957434607,0.04225372934728788,0.9625738740211196,0.4896168269855048,0.5487129714651345,0.3597107555547575,0.21268481984023235,0.8618536971652934
0.9336387013532147,0.7619102293520351,0.11002775556207989,0.8640412647878312,0.9342713660005361,0.9163576445119825,0.6485309754948595,0.9573064729038242
0.7703350914875873,0.8348968330087018,0.17281102604224818,0.2680834857502753,0.897586544061578,0.0030404302608967315,0.07954170099646407,0.08010599221450743
0.7472334142207068,0.15847138498329594,0.6867087748724735,0.9167354138905579,0.4758349681986298,0.699793789423181,0.6452168601899128,0.5021866031453245
0.18444488975424222,0.7623160125310479,0.6299329438428537,0.8236697293557448,0.005745555353366849,0.8393958127995182,0.6255206926568955,0.14321055395681825
0.06788618530477153,0.5018241952384257,0.16625271798555685,0.7096275645790374,0.6854264667189157,0.9228211870248921,0.2593610149210296,0.7533834574851328
0.8552529856249325,0.6663468630345525,0.7112017925256009,0.7273440152176393,0.1701145894975027,0.6529930852466455,0.5056580984975215,0.48065704489682615
0.39655816797178645,0.4224631736250527,0.31446365705879264,0.7439794897579197,0.5767435443415848,0.8452968334615987,0.3790562944570346,0.09967018516046977
0.5572206752629204,0.7690803258705176,0.21305751370745685,0.25477095031251284,0.4612424546335523,0.5122595382136615,0.3124871479944805,0.0502906535632599
0.04275412287857361,0.11442845896771614,0.6305096277566075,0.1564830363293549,0.5712426303258761,0.2573956626452718,0.6117646544179938,0.5008005534342138
0.05948073520092034,0.5684066760868135,0.22844192039010325,0.3957994309082442,0.12687557164483343,0.6795671594900434,0.33039013382633386,0.4671724918696002
0.4403658823467387,0.6857202792910562,0.07295662027507022,0.18351764435178153,0.22558944636377176,0.4247899373540399,0.931231558157337,0.22599216158937308
0.07897566772659603,0.3990091090788741,0.7265236002324759,0.4604716036673533,0.30819609754881727,0.2004377870631292,0.024106843406537792,0.48784206140767383
0.8160812060402591,0.11551459514510976,0.5218615944048652,0.7062407093794383,0.9846825195086296,0.19318563339067307,0.775370719544301,0.5919276423833989
0.6131367819387137,0.705856396431386,0.1780402185166694,0.6018502004057723,0.2732061839160447,0.04128736718577142,0.1698848522190689,0.1476158579813489
0.22857357505409337,0.8781101622804026,0.09134239673633149,0.38607363881261547,0.44113036245207526,0.8102756415401522,0.3662477184992273,0.4407795437729922
0.9299975326819537,0.3212463673492192,0.015706890582958155,0.8958604991956425,0.5913947676321851,0.18692605469517953,0.6364907507478178,0.41612305429514196
0.4743051186453867,0.7026016265746597,0.533477984377555,0.3520892977424829,0.18007677512910703,0.3814405034908597,0.9659415015810588,0.4884495659768229
0.7996481374911344,0.7495765550068342,0.8981738851872623,0.18350306834896268,0.3987408315332647,0.1837431673269485,0.5023771457174443,0.663462492113595
0.23055463666366183,0.5139538756077564,0.5394780819322139,0.6803203000890933,0.867743835485318,0.584962099462176,0.6369373128378337,0.45008489870411506
0.19977753594857361,0.526600341889571,0.46149040291517274,0.6859119096675224,0.5035412878586075,0.5148540164656152,0.46792258453593594,0.6248067934957633
0.16867638812953778,0.078509011457226,0.544206517622168,0.12331739829069166,0.6651984400933256,0.4977594242696428,0.21658623320649573,0.7517524968266951
0.6821334477769841,0.47801287120869185,0.2880405155077528,0.22382565871409876,0.04663700295613793,0.10254660760689949,0.30386764479782546,0.056579493598327035
0.1753138838444691,0.7499361513587479,0.27446382492937016,0.9810288473789776,0.8431249761569062,0.8449087755471164,0.8248309351510599,0.0830528018791229
0.9984865922790331,0.05790851641071759,0.06886259431311326,0.06751279445513592,0.04102897877457545,0.4535742641173758,0.35587036534908134,0.5914541965494386
0.6313578300831402,0.42839142643751926,0.774898609789752,0.8921339273685815,0.3525184907967157,0.7252333490884818,0.005939224124307252,0.648005959495208
0.709593500704377,0.8218923210776446,0.1741787750068874,0.45780246141277936,0.31271261753964175,0.6438111657036804,0.7720943837344135,0.9555538224523445
0.4369091154368656,0.04386948645353461,0.2224687538098038,0.602700729523303,0.963203331434783,0.3374659922063955,0.8759636558129406,0.13794742968627216
0.009716825005991692,0.6624278068905955,0.40191571565660444,0.15899486749575908,0.062083465253500614,0.11598155677021171,0.8990632848898474,0.027652681658224987
0.6040381366501658,0.495589253149715,0.4263860172037667,0.9328273614209083,0.4505573704929714,0.5054278268865755,0.7436879873290276,0.7229871515723411
0.8020724121224494,0.7640919528609128,0.37320879644952865,0.12580867579041355,0.8743319477475999,0.035208755645406375,0.7327944108903761,0.10767597605605472
0.08988047157851364,0.004748523424254358,0.4729953347164151,0.04698002877864016,0.3469681786008174,0.47273103723876053,0.9362216663748668,0.16478221875294485
0.8456186341474496,0.08361945017769212,0.6611779836954323,0.29180211315354876,0.06893961225118683,0.2994089655589899,0.40599843518867285,0.7444947502603573
0.3568094779643727,0.8798839793681875,0.930508820548632,0.37468437344616123,0.2069231819443489,0.42607943203840803,0.11109737311806456,0.6283338694289808
0.4501966792621632,0.7078608088122315,0.4459846061237279,0.34651774755667375,0.5292810817376022,0.10424830005799046,0.22343802585575379,0.35717189805661287
0.9082032131974794,0.19111036672737192,0.906026554526555,0.8170397385999465,0.3061772154977199,0.43098027817636897,0.642701177706468,0.8211697852733012
0.9995963639531286,0.40040412272065473,0.3360387500104137,0.7532134307419696,0.14357327206474402,0.5943391647819074,0.9418509983191014,0.7599295573547267
0.7140658233540663,0.3799498298081889,0.2642071976095265,0.16415780410540948,0.19236419226861756,0.5604759918704764,0.6941841522464047,0.6841828461474889
0.4013612667344396,0.2331499320074486,0.6466833192314992,0.7508432997597043,0.5154057846583394,0.8723459361015317,0.4745686736847654,0.4344128399899938
0.5150000578470895,0.9896785806501698,0.03233711137275053,0.8668098610255041,0.5170771781509651,0.8302736187383425,0.8327061507931806,0.4875850053123244
0.06859380313808017,0.3348363367362348,0.2830707372248209,0.15072871507075902,0.0252030348811928,0.7195098305025307,0.07691234268356739,0.3926453360733805
0.9003797364145576,0.9780265036795607,0.37863786490703644,0.19231681928510924,0.6653477650350516,0.24762948726940381,0.9078086024608726,0.3384818775369999
0.10244724274559303,0.997483980315882,0.7458438213703307,0.19702931666024415,0.6463801827838153,0.08531535187386508,0.8842742242362075,0.43100638428570015
0.2708190395950256,0.5324103103974562,0.829694757363215,0.526716675763393,0.292796305774671,0.29285221303052544,0.33428039756520744,0.4738655291311875
0.02959917834696435,0.08015095344201473,0.37065284822685196,0.9885679690441834,0.3471658610213526,0.7553896468521244,0.27401232409730103,0.12121148660339365
0.45199914023100174,0.6716953205836443,0.6878821668455124,0.5579566848675074,0.7835437418517264,0.0006910355664421219,0.2896675256087452,0.07177733041868561
0.1308230344494965,0.5717467566884673,0.8874835739629486,0.073631182964491,0.0338728923457885,0.16554224848301935,0.9355626438484922,0.0358504920910967
0.9854071248801987,0.764532591802202,0.7134626339189759,0.7228430190904017,0.01874644054432295,0.9951114129207872,0.06861542303874135,0.4203854514471639
0.8869150167868546,0.31690877941027984,0.5736311195457126,0.5826344807840621,0.3062035322241,0.1988941887544341,0.4999487980426882,0.5741019340520782
0.9861573516685066,0.6083758768155957,0.9116128608710296,0.8570059660016656,0.5863965324381559,0.5428935866153484,0.4022777284480671,0.1352846222034534
0.776921101197455,0.4204292032080439,0.2121530839424114,0.5151457439887989,0.801719817686926,0.369148072610645,0.2521546052034843,0.4279407711426757
0.05047776284981287,0.8662303901919464,0.13615462123403954,0.4233522487565802,0.48188518180220374,0.4669251652073382,0.10485762865090809,0.06850033704659608
0.7347299941956861,0.5972901918752223,0.5272949082167975,0.3690045657195582,0.8158049025375496,0.9282540642776321,0.3502000561035472,0.20557280872343253
0.006440231675836183,0.14606881532292582,0.4784868948148765,0.7868825692169894,0.5688065617734759,0.8628257114735016,0.6245124915957782,0.11772842207639411
0.05064618822203393,0.7748039291559412,0.385118640782686,0.6477686231669859,0.11178782509830543,0.6674039542314117,0.31257830739351666,0.6261099809545683
0.09358312074100561,0.37751832874582714,0.9159454107722279,0.629924947432881,0.9684187367546742,0.1718843503762375,0.8372388736148295,0.47842835704743014
0.49063378911866395,0.9431875350786781,0.027037948936444844,0.7863478151488951,0.42387778796095943,0.020543144692100612,0.9123731424501652,0.9157113423336548
0.593604965803096,0.2242251857843789,0.32817044787629446,0.21473823568188344,0.4691372843007131,0.40280451730003675,0.09894869191562472,0.969992139652473
0.8193689531700362,0.8489067829458969,0.7765370088753271,0.16695327354250256,0.323911559149926,0.0428117788088328,0.9319324576869837,0.0005236769408764053
0.22814085401098538,0.6590771504941796,0.4848884822735169,0.24188721270687985,0.04271875220660082,0.17106986993847806,0.5638860325494566,0.15412823625089656
0.6066263011089529,0.05896113107959633,0.6479749423121828,0.06835306499173233,0.12658642280727062,0.14436990565257124,0.9537857026714694,0.6894436132755776
0.6267344895519854,0.17291426903845863,0.8551780745170897,0.12486443586972451,0.29014816353399375,0.40090268553992736,0.4228564480004483,0.7776341309714638
0.2849022140194968,0.22769084311837295,0.4539099288477447,0.9358968508908292,0.47133320177490523,0.6783776158121922,0.8742059014309288,0.21303162198112824
0.06412207112231905,0.969049365357952,0.8963527285578408,0.7250843078770705,0.7880095977510307,0.15836048440741546,0.8254607395925303,0.4543098889024487
0.6525444349322094,0.7241757601857967,0.4023545601737911,0.8829626410702953,0.7435234206411456,0.2650757165246789,0.7950763339287743,0.5943973313011846
0.9813935794462113,0.7153007289183902,0.0643086102214695,0.5319318563342806,0.8179829553993997,0.5664847566970436,0.6283434324889804,0.16592573003893385
0.879611729825875,0.5645924003113161,0.4839257471047508,0.34639757767837,0.8736644958695747,0.24802919939561918,0.06943065990101882,0.9801713385866606
0.05318623774078923,0.960330883095327,0.5383920452349501,0.4531213613890417,0.029005316294051564,0.6802103695878291,0.212086579170368,0.8580458411826117
0.6573720499457879,0.8770813020386727,0.39036346839911085,0.018937915102518743,0.9102551602394998,0.7464509538149945,0.6963576227900534,0.928064599150856
0.2950687680219043,0.8550816478305234,0.4166451282144856,0.18522292409234764,0.36596596241935,0.2910964632560036,0.48672499413227965,0.25227329293591305
0.3988029891626419,0.3539287609238896,0.1684119992036186,0.03925853710045457,0.9794375873817862,0.5020958962700218,0.5972746209805119,0.6202102676039386
0.04277063148481297,0.5097409967507842,0.21068094028758055,0.43578412874995176,0.6904957799331112,0.29435520905272394,0.7205520773895938,0.5879118464910887
0.2243585686499019,0.8209457772829929,0.472949250358245,0.8240275378465037,0.5952980523905411,0.2520048615923747,0.3124053343686214,0.30530564963743256
0.757340499702486,0.2856374985329818,0.11982497369393785,0.6747788080137496,0.9494342484735403,0.44296323368695956,0.4861345936451412,0.777101253330264
0.8269220831688358,0.2446876906515688,0.8644516247852813,0.9114141335149546,0.10022670493220032,0.9745848593257196,0.2949366780321909,0.017071919688907755
0.14079709031021082,0.27423078199145323,0.20823177236586687,0.27500290765239765,0.6259965755066503,0.7533870612050048,0.3246876742176492,0.7409613111646514
0.9543662096388855,0.22165982222830138,0.8536031120497007,0.9137077518816692,0.7999881320055366,0.21099904973536154,0.6299625285670684,0.3919416497968523
0.6578983564341906,0.1814246379231399,0.1094844210819339,0.17053171764020492,0.370776435186139,0.31699887370908686,0.6815618725199284,0.620305205977568
0.58548255143038,0.01324178815525423,0.4755992011860446,0.36197983160404335,0.7912449825380333,0.5607402129498336,0.5117811712190314,0.8131341541494205
0.17494194017923914,0.10579328034667668,0.7002423363828209,0.18394236927787633,0.42166446573132166,0.11560029771567504,0.08042288540709319,0.8382053711429835
0.24429339863054778,0.5839075028850844,0.26731770457523574,0.20886540483008453,0.025426403972175327,0.5407876858841112,0.41733945847118414,0.8352963531479601
0.8582904940191729,0.5516262579174916,0.8625777515510705,0.6755637386322318,0.046845581230555156,0.9096072377273023,0.04495377565411729,0.8849067000980226
0.7265040222300049,0.11720224588386419,0.09616237826248675,0.705914620447512,0.01363166439616792,0.8937758028368047,0.13740235729380001,0.0824290262930103
0.5955963967316477,0.10461604696113891,0.8479034724960084,0.7482750101105405,0.09705714329074011,0.2310678223190109,0.6119296353206729,0.3624706562010118
0.9609805124616934,0.043491704664111897,0.4326099859482043,0.562803404843455,0.4638583664751931,0.3171262473552756,0.8206226929899465,0.10513467737565318
0.6471829249131307,0.07673960213679143,0.34472141518671784,0.038525260448502685,0.6086226534421776,0.44729243529869034,0.8444233295003494,0.811156290219677
0.052599708582931504,0.37075992227886057,0.9395024865955459,0.7471728599388778,0.4534329731333051,0.31366232380133086,0.14578750235800286,0.11743616117223865
0.8930798273130924,0.90930110416888,0.3352353152647135,0.39771157168481097,0.4627871199397269,0.38921686311724935,0.4946074930351251,0.4604509254499566
0.5975694159693501,0.7182704235552774,0.715936156358569,0.18730519866270545,0.5671998153265171,0.10843183559609293,0.38224655845095257,0.6025912589587039
0.6061980083000558,0.7007698120793479,0.30440207778416517,0.13090736588564422,0.4042265410871413,0.19553983581130818,0.573736722961937,0.2775681384914286
0.9551344540478823,0.245911419080441,0.0898862332389796,0.6160565357057911,0.3112635107086955,0.8542709645615146,0.7952230841145128,0.741842721426483
0.08394972610730977,0.8767805706764551,0.28757908637899987,0.8596509106100396,0.7135600798299312,0.18915095931950876,0.6034155526826503,0.5630552702089784
0.7852844922661346,0.8593481031408853,0.9515108518285568,0.6439689755777541,0.3911012612431597,0.8348505848539299,0.1669883189810749,0.3740368089287094
0.15274785209619257,0.3808007599140809,0.35002379584974064,0.48466265971150413,0.3165801010225334,0.3145340007470059,0.9771243436785905,0.13938512932399005
0.43441435696200814,0.09678986879471707,0.2012739756033457,0.7146200938300108,0.8910358318279398,0.3438099557937069,0.29725265960089586,0.7317677982049451
0.6751209493725553,0.7310732917644303,0.5567811457242252,0.048887335025907475,0.47889244193178504,0.4822906852258796,0.1684328321885057,0.5895421948264397
0.7549921633049999,0.22985106117754828,0.53140002588615,0.003062114312148756,0.7696834146299357,0.8361182862528245,0.6142544692482442,0.7054109435588553
0.32769980136181065,0.8472436105351875,0.22130593711589275,0.0554805111089387,0.4317583278418734,0.2753778833802405,0.2887107379776659,0.30600546380615345
0.3733029337975976,0.628803173762065,0.05313960129941253,0.9749617866247884,0.2562283943992547,0.2470195928293536,0.30353086641278093,0.1251549882078754
0.49134109276024973,0.33003081693491165,0.2885185542859734,0.0899229193218648,0.980898229339721,0.08151752435646853,0.14629591630147987,0.8118511352940722
0.2068629768870035,0.6528532231363051,0.8404765718649744,0.8319402053103141,0.6670423119765939,0.9825553320269,0.47782767545902005,0.5702234934928251
0.9684665835388483,0.22809701059124154,0.29144693671348054,0.9784531936926945,0.7514390211689413,0.36764142816659995,0.6373970241937948,0.7160385702491047
0.11045346067396444,0.35991215853884284,0.10137670848109126,0.03871926374522228,0.9596302531546907,0.314681355862369,0.1304014106857453,0.42569899767170427
0.7261003090763561,0.025388277013083105,0.45585996653839855,0.3370635407618269,0.47655148160536354,0.48865072493409545,0.39316646455101323,0.07684999589377006
0.7227489130334547,0.1320802490510795,0.2646178569212779,0.6298318483365088,0.32256847232156116,0.1858605050039498,0.11561920798626879,0.026719465048016033
0.24405038120501155,0.48830484995940093,0.7178588605379584,0.5922642776940449,0.5506337356219282,0.7160607285612174,0.5617153808830347,0.7933258453303818
0.7370780240854007,0.548470024038224,0.7228812042831605,0.4299462217860235,0.871514316177848,0.5206905208534514,0.24577243568174667,0.16757655340310618
0.02946386267207657,0.15529973134511432,0.5203355273089378,0.8736147921900168,0.08224555719466597,0.7501505056945477,0.8862170720154493,0.2487336303185146
0.6879373150604398,0.29708671702492506,0.7950659671336529,0.7717034715860335,0.6280301775448186,0.7942987390444383,0.7584019309004347,0.7697517138439512
0.8759144700017208,0.1808564278379049,0.9876106235249752,0.09783358395908259,0.6815796534299802,0.9281134717856822,0.23327398233693641,0.9664640571418993
0.5129300054837989,0.6133316882565741,0.24781895612809257,0.6838747382930527,0.8813879856164019,0.6058947596218134,0.4094987085301047,0.457205377110002
0.014000983521969435,0.6318466365578624,0.9482172882157693,0.5085537874339956,0.5300884524802515,0.34718310303052435,0.38039545360244753,0.8002284942363926
0.030979111428472317,0.7798619096373645,0.5783637055356154,0.5293913644414332,0.8167574538419509,0.15929550621337707,0.031189044703524238,0.4196009813013202
0.09998938923699285,0.02466031076257169,0.3597535143453856,0.9177042981784983,0.6715544641047158,0.7297523444011543,0.02510177350283571,0.683162317481072
0.8800818276368187,0.8854757579590206,0.8296913393228201,0.802067113269029,0.6663411733304734,0.3198732921811489,0.6693211015970137,0.9215390844631807
0.28801757553454943,0.9370931376969183,0.36370045771912796,0.18722455401709837,0.611427806288242,0.7897402915328396,0.9854213194900903,0.3311323098210497
0.9939435838476868,0.9331253853611556,0.35052260590736395,0.6746154939771778,0.6546716901685729,0.59957709343454,0.3980391011629584,0.22506078751972602
0.2283245505814835,0.0694968345827307,0.07741834104821155,0.1205862979625234,0.5664052618142994,0.5826203244132377,0.208709187700719,0.6368066111921984
0.7078076099909,0.513376315161079,0.579813197217735,0.1250165261143048,0.5309413155717269,0.2504531795669266,0.882120665054347,0.453699485251542
0.6698564891746144,0.3600973513053862,0.273479041448494,0.9069269445628615,0.2572313786528112,0.5411015750184538,0.10440378969393593,0.45988682612631526
0.47933884968681983,0.7346372839616012,0.823634243701296,0.05927637264826768,0.23999340911370415,0.5640543734983294,0.29091835419556866,0.36387227222972374
0.44824029408842536,0.49410330097622757,0.424934063612605,0.8069568466215952,0.8239129803431674,0.8579886597354935,0.4286044592721756,0.6101789470668076
0.23717119226468386,0.07869958600809124,0.40750865451348595,0.14918496900532796,0.9954522220126438,0.8516190653579604,0.5550368447644075,0.4779870980760802
0.03887976998185205,0.2653256373572156,0.7838754344297907,0.9899514856991403,0.7643463826026338,0.33565237690952743,0.09271701722238612,0.12475377868392146
0.29161413438958195,0.6516325984487292,0.7427770871524793,0.5545459812591014,0.11003067020967039,0.9877585368874193,0.9877732044218881,0.5206500524553866
0.6655258433892474,0.3965414786209316,0.07866994442347786,0.3914234657748892,0.9303352030291582,0.41976768739407677,0.4857839215522718,0.24080505920708084
0.0379147506736891,0.32020421071778427,0.43998560958951505,0.959328477551271,0.9973234827770527,0.824345377784359,0.11181935250771113,0.020547485172075053
0.0925655004121867,0.2708879641627404,0.6572038135557259,0.04481215211629619,0.30626769576570534,0.8476646952933823,0.9088821520011232,0.5126876380470865
0.331458593471577,0.5497892901955945,0.7739500002410308,0.8380474944718788,0.7332396056301387,0.17364198641251527,0.8930436714297231,0.6442383913140244
0.7968415635710724,0.23165988146494165,0.21136816860933116,0.5973846590502963,0.5599484964268416,0.7513503559222412,0.16737024957226243,0.09355783775138715
0.8804458700268945,0.06978099860754505,0.730034095013988,0.07331553938833701,0.22284432025365486,0.9308309167944114,0.6462283082050267,0.28857479108734096
0.21123913997587318,0.5742415771875038,0.6633004277880298,0.14427615644745795,0.1496578835110134,0.15119946873937806,0.9850219414209289,0.8397666401921865
0.9417982709985486,0.18427766455569794,0.6851274789410279,0.863745467615655,0.42738724728156097,0.0713588715163096,0.10690100874147701,0.029783554438816973
0.3821362642138585,0.3257945517567099,0.11066215804722845,0.7195230549790141,0.8209562108587636,0.3383804294039122,0.03246913237733873,0.6444712164957072
0.5855663585994998,0.4325921511809696,0.28713748144763773,0.49908204517427546,0.2288468659770997,0.6516535242940524,0.3671357734828363,0.4680468625955777
0.051157620578901275,0.19009412396840297,0.014574074312418195,0.7770225306732522,0.1843893303818549,0.3430006952307372,0.14644309682191292,0.010596901563845074
0.6589877758507784,0.9156291619439609,0.8708261759894158,0.7258862078847366,0.5702693244397372,0.26859956100344495,0.033877490900624974,0.6438215607710935
0.4327973428249039,0.9955743001502175,0.4210778283495551,0.8664166179751479,0.262315525155036,0.9660789739457298,0.6227247558964264,0.5364062059853416
0.8115472936777329,0.1687705581316119,0.5869221323869209,0.01700219030602479,0.45403711693924165,0.23369364584253682,0.4175590000177418,0.2635196733986813
0.8987350588830691,0.8285177385885568,0.4414471177283975,0.19763301130929767,0.7213345395136185,0.12422336367225673,0.22751727737749683,0.10136083066265755
0.5135674279132642,0.872946042552792,0.6952447556664408,0.49686520091048236,0.8889162205655151,0.8282229340996909,0.7173267995676494,0.340896257691619
0.6573900898427675,0.3486534812287956,0.39576091080426323,0.09240380019454286,0.11524938641297244,0.2422876479238596,0.36065084608886255,0.6609105506571896
0.6480561790630754,0.11374500867415527,0.9492764257841397,0.40210764064352056,0.027688990068999608,0.9387231366142041,0.24166385176336003,0.16845390022361162
0.3138027367126831,0.005455112739233381,0.5861403546532489,0.6844937706326544,0.929211696775436,0.02436575827179266,0.5241684348526175,0.2655501065278877
0.246763133461396,0.5038346807884495,0.8830868279189511,0.5521333300078453,0.9933057430654381,0.6139563806020012,0.2410340555772078,0.17423086146524558
0.03847770416563756,0.7611362638267264,0.8301341556211609,0.9457026750606037,0.09744028985917053,0.38905725505874234,0.41175712767033823,0.715307043706592
0.103628938193287,0.3032152486720032,0.5588448212541387,0.5470649071671337,0.7354287434729485,0.09811509037287236,0.4512717677838469,0.6886697199666152
0.444713840220753,0.48382104826434114,0.9788972855448268,0.494876720220219,0.10049352637594122,0.7601544694108056,0.30723866064410355,0.8452536030010642
0.2489416893515466,0.2668066462393217,0.03261465681073439,0.5259428899477113,0.1659778625372137,0.17013221222078767,0.6654422440620412,0.2150345347916025
0.027594458567640756,0.5133917911097492,0.48759167061374553,0.8510177968429946,0.32063964098357933,0.45801034687042474,0.30746899909031855,0.8986725021385816
0.40403208533799406,0.33045440817873695,0.14870562187706593,0.9208756531205657,0.043454679710374755,0.6927330927139906,0.6097275575588502,0.002277787630032835
0.20636920301273165,0.9805718281776558,0.6388215183945065,0.8549771863914507,0.9684969284938711,0.9153414335918563,0.2609358149011346,0.9268428964477863
0.524971554734959,0.47061510423514263,0.517767761735496,0.6889748083253535,0.8069655526447744,0.8331118146204712,0.4313280515757185,0.14024896530226627
0.009649830090992406,0.7118161913891089,0.5104291627407418,0.15078543887238738,0.6125950133436727,0.9293831838606356,0.3848821882195832,0.1599737524138889
0.8343988293157202,0.5297437609536606,0.8503860204996289,0.6321505177816837,0.5709145747352486,0.5539186285595086,0.7497897118250252,0.8277043913384159
0.05078364764940835,0.9202137316146731,0.38297533619765256,0.9362155862958379,0.4386528129378555,0.6226383905047271,0.2834348230358449,0.9618790931936275
0.21457815418375104,0.8023595829423074,0.7250724120873397,0.5184154252672118,0.5125364619657935,0.4240239421830879,0.15920835155236857,0.5314825401756889
0.6485233493087631,0.9320559137142406,0.3809599155938883,0.3632509689724741,0.3237312528017402,0.6091539388204829,0.971689740164212,0.8896295395001165
0.25213439275695537,0.6074257220204794,0.07441548916299345,0.8368518355170587,0.14424506590275088,0.47314135200809204,0.620794802379185,0.37054808473602974
0.2249358626522886,0.4021941755840611,0.23265476346098846,0.676897900154612,0.3833441755265907,0.004947904064975472,0.4421555160045164,0.6190623403074562
0.7400494702833021,0.7849952912642928,0.03121174571340868,0.8409253623903954,0.20063439989032605,0.1620240302731718,0.28088833289008985,0.5305473984073309
0.08744314727562241,0.12669599078392724,0.48169530458588616,0.5094765320291732,0.5299520924333977,0.11071928684161858,0.2802706217024227,0.8186627758635469
0.7129962815744828,0.8652394053276631,0.2534235920393836,0.30392580501337574,0.5260787265303896,0.3445310665158676,0.4301148193234696,0.3434485685757742
0.9390652040024461,0.5362387847693783,0.15238867374010456,0.48922290826957415,0.3699795249064882,0.5546750952122013,0.00410698107079277,0.7704792773097017
0.18181729265636892,0.7170730427592232,0.7243074338758939,0.5592992725851492,0.08335296488027089,0.99787194554268,0.7667093076564708,0.5807329554940918
0.5669968390700441,0.7881544584477801,0.034801756416022345,0.8469013329702084,0.9004642291172423,0.595571352056194,0.8123242040067193,0.11053877817902291
0.18873238225907418,0.018890706672179514,0.34967674193840703,0.0023643436754360314,0.019010975783883888,0.04144781281295573,0.6762091123702805,0.6369552873372961
0.40406643174042034,0.8757751963588474,0.4690077215005598,0.45406166573244666,0.39655665418887365,0.05036697237868848,0.2911057147214213,0.9100992041554384
0.8023885603526375,0.557010984623814,0.437549908430964,0.35824203395233634,0.9052100172768454,0.4795835233150778,0.7251439996080147,0.8208596269271282
0.7050599913985878,0.020831517236454378,0.30517339804703114,0.4917162104755257,0.7942750123355616,0.010965542649486792,0.13878607191825665,0.8781600827600552
0.3890601933972365,0.7687271504327023,0.8111299975718399,0.48820994691466724,0.14035365962325952,0.18251318948819795,0.6482298953388304,0.14427481726814417
0.677954885353693,0.366301740246207,0.9883803537958022,0.6994015759086835,0.04253680482910038,0.592146288158044,0.27782771594414835,0.9961327812382346
0.28488015230680697,0.586867492789446,0.45640933666259986,0.6482996596169592,0.6971442995337527,0.4948859362196828,0.4122434615706607,0.47285241105245857
0.69753040147645,0.1525237757931016,0.13031852073743788,0.12308676821437248,0.9698076344698108,0.07579049805232041,0.6918587432047411,0.18924285517948658
0.6461368139367116,0.993056519169148,0.09729116414701844,0.1730291764594163,0.9703941820336348,0.6064046828670477,0.9809534907215908,0.23779945933251712
0.8748302451997126,0.8089697804920762,0.5956591808584409,0.9646435357068234,0.8898991200639231,0.6284891035560579,0.5853326784585111,0.28271220426649957
0.45065939338131844,0.6145413600221066,0.9758435046942463,0.31657558409532427,0.5697717737329668,0.46746529316375196,0.5522642750434029,0.07241881068635159
0.11152478060476101,0.7952677404368881,0.9787916025303847,0.5516418283836437,0.9182731869799273,0.2633237850527971,0.8764474746631207,0.7498250326834125
0.1410304798610904,0.3747581302089972,0.44868491115889464,0.9344903522970731,0.7617489467890476,0.45625290038566824,0.5010763987877754,0.8176136736242164
0.5148824947834897,0.666523126521973,0.02159547638241066,0.14557964706923687,0.8376674952092247,0.9507233407068839,0.8440945300241819,0.43496774617581
0.8881331963703111,0.3461329129655849,0.9539514372562808,0.966248137504493,0.9040426239315257,0.5113183301964254,0.11761549058233012,0.39795573527648953
0.1748034587405185,0.7040552154958456,0.32022195590252533,0.18179534958233678,0.9695582542378091,0.030501280009753162,0.5887086981806984,0.08617045256782785
0.9889847260921076,0.3411322289423443,0.8467964565239376,0.8838607006884814,0.2080074250441719,0.10376231160151228,0.26999410522574874,0.4182634879177768
0.8409015546711541,0.12802947006582,0.008767448278660939,0.5960723416947332,0.2149624639265244,0.8733660484525246,0.2532572424552598,0.14627227287915212
0.03819357186570427,0.08555881786386965,0.6409866101138169,0.2644978817810203,0.4387647513062053,0.6574059575351523,0.6597130303741172,0.6073538138367282
0.614096156848609,0.8379313857915328,0.1388372743552827,0.27204138651539655,0.28160849417144374,0.6903345837025822,0.8029481928958622,0.8888445196777157
0.5015954840104091,0.821195051445653,0.17144560930172903,0.33737046591311237,0.9319675943433916,0.9034119055319996,0.008062227433370373,0.34420792652477084
0.35914086647997423,0.7433535551268434,0.44222872551802495,0.7467782302136454,0.6484538949571556,0.15890773592406715,0.8079344867394767,0.6729828281697533
0.5774630900415012,0.8119154189904377,0.26102481800425736,0.08351975393500877,0.36891413736264556,0.20745458559844665,0.6061260955493519,0.2352320811553954
0.5339650248776138,0.6905311468175729,0.04927961975828876,0.5116921265737262,0.871623216700901,0.556538524397313,0.004091383568122997,0.8095329850788122
0.49466162576190076,0.5816837957765811,0.5233218440020884,0.9805945266638773,0.4013319743426712,0.5216073153437402,0.38776879206301484,0.30908691103004693
0.6442242616145152,0.07260930953227396,0.7861415679883872,0.2570977361099974,0.8047494893024003,0.5353460569277907,0.002017122866750265,0.8062957798551315
0.4882157676472224,0.7898415513888632,0.6330754307144385,0.5628808025953541,0.9524362797517479,0.5977447170431154,0.827622773267499,0.765739499748042
0.48517278955904963,0.6752501683668044,0.8237558498799941,0.8395815609102948,0.3035211430354401,0.016812432597884452,0.3995353286330833,0.5366935453806448
0.6812402363791952,0.3862127396393731,0.4263335287616503,0.5769007471348699,0.0668048600224953,0.7291303229442407,0.747956720668402,0.4959068885585801
0.8694443971371225,0.9287878674801067,0.36447574123251925,0.2837469619516,0.5402631814034564,0.5927895688573759,0.7043799089711705,0.7283528702601036
0.064130152395661,0.814452124138646,0.906874141287675,0.4002617091713213,0.513567735494593,0.22188614703667664,0.018576366786544174,0.7480047581804533
0.7172776707384354,0.7087154536763521,0.12237402276367171,0.051690280939800326,0.521202255091645,0.9296890819693688,0.37550215315999746,0.6106282189241036
0.2249782793403634,0.898603119769228,0.8423448276637707,0.47932303631855977,0.08203722146408876,0.5602297772002752,0.07503029283026508,0.22272462547267258
0.3031166088221311,0.7900062947848596,0.8184849192615187,0.6733301843465096,0.5291484176762349,0.12143714969150465,0.7198339093803512,0.009098713508643552
0.4419665853923551,0.9759125071793192,0.32017112687291993,0.6815954888891727,0.5447694995641362,0.5335166911164518,0.813159607748221,0.05444163416812553
0.7881290625062585,0.9518052495061983,0.6699694508420375,0.3807791835629847,0.7260198004315094,0.41058993351344997,0.29046588940700424,0.13853276671628767
0.4741570782424568,0.9258328251288431,0.7883425643078619,0.7181650029403388,0.8340798639339384,0.6569278020602395,0.6698258151196019,0.1511794292064239
0.062075661550675676,0.5370401719130373,0.2884953729179838,0.2939868353951848,0.042305268637838234,0.31889496013284147,0.4295049305617784,0.28764231752834657
0.8941604361661096,0.8728971330807136,0.01664418908132259,0.5820017140748641,0.09754469213775852,0.6662043205210835,0.8398939694840174,0.23320544955280997
0.2882473816581791,0.53475821982652,0.6232434229716532,0.27497255685216215,0.19450907186967537,0.5916533550982673,0.2721966279160709,0.7705912746837297
0.85471469072302,0.7911744526849265,0.808788706716913,0.09947194862132214,0.15569597254617173,0.5405167686157978,0.360950147774172,0.8875065289412557
0.3698629855794143,0.8720806835847531,0.7743216383515464,0.5970169293292004,0.21249700525510395,0.06630717928935081,0.6786851585888805,0.4337449673999184
0.4512326907728763,0.7447144611302131,0.6163306472273237,0.06794840211797304,0.8342612342916115,0.19832220735582873,0.8980065688634403,0.8972527981201476
0.5865814920239489,0.1098400477264102,0.4693062492027241,0.2557578974772279,0.30211529585515506,0.7525908430105559,0.26121566192894297,0.7513368093379426
0.7922929853248583,0.9025130127819527,0.7011857828534964,0.5476109896596064,0.4135569843962795,0.5413104818004688,0.8129326953512929,0.5158782788450941
0.4421070774181656,0.08151112222002843,0.9437334175392055,0.43681334336240574,0.9170120158099921,0.8852117686165514,0.630880092583174,0.5998130909570842
0.09425682699220372,0.26294931708718683,0.4639253722573,0.5644616806568312,0.6744617248811444,0.5657775166728319,0.37643773742356057,0.8063640536188891
0.7687808817154975,0.8916100972129442,0.7476298917917084,0.48343201036938344,0.743378453894931,0.4835292310718212,0.4005440326358771,0.376549505897141
0.8794364884146908,0.35410191712814965,0.010521455040362726,0.812783955514479,0.21770576821289422,0.6060575168878104,0.859345304637151,0.3872599574501896
0.45776397293003257,0.4258062887789844,0.6719637037080286,0.12554747007015343,0.20945349916137979,0.591520528525453,0.9745833885113132,0.1621474908404159
0.25553483641805186,0.6305357110591625,0.01266496628097713,0.8781334149305602,0.09372085812404285,0.5047191514389788,0.014967721454604788,0.648210702076793
0.8635719783145773,0.2837073712221192,0.07226442385974818,0.8325390479017183,0.16672656031619548,0.12840965378083502,0.5320346178054008,0.7804951610908906
0.050177821311693904,0.5120929425010282,0.1752173287710247,0.48308093973436195,0.41353960577513327,0.7153863855563134,0.7115958749531125,0.9371858183348107
0.6341057724747869,0.28348938116965683,0.29545053236664065,0.8675916282343349,0.9530137376337691,0.5801916722580152,0.35400090713855703,0.7720983315123181
0.4452024597811767,0.9770651636903326,0.3637385474817266,0.16037788211660087,0.5636595323354858,0.33241147781536773,0.16658548383997163,0.43094498108175483
0.3749156125309415,0.18787199756675943,0.683366697306083,0.3237010972854124,0.7500494174464861,0.011882930019733395,0.9093748458279203,0.2345785796685993
0.7811176067712347,0.4638802447073671,0.48985898272431827,0.8958974269181564,0.5728712035589293,0.5865019958262896,0.6824727539246359,0.6698211878581591
0.12437978811624417,0.6388459434642996,0.7722923235845167,0.1809175297000687,0.7101165850687544,0.40928161999468005,0.4320979390054809,0.7847181163867356
0.6925987926710547,0.4470895105646625,0.5916788173001987,0.29192037883448196,0.661676363728947,0.386473172252611,0.5727283861981867,0.6529266374465987
0.5657822462176194,0.320953850299721,0.053630875190989524,0.41601352501800837,0.9429772904850782,0.9927708989113014,0.6181201846834383,0.1423594675220362
0.11570095115881585,0.34812576962502684,0.7972780586506862,0.3403637832840881,0.8604564040140916,0.41006611722202035,0.22514189867094647,0.9862939714312018
0.958760492728496,0.08845831346719557,0.9309059539375779,0.911939408006523,0.2936480820007866,0.3848065551268838,0.3758484034981835,0.5420431341982604
0.14980153389661066,0.8395243457727728,0.7532902145886103,0.6901059054337562,0.12516729091007495,0.9686879860250385,0.3828164110262394,0.5592369481546207
0.16639147487442063,0.1043209284718607,0.2666209897298084,0.20424649218315527,0.013517554857939262,0.9976187011629426,0.9326389043136282,0.5353377481848117
0.0760744734839699,0.919245677586991,0.41443486414696307,0.32517490303104357,0.8089105801259355,0.4817999578114406,0.15216358166490584,0.3274918666130535
0.04704247267691275,0.32952799747402506,0.710834221234145,0.6485660903167056,0.3741821186519593,0.5279442598334666,0.6670985099846097,0.2173701850384454
0.5769024128455302,0.8687483977948351,0.35961547092996793,0.4822354063087674,0.5984828089635896,0.3178722772966006,0.009570153339781395,0.8175250127782693
0.3513747165641612,0.09217009761937711,0.13169879744636814,0.09250733251069376,0.3147653338965972,0.3349148515355278,0.9820936365286946,0.2390031352740558
0.46369759839139135,0.7746855369929871,0.6264782741007752,0.957173069901726,0.7318081643821411,0.36431548013091286,0.2399605025257615,0.2035097870135234
0.4943958882269579,0.24601204720701664,0.6408468193844745,0.4865189378693,0.5284366425973214,0.4258714740060189,0.6220398899191613,0.5973964368999454
0.7956170714653669,0.08889148575674544,0.1877168179984504,0.9074582858045205,0.6162078598865666,0.24456242194307964,0.0906331591014129,0.6629573702836437
0.24405066612281534,0.2882448071098319,0.4034896045165657,0.9106358619813585,0.8188149960454726,0.7869916347400094,0.5043969572715767,0.1645359264307783
0.895560640114447,0.05049842484660472,0.3247686896994707,0.37319417018836476,0.16926751278037733,0.1770497937359743,0.9838310256526925,0.7304527977207967
0.15900573831455134,0.26343769525724525,0.7525711107630358,0.640144384526572,0.14229506558354177,0.35099310341540557,0.405589792235049,0.4836909129729745
0.09097866717244407,0.4852365451628823,0.2205339843005537,0.33195899007668284,0.15966648208562184,0.4682254906178852,0.2082999578234206,0.686261760555513
0.8834303391774222,0.6094433823505983,0.19497834304711648,0.4415158910553084,0.41306016714698457,0.977584704349691,0.9721130297106633,0.18837341818300646
0.665991981286087,0.31168889032289104,0.353312077747473,0.41902138763891583,0.837760035779266,0.24557184415379496,0.07558119920994621,0.8673782464660476
0.7569286125933874,0.9663007812581553,0.6467101900413685,0.334773520348425,0.21110125416056358,0.7843462909773358,0.8730395947468284,0.16703538381021343
0.4308373230737824,0.5657252189489606,0.27963644988273695,0.6500693423047288,0.7013680643224688,0.6822399993422943,0.1385030402709857,0.585135020040837
0.22176014458092075,0.8973830203556415,0.7443143621286258,0.6357055433021481,0.9104394810849993,0.7627135917744339,0.3851632832919075,0.7490645473234329
0.7313196205953563,0.9831324140138952,0.33820343072948145,0.19812841904114042,0.769333410188948,0.17297959534822804,0.4442218745086688,0.4206522854988982
0.7087032963963245,0.14506992484872072,0.7228884089976456,0.307125787528879,0.3101715068008378,0.6214242767258753,0.5113033593984345,0.20123765060046372
