m1,m2,r,target
4.370861069626263,4.362767366200286,3.9199932439598815,1.0844288039363037
9.556428757689245,3.9962088660826294,1.7380479823948463,18.053743609460508
7.587945476302646,2.5853852125257406,2.3865587774795447,4.5917643155881604
6.387926357773329,6.465400030913392,3.653122547431273,3.5471726769506184
2.4041677639819286,5.28961744457766,2.9283573780979197,1.3812428155936307
2.403950683025824,8.791308930916033,3.9542841545395753,1.6761355436271141
1.5227525095137953,1.2889862243385242,4.844831604891439,0.06466551941351899
8.795585311974417,6.794811347996137,1.46618675086079,33.78721910288569
6.41003510568888,7.86653990660405,3.8382708655922437,4.057973168201313
7.372653200164409,7.835379122694763,1.921376622528458,15.17434764652661
1.185260448662222,8.974665703859726,2.657906909630277,1.848814548849842
9.72918866945795,7.561303685465447,1.1314509031805593,52.32490303428656
8.491983767203795,9.350290554829266,1.5436295291707958,24.891940526120315
2.9110519961044856,3.9939093983880234,2.2791091561955987,2.676093506617083
2.636424704863906,5.528884750763888,2.36794322115194,2.555302926823018
2.650640588680904,1.126716969546016,4.5983408658483835,0.15824115614931766
3.7381801866358395,1.062618285729621,3.9672516370660604,0.34429351669240255
5.72280788469014,3.161139584063679,4.888731872748164,0.6475978300616742
4.887505167779041,1.9072647742517672,3.396286041340962,0.7849714491316256
3.6210622617823773,3.3419023114217827,1.9668549283652719,4.110136929358538
6.506676052501415,2.5933896507555767,2.3106201196865714,3.58332135393012
2.2554447458683766,1.2566802235478343,2.2793436931678683,0.469199709680696
3.629301836816963,9.183737317654444,2.3059773106530064,5.070830605368147
4.297256589643226,1.0740081825000236,3.6918566924472627,0.30285389699607745
5.104629857953324,7.624739299033768,3.123231712361665,3.4008073063618425
8.066583652537123,2.369330982275649,2.5416967123465772,3.098912819167794
2.7970640394252375,9.2100665979964,1.5963590749148664,10.267479895596766
5.628109945722504,9.035163456308972,1.0885566517685836,45.31038283613156
6.331731119758382,6.885110317323316,1.8753387103507704,10.311275578262308
1.4180537144799796,7.050107348205446,1.429885615874725,4.82046867404275
6.467903667112945,1.048052277727197,4.1417801234089575,0.2326936317485426
2.5347171131856236,9.863844095022419,1.4499918312555415,12.236592377416033
1.5854643368675156,8.90049343218233,3.8969129492273447,1.147696613566525
9.539969835279999,9.055956031570828,2.5426347591043306,9.555430437109342
9.690688297671034,6.933200833457848,1.293513558975104,44.03810205216163
8.275576133048151,4.103082357890829,4.250920197726343,1.649440769906935
3.741523922560336,9.042837841814327,3.3185222809464534,3.565406277224262
1.8790490260574548,3.623652353360731,1.9430460514542922,1.8607340016858631
7.158097238609412,6.064403890079825,4.578724697330672,2.238198325968585
4.961372443656412,1.8975787510949416,1.1810332554822058,6.837096833975912
2.0983441136030097,9.297600671194752,1.8072784327910516,7.5599114062499995
5.456592191001432,2.26693411994092,4.008187711223444,0.8234510928453428
1.3094966900369656,3.024071251573665,3.8375117212395566,0.2309656058552601
9.18388361870904,6.023207423153935,2.157086774897912,12.12298857392929
3.3290198344001523,7.876837001916834,1.2480995014111325,15.591422996773655
6.962700559185838,6.57416175342669,4.432312288899775,2.4056865461827326
3.8053996848046987,3.0892052152014053,2.2547905522796103,2.118126697818317
5.680612190600297,1.008487382747413,1.7828536597130609,1.5583624012316728
5.920392514089517,7.814355222766952,3.0642472894439083,5.123521707410665
2.6636900997297435,9.866865933199843,4.640908797129789,1.233888301091044
9.726261649881026,8.289218082754815,1.1741863113735014,70.92045513595126
7.976195410250031,5.141859563409538,4.0632163521235505,2.2779784733112907
9.455490474077703,9.13390535259196,3.2898929117548357,4.818270502230449
9.053446153848839,4.68862905806515,2.7017964662072678,5.391878102966262
6.381099809299767,5.724406758191208,3.97632177642024,1.5587720291469538
9.296868115208051,5.2941679065611496,4.863297697766529,2.254005743380043
1.7964325184672756,5.028614853989724,1.916824844650764,1.6355355585375886
2.763845761772307,7.976716923645151,1.5745894602884785,7.134344134755748
1.4070456001948426,5.740920165425428,4.651526980890788,0.3462804808588445
3.927972976869379,3.850454098226945,3.675812309829215,1.4650208121271948
4.498095607205338,3.3234235089263047,2.751944086247864,1.5503801789451934
3.442141285965063,1.3397258527069005,3.2930382810571324,0.42631166915038043
8.458637582367365,6.248756456947413,3.982455620704976,3.719242518105626
4.210779940242304,3.069652738609308,4.092127594822869,1.0009917937413086
3.5284105871864266,2.3332052981474476,4.679576723275858,0.4344212211310628
5.884264748424236,6.8844696744490985,2.7073711555824906,6.7358578717958
2.2683180247728636,7.13088332039394,2.17364364007758,4.01529337654108
8.219772826786357,7.769394030318994,3.5586570671593676,3.8233528233853606
1.6709557931179373,5.5321920670473235,2.6629115971181214,1.3973929542220744
9.881982429404655,9.04649144683498,3.3783938157959117,9.161997080295794
7.9502029236699165,9.42708478058405,2.6799431938238008,8.439017000044668
2.7884411338075514,8.266338458132406,1.611983146712698,7.84204857286792
1.0496990541124216,6.720341338073685,2.8777070066358337,0.7150099013002655
8.339152856093508,3.733488582320698,3.763671287764131,2.537561521264252
7.361716094628554,9.84650429458199,4.197135230670599,4.057844989586063
7.561064512368886,3.467225504727445,2.9733051071861873,2.775130578796613
7.941433120173512,2.8239122979138793,1.6609515608416037,6.045247544320953
1.6664018656068134,4.979387024079244,2.6587508385977263,1.1579951670192543
4.226191556898454,1.5115651364114961,4.145175715366793,0.3295795353598463
2.0428215357261674,9.806450182046117,2.6514370824682914,2.988254497858598
8.767930832880342,6.295902007747824,3.7861231744168893,2.97063248073452
6.609683141448022,6.012568824977578,3.028854726712359,4.486090114198205
3.9780822236738427,6.902166519097479,1.9648925004375868,6.487484802390567
1.5720251525742128,5.47321282999486,4.184602032092297,0.3685837495345923
3.79884089544096,1.2885716538508742,1.3368538162827481,2.0119129030978065
3.9266498982407234,6.510801599563571,3.0995611310206024,2.0346429500448693
7.566455605042576,7.445564892607876,1.8355641369736198,16.030345631115267
6.738017242196918,4.750741545616478,1.2682625141655026,20.38260057209236
8.98491468318694,7.815660148640736,3.0117357483329954,8.159658307131748
5.249934326457543,3.0430116940457856,2.9982486237396944,1.886455367749573
2.0763482134447155,2.9914893195956562,3.8276036067028834,0.3596506256570342
7.419203085006955,2.4527528891881656,3.9790027722076196,1.392678014282018
7.847065437552077,4.347952838102456,3.911165954771587,2.0331173128843067
6.051494778125466,8.623108318501751,2.63823493166702,8.17218149763944
7.938704619591049,8.451208559341579,3.52675914890625,5.2169801980148245
5.444160367279517,4.445417871671534,3.307780970575841,2.3780920890229766
5.704595464437946,6.302068623822129,2.6862470244676784,4.768579250239124
4.847869165226946,7.487346848274241,3.388850776743973,3.409459141759105
1.2287721406968566,3.170860971652207,4.788991506825051,0.1696360531586783
1.97102284293974,2.513269773052724,1.7715749747255094,1.8352904544578112
1.2828626711806081,9.748863938910798,4.623088383142106,0.4893421912867454
6.727693701374023,6.558015818886567,1.2138220559327935,19.345312501779475
3.82920382968694,9.832741496502974,2.2335568516066426,6.078020510073001
5.577136220482325,4.039803884190062,2.152580994446113,5.901926906220076
9.168098265334837,7.327285299767183,3.505460431523623,5.297799821038728
3.2436300623398746,3.0034327288711395,1.5248998071091613,4.266682344000471
4.693446307320667,3.3508015414652164,4.529390447359015,0.6050456036657987
7.799960246887438,5.607119091426616,4.3142056338601655,2.3806053640967644
3.059183489424602,3.876563129572641,3.608263278741111,0.7245393817151414
1.6928191884591368,2.50859407456526,2.833655327168791,0.43623308816763473
3.6077630762239123,3.3659263179039343,4.731824168568314,0.49869922447880544
2.4509915852860398,1.3217355501927819,4.322986218882224,0.188779280410879
9.367278871083158,7.3398125932973795,2.9972605923249795,8.498004248226568
8.273083416079754,5.429049913772754,3.807493417817245,3.4570269678897705
6.700633808593811,1.8481875976407305,3.2677198087187382,0.7914083456922674
8.84314531168946,2.545245938156421,3.351768953553058,2.0008250194269133
8.23304869209203,1.9228108430137962,2.323904277749885,2.8159379741652906
2.6791305299743224,6.5133352744828885,2.848338418499587,1.4917648582174738
9.0330309864098,1.8478932725124442,1.3124857231589768,9.720919045704328
5.854080177240856,7.788540997316945,2.42939476665837,7.338429665825668
8.266961396476564,1.1845982738835206,3.783314061448608,0.754178324404968
9.06482169931144,3.244382091963029,4.812864122024745,1.290281198483329
3.8620312747467747,9.016000083027164,4.852256451052082,1.3164322561777355
1.9904673207490908,7.4667818631002145,3.2228914764995666,1.6957873265704517
3.051416462877475,1.6567149963311896,3.4264890072383283,0.23929446470087756
4.843970097636307,8.390134940366618,1.74288474200387,13.207325524943387
8.362132893302437,5.437316093861843,3.781232432374123,2.0586092744768054
8.74657524930709,8.621047244519463,1.282635170697545,37.47245295551897
1.0625691747807164,6.406657970053541,2.138742743197778,1.6444447543472516
5.596725723198092,7.136497288295729,3.673453389141769,2.2055651437247628
4.7566990283390105,9.941514043561373,2.241240526173957,6.733533798085954
2.9989702942365724,3.0910199133161633,1.1993874964578173,9.51383757436284
2.0787883060031453,6.615510172852495,4.327481637403855,0.5347112662853781
4.038536542632651,5.142892510516585,2.241320028538252,5.499324903011395
9.486187335212673,1.355067576304223,1.2524208994347137,7.912816776762393
3.908826388186797,1.1302357735257853,1.2991526580114607,2.3427970954053556
5.669115595690295,2.073057200360728,2.0070351951550145,3.2482629149454865
7.3271706300566,6.841825664846933,1.712063788886105,21.674760535945442
4.272666421413646,6.10446779122053,4.097200471120603,1.1975851882379733
9.746038744488645,5.980866050473547,2.2867361866681377,10.009497049339982
9.662025654479,1.2867108627543407,4.21878314015933,0.8168233872531521
3.2660406624282774,5.223726967240063,1.6953839912926112,6.2775022304389525
5.475236553031469,9.321605360582756,2.971516718176335,7.053969778435002
3.707904788350927,4.57832682379582,3.752148534212515,1.330024525635979
3.5635644493972087,6.6243022280961075,3.6079634154634195,2.469245883078394
1.3319825261907952,8.018368080608292,3.404517639721075,0.9543655302751528
6.486079005819072,8.055327512276989,4.69928640772468,2.470886315756528
5.524111209059753,5.673520741557442,1.9141005908269775,9.104742624624771
1.463308761249904,8.721567508621026,2.9748768178484215,1.4009942294918178
3.507818178129503,4.522402840273722,4.5359702002896345,0.9017990353295593
9.174392973699883,8.998238933063185,1.3115750623806282,50.26486801461493
3.1560570160027517,3.162044497559908,1.223553073012301,7.716835065003048
2.304053848821008,3.5219476629151396,1.9332091502331656,2.581446656218324
5.405074842498067,1.47808561779101,3.532084878152074,0.6952568117104637
9.870854086995406,8.160236528880546,2.0395185057992276,21.307395552621447
3.178497443603504,4.75349712609435,1.7609595352351959,3.887794875860183
7.049219926652907,3.062049525202591,2.8352092614331683,2.389673294806747
7.854576537958458,3.086112498549217,3.454392275077646,2.3740267265264374
3.1387378959315972,9.112599471063099,1.9942308280669616,9.23968307681127
7.553947137506736,8.505249404149332,2.2027647468949683,8.102426819978334
4.3100481944732785,5.98177796821465,3.4542372192460555,1.9153637069895377
6.690752475342215,6.54499720374149,4.782953687957811,1.9232640148230813
6.7017673968480524,5.268930134952619,3.698966909752353,2.1269367868402513
5.821972156672826,4.52499888590928,4.13161657433824,1.2894158095628465
1.8126079304896747,9.239291930964983,2.467240379021875,3.012502391759009
8.51772246030314,2.1305143316827184,2.0890174375378643,5.473567919520881
3.8870205847456223,4.7660211074460515,2.81707097281049,1.385788440475322
2.678666593598688,4.1010571718908775,4.228531314846695,0.5934302680039929
1.3669762739928752,5.483356482260335,2.8251985671622233,1.0261077912144763
6.318036488694176,5.118686870906576,4.386901635159444,1.9426690028807037
7.098079256580542,5.6700057848597325,4.955087922780509,1.7437812344414125
1.1492904603507053,2.259270795042947,1.2881066629213453,2.1162220030278602
5.608837524693529,5.618273513619494,1.1816406243348148,22.69909150903412
3.0384619767814414,3.1817693249848977,1.5983588116534473,4.777167038251158
6.806555113685048,2.6589821408937215,2.537478702937385,2.4474831985406906
2.569297861044923,1.583507969075721,1.5241688365817296,1.7716417640321502
7.218439642922194,7.863873028805268,4.482657910475024,2.1397675750818848
4.480618116704837,4.84697728770904,1.0925850041082552,21.47059489358289
9.43056989863061,6.639793149805826,2.26317086534329,11.930762608657126
2.2376884973139393,7.54834008974269,1.7387785179768214,5.986607112609592
4.069597159452327,7.113849987821982,4.726157320630129,1.214872124042091
2.021261691165302,5.234506471807141,3.6779240195601117,0.8738905041044478
9.322242564507064,4.491086760565569,4.648121025805498,2.0918682248521328
8.896054180428829,4.383639186765974,4.889314841241573,1.3067921727437422
3.3214746494364005,6.760439172370507,2.988392974709477,2.0432999037499964
6.939856414307611,5.453149194476861,1.937276432192105,10.027576657991688
8.354999801810942,8.642190231896596,1.7749151447863571,25.943514629085072
5.996807304395161,8.87231785894041,1.891675446743362,20.408040973183855
5.766855205204059,2.5350434020586663,3.8343732304880116,1.0545970507434843
3.1766706181040654,2.226102863911531,1.161782912492003,6.294967476450696
1.837924910253093,6.673608334323996,1.2054442921308595,5.7181888548487425
9.074941821579941,3.7110317325605147,3.4325717695326,4.008947465021468
9.103762514469974,1.1671364688858898,3.568228586949626,0.9356124714583769
6.697913115459412,8.997784024266597,3.66105169728984,4.45177537599489
4.051268119438307,3.042106905194274,2.487522018354365,1.926128983246612
4.142886171513948,9.363525865172281,4.223779554856613,1.692902856954941
7.533601109832154,7.456910057904283,3.1344983509064703,4.778570480835255
9.073992339573193,7.863881409203358,1.4218625200376778,48.78154741551753
8.983777818386056,2.8131534621384438,4.18839722826938,1.1556834047826905
8.018879912718614,3.1077498305513163,4.812271145081834,0.8591143630651572
6.77828481538859,5.691409784416592,1.2401452520094347,21.56098944088476
1.7572596849554394,2.5488986738487593,2.5654053548023197,0.5174852598210872
2.454658426851524,3.7488852341472905,2.9500641793389906,1.0606150013534537
9.086987696743714,3.89316230153024,1.5858830403132678,17.12969881424149
6.457861536936309,2.436669399274877,4.470835791131508,0.6911203940260771
1.0827734645496667,2.8466455005564466,2.136598579560176,0.48973804205303706
1.913243885794289,8.096966578074309,4.13203415975264,0.9602920287711628
6.971515921972502,2.5047626909254155,3.683977928113264,1.2722956734320598
1.0455542546159682,1.2561165265953025,3.3921832898680937,0.1370238901510231
2.4472724627574878,6.664194483660446,1.7685713947862176,4.740189001629688
5.938604104299275,9.783848074532049,1.8828140822036228,15.537214842747174
7.227056779234239,3.9809243316080924,1.1893936189862773,19.729131472235707
6.867651335523405,2.0679013287662706,1.9628497191290655,3.751688288810131
3.018423785145038,6.133485928307777,2.3817744378420564,3.0072937641470663
7.409612992127823,9.157187899860816,4.332581215449702,3.213666145244124
3.135241787471201,8.056556018456309,2.465570666859221,2.617423729488959
3.9285972834334095,6.602642815714444,4.018487131062425,1.4246751627791059
7.718422646062217,3.8355084694683943,2.7577691251819503,4.4493737527450685
6.846696091424932,5.87692155948598,4.139473247975554,2.7475453721958587
8.6430106944476,1.8212035717382982,4.905086401748159,0.5925864249621586
6.91851603070309,7.1105088185260295,1.9593662322303205,16.144236213905508
6.114777430019244,7.525864170078858,4.449366447855505,2.3112146972989978
1.8430729104528323,9.685284606189269,3.4872963452230987,1.075087342027362
4.309442227534902,3.3435762287056447,4.269177046354619,0.529309371911896
3.386821309135529,1.1661077713872037,3.606343609071221,0.37765522154258535
3.195906790411752,5.9104761798443555,2.6957980290966006,2.405309787469248
9.75709499277201,7.36111453957133,1.9122997577671614,14.871520439758878
4.537879522000844,8.113667282946892,1.28014090132466,12.315438500524401
9.02841899659402,2.7436503972232953,3.142073457842868,2.3104676832293016
6.680247633975366,3.355775821333213,4.961304378107462,0.9844630795187093
8.153301731874835,5.613318327405667,3.952167220056825,2.5212397339259316
5.523733837946729,3.9754072897300166,2.3093821655960665,3.250071416959875
6.192134961637232,8.744603379287005,4.3088192003469405,2.5960611082753173
5.432659244369775,5.263841383648482,4.075936000705626,2.149300973088911
2.7571868901824006,8.196207796918028,2.126543173413827,3.605031867080575
7.502069037353548,6.225577844341184,1.0572299591769387,36.42242147665966
3.526951261967702,7.9578112745540075,1.4726505541357984,16.075639860844046
1.2188436978830846,3.9940568787729145,4.50922476124823,0.26308196748906293
6.80925066316451,8.4827495973728,4.346252141219487,3.1673259452148237
2.5939961146634403,3.4711508399591944,2.1808360035134498,1.6476734755223166
9.464127259176228,5.914889272029617,2.1407817051376816,12.28921056763528
9.585357193023286,2.926064018564868,4.171459948409884,1.4384413768230182
9.233779511984036,5.27973869463574,4.750949879581688,1.7886516168622164
4.331428302298999,3.863576885578328,4.1165490271904,0.7742189550455714
1.1391095487598069,3.4003308757349284,3.422314708123046,0.38257117222280057
9.354867063289529,9.702865162252337,1.9706854013272181,23.090017189808197
4.8536573348558285,2.4406669493805757,3.1029916563810427,1.3077054895551083
9.699893371393026,8.085932537116557,1.9340474343730585,21.604346345722394
9.672579793803276,9.857484635348934,4.2320456803870945,5.79308604031011
8.677085099206241,1.1791133536607004,2.547844318070949,1.4958070964852965
3.6500400286262713,7.291246726378855,4.334788867976105,1.2798900756304037
4.465879557417328,3.276206250006584,2.526436871930901,1.9184818937875037
8.660230043651712,1.36439041895474,4.296597620799565,0.4590529063091893
3.852298046406499,4.6260062106096775,2.333271260660968,2.538807157379113
2.5254347201748324,9.416960291537876,2.7605308184706794,2.892692559663452
6.0112113621251515,1.1058858493029793,3.46195367737063,0.3768341811889816
9.425392967447028,6.290971227368035,1.2811504561196747,26.13852830448414
7.264268170074757,5.512568307357919,4.792828247261857,2.106603938611421
6.1305505308042845,8.860457479339427,3.294423144495213,5.229316724091099
1.8745884439369167,1.7560154306856308,3.031280058763209,0.32587285140823596
6.535065040292528,7.133734268979853,4.357575884479648,3.570552109791895
9.91048465093837,7.120987285899496,4.46305091958731,2.3750517131913558
2.260756137128716,7.021720151760549,3.089041618116064,1.988209067201216
5.664966871273631,9.481010454415333,4.709049303174549,2.3680679137020624
8.8963576473516,8.407787761061924,1.2589510643059225,54.60258008877515
7.66691755978784,1.3777545361915542,1.4529031690048702,5.113064426096383
7.273141668957412,5.239745656340618,3.3871529200577606,2.0779034250159887
7.322356755883983,4.581577505812001,2.4162634471743347,5.855861366351089
4.2354203609777965,3.7913249898172188,2.8569006647567954,2.099456688383022
3.64232659838044,5.0620305263868755,2.312316871588666,1.936592841034878
8.284250399306622,4.457747664333797,2.6189012457797425,7.477788581718404
8.291020552112627,4.891005098907987,4.290585388585198,2.3398945217485694
8.803650867220934,9.813356790477782,3.3739047994172187,8.609541646450312
9.219164973008242,1.7976967727462267,4.989378197133993,0.5105644647084491
5.60208158974844,9.300077828548568,4.147516791283852,3.447062034841351
5.513646652184796,5.32213042123924,2.0946650164073066,8.145302784128285
8.184656610700976,6.61368020949587,2.057380470906785,13.436891216092006
6.849675376999887,8.471646699559244,2.3435930804680285,10.545292834014937
7.31770189531933,4.2441672623433,4.373037922590971,1.3338077002091453
8.16213402492491,4.873797172791702,1.1091506026022624,30.938020049826175
9.010048076358096,4.685666322508426,1.9207251154850309,10.271834747119751
4.041956411663822,4.372579202821838,4.619673681377067,0.9228847613727302
4.380246573759496,9.329763894822054,3.559585744333008,2.677080131311642
1.845837458567821,8.460369020737108,1.9073883820042257,4.777188752311848
6.204521268965566,1.980999908766785,1.8765798729303214,2.9046101017783554
1.3234804641706788,1.9731101722938642,4.450472407037722,0.12492500634984076
5.190382163192141,4.850825633676921,4.575030033108186,1.351100419906152
5.883801712368189,1.8879163905952816,2.024524363848461,2.328678792873923
3.5788712691545594,6.571837857440077,2.682041432306129,3.695061161862388
6.317499345121097,2.293224465355605,4.338382954513269,0.8548564916770883
1.2745022494514449,5.70135937570121,4.084029754439541,0.4120453978430851
1.3361336987429298,1.0649795230334598,4.255664426264338,0.0968261880402228
8.403405045936925,3.8493671357138206,3.073592763151875,3.477412645601031
4.241715772701366,7.094716513053899,4.6461961932206925,1.7013881405981175
2.143544613866963,5.356350462050636,2.303806175817741,2.939212382619603
5.700189340493239,9.804425373990894,1.6266885373900721,20.10114716977618
7.9299419778874976,8.866934164595897,3.834929330259459,5.3978304856948585
2.9423892474715885,4.2316370113883615,3.1574176640275855,1.0896904298288481
6.606014282371002,1.4093788732504713,4.4183430752379245,0.3784085225707142
1.768127184943912,8.610636701035169,1.3246369964988598,8.337519187997433
1.4651354905174694,9.201108792832043,4.374769613752267,0.5124229887518661
5.782191684113332,8.385646540771331,2.173178612835289,8.34161305797842
5.865716094490959,2.1515494682778837,3.619422668672732,1.0773253035617858
6.736869113483859,9.98123620971059,1.1605151563130232,44.79855982373609
7.534822003503954,3.3272579939749645,3.438325185214403,2.421981271769308
9.782668715162812,7.51784421527533,3.869086756749344,5.207045923813412
5.646703134710758,9.172313887021494,2.475000858022481,11.58555614160408
3.9066082564712135,3.121184028976385,1.861642821048561,3.8871983501091005
8.156675752918332,9.174326992093594,3.15052270641418,9.219197218273473
3.437490261358668,3.7853342127538028,4.3327632177425865,0.7488435574251885
4.950742786350725,9.787719001456505,2.2941894331866033,9.779840664033543
1.7061074320803935,3.5313401834242715,2.0098771900851182,1.838870554381941
1.2281566907391177,9.580922422820517,2.1157412345507507,2.9802791064313032
9.663835732101326,1.4819018580340741,4.796528611666657,0.6486163984778057
8.523821084609853,7.383448105028317,2.4371076630582387,11.031878538593563
7.263767854843282,5.789000204533034,1.0144169595531487,45.26196950496188
4.680576499728429,5.300893694104576,4.126724831838478,1.261297478846696
2.559648880637612,3.01144882830256,3.7970991813415607,0.4583048807757528
2.4079333840397745,7.350362107988428,1.5142730584118755,9.919170995171353
3.252186083481358,2.717285423016764,4.93961699653965,0.4972302434836684
5.943039982355084,5.975576163862915,3.4322491412204448,2.4545645938435645
7.431363304300561,3.2792082673622573,3.003117963762406,2.340515102948142
6.941776390459581,9.600592418032205,2.528877070491564,12.802358649865578
3.5194050725134858,1.2576807445208753,4.594691022254551,0.23203768442102446
9.593787525968747,2.7975545210011292,1.975853925674253,7.804842150362648
7.641072250261916,3.1807954574870294,2.1430756008796075,6.240894256933801
5.989186472602606,4.726610431910348,1.4896432267462676,12.14292335106621
6.5054867161091705,3.0945721768304817,4.036476382337041,1.3171351310285586
4.776400561850109,5.422141812419067,3.3821971216234132,2.3781781443526646
3.229578905510417,8.85218970932685,3.436264677017993,2.0054504632927475
4.2037541078613545,7.4085707926825375,1.8738817240778545,9.428184752447478
7.820614994179322,6.219657824815999,3.6046735565083354,4.670149051930201
1.1295413976678028,1.8010286018441168,4.061833788987456,0.1150643516709172
2.0446537645622462,7.245928975503481,2.431554122902757,2.582259004974069
1.4140237781957747,2.4977285587984586,4.2053885758468486,0.20796152118885916
1.3665592208707311,8.077306473655282,2.3951623541280838,1.814544794679676
8.699145256099065,3.2505108265913787,4.032553846037151,1.9742819894523522
7.332920734420213,4.753438554888108,1.134920429830876,23.38089823259006
5.267564461785927,4.154231820861352,3.2046584058946106,2.698685489020785
1.8805074458590134,8.72932523207371,4.8781062425595465,0.776244996143859
5.4245428760514915,2.1389001284206732,4.924978402729563,0.38872864426579795
5.261245937025091,6.090803941463097,2.1270103133669624,9.48854887384274
2.5588168291901368,2.27855448498756,2.765596364321422,0.7879198685649579
4.904664843141758,7.34316252518968,1.2519116319465322,19.657111533400084
4.586542609576361,9.14570315015033,4.493365230418399,2.536547885816171
6.542650882469948,4.911468884805281,3.2742886125608566,3.293843485645107
6.715842857808794,5.392830342384783,2.540402715762068,3.6231064126723402
1.4077360879484007,9.346805528344861,1.4510822339566123,5.591899382990876
4.371513531638241,5.688922497844214,4.787069141987557,1.1458086833394923
6.632739241428127,5.388385942446049,3.120876191283975,2.0845539175961036
5.528226327220789,6.204961924338737,2.1317117163316155,7.677059915265984
8.7084085706949,7.2030676272665675,2.400860520526038,11.226180613135032
6.928242684570505,1.9619503757832826,2.0827887236885907,2.3917559387253724
2.466409843732867,8.389994749673644,3.4072392354279226,1.8789508928042613
1.6351187266038685,4.919545247079333,4.719854303122039,0.3616303601587718
6.78177350385684,1.6511365890773697,4.426775213306257,0.43527004189992113
1.2386017948745964,8.07564402278392,2.84152350170391,1.4666477820019566
6.2719802314611695,4.392549745176449,4.305997449204032,1.7348304756346975
9.462072172824618,1.9033074558554854,2.6924219251053194,2.340367792256733
6.179267600882911,6.704011355889255,2.009228563034552,9.854001653728035
4.493529335858697,8.921182180902775,4.9336604610657115,1.8861352504787787
6.789593965981179,8.989781584725877,2.2155502718832873,11.935509281398891
5.12427601442365,9.618971273280758,2.2948969239476336,5.744796499642341
5.910551103843415,8.809349137900192,4.958771471146089,2.32371866123295
9.473183278988726,1.019268274109277,1.5357099726626195,3.428246924079555
4.474923740206968,4.422170497720512,4.04213595203878,1.1167218018578808
9.650715074415228,8.366883219149528,4.743251033930906,4.635433052321895
9.148155777604574,4.296277053986268,3.0471799771016745,4.11939692852582
2.762120213103668,6.4139365574173555,1.0100870468112801,17.37001928874026
1.624251707876489,6.456852526370788,2.500235776452425,1.8487050917752295
1.9070020123968399,4.285227736349407,1.4462759695393084,4.3016629737755085
1.1639964308639477,9.140265345531589,2.664750643734783,1.222849033135673
1.8499866468033557,5.529055108475059,4.160107046569139,0.583903664217873
7.147060960747211,5.183057853437507,2.754846195535202,4.916405541737585
1.6406978361420608,9.977623710957063,2.72770048538369,2.31990380663851
3.8707806726438516,5.44150327665355,3.2271579076753865,2.1394336028193863
8.60387779872509,2.6055842673572296,3.326762338990721,3.073839164858539
1.209447421622433,5.617624805770943,4.425185235195885,0.2653631527898267
8.330216343300421,8.326150619679371,2.233421756915806,16.630177782935235
3.5366929729605996,7.991742942084533,4.286685057472064,1.9021788543333327
2.0634834485949063,8.09723588597624,3.263734994768189,1.723179499547902
7.270634488277356,7.372214055981206,2.202118198868588,9.615608217301006
6.660485621018956,3.287960461600194,2.1805041760243085,6.139417298517635
8.897248121743477,8.758756772562084,2.444550068422898,7.3236915376419365
7.615639394234972,9.040991188386386,3.490772970479902,4.8782541441248375
8.231328373463636,2.7473742695669414,1.9232469254397966,7.546597901543299
3.538311153141758,2.174100728962545,4.68133424668907,0.3250400675426015
2.5969558940175053,9.780444717302009,3.2996503367116015,3.077716145315868
7.755532764767725,8.81491567285331,4.680063107984028,2.17749498267767
8.261512653405376,9.03912532488952,1.1856174343166188,41.30871604101792
9.91454627800606,8.977387461619557,2.3704454818458935,14.156021059927198
4.713559092202838,5.875181416303556,1.0912306427504923,25.197530115891205
4.348162772135049,6.817615629992197,2.0890072603918792,6.491315482503384
7.987716646677971,5.908265669202775,4.448025889074353,2.151375124278956
4.06723186227716,1.4608571427129617,1.1464388633688034,5.804926430340386
9.376815930432082,7.709527768174954,2.7445883996629794,12.50171129085108
8.725714766587107,5.547988300022922,1.4702682818929111,20.538629136638622
4.860946246375165,6.829381673112068,2.667362637041471,3.0703976096404126
7.757839610123476,5.523758244779818,4.355406337057509,1.2842543387985341
7.7908858667621415,5.426301900902104,3.4922841336100765,3.632236314990581
1.9281148195233935,2.5461019852999014,3.947025381325693,0.35645510494451343
9.1229761601161,3.5084234362703404,2.396416461798324,5.643670994433776
5.547271352030714,2.4296742274956022,4.7775907800405655,0.5821118925768366
8.438117194969674,2.760996660628082,3.8370483751180005,1.3277802210817629
3.880446409275506,9.756796423782744,2.6871952771381236,5.929956827758202
9.059709056465804,2.378021011949786,2.7058592009082196,3.93013995299658
4.502815108607468,3.4234338187468687,4.674736711773191,0.3926395379810289
1.0975388633226852,6.315306919647265,3.305618773741567,0.6244885098233813
9.148437787773373,6.491607186129777,3.825516839612167,3.2705171853963986
1.821580091075202,2.3857671676944614,2.668140898052683,0.42848760104168926
3.873822738313734,8.14345683206691,1.8947710590588565,6.801093191168554
9.550557703457244,8.066825811215425,3.8942371679776744,5.466035893765128
9.555464322438006,3.13585933783502,3.4312950885655513,2.751153916993733
6.160940993109575,3.597996724079144,3.0053715216991175,3.17097879788512
6.686534909528193,9.441890789135472,3.4960837599778554,5.174382358817982
5.036009697804878,8.431043013815302,1.8331423442569346,8.191978424460528
3.638896945282581,7.2801732975627145,4.175754826127825,1.4469229813257305
3.957980908329244,1.7400989935954048,4.792651220081224,0.21670482920747947
7.052666104693346,4.764376728123182,4.5644125766708115,1.2235616034666237
7.77137076493912,6.033716848691443,2.2857429812280685,10.016949156965387
8.124211393532637,2.6867015918539923,2.6240230931283035,3.2931567980781598
8.106563285150985,5.034039238974021,4.233609199190244,2.5443946384057132
1.8208549274382133,6.409232897398209,3.3804685232984153,0.9482223404771455
5.449782742323233,3.946390121038593,3.191657774706597,2.445089989161298
1.5180288401497986,8.028503370554384,4.706567870133781,0.5046921538570248
5.94575994091362,8.564046234749249,3.144099843908203,6.30143808171978
4.973774512360393,3.9124852249066366,3.0597547183492395,2.22184594815727
8.989337644824698,8.547914390432116,1.1680743650654386,53.986426270955334
4.158235112968708,1.9321890949271352,1.2776678343605505,5.130561534222747
2.053603147848453,8.539561887603906,1.0296812315226007,16.481334734894542
2.2869251384755227,2.3747538850085492,4.652976903134535,0.3309225921219624
7.85359568545725,1.7463443725875343,2.6335466400708025,2.0745701406000916
6.56396256984635,6.775978639969101,2.87424550453365,5.38208193563969
1.9101040851051123,5.247436291797649,4.381547790369848,0.49719152856717186
1.756961255034977,9.171015403715495,3.4369852415031117,1.5940570010852921
7.30872218313208,4.268702764817643,3.4380063855623244,3.0132237217552262
1.6548670572777417,3.5843703709386583,2.18613771741925,1.1731653330321001
8.396740533613206,5.506614155297785,4.335633495698077,1.891229044209891
7.3561800444084655,5.103515671917952,1.6633199041579751,11.121812269575813
1.7321390257770979,4.099852415954694,1.2125983686917916,4.651776358266948
1.7635394267667273,7.243671688284957,1.7664134300741292,5.1986380296351715
9.87975620651058,7.836056505225175,2.0709488750982588,17.147961006996294
4.368437161805083,8.67685572127123,2.129244231416827,7.367155124868818
4.335779323602019,9.755709442393085,3.6820543944750703,2.0212694147799275
8.315196105317522,3.39990572919254,1.871298349314574,10.517208367912936
9.525237196454729,7.444841342409654,3.706633217979938,5.7488559645989135
9.874009574405838,4.548324119461707,1.364528692935199,27.960100259138088
7.780403667330475,7.093737747559973,1.588809844391636,26.069497363254975
4.386336269778242,5.283835213142983,3.03528579396398,2.432779313736619
1.7515064502880189,9.943957924911384,4.68758321030657,0.8060445163310838
7.994322243346931,7.560119222116749,4.438270355244455,3.9816576449584056
6.025638247622245,9.57242170390892,4.875013769771213,2.5141882931157817
4.817998083222786,8.514725945330671,3.6019162611126836,3.5336177747978526
9.157189465852625,9.12610910047034,3.703259465664368,7.1546503292039265
2.000777340755362,8.329772774932074,3.500091995725968,1.5353512863134187
5.433625938617732,5.132432173383203,3.491275691432789,2.229291509896359
1.1021828029067717,3.2660960801219594,1.5884813802703386,1.4169848243447993
5.217945777947136,4.3328815790547,3.1749558246557146,2.5916808145051866
1.5067294811365362,1.1821260937595541,2.544271733806903,0.3178553304119336
2.0693612464126474,5.715938507182004,2.7701488631091737,1.9015527682617015
2.057736220993944,5.5455202024336785,3.0944022922369494,1.3230835090767847
6.842892719044572,5.727254183474394,1.5135846872090064,19.148177211716977
7.71440391338881,9.766281024748574,2.4379509354084794,11.544694239848331
6.250318885874437,9.203086031093553,1.2537982435064143,32.33848321259698
9.659552936270877,2.455415004970972,4.918672521689596,1.133421204872436
4.373835215713337,4.319942694003003,1.4741121152805046,7.696665581689127
3.571408776536747,4.815605615169357,2.034098954179818,4.139467926443091
8.817392153705143,4.244796260664829,4.565171706813588,2.291220849528208
3.0123625466750736,8.186463672435217,2.9308401849565673,3.571737230994419
9.669002854965502,5.7163390288082825,1.5425488060825212,24.630558546567453
1.109390272208347,6.1488983527446255,2.5369221521573957,0.9971300572482217
9.728909440368751,8.67712203089133,1.4634719767655433,38.443246174732764
1.388439207555185,8.253353380738227,1.800863988338007,4.146583633816807
9.02028802328264,2.1899037053826973,1.20811938779938,13.43518963436172
5.749309981776698,7.425231256752708,2.7529099781963997,5.004061385244322
9.936683165073703,4.91892516011832,4.226544486901039,3.401465201538197
1.6641690826185898,3.651840127562504,3.343876714799582,0.5632517931296791
5.984688559611887,1.450169388119677,3.425381221938447,0.6542809539537957
9.72372282057189,5.385246043109059,1.8023361203329613,17.664164608513246
5.707880597531339,4.198930126520782,2.375575373009466,5.071878615332049
6.664587743217362,3.2636173570876075,4.380968415363328,0.9048745517393484
7.261738200861554,7.252045566372618,1.3514247373060582,27.67881834077016
5.090869582909959,7.925368485840283,4.431722614674134,1.952958597036919
6.648022720756571,3.203105671264823,2.9347601050591425,2.696045797958643
6.258828807307902,1.4450269301141252,4.348589725300469,0.5387228870786713
9.110422094418901,8.638774305087114,2.2720256775776013,13.56470313132606
1.409017423073121,1.0896376708387299,2.355371806332083,0.19412260113755997
3.528668706330073,9.434012445293249,4.006419473292571,2.501907986941729
9.553703356689029,6.648578865844353,4.139984693568881,2.875881276349673
9.012374055018247,3.8966197168118826,1.918578711960587,10.057873718221233
5.100910775071417,3.218301186190626,4.891485299287622,0.6679980216603393
6.581193380213831,1.081050978380277,1.3379604169793158,4.103454642398146
3.496430646830194,3.119242753097894,1.2740118524085235,8.938391594020128
2.6930904375138516,2.23955471365427,3.382016861144411,0.8477236332399556
5.173285644459839,6.509495986508311,3.8909630710864858,1.4976705605966067
4.180170052234475,2.498910297344212,4.843544516899895,0.5328841396622455
6.252905006657849,5.7576685378295736,2.6197831231954463,5.081708223298545
1.6996117326848634,6.311047801100237,1.1011656359585325,10.69983846404059
9.769553268995498,3.6823752851222307,3.411585357785628,3.682705951044783
9.875896700316426,1.3155845411684683,2.1587840823950875,3.5739429921676145
7.2834554261777065,1.3352849255277648,2.731788484781609,1.377492925301399
5.824867297097083,1.2371259897452584,2.953877928999741,0.6789400778287893
3.78574854657695,7.652122004228916,1.2580504429521353,21.699516187432835
8.324155177362538,3.862087343328683,2.943927138256411,3.7969791855252244
7.162580552984913,8.166701673708973,2.705278667217259,7.618869152923239
2.463552454104022,4.885595414585643,3.850177061146373,0.7345967591081188
9.198344660444583,5.076982907469675,3.5826636448493785,4.370618444485289
8.402835186308522,5.615943422586164,1.7408628726022441,20.564352396916412
9.548199219627316,7.417283107375935,1.824555672841588,16.18812327836474
7.531475575495239,3.4615257924673637,2.004024715097493,7.298920698639734
6.520736763422109,2.094286145801742,1.7158017611887093,4.293243097847904
4.76418732661557,6.004516016723153,3.6288527986738686,1.5348582778390045
9.39455635018612,3.9427986091846536,4.977720716801082,1.539088289711644
8.794575005503674,4.982421823012336,3.6084333620637463,2.8045107397115228
1.4069680309557047,6.822520375035748,3.426726184765165,0.5595148051226465
1.2373027704752682,5.447131670271435,2.63971173340429,0.8160074894753284
4.388170301902447,6.582509353907586,2.250321035439043,4.531583151788637
8.294979977036496,5.89780001902265,4.644295027625917,1.974766211807469
9.8854851638345,7.658167347424892,4.8760074965686115,2.339790439728718
2.3537520199317536,7.35342955940458,2.987104702350911,1.7864718104865085
6.347176438169216,5.807709026277573,2.16080198202623,6.768831793036893
4.428017709679194,7.110127187737362,4.080488830679071,2.032920493553738
9.72922958033143,8.862036420453514,1.5298271634675138,41.21391881417133
8.579070308221379,4.890441590093517,4.062352950574726,2.674613318561102
8.54495834240024,4.714867654739143,4.275793497245354,2.0998989738139344
5.218238438154732,7.878210587671421,1.4996157785086695,17.321175357210333
4.733375521038987,6.242984533377946,4.907445875186255,1.0215997224013593
3.4606636473763563,1.6390610220032968,4.942049161553914,0.19447953232242196
1.507379469858344,9.029008141219732,4.746877917309405,0.6890105411961248
8.782501386295479,1.2770479201387612,2.9841392376250573,0.8162103978892821
8.316109082170698,7.735567205887688,1.9842965691073138,16.074233785754508
9.997459059575176,7.829147284338816,3.328037123527652,6.609612649901822
9.969731533665149,9.577999767537374,2.679735353885743,14.891045260409204
5.998885350423647,1.4872096756208868,1.8237945788687884,1.9177655339661768
7.9208867366245945,6.371711747060418,2.6947056384713903,6.967708461686749
9.502891568941852,4.8505651356434765,3.655559342710362,3.685991546845085
8.646826516096702,3.9756965937358784,1.2836532431439642,12.915252394936338
3.226132915688779,1.8128670426916573,2.333672005784066,0.843165029735977
5.054897217790842,6.063887077041783,1.0711795600513008,26.22358272892627
2.162434736363455,5.311366531071522,3.9979820218467026,0.792457419661788
9.586459245328502,1.9409901233592184,3.5627650704668032,1.5194150816283707
6.455571710057921,6.512405563873751,1.2506885388078635,29.889460493695303
3.0577852495311646,7.641578082276446,4.858950238407871,0.7760517985853493
7.045306159652711,7.905504709482834,1.0904862285084027,31.954542300542595
6.5631541641210625,9.148358694361846,3.3598425859043544,5.4087470622711535
4.223464462295564,4.685236676998995,4.105469847196224,0.885361208703754
2.022018329796661,9.577654917599233,4.151585252178892,0.9291546554146825
7.044158760335196,8.788864645744175,1.1371405423728151,56.80481381681485
5.68276930813414,3.668514139215451,4.625660530561757,1.0111712364780479
7.950865525620754,2.4335473361451263,4.673806687708488,0.7851059397039272
5.68147151000794,4.918504565152121,3.2455614926174907,2.282503485182593
8.669633502866862,4.6170883716037,2.9283327955485845,5.247658721515946
5.9671615489703695,6.181473747980839,1.1794698522503992,27.638732111582787
6.0484417438184765,6.250476090949732,3.2478165700394745,2.713440867670471
8.889882423925105,7.7498828594197775,2.637516327080923,6.045614467015681
4.631345795911574,5.589009533850492,4.091225629634625,2.128469123412487
2.2061370560557667,1.94340376846689,2.6155342675443514,0.4734908146306438
1.2590440868200508,8.724622019977955,3.734323333298839,0.8708390752247117
7.796235301062571,3.7878812486666837,1.4056325849501232,19.462331677752474
6.582785962181182,9.741677142759329,1.5318090830638678,28.136415480948525
7.336717912893012,2.0607409781179316,1.5588407625966334,5.474712148457153
2.9166774535801965,9.62426055009253,1.182101999198974,14.359008650237486
2.2273432802809277,1.8191062619426528,3.165315437079215,0.2879320051120754
1.1309019910109375,3.0793252415235353,4.175870904174544,0.2147493149444985
4.155288029259372,1.4192194787788743,3.4416448147746643,0.6423534238170553
6.309259181691698,7.3460183197509545,3.299819542211425,3.9198218191924923
4.530196405897591,8.652688629146127,3.7224957136109458,2.514380832988677
4.937274298213562,4.906639736343823,2.358581292288059,4.962295432476676
9.137428250443735,9.356698675381868,2.4478162865929156,12.311314611532506
4.134299203209704,6.312691645800396,2.2570803928836902,5.404211141837891
5.625905402438297,6.670064219018709,3.8484357314143023,2.5548752469424754
8.052877114670288,8.608772815306928,1.6465613426830972,23.476291755534195
4.568885040891431,3.67120184546655,1.0521011212516975,15.106080619545802
6.598780302050861,4.188391491948632,3.3847857868899696,3.2630799287347734
8.761273378720706,9.153567272751799,4.769525458936822,3.951633776538065
9.54568561291878,9.108671464348873,3.437631667985219,8.965387653059068
2.323661328361341,9.788344985807838,4.13168661176358,1.087568115790298
9.339288626453449,9.11654484797504,3.6911628378641206,7.618826180221115
5.429046637715844,2.146348324300248,2.989746614092065,1.4702415020312625
3.324199494690625,8.413518575232885,3.873569607135384,1.3049388564997866
5.132221806144352,4.688546302986347,4.296416495420887,1.444289425260671
9.820293177569294,9.91721220351344,1.898926576686792,24.235793584215195
5.4335628459358265,5.25052867895921,2.344521921932582,3.585553005666
3.958764492587574,5.9845247425199855,1.8949029300131355,6.769300177839536
6.700607688850532,5.767974237311186,2.808691822361764,5.427427413728511
3.1613105690037377,3.8956332687245,4.540258203666671,0.6155409296547809
1.6827699529779752,1.6751988000362634,2.3808284033413294,0.4864635050792922
2.159917497195843,9.060861073617266,2.4978675565222135,2.9292757619971055
2.152412550619952,8.22408231273658,4.441468938687727,1.3400218808238376
2.3671242416106493,2.2557410250370236,3.061497322978701,0.43495434189421434
2.2494445538446914,7.990914442150656,3.1417959985897377,2.138947062930591
6.767872703228932,6.63261999445549,4.443204813328851,2.280773676241381
2.6369207595923037,4.6822940912586,2.962106948101893,1.166714839008596
4.111005549914768,3.2861903418600646,3.726230138517581,0.9635562280086909
9.071095689154106,8.737559051520092,1.3425786634962429,31.72156743502469
5.265654762365851,7.301694333646477,1.7145268525075412,11.521658621537512
7.008019646689244,5.929659185222231,2.6175048028649823,6.008335161029588
2.5508788408146685,6.486116805086177,2.9793562712794994,1.285695631300702
2.730601169278037,1.8195956387396288,4.862934804944918,0.23138363507975312
1.3678175463983098,5.265277848200728,4.88260653219116,0.2438669094553666
2.520415567649481,2.743302635071318,4.404788349915046,0.2528969228276953
3.5073130512876274,2.8754531110794286,2.262395341142298,1.5445913748269149
2.5930943584907213,6.9517356605818,4.856113163329759,1.0970934552486364
1.7983228038135004,9.201305366508592,3.7573634587048503,0.7083793918930668
2.085722839905407,4.633809494305119,2.5717605112696016,1.5887406305419645
5.147008912294532,2.8697434571097133,3.8066996679390654,0.8660689210630442
2.8570034656521326,6.838722435129888,1.0660909191461063,15.987046343130249
4.278428749432679,8.84068341715286,1.5846187290968543,16.88275596005173
5.530755437693712,7.734869210102417,4.3187428462254704,2.548136123071812
7.213553457664288,8.818815074829285,3.5822945474926846,4.282334930164291
1.3538092585698904,5.828992039097194,2.456778805167536,0.9523788707537768
8.194693590181384,7.766886199322718,3.002666560890875,7.937745550648209
6.6511035054181695,2.2605810342304284,4.620568598583068,0.7820452791938339
1.7358312875398472,4.134471538268723,3.526312437916346,0.5442525116658137
8.862207616960994,4.505942480333702,2.592597135737321,6.466087608726175
9.287851604786319,5.601661716214311,1.48130662959014,21.59640664887574
1.5497016386937736,9.361687242311413,2.174987206502244,2.5595479956699423
3.4918988333248335,8.868669041999569,4.913360931186333,1.2838278106220506
8.255811518137552,2.210729430602661,2.74945225140711,2.6649923373852005
7.734337213452926,2.555106866942169,2.8873578553794434,2.5170633119944426
2.6606891742073957,4.218764946300202,2.9943921295880616,1.3793602887041108
2.8841439100303927,3.616694793016065,4.536416091792844,0.42977344558846536
4.334248925122438,6.532938578406361,3.4157131375412395,3.194770568434311
5.360706866719192,9.124984429880904,3.7747081458076885,3.198021684243517
6.564292943772664,9.66062387505328,2.557654170196416,9.463587302326765
4.320222756127952,6.882426572817039,1.1163504743558974,17.56640989357394
5.162812445198331,8.54343281260978,4.723891656971377,1.8999656552443218
7.727238443203809,5.726819802077174,4.796510723665626,2.1282263823399448
1.330148826015381,2.8749425217403575,4.796612213392205,0.19155871621116186
3.2719324990961867,5.722195708841296,4.7747483465868665,1.0777756521278783
7.420146272960972,5.99574341293886,4.260967764278244,2.7053693292909733
9.056861539184794,7.682118077922009,3.7383842004653074,5.254129675180973
5.6050969790409955,2.978946907366142,4.378039673069143,0.7933802519147087
5.789021367387841,4.314793438780585,3.402184956004145,1.8723837090927387
1.9645481020579845,4.276247222931097,1.5374784555680945,4.24355464924418
5.026711301411092,9.634956361670485,2.564872660165684,8.762482399168158
5.793555398095209,4.99550464294047,4.88517964789175,0.9515034132009597
3.1822345327125667,7.795845705683318,2.4045512543826253,4.9112083618219655
3.4231890785444286,7.7573024323699515,4.471311654925477,1.5009964443302044
4.395557467941604,3.3898976632291724,1.3728458830994783,6.144847777192279
1.1806407799995373,6.146827204345589,2.3367353695018784,1.4727373096068734
3.8987124902486046,9.048726039867834,2.4038132989095184,4.823742721483429
2.9030320629689017,5.276779475112545,1.2064101724359206,5.411446602990251
3.9474761696012317,9.506057566082914,1.4763773207470199,16.664465711128663
2.077859186373261,2.930124063917454,1.772660844487084,2.037445921914236
9.014745526659055,1.6674319519662766,4.351262363240451,0.7756384314470363
6.342332081986438,9.023084858302743,1.2536079597592256,57.2961683959806
7.111920872300407,8.62913078165995,2.194803605377549,13.70509863410846
8.102541147466045,9.933308883404603,1.04070001035707,76.49978208248913
5.485979790361515,7.114541393011835,3.782510981612099,2.9623601367517334
1.7822825927868133,9.430191340004345,3.481212360173519,1.2644604054660558
5.83395887636693,8.442541225756997,3.579929048212567,4.557579472352414
6.281570062187912,8.599836998080782,2.497531138858475,9.285655453018055
7.70895526765897,6.122274134088414,1.8330712850702762,14.931274625935483
4.884935916067114,4.4412813812503975,3.8812808531441334,1.2604116176166773
2.148222725160074,9.411022652889537,4.2444714909627805,0.771099249805236
3.55398315218852,4.88905458054305,1.554405992392807,6.470234845135993
4.267740667587716,5.8493743052470215,2.9473177117496854,3.0362255635410444
6.8132551719844106,5.01502876412669,1.99486272791545,7.82256318586192
6.137004742020207,6.083364825641774,1.6724274448245349,14.126454983456949
4.204870533080616,5.234545710930945,3.9373012539799963,1.353840850828314
9.878637239136816,1.431708027215283,3.152387741891348,1.5457825763932693
6.451973374211985,8.938433674069287,1.864741329514671,13.344914921171826
3.1350411256239505,4.999544370241928,2.2400000448461803,3.2442680908699444
1.9160422535836337,6.300492836566138,4.866614685310969,0.4443724365888924
2.375732252658988,2.252690224821883,4.394718258834226,0.19184852110404682
3.213619555460573,1.0304906318437523,4.519786971492513,0.15675276407894773
2.446132359336001,3.2076108427927865,2.840048388322832,1.2716666648824793
2.679103216461752,7.341274289200152,3.4952290556835,1.140295694030637
3.565856518244624,1.8927507710159075,2.5070709608176465,1.099442308221895
2.560362357652793,9.17998696347821,1.3108479027555622,15.86044676962534
9.070888821637826,2.9352031242056613,2.60427724262713,5.731499442936733
1.7221037109547799,2.841342528625982,3.375923012828579,0.38700968881789577
5.720602506132292,2.6335716545934598,2.1485770830725257,2.8510024996885246
4.693571442906954,1.1258354167422828,4.3918022989096634,0.21003731846947943
9.841407552177458,7.946249216304111,1.6044006366983945,37.31029081244915
2.008350119512471,8.875310781207327,2.4685163577476796,2.4177023807892697
4.580700391411675,6.527464323545789,1.4996156212968117,12.310381726062987
9.72523389947832,2.6937998351187606,2.6193285359409013,2.4064253257248467
8.789564133045822,3.567501972467918,1.1586452198970818,27.48724378119798
8.353648638543518,5.28334027628467,2.0901975802465818,12.442223575886715
3.3211254434044584,9.589113564609708,2.6029410204547347,5.495499625597717
2.5379882865105925,3.2261623463596854,2.9126614531067663,0.6552755696041515
7.017788979319879,7.584813135278992,3.1747854339005674,5.922276544980801
9.364383902148273,4.955034009636282,2.0999645191596756,7.002091096615381
6.010866037125368,3.680626135240196,3.0921653384594894,2.3406992742718167
6.144514205229099,5.103243433199024,3.0360184862482393,3.541458991901469
3.5198118429425573,1.6408604578710928,2.2647122035048337,1.1959266903355685
7.925436398727432,8.188186338373262,4.320801322625913,3.847701823242622
2.6833937370177106,3.189717351846704,3.1825645063742605,0.8436917873855563
3.913113127638193,7.528709108736734,2.32907887498618,3.2993689918971545
4.828927947547751,1.6151353430337525,4.789354048323106,0.3764114931346781
5.568493408160095,9.595887005491175,4.380449652284645,2.839107863494867
3.181687591735722,2.7371348686512875,4.930351246207204,0.2935852767818675
2.033531422652832,8.944678685863725,3.768935498581683,0.8785745673178372
6.495580381974693,8.28525888653891,2.5128916220241875,11.147712126277833
3.597674979162302,9.710739316732743,2.1234426667160493,9.656101811388146
6.231143992803511,5.301015948511747,3.653271374697924,2.8243697498538385
2.389264437467821,7.546575644613564,4.923266329981215,0.6432696267596121
5.330260916693358,4.3363959133400565,3.506860320415395,0.9333573497884392
5.793304892964272,2.6593141421772444,4.526459763959353,0.8669296128660304
1.4664118314018422,4.98768339640104,2.3164137241910745,1.463048823794237
4.029438503745285,2.491741138496094,2.6278151298970225,1.3450278539843772
2.209732092450768,9.838401605077456,4.625100958357413,1.2449275847768386
1.5703747342549097,1.8662184202664474,4.027466807831275,0.21131922425852043
9.909642091509507,6.302905511073583,4.9256412814716235,2.665050729262697
3.9011846047725065,6.6381746972865034,4.099056838928968,1.5520717985487693
8.288870012691714,5.842715885866488,2.794062828872927,6.266749722741256
3.2917658928738747,6.959672971406502,3.1242720792894523,2.666206683192631
7.133524500015364,2.0456269751070186,4.602061969852547,0.5708482405254516
7.842050739007179,5.99516671784762,3.2065869443921917,4.961960546934535
6.360748665470599,3.584913140146254,2.0215894966577808,4.55227174652101
5.244185696951425,9.46158456970951,2.7424792510797977,8.36061938001338
4.706568227325417,7.858644880957532,3.0652639553964716,4.3555051017541375
4.139814398886958,9.752630339437683,1.3868793342045183,18.101352990910943
9.365762298230432,1.338004627661706,3.975050697011561,0.8058608275276935
8.475574670089562,3.566198576626378,1.437415733419892,12.13085908677183
9.685242195998613,2.758803279745141,2.6196708534752227,5.064724488405114
2.1186750113699024,1.1003912858064746,4.218489766161618,0.17352981571436266
7.577807276832798,3.1809315722168927,2.8702814464531876,3.3332350957949295
9.44506411138934,7.10898385168386,4.368062078874032,4.6147403037653705
2.6310975954909415,3.079800299211117,2.36752528822446,1.4895631176295812
1.5984664063009975,5.5810310093435636,4.830545175993741,0.44069984022339237
7.670085843610531,8.990363034684988,1.8378737272209422,25.415358885760185
6.170258018619207,7.243821283141677,1.1530565799572052,33.579223266443414
8.576458990824449,4.551661629154288,4.489706171961674,1.964149975850723
2.2579513896366055,4.352220450208975,4.008810863801633,0.7256826575188976
8.15740580673901,5.101622326076362,1.9279353482694912,12.644003626872559
2.8146458804297008,2.5933729695391574,4.938966428546696,0.254025401761373
2.4729034857913406,6.706006906743893,3.0091205170741113,1.03042899231889
2.4783921813789362,4.277375371941449,4.804261760576654,0.44317356919884954
8.33117248208244,8.671288143358392,3.0201150855479972,4.598674054894062
6.986774986265801,7.808973940520347,2.887498347085164,5.246762617378085
5.707588822922074,6.494618476829441,2.79655414857786,3.9110094978206966
4.229474357111522,4.277820003845645,2.339501104531801,2.9297407816141803
8.894804867317974,2.8893864850613595,3.1348059887062067,3.0444328571734447
4.532005966803719,7.985366776950606,2.8102186477942714,5.533567004153606
8.349394955244193,5.377681890919779,1.1469875064942165,37.602356842577315
4.952214177131966,3.0227503435962175,2.04174093369401,4.0451269954244475
4.392499864824169,2.756571535360056,1.8524912004222336,3.9913274804164165
5.164118071026458,2.4886081405122313,4.469742409284266,0.32203867574431816
3.7124008674772786,7.994450765850355,3.3954799089073657,2.5794435318628843
7.72848442158626,3.060884667702805,4.05473240179891,0.9218860148890367
5.5244835108323125,5.739780371726777,4.827304150997122,1.4993098482816194
3.0899142563213555,5.063917248757508,3.57615709010564,0.7113096865537826
9.096171159471115,6.216498093054555,4.9304399656189775,2.242180634339568
4.455020992358903,8.894394103340748,2.2470562066085185,8.707363558790297
5.891975750025898,8.809726510735576,1.7450687292515754,13.234602740607293
9.158248998680923,5.059684646423737,2.613239551971646,8.09056269444903
6.618141963225929,1.1382962566125099,2.883197659743232,0.998062705047685
2.0520823663752767,4.837994251428729,4.58144617141034,0.5090187718486985
9.458489112521276,6.455741836817263,3.2397617561467054,6.62970700733979
6.6493724776427605,6.019882831882556,2.168723997672068,7.899197448959554
4.014150531913775,6.86202495220185,3.9705371314700835,1.8003064376768345
2.2534486539704854,2.3866815922577516,3.0233277485562837,0.5895815469941048
8.146226703432664,6.8188158890265935,1.6485277811006807,20.38832549014536
6.580654803356621,2.64386456869395,3.3072791503650087,1.3768313240970471
5.801149827786894,7.754715826270741,4.645578147229136,1.5664830597110402
9.045033247458619,4.05178851936412,4.370490469903281,1.7893907405968335
8.097374901020777,7.389058900433082,3.3472398905413243,4.921608617448287
2.365073917594761,1.430790390154964,2.5083326955399525,0.45858852999415495
3.805498610159934,4.67074023031822,1.3479150042568446,11.450134041808699
3.236402258330192,7.3453107003699944,2.878595693326495,2.196290619343732
7.695516633154092,3.041834646983447,4.008317750118317,1.4069883688333602
1.3017919126220145,8.157583403175003,2.4410948789320424,2.1978154153197265
6.129007163841849,6.6770175979443875,1.9417873022066576,12.826933075083346
7.862128171666215,6.288055949348185,4.725518877083814,2.7524475125202246
8.890890730855745,4.181939687839034,4.28622280183197,1.7847001524279318
4.078735738443167,5.342063233430058,3.5531024776805786,1.9966366522149457
8.391315742048116,6.376143708800678,1.5471333756820775,17.600756122571532
1.995685632596865,5.252159025234014,1.579635361624692,3.9688782405607883
8.618070625610663,7.284819915465041,1.4128783658231159,30.306663060736398
2.147397960987842,4.9032723979626365,3.465186667570973,0.7759005994824237
4.575585615043305,2.820458635678273,1.462251185893344,5.5988729652402744
8.175658292015981,2.925404045209425,4.370508795450532,1.128563291047131
2.349256846138964,1.0522339195864698,4.9718600072772885,0.08035305169007799
3.0632625570937733,3.708619440028052,2.465392738834661,2.1892028106913193
7.500273115537596,7.7402587643066765,2.81467938786839,7.06042621173548
7.480328828914669,8.147464379538485,3.846668707942715,4.284763847844728
6.770328695967676,2.82220787886175,4.748612025303063,0.875110392933795
7.2455360002039,9.63139597184267,4.57637509422554,3.368559176406867
5.884519990128366,5.521625141321141,1.2303673149993943,21.862277149513382
3.266191530162575,9.252808741166524,1.67628721022706,10.098232549171625
4.111263941535275,7.36088753675468,4.01838879423117,2.4057926651394945
2.634379451212831,7.501900807201718,3.755572432129789,1.614380830158502
9.176055052002654,1.7653925917546403,1.532874376160493,6.919550711583525
6.250526152895084,2.979920142072376,3.0082583280062707,1.8741890687520084
4.607662750872759,1.0793334996502537,4.123258524341182,0.28556827204294005
5.1580522327971945,7.4451487642906375,1.8751227290507746,11.834185605405002
9.525550056506338,4.09994459585659,4.4851505429386656,2.5237907944274314
2.380162628044722,8.079872644687121,1.2118870992814719,9.498579912289145
6.276068488151175,4.0504259794332365,4.128780340272296,1.688005905089327
5.5529981099601935,8.37400377068975,3.463275599159481,4.750560551374464
6.503088118911831,2.176284283734817,2.2607973866173965,1.9456061388219492
1.1629916543875645,2.5603584108175736,3.8837301933676454,0.1902622306272212
8.849115180497364,4.067888856255428,4.129463180604638,1.6615356314266088
9.38906454235251,4.67638649994046,4.7355958852158775,2.1264522519441833
6.086198652302881,4.138325297586805,2.4710986886170545,3.8290661316184815
7.26985741489203,7.872823292708979,3.7440669439198198,3.976635096856729
9.302494430595662,1.8725625336404323,3.4104651077387635,1.3745207453819712
7.3651477088205874,4.160953176746393,3.100824277828354,3.6463504932939945
2.3728513862283522,8.535159995639134,4.561665896620152,1.0178566842876304
6.186595241501319,1.601173695359548,1.0126692565536013,10.105633281670839
6.460435417445703,9.481091569042217,2.1284464244143906,13.954899558284339
4.817176041721474,9.876851580448117,3.1531089581793204,5.33350185744764
7.627998120622506,1.7971135644257208,1.7131730465462094,4.425998531229971
9.409303132921133,3.621452700301633,4.631466134931033,2.12891493609026
9.330116616160987,4.351605994318206,3.5903804704520614,2.371779677563378
5.057554342637189,7.987522317874535,2.9115319785279596,3.1205345971347596
2.019142412566797,6.363341309050604,4.258807036266618,0.45214373312299594
9.863570790661012,6.7992913044331065,2.803544765860415,4.9837577728724
8.550082778013408,7.817588405366553,3.234612047720038,7.2486060986832825
2.1219641308294017,2.0618109949332313,1.011003982215684,4.752379862969123
9.28757694355635,8.498885112192362,2.462802120780294,16.15739763114135
8.829067258559155,7.3505782376212965,1.555161889403879,21.16321962232396
5.669542514134649,6.196075526767332,3.758754722649164,2.8571408905516065
6.321478921704363,9.00761801304751,2.916107835902935,6.772193126404676
4.591024334831173,7.302757184954264,2.207030229000923,7.112357737671081
1.492854749398282,2.8152996636792285,2.8713293574869696,0.5735572477744053
4.016775174813109,4.8677084296810005,1.8385195518053847,4.9095548153625685
8.225681037382103,5.4463858024216,4.700346529944563,3.077052124609901
1.0416882070414257,1.4969586407536508,1.215890530203652,1.3357380241262418
4.001492545220298,9.591737620240501,4.461668141184481,1.7230445818050915
4.58351824231849,2.157195347171906,3.0454351549334038,0.8335170594393626
5.836560426441306,7.2771514050405415,3.475785984555269,3.4538953032760116
9.278700547714845,5.556079324817921,2.210422483634815,10.935888690033687
4.1171139492936515,1.2306902489598033,4.866790467177285,0.259514246755061
4.122578817066049,9.322727282779255,2.1274038340779593,6.507075669175387
7.637511232987736,8.6665312793704,3.3555119885612172,6.2143338533803965
5.069961468008264,5.71832135113452,4.973666820428516,0.8135843156790188
3.021443406459838,3.060481025255007,4.524377585533783,0.4911616874017924
5.07195564519424,2.0946060161208484,3.1453193011444243,1.0507726709578422
2.2677131834181985,4.27053231488914,4.961498091868848,0.5457906872217032
2.58748287855601,3.2988545294148146,3.8054794469304585,0.4071682421986621
5.4853099546553175,5.5602208090566885,1.8348016645672374,11.54319055695343
4.770329045540931,9.69768366511086,2.6223848417432256,4.434686466068211
9.2336131096129,6.174581439066772,2.337973336046204,7.661717758956252
4.261545092049698,9.009379503010882,2.3760548330847566,4.519569095115273
6.225295152502391,6.857909537461995,4.041825757439465,2.7441951434940473
6.690378591275773,5.2772187392848044,3.3370517090911744,2.4262696507686017
1.1178501092950026,8.691468064600341,1.1523708463581142,5.343348833138897
6.971836348150395,5.242312991556978,4.509793934603904,1.869911952357203
2.6023237018277627,8.817653534593248,2.1871845619206582,5.230117360635337
9.649632857225097,3.6241909261818877,4.988299507652575,1.4166558589793723
2.3379645497780164,2.159317663866893,4.8167629213391425,0.21053296354786621
4.731617113543214,8.697830179266445,4.762122866727861,2.478567133622701
1.7681470127077947,6.286736474134001,4.244510416255895,0.635000956372591
9.971868266613527,9.001831584240641,1.8824533267341703,29.413244306336242
5.519755092981184,9.440444862931448,3.130530976115128,5.4691042528753355
6.358465155880394,1.4826555133430426,1.8972105072998984,2.0440548234431932
1.6036882964958474,5.508723716729815,2.038701822355797,2.3592703980934213
7.7496442335926,4.374680941670763,3.4438070777451095,2.4836511586144954
2.889150337860272,6.632725573631054,1.1633341814122535,13.902005193700411
9.082488604966423,8.142320774820911,4.8778342672828305,3.297974832165906
2.8462567643380643,3.5253119437693208,4.674692690311858,0.2808766330893931
2.716189485972999,6.011185459358545,2.5230702886308793,1.7392217762966573
1.328947010632854,7.3785572191440965,3.0616897920276522,1.2363301882544697
5.248602505989993,2.209879745521606,2.864477677071036,1.2259312198394485
6.083570199363548,8.326602153561401,4.528799114469879,2.1653538027596912
1.5913777548551713,6.454986398676757,3.754407505264444,0.753020928780093
7.9797485502550956,9.545836934022866,2.112444989697426,15.753273132250385
5.079599512732249,4.05576027217624,2.7873650178611875,2.873095486788809
5.7195124239482205,1.9733134810347879,2.715863902747055,1.5145229086228704
4.966864722444053,5.558510809332327,4.8373406731356745,1.2267161500379502
4.606867547877934,1.7722969453849498,1.7012436420585586,2.4250455493471437
6.036762981773961,9.725738709916062,1.3583053491777162,33.054451986730406
2.3971622133764123,1.3481646243147238,4.522475328646761,0.1929345200427229
2.63735317445744,7.781535109965772,4.586743958023483,0.8647269542191535
8.756070589121656,5.725921583280196,4.486956351648659,2.946178629152831
9.515039159202695,4.317585872484598,3.0439076625022254,4.388204846150356
4.359783846517777,1.592579480577892,3.638977713077842,0.6013557192266205
3.436702058291984,6.59950231756247,3.2534521902439355,2.1978980379019326
6.795995889151142,6.266982964518597,1.2777913042176037,25.910750358164005
4.678607539882868,3.527949457608398,3.3833395876028898,1.5427999780940402
1.2284772009431038,9.191995312692809,1.0544565890244035,12.62096617066749
2.4053733762957132,3.736990066085532,2.2999496382283446,1.7795307366386073
7.443750059626578,5.047528695328955,4.729170303492668,1.8407498637036634
6.930315477191362,5.893862103267901,2.2161810785432303,7.703632714687908
1.2438639325313514,1.9020869035865748,4.7593065705769915,0.13726816511321904
2.997749457396545,9.389455472922691,2.000535828596977,7.93374302504135
3.0796731692926427,4.37082537205937,2.25824896184613,2.6805394545069965
7.047034692388555,1.7270129248690926,3.513629985754214,0.9616201128371004
1.1773948397892773,4.485620563077969,4.046507891157179,0.3856231704902552
1.9369772378611647,6.401822923833226,3.005551072019536,1.206284722004987
8.199244768358703,5.622874046391966,4.528462748776622,1.4465336357257987
2.6069019584890025,7.250877766335466,1.160961686442477,14.22731550001332
6.874714970666872,1.4993554786111956,4.688779354537482,0.580444474097392
3.1436450294205387,3.5608654924485053,1.7852311995816321,4.630221728154536
1.8949725348341064,8.37307519156092,4.536954980338624,0.7542895519422083
3.1885497189950867,1.7190431901222478,2.603452717945522,0.8157370004046531
7.500402386700932,8.699373592263619,4.33102822348415,3.839924146319038
8.701268212956572,1.8270648286939561,3.6866621992147803,1.1078461876961012
8.471978781102925,8.510087934025266,1.7037665299130484,27.402169980778485
4.5746517665660935,4.2470956097085395,4.672190279525793,0.8748368177367182
7.012766229135815,6.509881569314942,1.9820695619538387,13.971016146058192
2.844858658742389,2.3759840408319834,1.9765604747799963,1.9803240560951656
3.6383295723491194,1.5955184955266275,4.256715586549522,0.37228691332575264
9.067022366690077,2.9434438361812156,1.4234930222900841,12.629890683424087
1.1170173115966242,2.15068436117826,1.8881436254818413,0.9334143065361613
1.7695767776902127,3.8116530791166863,3.0147102936842494,0.8139768940285762
2.870976296314246,5.629449218599182,4.321908114746497,0.9080501864104151
1.2387898348643773,6.298835172085086,1.58993589894907,2.616964914898002
2.632918915808176,8.108812966417686,3.1906729380493855,2.056438459824047
6.247374048727229,6.906159039235227,3.844962367211758,2.9851961032360097
4.792820955332481,6.478824926165977,4.442380898863805,1.3255847345417853
9.034045399692774,4.706038247371971,4.742262240808879,1.7799335214785865
8.356992055645968,5.2642759146412486,4.13855965787573,2.4833892745561106
4.076356165280884,4.73068746451163,3.6113135928880076,1.4951894384758846
3.3348109008816325,8.579494270552448,2.7344803412510634,2.477395219438006
4.417231673505402,3.070004072935599,1.4484406167536785,6.288925189109329
6.31265448263327,1.0514883838776816,3.838948770102085,0.4164024077432201
3.4125727674058863,6.861879075036153,4.970949217901948,0.9436882659833424
6.617340170642207,2.8221596527494826,3.9470423789283995,1.4469337023953275
4.684704869721164,9.011036226788283,1.0668443749509051,52.31442824813919
5.968424627667822,8.731416967359905,2.985039912167355,6.641992659433498
4.92513876221785,1.6905463473538531,3.4585865299316154,0.5242155326162481
3.650191835877259,1.9574956487266961,3.758696804411372,0.47081860640217926
9.53607976265941,5.456544330219996,3.8789033424028343,3.8705662153589855
7.872452147437848,6.483003964924192,3.232433764866096,5.356712005394069
2.261018581898073,3.4741750373401667,1.893441330936961,2.6237050013929806
8.816211783081215,7.451179450294336,4.768802645906186,2.8323644528613405
5.386880784245623,6.354244188269844,3.7866658706546477,2.213642737811153
9.050970042046822,3.923416987736992,1.9473601474776379,12.646103746647928
8.198697303525837,1.2283433923808404,2.2892873290810916,1.9441529751156377
4.8269215402231005,7.751352531686659,4.6877106825214785,1.3564442049353715
1.2022237748810567,2.9327829924257443,4.549940746829343,0.22056291480322976
3.4180962344645147,8.510263691163654,2.6205857534323584,2.968334289509599
5.874707931947802,4.7826123404882965,1.153228887965804,6.358781180694818
6.701303978435325,6.193696983685888,1.1939894755757527,33.594480103619304
3.3209891688988207,8.856538573681018,2.135673163673556,7.623087081130417
2.254204666655417,8.77260700827958,3.516488877355998,1.7316208566603797
8.514372131193692,4.34367617719216,3.3367785413382474,2.4563974466019416
9.85961962633197,2.8800000344335883,3.535311147775771,2.2451928826935625
5.731211640724172,7.976314699557352,3.8691318877284266,2.8837800495322243
2.5451135726347314,4.8977218324191805,1.0761290143709537,9.607300141495696
3.4507659386743206,2.728377942031037,1.4203423806897715,5.984972408493324
1.1655160889272005,9.139828080854352,2.4379338073088506,1.4171178772830573
9.228689259044492,2.7829377481697866,1.619439990086327,10.41207522234813
2.05975974601127,1.2322645137210797,1.3012801701782166,1.8568780218587868
6.188648279628282,1.1825197639067797,3.5638575839893276,0.6201434325145293
3.466496986184854,6.600838208088378,4.261345909964396,1.5728552355733638
5.9876020226421405,6.955075546457773,4.0105066297371295,2.881052353154992
6.862783495166778,3.799375345512855,4.268159114436717,1.5542078715074812
8.467676233364815,3.8800989032235704,3.663426176231509,2.6277278256201315
2.8577914458454288,4.0554452355394845,3.941381287256809,0.83759004262804
1.0989624579263242,7.121426920829908,2.0871150968332053,1.6580897931233323
2.2319706706192655,1.5232041192414574,4.972032145136657,0.10171627575301861
9.100167776632945,9.362047174221932,1.7326626179755484,33.793580271638675
8.865010698062637,3.002689397597018,1.85797549755753,9.502617242012118
6.376717919532775,9.997058847178831,2.1556873272633874,14.409565258797539
6.40465174390288,2.543704244084683,4.9013297204263155,0.6037856733873522
6.9853300709163,7.943918115811397,4.953154357415624,1.5571645908613205
2.5783415076110465,3.0107129043666254,4.17957499882599,0.45199686050595483
9.229707513324637,1.7276212147892858,3.516230394238535,0.9417368289521062
4.768934724028658,8.87439991915584,3.0802503007384536,3.1322089608136605
4.448246754245477,8.728761332718026,4.882483382747383,1.6220172946877995
5.670259347545538,4.632133532046412,3.78249121143299,1.5553843207649138
1.4226937009754954,7.321565282863841,4.77892051330412,0.48759426665216277
2.4965503188047147,6.013593394155254,2.2662031979104955,2.8301877467543237
7.642302547837334,8.67660502306374,2.3350991690782625,10.685398431144717
1.7451880113261382,3.8355037238678897,4.418898376473742,0.22590883128895706
6.428368985197494,5.713051599990867,1.5994196823411775,11.907478838367815
3.2081419871318886,5.368351340840954,4.783711445184303,0.6297556407734901
4.503660526377789,4.1851524363117285,3.02989741865363,1.550003332187393
3.598243630936299,9.02309558100735,4.705655514334791,1.3697509371557404
4.201054448184542,2.4929013219628193,2.3471711549032523,1.4647870096652724
7.471413146658209,2.345577755686265,3.863835616557588,1.135415172407812
3.6740954406085753,6.192185817904762,2.9315004878907587,2.774660396173774
6.097641762672074,6.917448069864478,3.507214520981892,2.8625159084959186
5.284453619791897,2.7515732889210867,3.017489972556609,1.732814022637735
6.973040488263833,4.516456980291617,4.868462469485445,0.9669538594192857
9.431467653922821,9.519074586808694,3.768421591255669,4.91576913445959
7.593148874892252,3.219556804216066,2.0052758745052617,5.94186489720504
2.934463407316811,7.015246319056547,4.638707687620338,1.0881630452862625
1.2806482155515622,7.661344543278317,2.1761189526204174,2.431337440227197
3.360376398698426,5.0331582951864355,2.486420397203425,3.617994417850869
6.355701376302293,9.437733880836246,1.4084947920808535,27.958458913136276
1.462832321358253,7.629910616969115,4.599866079184763,0.5140499818829466
5.467296224811127,5.121321218748081,2.144448092911452,4.831158226336604
6.371585640252003,6.124016815984846,2.0356704717255294,7.05494778078527
4.008195017352648,7.233520990825906,4.681050391979816,1.3836461940290905
7.938209833712397,6.3297116238629645,4.222107449620133,2.381305158083114
1.9593842782039461,8.908278254434684,1.5643156860774976,8.890955933902761
1.6762400356222789,4.211997960523611,4.077298015614723,0.300483010892169
7.55369880583243,3.6989716605022442,4.652132392215163,1.4166099766750808
5.459421845855786,2.9245500054573785,1.3140448728429757,7.386721450461903
7.195621567849624,1.3400467125813562,4.300859979618292,0.435749929085933
4.913446047433716,1.387125679420498,3.189680207492224,0.7421263700346536
3.2176182991519613,8.830496737983545,3.6767897975152026,1.817647834287999
8.371920859067798,7.105538317653166,2.9714173556197476,6.042425461694466
8.194742910720812,6.944791738928375,3.7912123396211146,3.3163364742817993
7.252268237689841,6.531785370413974,1.1363914466670129,49.77733101014669
3.449306235069664,8.642972302246944,4.050826892893134,1.592431583501233
6.312076001821784,5.322402330990647,1.1333747914358336,26.423337059726197
4.248765072460241,8.833697457024703,2.821199390989374,4.525178721571261
1.8242386599397074,4.235005235640152,1.6038599725211795,3.1363252082118427
9.255822179160186,9.340367539051815,4.294297109405228,4.111690690231517
2.2313676782706526,7.287912820731161,2.2546436367026743,3.070547184891981
9.552136184387223,3.3145942242198454,2.81637417841733,4.306131031099662
5.014051956621602,6.076764295197626,2.7150029651932464,3.4200729682108753
2.666196359547577,5.7972750533943,4.090007862738826,1.1252956526438747
5.877108526405223,2.2410893955730056,2.924577439183902,1.905022367746572
8.856512522887675,6.321186151755527,4.155833340041385,3.634681213480995
7.590023977686051,3.8330706134526213,1.294033107210701,17.616781117155252
8.259050330753048,1.4711389012864218,1.7663758716119804,1.56499741873179
6.929050300396456,9.537905419359085,3.2061369985854427,6.974861053742814
7.230489080660672,6.77341332157859,4.7883532990107796,1.9688310443178603
8.642760864087872,8.892270386837623,1.2990313868871213,43.30020688233189
3.2470120797326736,7.084504045119278,1.1723368646274572,10.385979723845072
5.404824672788264,4.212853229261016,1.6262026997114227,9.460077709132312
2.99088497637642,5.6141926509593025,3.564612515440626,0.9386296550716078
9.889012071969823,7.081720843124594,2.5959716666809887,10.63795417274753
9.49653405717952,9.642270926812937,4.302209517670745,5.8423295732693035
1.354841302316553,3.2830251320952684,1.2877326059254632,2.430546034011974
7.350176552641196,8.874793527617058,1.7856563472588043,25.43342688230366
9.327234856740992,9.316700247648425,2.2001056218595827,15.27053787574512
2.6251781061460018,7.033739631930609,3.506920346755141,1.6816858331004614
6.111507074973665,9.38139964661204,3.740690761206189,3.028181916016426
9.239394678292376,4.580907287296316,1.4968131758550953,22.78707297982836
1.3055138072721895,9.577145584363985,4.7752188359669585,0.6443800298595803
7.276782405221559,7.3250458944937735,2.3641765407608366,10.429821120671695
3.676141066352957,1.3780519067693071,3.8526750520011324,0.3144520319740112
9.319565758388773,9.161855486371476,3.096830875790795,6.406712227128101
9.73952420648831,5.360255281298733,1.8910324541884265,13.458474769988435
9.498398402020905,5.142942863000496,4.384913292461644,3.1047962151184048
5.267927949917174,6.098199453816709,4.27295211276772,1.805217490551305
8.758383858903821,2.344460920941051,2.5842874156667603,2.119590547481922
8.600944586815633,5.222494437106588,3.3544303427754216,3.0939892933260595
3.871904259189301,8.48014495045971,2.031302783743759,9.951934244413815
8.460239267356096,1.139342132237638,3.759406514985206,0.7485751703462009
1.3330687124394336,3.4562544429193416,2.2361072504817257,0.6940380489775486
6.366428906338477,1.022091277994598,4.37631493752894,0.21976629112257598
3.0700795355893273,4.741401782348635,1.8695404171090972,3.6441021195301193
2.0851019719955093,7.554839594443612,1.0592136912738566,8.841756645141043
1.6925788146628824,8.188946462031657,2.0740321678716738,3.1217270346353936
7.266598982903258,9.506707850143059,1.7642099458379468,33.078196118145826
4.058874673912595,6.476541516737079,3.033145758899697,1.9447321056589866
7.522900943758853,3.291641799876059,1.8148131666263052,7.238820965835363
1.5882070671904813,9.31733154223029,4.052759482877979,1.1373364194918527
3.837613040475493,7.977841784923385,1.9654825520160157,9.112491915649754
5.855421631378035,6.1698563470283005,3.827872719650623,2.3922288883814766
8.116508483550671,7.260761941470424,3.313883692054896,5.209253492010408
3.8687725263886295,9.318847195066862,4.944999425887538,1.1335128866227813
6.633022387933082,7.411546256256295,4.999603908036926,1.8614673028686148
8.973799734125684,4.3153705682626065,4.47810433326932,2.0251276838261423
6.542768693640741,7.4172538206018706,4.039933477195005,3.630613524237523
3.096635272782704,1.3625034646184908,2.545825656002295,0.570239170173355
1.2196070340088423,4.4777400564752305,4.013106908525215,0.3262175320569749
8.830889865108368,4.656907286610213,4.826702148317963,1.430113190974907
1.1914246976534844,2.501544109787512,1.0935103015817766,2.6047876516448367
8.872315054157795,1.2077693249659316,3.151658800790955,1.247912918900179
5.760434206244907,2.2004311297396852,1.8719932175537384,4.072543171503499
9.451609286616065,6.891593462173496,3.231505263475402,4.777747913405576
8.189049121962988,8.220599347273188,2.8657883590355646,8.437646990219037
9.981406994800038,9.893831434542767,3.3030743262091375,7.825343522533966
4.156406339065391,4.117271527976449,3.203848885674897,2.0043049418635897
7.904694600380142,6.394413000349916,4.840428156674248,2.087736921253221
4.617378222483179,9.434304701336098,3.2087444357389443,2.9451340118464753
5.318880582735179,2.5033760320433736,4.384928352499469,0.6620596862578585
6.64754916896533,7.458810277084684,2.279281147203386,10.419249794126328
8.863094027677048,7.794808598342469,2.7524027551641956,9.564450531276348
9.856751222793656,1.8007798228240453,2.8816539041792395,1.91872774343183
7.914460724780664,8.751244466647584,2.114912173341519,13.672259108475739
4.759901039506004,8.317945423997594,2.519161045911821,5.00664375986278
4.792213020493632,1.30062705919691,3.394052317867101,0.4983507057654558
7.638240714300023,1.8197597339204634,3.3207510532181295,1.0447638555316654
3.148994311914721,1.4421420450266709,3.545741378293922,0.4312969487194303
1.994267018182552,4.01269178619426,2.4072716616805643,1.132041270416015
4.191599418766989,5.583600916119336,2.2633259806122283,4.680514689631356
3.5851509248867357,5.791129551591659,3.4464715310166523,1.7669028846029098
3.6667730841039106,3.409000837924984,1.5314469937100998,6.337789545251107
3.1024697594491895,9.204371979042467,2.01212617412856,8.590007333435992
1.378838706727257,4.314365108847219,1.1685109478119808,4.9632079838704115
1.1608654126007243,1.4099514036881726,1.2904434103843205,1.05227563101761
9.889501507624283,3.7020440038724773,1.9735331170424355,7.428533049977205
4.849958203622761,5.779984802897399,1.078117121187676,18.961827806529776
4.4589398244371345,4.673996403294089,1.981642368349846,4.409590274818047
7.116825544237629,3.4645826718933326,3.619905292248104,2.164640305612959
2.9642849907855773,2.1819092478788567,1.2444283138757322,4.237795273596994
9.549650655552028,8.372480500866068,2.746946711178564,12.436835821321242
8.07710512973997,9.965307179117726,4.652435147678197,4.464469262260596
1.8046990208103355,3.9658792017149387,4.1651393157016035,0.35265869889311197
4.758226982064356,4.434589397589435,2.221750009179429,4.3021468587667515
8.912064768059482,6.562337722092614,4.699221916766588,2.6415261602547035
9.502588200622693,7.4659732726198715,2.3185859869908994,12.332027703397152
5.2066136012488275,4.528265813232322,1.29006198535025,12.651232836519252
6.520702502896369,9.144365652836337,4.976223827072454,2.9785211546356205
2.503305514828677,6.040035903060265,4.480090108756687,0.7611509347645182
9.92051763523279,5.053510687653379,2.8637311332043693,6.129192813042247
3.0850453124509905,6.820054778439146,3.6655060967696156,1.3145390371311394
9.48458596721613,9.575234634242559,3.6849123114266806,7.591465191377329
6.846819840931316,8.15097064979535,1.7779289229218413,14.106021213958435
6.469631153909732,1.360118174816119,1.8001945326145292,2.962337374871341
5.614196599148578,3.9907891966596365,2.878322813407303,2.9652041666233977
3.076028305459828,5.234902164561005,4.646292560550792,0.6843691759356435
2.5887522880495744,3.8306581498819474,1.0399750994342831,9.751421429728229
2.9843758816315784,7.301688047474109,4.130022543797438,1.3249722617127753
2.6779443592982908,8.43642234876323,1.2301071348586166,14.812952820439055
8.01626026210078,7.582105856667444,2.9128884595324713,7.181857596404736
4.151127332500571,9.903999581454478,3.5514913322939057,3.299807216480958
1.5205840890705673,3.452928831037262,3.7470370683298593,0.3836736495404467
9.721923671267302,8.874905455219793,1.2339170544636455,57.35156770759046
8.954072964670832,7.8996039865703755,2.674414469535873,7.706063889747538
9.349770548756917,4.259608818023315,3.3353490420092986,3.4710574429300483
9.954170403817917,7.607120892912718,1.2641821492240277,49.89191955597606
2.5650572429753855,1.9366836077642227,1.5403782263812391,2.1343725448406903
4.566178170123929,8.104001341064972,3.654595958016154,3.2990904884227916
7.824146281336822,5.790975423283924,3.0865527863626068,5.345819224150721
7.26418556248413,3.6306115543832784,1.6473146450731622,8.02695034287111
2.3850631570586955,6.9019957160576215,3.140957347658934,1.6129867091568355
8.34249812491556,6.774579988429681,4.650769493777663,2.450235957695575
3.019965146529946,2.8853760044763974,1.0623503391014557,7.714201091709594
3.0143585334036076,1.2735767333037353,3.5705350939434184,0.3009500175052874
5.832769806040722,4.902603282115065,1.2946017384213677,19.148724769137843
6.336459413575328,6.1256068240997905,1.0257977718588034,38.19512876428133
6.220775870540301,8.889447505335387,1.6026179546425352,26.829671122489763
1.8233815365797938,9.35395116082835,2.691626527415677,2.4676721888693733
8.897147763673424,5.759246963410898,4.209375995927812,2.411490804551123
3.3904003832983545,7.784231353916904,2.1271419864182346,5.2876486777571206
2.1656342915452376,4.953729450951972,3.5026928495550345,0.9799977247058302
8.998732718820794,7.714739409156037,2.6446265518212266,6.721547509189314
9.60086348406778,2.8432137244525024,1.9373271678640318,5.315285728509181
8.759148555389055,4.339582613231783,3.0569884571314345,4.076152369637692
8.285644672523903,6.708051989322533,4.1898579614904925,3.7682385315112685
6.8971778257511955,1.1634216904637094,4.329969480224577,0.5398761916405876
5.957716335482254,7.502151793050586,4.386078127508947,2.222458787996754
1.7828808392026914,8.519819511413502,2.3542312502199176,3.322128874048733
4.676078917636288,4.592274949845563,4.173824258863013,1.2504708624359246
4.354196653110826,5.031481754594479,1.8487138204356315,4.446792920379266
3.337784053842936,8.661539909948779,3.953700404971533,1.8464763339073316
7.510781023197264,7.9808917179343,4.793537705090467,2.2857913224536235
5.4628816157089375,3.593345401300375,1.0549753387638288,20.876516736077438
1.7294159431688314,3.915784959053851,2.761455724715192,0.883499387963612
2.981648817548302,7.10990409151537,3.5910839536560184,1.2237300350089324
7.149328872936364,6.068782832033451,3.807103081950212,2.0956127208609794
1.6851777354127018,2.4600661398684727,1.7043510330768088,1.4211773254302007
8.660862226438919,3.789369183062498,4.888733100954371,0.7085140819057505
5.4563187431257685,9.099849491907888,3.461061471883892,3.7153621091616005
5.325279195939832,7.193569930500371,1.657362404913071,14.590464522100827
6.331670061935658,9.873768859169676,1.0820900468500612,42.1045841700148
8.422128693326343,7.903112769826925,4.133056795159104,4.671142426868686
4.1302828711197375,9.477769889292311,1.3188189577818363,27.868067437309985
7.102145373031572,2.9456971648342787,1.5642036842809461,6.811832392378658
6.09158767596212,7.9433638733523315,3.2993201074227625,4.180176211596899
3.403254431524792,1.1819576813301769,3.414022013798479,0.41377158727952085
8.907669877196422,7.036840195403805,3.747548474369594,4.462042451566852
8.176834194462353,5.223540503082172,2.574056050654483,4.648493572866156
6.926066511925829,4.120840647280618,4.095594675867291,1.6527529022606897
8.655235561848176,8.761639170637801,4.897434398463554,2.622397599729665
8.805647808638222,8.688409233917776,2.084379772319532,21.512504528828437
7.3752667904353135,1.2007153440877922,3.8121144661517836,0.6832250145524029
8.533119955273047,6.485546102044879,4.713874609580627,2.334281107717551
7.277243155023553,4.310490018888608,3.7451470504681708,2.3000133128350186
7.121266945842704,4.740949013504043,3.724437994577038,1.7971256396963806
6.5675024039366585,8.488366652968985,1.8950902763408264,13.18248578177649
7.774449756018771,3.7885579437491046,3.1405208012787718,3.9140729222357784
2.427445947637663,9.48743929573858,3.2500913744183206,2.20359085349699
8.927836832790355,2.616704437349267,3.8005182498238113,1.9182545794952848
8.846591749707088,6.9645018103136,4.987285799584731,2.5920080508897607
1.2632255473110323,7.048945603123882,1.1345752901750483,8.735592692413123
8.432350755082865,3.2697564528512637,1.2609306450699473,10.40881216749898
2.1598288072610066,3.9227554807048177,1.311800277723675,4.7381751057456
4.016069688332277,8.513186433219463,3.971916537955827,2.8800754565705304
7.69157430662447,7.856247294594572,1.54541518044303,30.139591972251427
2.4468390644347737,3.961862922832836,3.489807497961381,1.0069733876663531
8.36170321707156,5.805608922414405,2.2986755115738338,9.174855334692582
8.489207601619677,1.555122666277859,2.829279824842844,1.4720634420379528
5.567209603847526,2.878712941587663,1.8626526392696556,3.670310208761042
1.0574728454515023,5.372385029743592,4.464426245218169,0.22250593388676085
3.583343198574215,1.7737636175129043,3.3446012966521055,0.6599055656642032
6.55234226538168,8.589991194027437,4.77825305432901,2.718226330708518
9.830675602246812,7.462055890968831,3.298384998817318,6.653004727819837
6.686321743150016,9.492703035836453,1.4956321223877866,31.25838652890306
3.338232229577438,7.2412021536762445,1.6834817353539018,8.772242357994527
6.706051327896502,9.46361235035967,4.956295905471389,3.0806842377424832
5.8598684174427,5.990613001218685,3.902260789323471,2.744540057476199
8.018608556360292,6.401967499557724,1.1971150001163586,28.185061226440794
1.9628257494426258,9.792739491636349,3.815124020138659,1.3928668294221098
7.849251122518252,6.779162321778343,2.6486921872384466,5.0531626412458355
5.871399208084992,1.2770791197467193,2.228833547292762,1.5495555749720653
9.666928034730951,7.51422498967471,1.616243174922137,31.168146359915273
4.076849494348175,9.149218229236741,4.3596158182262625,1.446873688085939
6.693597038205533,8.16022224814894,1.2553655159564028,31.77253917032062
9.388252949590157,6.254499453628804,2.1593418495185612,12.617148107982455
1.9225875519161133,7.041731617841647,2.2255315753028175,2.8612429013424383
9.43505638512806,9.911726103265046,1.6436211358540014,32.6881850844057
7.19097150070732,1.815958796584045,3.032739533147481,1.0869074483075991
1.610533531946547,7.005203457699156,1.0468105072435705,10.184456411104595
3.708672102521346,3.5505792511353444,2.2039020616416365,1.8151683685438087
7.373548797807534,6.7608135692755305,4.734517776132256,2.120468518790492
1.6061554132189453,6.468612182955449,2.242118277368023,1.8842808646401952
6.23953414158646,2.381111488973459,2.4418375484270065,2.424804608146355
4.112947512576611,2.860719811662152,2.8926601929362863,1.2488576357485561
6.588239659907294,6.594666202388922,3.246773499405899,2.8787380263301294
1.4116783043126158,2.1540695257339673,4.2348345792829765,0.1571362569474936
8.843831255371386,3.3866278761729056,1.7612848926240705,11.452319473758463
9.761400722596573,8.517209929642021,4.486985508770228,5.17137249859379
9.719900697571223,3.9438235540147475,4.0301974285755575,3.5114842973064615
7.746866485686322,5.392541406426966,3.890601338646221,3.693595526796671
2.170776161175688,9.470263016312563,1.347218294858541,8.615183862907864
7.824368763361203,3.044341799532517,1.0865627598983387,18.52778810280252
1.2212822481292136,4.506634156222093,3.376050803632336,0.4806918327387902
1.1991119637609753,6.458119979891911,4.452535850092644,0.3839326467430844
3.912491972345871,7.79805036553575,3.3377658565625437,2.7766793991506846
5.397788713641992,9.114880480414346,1.8529394617821233,21.230069402839426
7.933666760270139,9.239256888161636,1.362079591796853,30.959557089342784
7.149658389458547,7.989760669353607,3.79838581127094,3.394302790709771
5.013124357390735,3.054977529339794,3.887081109271238,1.346844736546778
3.462639996534993,1.2232839703830922,1.6901268027484346,1.3001648999364124
9.9741205014194,4.453965373200614,1.1127612619861451,38.70121710121997
4.835631720123756,2.27393965889041,2.633134052892788,1.914118529579193
5.062483218967079,7.393488826944683,3.3308748085320885,3.701874565114301
2.4726143907250226,6.950175281431451,3.8240096382687647,1.2202793682482764
8.153285938749365,1.3957447745930935,4.239780036611611,0.7519117820765793
7.243140032033398,8.52934401217856,3.4421497092269293,4.282826204517778
2.9869265150988435,3.2386893966206403,1.4435224343939401,4.181577242700577
1.7414294105425843,4.89004367941938,3.7303266885696593,0.6775206300641392
7.124493718672418,7.0114036191016815,4.936706571579528,1.201337601662758
6.890600928530217,4.86476908167028,4.622338338389616,2.0133984693823774
3.459335742983884,4.97159022519949,4.486675637078051,0.9061966413739355
9.557772060253694,1.5906519580216634,2.2086806134333634,3.211876288332177
2.3595210260281023,4.612991943340035,4.003152705816003,0.4577159326479383
4.891013209383417,7.883631038979852,4.404413783860582,1.476214822498706
9.49254328150839,9.23658703467938,3.7133048185250526,5.851866854350998
4.7775458523351,4.721474233570346,2.002247026271922,6.535233983087714
6.74673352897677,4.81227244191171,4.815335887499833,0.8186654290146907
4.578349581665148,7.323643956912869,2.8032776458347035,4.939577854277466
3.4679368211380304,9.48494800994749,1.5192222346635176,13.225392205875139
9.855798831638454,3.403548462154242,1.439111580229568,15.47325095545663
4.684006056835387,4.961297858841432,3.590075949196183,1.8944881457798843
9.04689283311221,8.16375919197071,2.7508385856669566,10.28593458845206
3.0695914530197754,6.487242124366347,1.3779355007158545,8.993407409527627
2.9179423362257495,1.9952770956755925,3.9614582886243785,0.41736432864587636
1.2802067459606024,6.649594620060391,4.197300669034479,0.25905825196445476
6.865001428382966,2.680716561375942,3.9016625231458053,1.1000021479179534
4.316737093513851,5.591943406705638,1.8090435107360516,7.602701420680762
8.779224248556734,5.761929408943947,3.7591018239842775,3.332808082846534
5.258889160224014,8.885830260024864,1.0428912115775404,27.266309462140427
9.713740851232496,5.162448466111943,2.220448558713637,11.712902574687963
2.6697296413280904,3.514981800123048,2.595286125630175,1.0453646448189104
8.817608511600497,3.078697133944284,4.340987795542006,1.4211388331460588
7.989371675125676,8.868266890159024,2.561577492277617,11.1283156826174
7.938296601796468,2.5390976897640556,1.0450777847575932,18.527987924464227
8.60304905305199,4.832817047948294,2.4093856473120376,8.836609249371163
7.84921591848699,2.684558034342523,2.9956963934371488,2.323016717196487
6.635982894682739,7.959736361029378,4.796019146691094,2.492690647774894
2.1812038991414884,5.269353759771571,4.764137215158179,0.5007281257391478
1.2927356154212672,4.1602932150113086,1.7234961528856463,2.032519204672261
9.287630630341182,4.249896765638201,1.7405861669578062,16.659447958773082
6.549852830686643,8.669927860506814,1.653525825858202,21.34078682019571
8.168835618785586,5.9839655886499425,4.155687729656413,3.27310754567271
5.33370116361295,7.460810660181372,1.0240881614736255,48.987849980716604
2.0557737006615504,9.07334664625616,1.5087087927675094,10.419017335029302
2.126672129822954,9.115675084365778,3.151838526576396,1.8010921061746004
7.170087585060743,3.9565814890407682,1.990248267547062,8.646501087122537
4.872753054095164,9.572061368317467,1.3694258329570483,26.109014440761104
2.8047225403030307,1.223882938131449,2.4395120493353373,0.7056813750638027
5.424350920672932,4.391520049145491,2.096830420240979,6.034131165606001
1.577880433676207,9.062189717579574,3.044417226057138,1.6278199202049397
6.237742617229589,3.4717319183528463,4.916934375320784,0.9734915980462171
3.4209406399158793,3.4577330528918653,1.4972185472596737,5.546116451270141
8.178031905734693,3.7236005657369984,2.4909068193363773,5.1968260256862875
3.793257630312164,6.5108204636223,4.727940071489899,1.0697548177895813
5.09698134173621,4.944994980529184,4.50749217397529,1.1780801967144106
1.1045848591729057,7.540613527180083,2.5770841391371224,1.696403613669007
1.65202199015103,9.054195783081992,3.795813058078946,1.1372885559420336
4.532442007660164,7.067794374485746,1.3514280543253823,15.528871810491895
5.319449512454112,2.8402004817781794,3.8501642221744605,0.9626462769077686
6.400184933073733,9.394137121244519,4.8914309179389655,3.043770935727293
3.624963208383729,3.3804358601273066,3.1499526113367664,1.05316504761374
7.254836975138883,2.349048657953423,2.993960908137657,1.337672605168065
8.741101574702842,1.809705509748648,1.7492744788076413,3.713386652027485
8.018658900040148,6.07045366599549,3.5351527956291675,2.5481224176313138
1.3565694281352143,2.0238621623258664,3.3617491231156595,0.17983042128159224
5.32456252532046,2.248982957013677,3.607732237903002,0.7027427927259225
1.9443716057635738,3.70027432535947,1.1043331467388873,7.533902927371154
3.178405142762747,3.5348770871601745,3.1948939533962943,1.0905384040641568
9.879963339404318,6.438155592989281,3.379739373989492,5.1640779232346015
2.282459886113619,8.350707515254133,1.8301205416512087,4.047906381208779
5.489993381062204,7.852146905826031,1.833331429954144,12.45848019955927
6.563401608863072,3.3623600924482906,2.1048726740437993,3.2503112028899532
7.322184734896935,3.2077944818738193,3.8468863669089504,1.469921541752092
6.036838151382227,9.69212377096271,3.4250642541294867,7.046965053190623
1.087937626772653,1.0741261743276411,4.383050584471219,0.06890401209146843
3.938151774195927,8.917484797541942,2.1826342873723927,7.0624711937420015
5.6594047904624025,2.7975566721016447,4.648272239553274,0.8350806123584067
1.7907984923035003,9.52555890780791,3.9748246479334335,0.9670738184869848
4.155642380882627,4.080765563447677,2.580046680054788,2.1396063819093945
1.298827979122299,4.963165965039271,1.3810482625018237,4.53174141470316
1.7072064743951867,7.364085525499429,2.02793464994993,2.3586215452472223
4.5723094858143645,6.289021463259343,4.827072868859402,1.146697469392317
2.194441786387543,3.8614539673614052,2.2414535035363174,1.7898450014812326
6.107867634354023,5.984478242810412,2.319603840596258,5.521371090106987
7.2051847222353915,7.576361959265976,1.758355724390868,19.95341781531288
8.205280291981746,1.381014513122429,4.227402404555061,0.5951994960984295
2.8013521982032907,1.1007937473013372,2.1025769209691094,0.7901621930501871
2.507343240331628,5.122602451656022,2.3210329934754226,2.663615371045849
1.9411105630096022,2.1865295602316275,2.6573924337265065,0.5718159659387679
6.72787224589273,6.97909862318243,2.734913119098439,8.425295618722663
7.35828153838211,2.9264721060469077,2.645363161660087,2.667691720596582
1.2842753034307783,4.895659961161039,3.0149747814989145,0.8782708549178537
9.42591021619321,2.7790384318684205,4.258051518465614,1.7842606205975744
1.4677415528632518,5.936352271742121,4.277140162968088,0.6449670731382382
5.871667017709634,2.0444811344611202,4.193252535053388,0.706486087043833
7.381544675058247,1.2079616750873223,1.40449935646595,3.8072840641257537
8.83872211371477,1.4601847429602746,4.198715213099256,1.0361703412746968
7.4267823891918505,9.58832597363779,1.4810070939463071,30.292746236130995
8.215552747628127,2.2805759674984225,1.498895080209032,6.98257386204471
4.0550517328852544,7.376304278231517,4.791451086539843,1.25341656741245
8.33342602371861,1.6113358380054361,4.277591378822166,0.5897723606885228
1.7210336174620764,1.9734431701166395,3.2096418674720346,0.3643790485952776
9.05334990454475,5.579886262684012,4.499880817911448,2.1925800247564284
5.928331385383626,5.183838371389093,4.957458570207452,1.1785514729346036
8.355679929662443,9.564222784958826,3.4425682665271102,8.048391147929594
5.070864560664702,9.503519077186636,3.451593747926072,4.549657779914889
6.792199256768725,8.016477782882186,4.017708116639712,3.383676225628406
5.737623948425019,6.418916471146147,1.928555809461331,10.240550271592522
7.584305695797987,5.094642856537099,1.6684994460751974,13.913635801221446
1.7346698382753063,4.205606808955789,4.03832300006029,0.40877074206391106
1.5431687559150742,9.523787922779999,2.3796191799764093,2.594111850762311
3.223929106091318,6.42617930282217,1.540281425223736,9.589745438923822
2.435902121018695,6.21165274917395,2.259510903670999,2.888944468520617
8.846052099329814,3.0871100959202336,2.4345474714983015,4.994313253454458
2.9729258862223986,1.4202803609660175,4.860910638022762,0.1487968882808743
9.782787302372181,9.5066972178359,3.791838844351693,5.687098059608833
4.032062125939961,3.8236173296018854,3.1234252695989357,1.3482102181766293
2.6390612411982937,4.983301209920128,4.875492554730419,0.4907274668140482
8.107286564282312,2.0317594922713615,4.612558961896722,0.9735313070574187
6.928369979507885,8.532318969183628,3.048003426456639,7.287046380107096
5.483761448078251,1.2486864957033756,4.622718541507923,0.251416560180018
5.998271958438681,8.505916858891869,2.6172186322506263,8.10021243264758
7.472816004450374,2.262565115091701,1.9216826614264986,4.2208322501991
3.0560926719816885,8.979077013680369,1.9307127072883405,6.3567752576366185
9.967005244510677,7.567953736025417,3.649262097768507,3.9810441449104803
9.773138459321048,2.4820323625657457,3.0042812828291083,3.20999376815233
6.852931177122432,6.092361935735213,3.635803388021787,2.2968440148684
2.7958820583623063,3.8139068291969753,3.7443038570486795,0.752678783804568
7.122054181881622,2.604097890204251,1.0892914915908705,12.672279758224976
1.6497856808125826,8.732639794699976,1.2161583693916094,11.2522211014249
1.2758725198522547,4.631704898565065,3.1307109063649996,0.5626058123295304
3.3191459966009234,4.586893429288443,1.7641419110403076,4.760348808478038
5.163606610653847,2.52898007325958,3.5301350752177587,1.0267788181745812
8.814452548675424,4.447591084772008,3.2087429566825922,4.038004251784949
7.544521627896772,8.844551616959652,3.343041433483565,5.9862124135635675
7.684358690799829,4.268158394406723,2.2098215193240427,6.658229168937291
4.829440010032679,9.564432062498092,3.5593740251115866,3.267921416362961
4.113414932922666,9.516780092875488,4.317970545940092,1.4383285108712043
4.339348866861425,2.304087933766114,4.992285014368949,0.3114216186854659
9.88884607362452,2.595801281703804,4.353777544688857,1.5487993994575304
1.3609827227123423,8.764066632987003,3.2299950387197898,1.0733574039949967
8.803283465102037,4.534848270322473,1.7737183667198262,11.004147693001016
6.208078677151541,1.039365840547084,3.7257835044792835,0.3341422081811595
4.947538772706315,3.464846377348339,4.750615142231913,0.49833805260836106
7.527318943736229,6.3786609387600395,1.8474661589292096,12.089025440097998
5.380020472822325,8.193393693639713,2.0239824821063084,12.671731100671494
8.860809142734945,2.200497553839336,1.5960341736466046,6.801572751481886
9.106316776101327,1.9948722797506182,3.9468865745056068,1.2595382467590575
4.795488341861098,9.298833882150985,2.626246013694637,5.685531477944851
3.4914501751154643,7.760335310403244,1.2507825555455363,19.53190161289705
6.33115295734026,6.308016407002706,4.49979996596112,1.8336168986462886
9.211270110550219,7.922681109963352,3.2306876188102667,5.269337187488491
2.895959701050999,4.859689251759746,2.324377168001423,2.464762422168426
6.606699252071345,7.826101725782139,2.375931904244388,12.518925189585277
6.684041980832685,4.346226921470822,2.161004880763627,8.447582495137821
7.5980172017375285,3.196851152433421,2.8219206895705673,3.3470414914713107
2.1841091661453382,7.561120791636718,2.34816675395258,2.9129408131986203
7.442424682138797,4.777050629415415,3.1917852162824376,3.7019661662066583
9.181292685990769,9.832393938935754,4.094069009085176,5.72713446536591
2.6171479798321777,4.1453666407729095,3.697845133777494,0.7870736582487089
3.1378899243148988,9.295546784779594,2.1778275710164685,6.692215473155056
9.742555846374756,9.396662937103715,3.114964046159117,9.827891766604512
2.628792574385408,3.1766765235827155,4.360504639649003,0.4114388045237415
8.689465840326212,8.18399063429212,1.2728249389709019,33.40228653181128
5.430500708032313,4.897670546301086,1.313189067947619,14.004096883400099
3.2250796696285935,9.257722545073133,3.2246802721990138,3.3303758364321996
8.836749111452603,5.051118453717149,3.556460513559213,3.5067328967902154
5.007747295023989,7.698733456036295,1.8456520631036164,11.997517638542798
5.633356185367211,5.202706682474181,3.980880506766072,1.7447480137305333
4.233100324597891,3.0502068014157055,3.58505350816291,0.7917118466487656
6.3365576629143465,2.7941511605021767,4.693157072945146,0.7654821398355468
2.4717148532652047,4.82888074830711,1.6758168074341468,3.3809345475120858
4.519733829865846,7.7994519131279345,4.005497061432043,1.719819381338813
9.724710901017588,6.445643366626902,1.334572362333068,43.679238116468724
3.3232008943101476,7.19766360910489,3.26116963807159,2.060101788741947
6.910629980871629,3.540937156587482,3.2075805579965833,2.0256710396496973
3.926710578022254,5.332918113618449,2.5535401785869625,4.250720300478648
7.961258131179406,1.399557384723943,4.378284590674269,0.6759943057498478
2.177862946465148,8.357791743623086,1.017482579144049,16.27561938625438
9.728389405706903,9.909029460158871,3.080717607594083,11.025772323117287
5.084105872452753,4.661911563622038,1.8686141993407497,6.4678564507724605
3.1244541701181756,1.0986728781838901,3.9739944764657316,0.18725145879106883
1.6614707259701138,2.5281337559585264,1.1722697052243887,3.3467809099055637
2.5278211457878665,6.87274189975377,4.3262187527263105,0.8680322984613685
5.677965537004159,6.508713863834733,4.352368906827806,1.9803647664742607
4.033028587881576,8.090782476269895,4.331464049614011,2.094484831422952
8.459950292943486,3.2849560986496136,1.6102741069306794,12.670809863224703
4.877987712956253,7.872687239924207,3.5216260742441796,2.755866152282692
3.238428453288669,7.191856193713028,1.0574694367335584,22.85219671246646
6.554304879436271,3.9053304794245896,4.391850365156799,1.0277105816844685
7.360994951969012,5.909393332512658,3.891900774034482,3.1305121907899864
2.5033771711085486,2.3254642764849405,3.1246149235970107,0.6139786522615578
2.508572946594859,5.073080530920244,3.9223657323864685,0.8898815290458203
1.3300428424018866,8.930776056000768,1.3772963866070889,5.889303223749827
7.627618135590764,4.790722418428517,3.114623328707425,5.3369336543943025
6.974240748596245,8.556100358278798,2.1651059672657818,10.434956654622185
5.2716778817483245,6.312280287337249,4.890477852891892,1.6616889826664014
8.597534040722774,2.726890417921211,4.428471802495607,0.948786505144907
8.251031376550479,6.229956202281068,3.9331027833359076,3.6581222712693813
6.26818927957077,5.553849962413571,4.734990540998927,1.7315475269345275
8.814441524619328,4.587772016767456,2.387373218261895,7.173070123059598
2.8525708903309144,2.076673955644633,4.603519595952725,0.2518362743327011
2.007276574579551,4.750377974625069,2.3009529284268413,1.8518632318990764
3.4277465036529065,1.654861386156644,3.931186878764612,0.3866491910376914
1.5137817048038338,1.8889214625887614,3.9456676471057963,0.24942033564006094
5.780525752009288,4.743248796394444,1.0733995058163739,19.64510461495192
9.429451230654653,3.7484333377161736,2.4442387931127807,5.258494750476678
1.3540918660165868,9.329898932760011,1.0777306896339915,11.496293017637962
2.098989226090241,4.381352248422434,4.988368070440995,0.3506478257032157
5.069791254550918,7.820723098648902,1.488787047316952,17.530498357631767
9.404875157751144,5.772227737296184,3.1712435825924374,6.553618380544266
3.8454049447907543,7.336771017781019,4.162224955050549,0.7099525797593433
5.565113278195532,3.3410438471385926,1.8050544090435698,5.024127140207165
1.3741557314535289,9.477144755544963,2.9402106723818906,0.9814957493169189
2.3350888086587998,5.770796472229815,3.4297150436846033,0.8715946257062939
9.879671106629623,8.481916641567247,1.6408190175821815,46.09439934624007
9.68606826792441,4.285411241285021,4.114221839646154,2.7456207803781276
1.0444598284096864,1.9019021414547208,2.197345828757461,0.48971595367822546
9.566306068809151,7.063404829487639,1.8440923053553613,19.549758702950466
6.752079440339504,1.0698368350368204,3.2331549857496675,0.7958982240044671
8.811264650680199,5.277636789089574,2.6412545105717515,4.310736109822566
5.092658700704732,2.735217123998133,4.681143778545671,0.7676742708490134
5.640364257213252,6.646379539918259,4.520250792792616,1.533874051747034
5.399619222312282,9.81477885824067,2.933402653555533,5.504399548746235
7.001778317914939,5.1796261568858135,2.4370550989023902,6.723188880415227
2.256861292806816,8.357484308731,2.302071926525061,3.7843746545239036
1.2697623088541015,5.57005768256009,2.0702544923260295,1.6781205431175943
3.7713694743207182,5.462560279936216,3.178191414849909,1.483532409901489
7.342126864629821,9.373811438609,4.219914418938174,3.9419863394072348
2.816681069106535,9.009692818720133,2.243026432814231,6.0130668801176075
7.060891899924256,8.07220418669177,1.760376358752326,16.433741743126173
9.729208414965434,3.666301779851057,2.901935224733147,5.349698531274776
1.8451064421047656,5.905075741515465,1.2761376671906661,5.522665302029393
7.053419064026136,3.015075099751165,3.8051160245188274,1.4707213078600727
4.993751973741141,4.9952502824188585,3.0734330652077344,3.4517081653012998
8.813280289397548,5.357917591838116,2.9854992318914166,4.57585937351792
2.594348105026473,8.484760361523978,2.20178151820009,5.497823033413763
7.23363357003548,9.064255287924938,4.618693750126947,4.287487453361504
8.543037606832993,4.7315805615683,1.3619451673982108,22.53759371927739
9.501527975266209,1.1593400056591348,4.479296035548126,0.49114755532158694
7.1492322546068126,8.755964558104193,2.5068208096636906,8.421818884194273
5.474572876075846,2.568508106512246,4.522494063900089,0.8668877992719114
6.560625161810925,6.596937675013542,3.9150458333295344,3.5446623382188545
8.820144860308464,1.2247381039071807,1.4166829066481532,6.942515041862804
6.1354877197494675,4.595558277345079,4.3261451460374145,1.4966611511873518
1.2734835372715319,9.873642719038148,3.7287073347980204,1.0921024140526947
9.3785382595628,1.9062424099342279,1.1292076516613938,13.883618371507202
7.20574075928405,4.813238367996781,1.5348107284386798,12.123036110936686
7.088620471995219,3.7643495517095698,3.5425122233427806,2.604393896261381
2.9410763715794546,9.14579311049438,3.6504020115211397,2.6782015392922256
6.929969232093915,8.824060971166197,3.98660573135038,3.06224975863107
4.544779650887426,3.1392888427560592,3.8809816030999276,0.7503234568393622
6.861096793373429,1.7306900834538805,3.6380798186798198,0.9043309209685166
1.9593372727719165,6.644245546550057,4.06495560698569,0.9385065808622034
6.920607741427324,4.027318406953388,3.3003428235694914,1.9785828853602985
9.994723531936,7.0487595154545675,2.0431655420978196,17.64250183774028
1.4339083497450043,1.2890778046103302,4.649506454922873,0.07540729313478092
9.794567657991855,2.2005931165974046,1.0728561237279117,21.350599271271175
4.662171646505835,7.17735009495379,2.466246879485961,4.623565697740765
8.836781053035333,2.9113358977224797,3.9154811723886533,1.9371249077768697
8.04146935652446,8.718289081861613,2.7086241645986973,9.25347151931079
6.10314634888001,1.5273179893912188,1.0993376299200572,6.26733429752833
7.646042883261939,2.9393378450701717,1.2639236124648527,14.247598994765784
8.906640051712131,9.987042236365617,3.5945494765531545,4.216002146086751
4.637262894859297,4.897684923281133,4.859458397621198,0.8542369320464067
3.943298454069148,7.326690971901792,3.2074545433379957,2.997825408854411
7.0083404700722625,2.643967439713123,3.0270312720950763,1.3056717019551587
8.270613477471327,6.48881861486984,2.273300852225069,5.044551622030686
7.860566212989542,7.534954615324766,2.0267626954642526,7.672618131519947
8.18032283972771,3.830289722798595,1.0839399270251389,33.74646569305192
4.920249833316397,8.4600740077829,2.0918194705618847,9.366859490718053
8.360507945575193,6.43075820625055,2.7964417634610097,6.143009777297371
2.081881498335476,4.502107086535272,1.7917991321958007,3.471253581843923
5.900401881647646,6.018781540088427,1.3493919539257169,17.925920331594373
1.0518279444830942,6.190847626923318,3.8709114690184103,0.45791216540224894
3.9212724691024325,2.489817634244794,4.5784810762722685,0.4681478693424633
4.298153813842581,4.624591328802696,4.747088278748342,0.7989747772284179
4.565554224483298,4.090875292175438,3.4719949139879573,1.6405047233412469
7.25920486020876,4.608124503212135,1.2110983303971272,26.333322039628086
4.4970229114331115,7.849995296367322,3.9634505198470937,2.1641249151088195
5.038242603602776,5.342845667200054,1.4403812210475455,11.779571795528167
3.1378971778689473,9.462845379153379,3.6789924707512958,2.043545710899814
4.35926612466406,3.6430877202259255,4.117463342991503,0.5062358848595319
3.045426645368363,4.741332204564361,3.903458843305891,1.001301393936653
1.6587633139159927,8.082611294311373,4.807535223044523,0.4398070595347728
6.431037340432401,5.914221339886752,3.952585137869559,2.74115018710187
7.013915186995146,5.92325331782003,3.772839111927234,2.8658814350841575
6.575413114086531,1.4800614670466516,2.0469726887324096,2.3714542081239594
5.171446394205152,4.587396964466103,4.699074745743607,1.2248518840929976
4.418072021613068,3.4366035917955924,1.7181754831766676,4.190080607902022
8.770002846146427,9.99401610548004,4.619586445892505,4.410390845101207
5.671736066225963,3.7751956356907925,2.2506501733836415,4.45332102218945
5.312636898667579,8.960468813144772,1.520654375510675,19.82557946618782
1.2307785922579213,7.086103615364297,4.306732109084683,0.38292138504470646
4.071230448635407,4.068247682728813,1.0099818144033166,18.169984301470727
4.421760569072713,5.891809405367113,4.328353270723323,1.5862312180334708
4.589405028072104,8.564822919542744,2.0492473681839036,9.572886821355413
6.221551323045991,8.950314682278208,4.538885091022485,2.124358175436176
5.802422920541906,2.443544875055307,3.7659167289663165,0.8942801017038735
6.471145835141002,4.056158270873526,3.6647333314023602,1.9308076746170597
7.883949353879155,4.017008621922145,2.4612782526593735,5.947747222469282
8.316871648444842,1.3784031646835022,1.237611895563084,5.114227918713745
7.46310768603845,6.3841398386670685,4.320292392822309,2.2648351291729227
9.599713263594412,8.693380476929692,1.683615180706112,27.070527299409186
1.1640932440872547,4.43416949042966,2.489034567579009,0.8193110920535943
2.7620018711519148,7.660323504857593,3.401418742036327,1.3527794979134833
1.068065874803279,6.64930372240666,2.929014954242487,0.7917955013984378
6.827272427391427,4.380838619437007,1.7946425406852722,8.709768851179716
9.082274940549881,2.2695381954306737,1.5624654275291356,6.691146049180285
3.1913406691866935,7.383914674983706,1.4929850890011624,10.322373042871908
9.34331090316676,8.691086520471163,4.452031525996803,3.6535025088442055
1.5424065126060476,7.172690431613427,1.1262381962453345,9.58659650488488
9.409924241249628,1.1609063563133626,4.908057038399577,0.3731894664319247
4.16460418515671,2.9460960495189212,1.7941147615416564,3.880197384200106
1.9127874560429485,1.6253198639517872,1.4412891875163125,1.25462600470095
5.372845832676931,6.133474896186041,3.3078866191071805,2.6504320202080334
3.3109891094845714,7.808299109563712,1.3199438317627865,15.721253479589352
3.5638561176573056,1.995212683617935,3.4098130526543797,0.6402822840221912
3.765609684336579,8.545040385340467,4.402506579254453,1.521693359236895
8.22723308049397,5.999580805559349,1.1915920858696993,32.89006534056284
5.85245149007729,7.209721109275524,4.1994744181141765,1.6970058234535612
3.8017692924040327,9.742616637477816,2.5779097639284747,7.137127588887789
6.493004049798265,1.7531288942292758,1.63796253532484,4.8261372565602585
7.445356068008742,9.111016206800103,1.7043859210698362,26.394057036227352
3.453616006601804,2.134924263886684,4.675058174776905,0.2297341116700929
4.7219419137281635,4.53662925973014,1.4424230077626579,9.069769383485507
2.096974840032528,8.66294826698003,4.467131148462628,0.8494257837215416
2.630344145812123,9.156288130640814,3.1769784839344584,1.4646088687893362
7.130060685684845,5.557345061906308,1.1562247152657563,34.91545480097808
2.6329451292606425,6.346941744478826,2.8579045828693532,2.6409614064097244
5.726470453003541,7.3733260113870145,4.269798057905202,3.2710674466562963
7.381416355501894,8.494828016074427,3.9048111505564016,3.252173032843653
1.9618923078526946,2.0936005258389954,2.9551296707388715,0.4813808020110242
6.105809976660132,8.290623774063048,4.440199518784868,3.24687983471598
3.309065053312274,5.331485354604551,1.4814590471209188,7.630743664710479
9.666341877138219,5.055610825973521,4.639764213569475,2.0126714010898747
5.351910820479323,4.8150977679729845,4.385764833933395,0.8397496558691385
8.253932947976423,5.582904267214383,3.833107302628944,3.8467626291272214
5.952038879406356,9.505454980551432,4.2715509685149975,3.0888106396933623
1.3907127956933725,5.933833955129364,3.175262027370664,0.6990987158843369
6.698362380346201,9.578597844368254,3.7006497163906675,4.951031573273319
9.562630079859913,2.622611175540765,3.2423922828311156,2.458502986596792
6.414506381316981,7.517223809493698,2.4217141220317973,8.498636366161234
8.372699734841111,8.310155847478725,3.2754431894447102,6.203774668174468
8.957858170135669,7.112159482013757,2.029861330127703,20.479322688183018
3.0527179475403923,6.462300522038864,2.761116683363141,2.518469981005883
2.90840355917404,6.08331502977564,2.1231016290409728,5.1963323054934465
6.498828899658926,8.748374343208264,1.491551157845556,28.438874039154182
4.699256228260342,8.394819374480502,2.2874474255596247,8.068949457735311
8.558751725800484,2.1005984906253956,4.407948872739082,0.9043328311439556
9.1002081105821,8.637288913277903,2.524323082569223,14.737742344142635
4.180792413724463,4.726617574963982,3.9920145958754762,1.2680311368853612
3.1318350307703384,3.283271469962297,1.700791416952645,2.892014664047685
8.024729637194756,8.827917112125334,2.6976766366705665,7.854696897060366
3.4732543199332246,4.888223196703675,1.4594242773407062,8.644757280034645
8.403528866623105,8.27528221159135,1.5544842534699588,23.55610012745992
4.813644282838865,3.3706325076026005,3.4697455195602767,1.3309168115242231
7.0079490936232345,1.0353638927999602,3.4299272697960443,0.7471622690520228
1.8598178245120136,5.4591327361265,1.853487629419449,3.135059194609354
6.614733922089157,1.9020543097859584,2.8976927771551946,1.2819990402000347
5.065909108635062,7.789383599724187,4.453224667911792,2.5509294766025836
6.279476168579267,3.4846762246246934,1.6968060347059315,8.432922910218586
2.5121278697037708,4.992810819431309,1.0768421322940593,13.018172238066066
7.631863704497639,1.7833020858239883,3.6079805626542893,0.5713576390573956
8.765173697889058,3.579933236025274,1.21399283235474,22.700211398964434
2.9506582008169806,8.033412189327148,4.919760954289783,1.1442850773033522
1.8614309996814555,2.3642912071208753,3.438481135195524,0.49881341537121726
1.2127472744170276,6.824436050142617,2.881585411375889,0.704918024147562
6.777743503989394,9.25683267524051,2.719970160097227,10.526137763423211
6.463846324799027,7.118530837819483,3.2922826340677256,5.641201954460978
5.92027671442663,8.299195203630042,1.3624977468808597,15.788743709684764
3.087523865043779,1.9807446637352422,4.720076235277983,0.3007735734474703
4.518153963149632,3.25658643401849,3.502568274207511,1.3475125953652112
6.350287016675558,9.05084967016532,1.7359139904436351,17.825895825204775
5.470901729732525,7.435950522562803,3.2503242150586513,3.473277475243534
9.890069681933985,6.7559844373958,1.5330260233320465,32.22831363090563
2.227957773010598,6.9739006250953,1.0702108702332485,11.897217321753105
7.256300986428344,4.727804988741791,3.522067940855992,2.6453742494071766
4.638868912938629,1.401009684558879,3.593933367480511,0.5849264943899367
4.853796534330533,8.059973878636562,3.334786331213662,4.751962407229621
7.458379890923586,7.108419125938185,1.7339328174400923,19.531459972713442
7.231925361919327,5.255240177014523,3.413719433979068,3.348367405373092
9.921303943319694,9.097836538314317,1.2260437636980792,53.84582541364435
2.155548605087127,4.025436984865889,3.436953422287689,0.586085712000072
1.936986844457497,3.648895698081123,3.216068076430475,0.8349853982194394
7.51904935415867,8.855166925714986,3.621019323356398,4.9222164734693665
6.205482253057681,8.17288889283087,4.581902423009575,2.971763417893739
3.4674459990382527,5.634818295835103,4.401432420958146,0.9420850111318104
1.7147743209008794,2.1766126551206497,4.9226167662501545,0.1340251596803399
1.770924246367875,2.935643243185472,4.904964131746301,0.23427442447414876
9.047717871977065,6.90605191367926,4.0892787734950105,3.6793933567763664
2.726805922468686,4.465371140563705,4.825678488710912,0.39680423760459693
3.9103440590396867,8.52825872499374,4.4691355435564475,2.2765387130004675
3.039907620042892,9.549595083989837,3.9103297995798916,1.6604647200800617
4.194966752487436,8.250732327474264,1.3015370185750208,24.222347758763384
1.6248145847148403,4.3979088069600145,1.196199553079551,5.834768731276997
5.671538118174434,8.098177863082817,4.350398270023081,1.8154910373907367
1.6085130723299341,4.162975061236152,2.958623431486793,0.6116172046019763
8.203208570401255,2.503900789890705,4.258426737499684,1.064365709676387
3.103408737193897,1.3005388437927166,2.2516730826208775,0.6582475216301242
5.860107231440596,4.47145041484918,2.5905994332920512,5.252544919146822
8.920711788053124,9.132033733275536,3.8007468840477276,5.413578773687435
6.8578963214247475,3.1508792898010887,4.661306947728373,1.1714777981172118
5.796620078962018,2.8586184843680558,1.3510458979155437,10.01057501897366
3.9190037780383804,9.728387067169363,4.445912578538425,2.030684316680467
3.9970172175237813,1.225037015655329,4.172050899517461,0.28357911569968874
7.025382596783711,8.07203935354379,2.2621570829194186,13.82364507119286
9.947254250990508,3.892329601667833,2.4208664565262383,5.516301131045578
6.9565527086444074,1.337391611826934,1.1858459088876385,8.90030039250702
6.020050756330225,9.260222861886252,1.062962444466872,36.63655165766912
7.575854592153215,2.2567809718862524,2.9080245054309164,2.337740626951127
5.186850510553463,5.966013553531258,1.3821585819892421,11.646121389886279
1.541281083407067,3.46648786686593,1.776007257660852,1.5869244166655132
6.0606713429011885,1.5867352196622193,4.387068798106654,0.508986666411332
9.618627560548422,1.4493023709704118,3.28411356500181,1.1667032928993577
2.577726481218937,2.040010289527049,3.5345297490644536,0.4056322567074863
7.210044017385991,1.6423031250044204,1.7499173233276801,2.7942012583073574
2.8084031979315083,7.845023039679306,4.314647217817678,0.9497591812390823
5.822449160257731,5.370095820550863,4.47191908975899,1.7193152125269446
1.8700880468204766,4.086028822140817,3.0933103748521735,0.803315466337297
5.053338426323666,4.7653201911880645,4.650231087514639,0.9597883130167285
7.805469960057215,9.36052062015361,4.379314499818326,4.81867595943698
4.128143718150839,9.196766314643325,3.925296706697752,1.862836396107102
6.984205520384962,7.441088321103192,3.9363036627745145,3.111539851942651
8.159049647107562,8.96214139679519,1.4215738958034532,32.52436054249478
9.344600375315075,3.876832248288623,2.083344150782663,9.37342640823374
3.111778736699082,4.429983934074546,1.2673888792707042,8.66471934845269
4.593843242283773,6.5234096366880525,1.0347248369052346,27.38437596072194
2.371744119973757,6.612633525675378,1.6332381255356405,3.710910133640149
9.932351519425376,5.335298542111069,4.52194873058776,3.039905649681391
9.343008711318658,4.60592063594158,1.959496236144206,10.719381395311183
5.859614172525037,9.875622804478256,4.880615850366887,2.485512874765859
8.578299649387791,8.39011263505952,3.3891639982448245,5.327820148476611
5.6886217954483795,4.914821780992407,1.9490339505387615,6.026595254922278
6.612271192024838,7.545632295156116,2.988523213936851,7.261540925346079
1.8021198890441497,3.4260552392721353,1.8763792908004615,1.1317060307416291
7.797433784471272,1.9015239361359688,4.9358942327294955,0.48027167416630795
2.1494213527171135,4.171879229974666,4.389059935619855,0.6033207307756017
8.434608672272756,4.626755201110548,1.1049551551293164,36.059418933952244
8.038252789033473,1.148834121046037,4.791104125869884,0.3761113223423431
7.378702279686788,8.333128014723064,3.8842604292115492,5.091488842538624
1.325443424722859,4.232740621502634,1.3295250080851133,3.457530719470042
3.7281552035079573,6.223763492021323,3.6825509853057823,1.7906142969252716
3.368013129197586,1.6656686854386038,3.587706791862742,0.4555032849680498
4.241227667243672,2.5749714587552557,1.8751549832303338,3.394913873186358
1.7887847208745469,9.00724352794804,4.0337868000303025,1.0903503019078746
9.432620407279565,6.478187750945207,1.3482588132518685,48.3792216106698
5.9842201664113865,9.55255645153437,2.9577807249249912,6.27954682198451
3.749718795922212,9.988750309521853,1.0396928286523517,33.51288453179516
4.5728336536685505,4.34674103799785,4.874949955578986,0.6294850038186454
5.024822864543521,3.6892275767494715,4.006254527107638,1.1430041854683597
6.405349000245556,8.725204496431871,1.635408304638624,28.681565474802024
5.6411148492684795,9.987502843337088,2.366696159805132,12.03908897526878
9.274527758929755,6.6667711080921155,1.6422495112327051,20.433211331465827
5.472671346152472,8.156266502603701,4.066469856517259,2.7155463076586144
9.929422133409814,8.03571272933747,1.2355853017108607,38.7126125821414
8.662824619705862,4.198057373975923,4.361626622254857,1.5411356170008736
2.8765946292160223,6.168433422313785,4.768785355342919,0.8035780988141918
9.375356931795245,8.497512471377922,3.7065117712251996,5.225480359021454
2.0472975809692846,7.193024886349499,1.8518618000057367,3.397002118717203
8.357047376420724,1.1904743258383443,2.440360383254203,1.8342338723670912
4.4256096412892205,4.030351020077802,2.908959499235725,2.0731802480743053
8.901768884005627,2.3002812693514483,3.418499088809015,1.2028749727289032
8.812510210967053,3.0967499087023516,3.6746523592467497,1.1822444756747292
8.253328601058591,9.14940529742193,3.216858861275531,6.465328319623704
8.110273926763552,1.3320396001969135,2.405255683287423,1.2741936260343718
3.742112251882367,2.978206407657314,4.563669122259612,0.33509554760921195
1.7282735474612696,3.786124170144083,1.325568232071833,4.564787820835045
4.626821608886453,6.551956647697553,2.86502421697398,3.620979712210248
2.561720634878578,5.8069152107727895,4.102259353869923,0.8370281398078702
7.254559800122156,2.9644253456804748,1.2434906611656036,13.383987234486172
4.11489753884007,2.4781696050083903,3.8213408672452047,0.5394107953412368
9.780491807739233,3.131182311365069,4.2788464910133,1.8101778787785814
6.768748696107988,5.5227666403149005,3.643325194108209,2.74262043867355
8.40232507270925,3.440600071400831,1.051747569101424,22.1754191343019
2.192722054676636,9.528422514469499,1.720548108528825,6.200118539245039
8.758130340453603,5.174786992859628,2.368452315567803,6.095910586345049
9.30481471462055,1.5291641489017336,1.9347601425521836,3.492252193595446
5.3835572693704234,7.563397652529701,4.850608560909709,1.6476490509367019
6.456276439758797,3.9596075938809063,3.6063756564551745,1.7956491872095068
7.883288208126959,6.881400388524228,2.1878838294062812,11.457771294537894
2.573547645343713,3.516349334709088,4.718789994661782,0.4000270682243708
5.523094688170982,6.136693675599879,3.9623767979047475,2.258400123096988
4.587967249950818,7.949372543267182,2.138428847308168,9.479957007634392
2.317365929460242,9.352078675970986,2.5155262776078215,3.8310841420917656
4.307809800623783,3.3501442998976936,1.797715433215827,5.318142716932778
1.6135507844694421,4.0137125589908305,4.884295993063287,0.22544473410862753
1.232307162545383,5.178397782573457,3.069185983560293,0.6085247667325903
2.2164966023934047,9.3445735396239,4.584226749991938,1.1144207587437294
9.668036004302564,9.112481711295914,2.385999084067391,17.553373984224894
5.945765823055153,1.8089045209057422,4.443366412389903,0.4708163975405175
9.69239945037898,2.1873684317842974,1.2155473937086558,16.103671753437794
4.892480904971188,5.4595825959757445,4.928361270097152,0.8921986166211716
3.806345197767336,1.9595734552488113,4.648137468133211,0.37844781771248126
5.555276765562197,4.110227860138277,2.4528117791066197,3.7753138959972823
4.955605197696191,2.335468403957299,4.098888661258309,0.49813212348804947
1.9509821583556952,6.724363196186973,4.009031705895304,0.7453913689658341
6.767436832211856,9.545458885652456,4.605019188411727,4.375722018876788
2.9443436425863965,9.970603932649434,2.2290199245152444,6.148193794650938
6.576291594080466,4.377170192472233,2.862080021256598,5.13086485613853
6.85180983158338,6.39111373403151,4.459998450424212,1.5657165858880044
2.368223678157833,8.706408881716731,4.114317816540864,1.4009413995281932
1.5521466439960134,2.0571586551674557,2.5738668749611167,0.23767977755689912
8.026854274615959,7.206079699467685,4.382900931648488,3.010930123854736
5.138203813923882,4.679592955525614,1.187816156929606,19.193458458646077
1.523474159549282,2.855315442521477,4.12818521185196,0.2980277810163812
9.953796854527905,4.624782568726978,1.8270634377348025,11.58584279495229
1.5200250489672997,1.6836425826842518,2.1444836312951487,0.672135297059079
7.255317059726979,7.258664337303752,2.9728593743823746,5.322808343313626
9.853110327370722,3.2746840187360777,2.7989380042798957,3.983490099320417
3.1526209379433308,3.802650805403902,3.0822804274795237,1.1525088524094869
2.2802443181847654,2.089731684173165,3.1791023826880953,0.36432269905156744
2.09246445480186,8.781932025009025,2.3261107641259877,4.462355923768609
3.72947632810836,5.440998513544647,1.70091005206812,7.081326866716228
1.9094122990958202,6.149321900077602,4.073924917149224,0.8613048933470939
7.229452075247187,6.124894147853691,2.5999045963485683,7.919444177881844
1.5606261831705641,4.6944380308720755,3.023363449836236,0.6463365878631325
5.584799153348108,2.732769238943255,3.5787868734044723,1.4814559410602937
9.970271684676792,7.7061947364856,4.638551689226624,3.930468956375735
8.325732425554168,2.143506388219069,3.8302113245608798,0.9632256123535367
6.536974944079098,1.9348641125092945,1.181836902361538,9.868408329688691
3.756282587079505,7.3913053383685305,4.354241453592071,1.164778855151516
6.6150625266247465,2.8795331840678546,4.957420060510076,1.024102201730696
5.743373175204865,3.760954762175491,2.8899401014855286,3.007298622177072
4.834750455013343,5.2770472030156625,4.878361345818403,1.056800071453974
2.1763933906617954,5.044161850565915,3.1893149693725977,1.3522875399885401
8.9794379371642,7.377212125584993,2.838463983487799,5.620542971561187
5.048061839391902,6.610886140990249,2.3256190589098202,5.2455788430975
2.7516026063868857,6.799565460536791,3.6302195033333553,1.3480419666209087
4.309834157895606,7.426488975899116,1.9192816821001784,12.574082090233135
4.727167772760343,3.6335145468111882,1.4197368740576173,6.697016572917384
8.447841060101869,3.900999806204263,1.1089484103368563,17.647384708936627
7.6025294250526185,4.941979731059988,2.169520450861055,5.676442401015635
7.923744042772058,3.767159557301735,2.583083328668153,5.284536868819824
1.099281379857825,9.864440820737771,3.208306785124991,0.9282930524564937
4.745385983617854,8.326467337792867,2.1709993007480257,8.116527458417831
5.332097364717913,2.481892194304266,4.936238289541645,0.6259717794389456
1.1727304914075103,1.0503474029368256,2.1669806729646703,0.254020225588373
3.3383188787053077,1.3850494142254108,2.763901553785635,0.6299810188058692
7.842608408099215,3.1965710593863275,1.4131046621276013,13.898269767249962
2.2339873515609914,2.028621572531709,2.0425060533483026,0.9927432826291545
5.817791183073325,5.800043034033149,1.1933285591559644,22.907486102136293
2.9368168481551375,8.721957004546228,3.238034533749312,2.5612452703171282
1.1090869717950396,7.630751988219046,4.004258732529727,0.619472523696567
3.1708131183958734,2.9404815677397136,1.7828392573442717,2.4684955306764933
9.782863794190485,4.5936933042320724,2.471643751264283,2.912226164516082
8.213834006946907,5.571047885781499,1.0664649069086423,45.702097536027544
9.636189798889301,8.29185264553002,4.358088222888848,4.98749259349027
5.390686395337262,8.552094427955483,4.119854099726679,2.8248089128731677
1.9876257880975317,9.187464807169984,1.2530161234971695,12.255101900653921
5.931635400763237,5.583207254525877,2.459470437281645,4.856978458890569
5.089396011039648,7.248472717922766,4.821146455397981,1.7458996301088492
8.599213744656543,2.0062033411054343,2.568108224315908,3.0621604835290865
1.8827432270582012,6.087600639585839,3.1048347068960642,1.202375095005075
5.394170233196004,3.238226285240216,2.4209714440414207,4.465156628581675
2.3504379822458583,4.8854519652395,3.3845255525130473,0.688927981565126
3.9220833420105397,6.706454574760475,4.912627502547289,1.1254106777338935
7.636213696490197,3.31287344068403,4.990010013924788,0.7773470925768283
5.284163164318898,1.4696655201708497,4.098859912044764,0.5435813089273104
4.382994566311924,1.0921047076788177,2.617244392081757,0.4777661287426246
4.550286507130318,1.1994358199006938,2.9777288033159532,0.45131235639147216
5.13502091565388,1.0751476376239268,2.426925312449222,0.8186383680356545
8.065148894533511,1.9931955090208793,4.942298519617385,0.6931087015426094
9.02876220046211,3.155398431131169,3.831041223301615,1.7099294838121417
9.598012178535354,2.9909936276406928,2.795725781734045,3.242835635257661
8.082130476297657,9.881169347619071,1.0484610804384094,70.02068682435137
3.8386620617321148,3.754054946880489,3.0819336575621934,1.4436650605046912
7.193212354778879,2.146787050234592,4.935712806806471,0.8224624207963831
4.938428116498527,5.910062897509822,3.0922436358922076,3.47107096680028
3.2920355984144605,8.721617098577575,1.7297067419564547,8.973616622211964
8.567844214833304,7.1025433910890765,1.0883749884190994,72.91785438667947
1.345837140660925,3.664738802219053,2.4188150324968363,0.9258997090587016
9.115857929218812,6.054545438123094,4.672912222786428,2.0377491770469676
5.153297181622607,7.433703767803682,4.986216432703523,1.6198544265681676
6.7348132912745236,7.552940431309681,4.781471899248011,2.4632372259826414
6.934185299852045,6.998846097679199,3.917679973017027,2.727159364763873
9.056059666358827,8.837293822980563,3.232570913762621,6.0466328914404865
6.730027139504866,8.83094912509694,3.362744585529008,5.34665283489917
6.525402262840556,6.210429034663029,3.1559680363678435,3.775642961391937
1.5998683650462096,4.86870732200091,3.8281972196919534,0.6887408783025206
5.6656721975068365,6.774132660085899,2.6754929067814097,6.156400478664972
2.3515210073533748,8.363908012334168,3.676816019823062,1.2683922099761604
7.6369039184933705,1.0508689435706624,1.4864484598288041,3.941585984068523
5.60999728731407,9.92797308113366,2.062781226245935,16.4064822223499
7.12205001287518,2.646043950962793,4.344012155234518,0.7202765543354617
1.3750561054214585,5.232240870939786,4.614995722973564,0.2687047503743559
1.7631281444122289,8.8482676135858,3.156032950241199,1.5627441827436803
7.4469104925641405,3.0253635913977943,1.1265424688517296,17.878865740947177
1.6487590239880603,5.291157015103449,4.7078942831670725,0.38949042135180917
1.6413105498873275,2.1932396216306125,3.808257032109146,0.23278511362617177
1.108976277113987,4.555686928493733,2.656111695021443,0.6694167234953914
9.60851258469532,2.594219093137023,3.3935157727979854,2.3308747602636584
7.637575235131062,4.272649738940413,2.7190993377654644,5.4146743839900076
4.179262676518578,4.361177951134498,2.861356906928204,2.012038522921573
3.668820231588897,9.938537106384995,4.547239462637607,2.623389232202509
4.147329067712646,9.95331726373395,1.6443369876684462,21.253823468606576
7.971881780630636,2.0330765079455118,1.414676541928947,10.251393394288554
6.95233549963373,7.5337190139551256,1.010914978052063,57.63271113714892
2.6667601108072114,1.4657093170219104,2.2560015024485067,1.0764066733225897
2.5669840180067593,1.2717281380346976,1.5896550659377096,1.2168916572961779
1.8855608474205758,1.9480050482046787,1.8799419805524447,0.8662364629773999
6.942724477312043,9.689370913071405,1.0449559306615077,55.12622445748688
7.8793539599956235,9.467771931052276,1.9087816587508128,16.368023890486487
3.385417854925036,2.745350382526124,2.3308463277294957,1.7524091060320222
1.1885046492782152,2.4550510199834035,1.1262699856395253,2.4381945633182407
1.739545007287846,3.164815778643523,3.4316164971885907,0.48628411863312415
9.710740313605275,5.639922946676279,3.275201395535032,5.092937799530868
3.659002997296782,6.127341688318689,1.3881431140397003,11.944850330626867
7.923008330543203,2.994340873955026,3.380039110073604,2.797698120129544
6.621972119688374,7.809605092809507,4.994615674435511,2.3301430802116734
4.437456756876063,3.785978524623857,4.777875811246163,0.8717225403521217
2.851185359759996,9.299181929764693,1.0106839734706532,26.946532524796638
2.092477763434658,6.910504358110575,4.1815132453214385,0.5597792235232127
6.5351167123498,4.927160748732505,2.414421104945944,3.519782517180701
7.971704025740092,8.109208015325608,1.2546054813385097,58.17693436590281
6.795138281870176,8.361231634419983,2.1839328548648322,10.645116660837378
5.772719199242425,3.614334450480493,2.286946065251849,3.497220609949001
1.3775610108847265,4.057430894524759,3.0929769572362273,0.6129697001525719
9.716398998349455,9.423596383557431,3.6443350690754186,7.653144759864936
8.18842772489117,2.4826693452694473,3.996222448833632,1.4453014381011104
3.6353983303086825,1.379353752666408,1.9836121702530667,1.7266970852121877
9.819732964229656,5.0864979034859426,2.287082280993988,12.415022751408678
6.416934306726899,8.21088910219266,2.233526827438941,8.848766030875263
6.241803923865218,7.945012956796712,2.450947472483506,9.854826582003167
7.732658614865789,9.275775660215492,4.9986252358253545,2.6501176862652334
8.305928092811238,5.798805979321362,4.111773211309703,2.770494348185819
6.9083074659835235,1.9005820440987997,4.899961861074788,0.4272049887760623
2.1528617172958002,6.298200769024144,3.772444238188229,0.630146604625254
4.044407553950485,8.005560529178904,2.625082806589137,4.668856640344521
9.352752762934447,1.8399530824284376,2.5589767345078998,2.125477993556497
3.0215405065946674,2.553916609878308,2.9543245799001805,1.048197834143025
4.34950321453762,1.110615950401038,2.6674791334577495,0.6407288407250662
4.888691946497763,6.342873215021293,4.313304984370983,1.7695692625837045
4.95464490725007,8.98060952751314,2.8600080521067714,6.927627741374519
6.5164562424507295,7.035969844018895,2.182457440843384,6.76647899885878
9.487682539702368,9.838360788318838,4.099441074786608,4.749398110824439
3.1662344064925447,1.5673028724978542,4.417681637525579,0.26347596037488763
2.0935123867082623,9.127009766363466,2.6817158245618056,2.822991093807174
2.777234408739436,8.326614586480126,3.671234287622128,2.0944286279206406
8.982324101883425,3.8281736844955443,1.235218135553219,26.445419155910553
6.812297313896854,9.761738966535265,3.1178594078858666,6.973434117006711
3.573161103152441,3.5914397335427353,1.1799245509820322,9.776816585365598
8.343522450717554,9.003742514453966,1.1167633619778723,64.22365995106718
8.752329967270924,8.926737193667705,3.451699402090956,4.630102274103767
8.618629048212503,7.818918549426752,2.2133415295799486,13.325652293366971
9.27033880275599,6.071234264315667,3.9701486498218617,3.7481938417234177
3.270169181560254,2.0800247465519925,4.584330242530369,0.35334120771090505
7.795377358716505,5.787745610468484,1.5575646949214028,15.159323942695584
5.14485547546726,4.211166300894411,3.8980913543156954,1.0640212789798376
8.577986976010553,8.129953298398165,3.058079993153373,7.107408047172818
7.5564160944545185,7.823162858471604,1.4484770006507954,39.26211182042972
7.9880270184975215,9.195512566353447,3.606370425922899,4.72236176537082
6.905456539129643,1.133471461885371,3.4378672124258913,0.8177421124102466
2.596858925227362,8.281928951407416,3.06256746960313,3.019792699459717
5.905242270072445,9.446158478122019,4.705884818238632,2.541801817393358
9.862027655720574,8.103704041973351,3.084318784416066,7.258724268252907
9.43649259847407,2.1717501388333003,4.96206046180085,0.9176987323402804
1.388563622173105,1.7315119435679898,3.036915255392444,0.2708573745905072
2.483333341564934,1.1876071582693073,1.4634081532054704,1.1405155381123908
2.1855589610910573,6.658707032452639,2.8818850043001216,1.5213833093580038
7.53381918986766,6.667053866738986,1.729315050220285,18.31945658503911
8.360067968712507,9.882223427963911,3.388533940869709,8.538417322057144
2.9216022967960473,4.582388566936862,3.7725287007744046,0.8799636886123119
5.552674236566461,3.9871565640774707,2.8737411148283747,2.6437685744068946
8.5663272521008,6.619824344659532,1.390811870732593,33.23633384674563
7.595213902896255,8.430478052568345,2.8745655943342117,7.48171607567042
5.880134849426635,9.430965545707016,1.3258168589376016,29.65967642248085
6.313129214128956,8.228117495611347,3.728503822026136,3.1721140849692144
5.57524492224652,4.840065825542243,4.16147289946035,1.317394125464214
3.677936061869385,6.714228117808577,4.849521308908156,1.6105144195667953
6.085197935731145,8.706693940445053,1.5952084285138257,20.003587015167998
7.199967718450816,5.415487194805655,3.1296813421332166,5.067575454398945
8.859906242747268,2.9501797933485343,3.2701494701416745,3.2674459105680924
6.726622185813232,2.5275109577308568,4.689906135123919,0.744587809017831
7.850093833388422,1.0014197012025106,3.509106562386057,0.68544898914967
2.4406447145911567,7.464141954831558,1.5820385825812844,7.427822036327691
5.154017269778109,1.9998748796139145,2.745405295852757,0.9265861030829976
1.0839845784438396,3.1945518972634637,3.619050114025002,0.18232428104438397
3.220109780694607,3.68088698370514,3.8011377282771894,0.8283584016432953
7.5381554360170435,6.043418741230915,4.452295994362294,2.102853505451864
9.926289562144271,4.581615495661923,1.7220284793775886,21.13847918081789
1.8926028962849433,7.072065928208456,4.806168587021993,0.5520231807102965
4.613448842751595,1.5007479339583245,1.236557648062369,6.294736795750127
8.200638718292435,2.115452748379955,4.935048538275608,0.6444410085200218
2.8363207116600897,5.4929035317994,4.431068371465634,1.0969497246074988
5.995764543720576,4.032683090621468,3.641091131048685,2.0085157907987146
7.597641664267073,3.6623202647622373,3.9399820010576865,1.9943826794656125
6.543869052341611,1.6032527113377046,1.2907680236751857,5.652568993115936
2.692222611538745,9.061472572732013,1.1659194515778095,20.016901068083868
4.198461118171655,7.226367275125456,1.4070631862054621,20.51233925042247
8.054126060368574,2.0945634113768445,1.3494392586565511,8.995802558957685
5.98803862718815,1.5854136196342656,3.1895249338777405,0.8698558689974508
1.0470665218862147,9.773852800881187,1.8617759484471565,2.8067565440697786
7.848916840252844,7.130552953955544,4.440822548826906,3.7575208997908662
1.3178021944621516,4.757104639843673,2.7829944922722887,0.9478752473084991
7.711604044581089,7.315579366802064,3.7820419058330996,5.085975289096416
2.8223250414871366,7.806986078321431,3.6114923718806393,1.7953029328452332
9.622661321074421,8.019659821499014,2.2794121557188403,14.969500354627664
4.31146676171876,5.300895750877519,1.9726702941029162,6.371042351132728
3.942384547042712,4.868944823123632,2.3698251411865408,4.149456929854377
2.339992452992002,1.099252758420103,4.1866334953993505,0.13949837193275347
3.750437939411934,9.339014036276541,3.345107393678474,3.9869620293477737
8.889856856453804,6.4297709055004875,2.0141546500767014,15.120689333508814
9.967009038645227,2.828385434709713,4.271385772241721,0.8015290165321495
4.314785774561635,9.27643077479293,1.219037544441227,31.693576591169716
5.037495678590883,9.234387115932668,3.7967334999611815,2.4058741179358956
7.498638443824634,9.902657479294863,2.7564032229972435,11.452886921735278
8.97576202418567,8.86650906825081,3.925161544263553,6.096809890266271
6.337399007681057,9.980059490380583,4.709845120973707,3.0393406802685314
4.523731283600464,3.2021756931094534,4.000136391787615,1.0037384850664064
4.713596567637614,8.580246266793107,2.7678614212455295,6.439362957819407
7.260563318471262,8.407254779161882,1.603902726055523,21.3763106488977
1.0289643724385082,3.0784632329866035,4.225403903221735,0.20557182172578473
6.576304037138566,1.885937941008917,2.8428221076854863,1.8916192209216107
4.199437093972216,9.814784623098397,1.3012492938285192,32.91037555606732
8.147775981493758,3.6642209636854934,3.876221591107464,1.5475831372729085
1.8369157584081894,8.838026114210255,2.1674078636663587,3.7382758971322305
6.2938204025355144,1.037144392071435,1.195552918020741,3.6886479388167466
5.328756008975113,1.1892232649764198,4.611004059896311,0.23821119808191277
6.780929733147047,5.192841778267315,2.9324043683756402,4.388970098227557
1.5836823503467152,3.148432155415572,2.1238442126920862,1.12251783395547
6.219854086853181,7.208571550923678,3.8655462315396463,3.6877345653846993
6.053361291635714,6.090078930111589,4.5436095107302545,1.662101055974879
6.045940849745539,1.697372177054423,1.001228300135022,9.96258980529843
6.431388999368093,2.4636546668414536,3.751408740168615,1.1735157745854035
7.08821143503726,4.492443430525729,4.068046776073686,1.5925234973983573
8.244900997126928,2.6704365755988984,1.839709709117972,5.564565588640912
3.428386481153929,8.130001125195356,2.9584953256406976,3.895319485164589
8.425444691620559,4.744632119979521,1.3571435956717433,19.321273584901512
5.484301140371082,1.8408868015824935,3.9869995300613903,0.7853233008550936
1.6935245122089806,5.359086120449124,4.38982407425341,0.5281688130820998
1.5269583631958128,1.8175436295527274,1.4327466292986424,0.9335402104121111
4.008144868264547,2.1604357487783545,4.265841013731339,0.5263326365941845
8.064072794003208,3.1564884882538475,4.086280681938135,1.6837065201988208
7.369128412668242,8.735749347227408,2.387653281483589,12.24722363365182
8.09753468205166,9.321512790996747,3.761158119734333,5.18435294048323
5.655421507974484,8.436319563988622,1.000192495577247,38.72573163441803
4.961790981599415,4.006694956760625,4.727190617863995,1.1291798997687426
2.3270727403565554,3.452017969979485,3.2015329412334914,0.7678088417329623
3.953734782483804,5.9424012171121525,3.481355456247998,1.596029018759135
4.9061742955648775,7.496678444798011,3.6586376541563945,2.9991231868535597
1.797403867116555,9.940355093441573,3.245476068873467,1.444264846473556
2.985507574400901,2.184136406910336,4.427055550157853,0.2695572446025794
6.384027646573649,1.4436279912142398,3.4388073286061758,0.720828115242348
7.620968028152708,7.249203000957439,4.63103996496189,2.23317413823962
9.985127602536547,8.490032051535149,3.3293264889360357,6.252667328286388
9.39801998209202,8.617139018797808,1.6844896879222664,33.14366849208838
6.783086795816724,7.106171941694446,4.654250223357211,2.1745149213823285
4.791232479646649,9.586142237072684,3.726509993439107,4.135756332039502
6.725596282374094,5.599042871901283,3.7969559777422246,2.165605698964616
8.070864562722088,9.224333185025912,4.941927002286407,1.9950966488031079
2.065025718310486,9.710309232923708,1.3007862168383166,12.203381534335074
4.689144007266594,8.62441711302797,2.7143704283806853,7.5263526239637315
8.558220570720554,3.7878270693275855,1.9563815719464608,9.369126699382605
4.4544965673973955,2.765940860532657,3.5217058588546286,1.6322726518778659
6.146850441044679,5.9330805848363655,4.2272467349922875,2.176419711536273
6.289924247759784,5.077132753421696,4.865242835569651,1.4126916600810588
2.6602862782027543,8.899825079734597,2.8183844278188803,1.6957674100298863
4.260118974870595,1.9002850396043836,4.144872922570417,0.5115447908806723
4.01060159867739,3.3196605518036675,4.668206368161519,0.631555787426971
1.235770376788583,7.766190500668377,3.733301730143539,0.6324792020785429
1.217725875022197,1.854879804795809,1.9709302097990848,0.5655575804319244
8.485273393081961,3.8868797261953016,3.4314166044311656,2.7628941846609494
3.457637289755312,4.484398546485848,4.879808191268746,0.6277136177483171
5.662708896149339,6.60334416906421,4.950215315446261,2.1637085515866428
3.6885301622989575,2.423193811474281,3.5694392948671125,0.6494887165036414
9.466113206038065,8.745440413147385,4.5479510314879565,4.1379449150086325
3.3336708297919637,5.027880119196468,1.8013974553944112,4.74796929596737
4.866911314650416,9.253195406925009,1.9843144198088671,13.229388113687289
8.854572254361416,5.210829222705384,4.811550451539439,2.0634439452277373
8.577402101126278,3.4753623304666004,1.5409415019792316,11.85123957792787
2.674912760616496,2.276459458189074,1.7644257523739157,1.2025444951402866
8.223789788161394,1.0337058524015634,2.682194396480207,1.2391499333370082
5.123681980641034,5.789417364863521,3.3583371510134015,2.4672349668577884
5.346719848768197,1.964410272342311,3.4152688758730867,0.8895321527692766
2.201319751743494,4.525549872680604,2.1679040346622576,1.6184086981073547
1.7254136238141218,6.30344585113378,4.682455591801393,0.6382436624557719
7.551453762763886,3.4811730721243026,4.660399630431451,1.4177381977571193
5.468150371197698,2.5770186312950374,2.56827221220949,2.7476698733832343
4.931656323536616,7.9724946034840745,2.7371670777211885,6.451729771066696
7.5655740578715704,9.521120550534585,3.809988467295647,5.550146274664847
7.889616090919988,1.903963760757694,3.651983585595603,0.8689951068018049
2.430173509024182,2.4003129194650707,2.5291880598438494,1.2480845464136017
6.492026345298772,9.640113915274467,2.6569770060840137,7.220437670409671
2.2181867404991698,1.3400579963102164,2.392155773686156,0.49156403987654174
7.762375774261411,9.79869102895425,1.9415400278132315,23.030345928343557
6.912596406404256,1.041800347764899,2.8325534516965587,1.0333823823238493
9.609531589751121,8.863017900861982,3.7457365276101617,6.7650178523631235
1.6206221472077906,3.765926628889746,3.967866821257172,0.35661535642721864
1.5134924903612887,9.44729972359567,4.1154945930238505,0.7417231801696942
3.539683672238801,3.852507597720269,2.498928053812486,3.2906884082771892
3.355351153623154,6.888756893806504,4.058543977139895,1.3922270361567413
3.2228091916479986,1.72029312789343,1.026065262767501,5.095695398943542
9.15629122468933,3.180968303083651,2.908199750867529,2.9522801965926933
3.245915798645555,7.963114118313257,4.175617600530764,1.554987642454728
3.447547535157679,5.758172683109377,3.5201788825654132,1.6654578930734656
7.8345843617616735,9.351721556083403,2.8962524966180307,8.70608702415784
5.04765858205486,4.858762675072189,3.5785680264253967,2.061335746516375
7.990395012596631,8.828311292325306,4.627784012594656,4.455573611781084
1.588295418079467,5.0405989373041376,3.2655272024408295,0.6614203105185225
5.388140743060458,9.813234508317867,4.199144765840424,3.0245139347657464
1.3025224016495436,9.638509432589892,4.92297090090079,0.4508940931049082
1.5638788310981906,3.962230350004723,3.822272808302267,0.4491285661541413
9.157937080099698,8.973313033751229,3.293303055556254,6.715383476625496
2.2532083400583565,8.628502367940843,1.149943788501361,13.157203459771216
5.791786140476954,2.8961235759480655,2.49791159301835,1.903562787925089
4.699860423406359,6.6186136070494275,3.2617709340604732,2.9809686979177976
4.126089936329584,1.6541408403083337,4.1888262868241295,0.4224135812441582
9.098500111185452,8.530396485251154,2.752419158590305,14.05704855937727
1.1964105709794055,2.5709129515314686,4.840233103059093,0.14361932393130777
6.9741071755803015,1.6373323124718806,2.0871750104946996,2.3854991083969277
9.670549907921954,4.601971859849301,3.978268780841266,2.047276739355864
6.041513651156578,6.192299247396791,2.67612566833651,3.9478313582494646
9.431402158297827,8.69425262703794,2.9439539782636235,7.009564471428835
1.470320913574214,9.768182729695628,4.210008135461761,1.1146919403416033
4.769139871667452,4.955432613128773,2.184861046606822,5.235761667976646
3.3414201186584602,1.544022306867432,1.3872482263805725,2.3683016275928175
7.577388684826568,7.742040211232836,3.0810223384537085,4.993576946149833
9.83167381447522,6.086559306015437,3.115178447214995,5.110600123730272
3.30877056199823,5.0310221036001685,4.188671088901495,0.8331710672543213
6.88757141326667,3.783419909129707,4.873276824928407,1.3861114823835468
2.7828786948376614,5.521586750591821,1.2212027453133936,10.241744988305213
6.087972291144489,4.0481164401132785,3.3667578949724355,1.5447922305536368
5.175392380195026,7.813106809726243,3.7251141212591996,4.260519298800706
9.748047966683833,5.89504326843377,4.943205402994087,1.8154592733921946
6.476745454268199,8.891629967387008,4.770360857107646,2.2316293305191763
4.145557348781369,5.891895231844979,3.84980305884791,2.0798413542258207
2.0268620639914,3.1443617200593703,3.0871576449778635,0.7242350476162448
2.361221458614411,8.6598269400893,1.646095689197045,6.837090979656798
3.0278523695611157,6.014971404370395,2.5367062208176696,2.133250058734026
3.258699952062682,2.861569343292051,3.3404893002286173,0.6740933855678864
8.65554452057024,6.611570289605999,3.900801586383015,3.0790482531315715
6.051005094542724,4.219450884481848,3.541598229916449,2.0384272472615006
5.710518202369298,8.599650510628592,3.856491207310965,3.4281342995772803
2.0329198468229572,5.079697647818885,2.7166100182075907,1.3576746597417293
8.741257240144915,7.537972222966751,3.910509162284036,4.27506106760986
7.5053287288763535,1.8598258687261344,1.5749650240788768,4.444754167120488
1.6090152571000143,4.564219116721116,1.6503452470524542,2.8544345633541393
7.370515875067918,9.849172928251589,1.6513285833178513,33.43922137241766
5.8918439560838145,8.276142605294336,4.563459828143104,2.265246794681816
1.7355281117210044,2.439467221302358,1.304136253234538,2.3985658757266592
5.124705773757908,3.4998764452952957,4.206033490933903,1.0306860341507962
5.362266584170423,3.9683422797072496,1.9342835921869486,6.9593910410715765
2.4919708614694818,6.853290044459011,2.8737197619810027,1.6979531575735256
9.51128332300254,7.8129528354069,4.663826381862712,4.40774368108008
8.649778343325957,7.745739479271188,3.343748918750027,6.49722270596001
7.021201035961975,5.5888665067576255,1.8404707449294344,11.650950669572472
5.160660049005465,8.297384840543362,2.1363602412752285,11.658577258917497
4.705889874260577,4.933702744817276,4.681786495583143,0.8088172202367039
6.858761204358587,2.1149250876600574,2.7085757004399134,2.1836784840844516
5.908886824662149,6.07997657488432,3.3479419320271577,3.4810184722860544
1.5604579529369706,9.57071246140996,2.839728786501555,1.50551309252184
5.612523838932985,8.136942862532603,2.5137523521937983,7.893104951712275
8.257632555095554,6.208305829230182,1.8931165077296077,15.115052668458013
5.133158898372622,6.821250943141872,3.7447660019384084,2.4076318629701516
1.4676091979884158,9.375058243320154,3.8729681050884817,1.0755557683225325
8.076503794456297,4.855085149914644,2.099540366429598,7.8783179623144415
2.8122740392237695,3.9825472504837363,4.1560433722193215,0.6834795363407375
3.327587513992349,9.79517408500404,4.418140801206718,1.6258190499840863
2.482357180890663,8.770988201593001,4.682700384958522,0.8708626712946951
3.971935583843478,3.9073922615674217,1.6448496556734797,6.313311236722513
7.810763551197716,5.174025376248306,2.2156947344530655,7.889926318847082
5.674472735535436,4.735703161070191,4.441413390014782,0.9609532305739221
2.843931467356413,2.341861108042905,1.794160811311576,1.3237098156460556
8.900470703368367,9.620373914319332,1.0138738369739815,96.443941538542
8.916236694563763,4.638811880977829,4.483309241006538,1.5554061084119626
8.835205825414063,8.87796174374117,2.3057977670054774,15.577609049743174
3.1491659024338534,2.7042060491259856,2.6579901005558,1.2186405490599796
5.061154097628893,5.930837295734978,2.785336102882552,3.5839260335365517
9.864906905267876,1.2156524661184283,4.3930984026689135,0.8645534851163265
7.948112286789914,7.877984354580777,2.3515685783738416,11.729952000300953
1.2445067910300383,6.228225084216505,4.569119543425927,0.42738537295121837
1.5868413213444286,6.630306251227774,3.467756552192192,0.92476156721384
5.175382391310995,1.465487942991881,3.109146896134737,0.7482563358378664
9.182981852754041,2.8993449718775386,2.3024580285098497,5.00309757325932
5.848316181574428,1.6689778511822215,1.9748467851247433,3.232802237614326
5.480312572308612,3.600228842234306,3.4962337711093947,1.9653805770137323
1.9492632996096753,6.646951069139359,2.7875766402263045,2.3183460739897
6.911020942518647,6.095673858856377,4.642064039728025,2.0416381529592376
8.39892844540203,6.509348394520512,2.966554864456199,5.122790411427338
4.423780067568061,5.943261442401049,3.0471796668047646,2.582068984217794
7.980506658327947,3.4572591610827343,2.666893124544003,2.9577355004542394
9.680289885107305,3.200567476099827,4.15705198796514,2.0678913147000824
2.833898132149202,2.2335371518292315,2.6993567924370816,0.766879961369623
5.709966680752672,8.64163787413143,2.0773679989990197,4.447145768557832
3.58424162276118,6.5483142268712005,4.4481234971740395,1.7707681111930458
8.135689771304554,2.678599112536538,3.387312885460961,1.6825433302736836
6.198340292930418,2.594884418391156,3.366040879076007,1.2558615441613292
6.711241757952734,8.85732041373523,3.443288828655706,6.689891725984708
8.181227436543047,7.684577773869874,3.875358992822667,3.1745642596269237
4.563734253962094,6.934591719148343,2.2522719572502674,7.656985296620163
9.23581061566339,4.661776967853698,1.1353774833320114,29.475849848574434
5.797259805215259,3.357780078506658,4.242372643508038,0.7952195515430331
2.421593405518132,9.815056868015414,1.5156202155265497,13.876774560867497
7.263092063519222,8.175156175205203,3.8872789488421766,4.654842929078289
8.13935215394429,3.716013008226488,1.329261193149315,20.267406917167435
3.85085509360774,8.628083166506453,2.5012313681139684,5.701359157326351
8.714613312988778,7.8303875375321335,1.252104279326153,48.74148138633884
9.155289292891897,3.6737249489019854,3.0888547185108983,2.656479207186841
3.4921403864002802,4.838975688174758,3.6125430911263003,1.3237526476689265
9.851693254436999,2.67358100851924,1.6857325647127532,7.547154767024387
2.266403752438826,1.9994719994029841,2.4865104737536083,0.5293423720521223
2.81814101562241,7.504858295557271,4.720957964172214,1.02694866375461
2.658023553142235,3.4076067161848,2.769556468429827,1.4543471000469377
9.045907390070834,8.380534291716282,4.210174275906226,3.9489248919944724
6.8886329709246565,9.960478403629835,4.708738980240836,2.9633774957485515
2.3689385490004558,1.689578325366838,4.897383299909146,0.1288929777351821
4.962910765315141,5.257316125753302,4.593288078765477,1.2384532350988078
6.5376822256282185,8.218563033797228,2.2696213166358765,12.016309668092328
1.7511767649044496,8.100558068871102,4.850291544644772,0.6984452588124002
8.94174731566605,7.839974424978716,4.249580966984188,4.305168627246828
8.232431818973817,4.140954417717198,4.3487023345579505,1.57967906924126
5.5468609621897444,5.084679301165471,1.060691936687339,21.80914704634433
9.704139537332534,6.354715216073232,4.816955453273175,3.0805028333408297
4.759848813475897,9.765465252159315,4.112360895394962,3.1949140373466185
9.85699287132848,3.947925438446436,4.0718699860316,2.266330728412343
7.011279989232643,9.308294989451719,1.326098923714345,33.948878879295044
6.712041459285473,3.424212263624447,1.930274164293325,7.608493213060008
2.493594057662065,9.901670189263342,4.849046660551597,0.9744829962328839
8.937349824741796,7.0323731814483255,3.002708299221905,8.01078124647941
4.847407191285536,5.171603323226958,2.5914320729490243,3.6308083038138723
2.460100652042314,6.520513852572444,4.359763268587654,0.6671249052547381
1.1134676797818313,3.452780521361861,1.3493616564557773,2.7923715245498038
6.037801152745443,3.4675647176031994,2.6677680650842373,3.012399860908903
5.746596599104087,2.0219908945914447,2.5028030976883344,1.591286962320621
7.474182601322427,2.026452679348589,2.399405548121571,1.8990356406003936
9.01232247716022,4.129045673220202,2.2307689746122925,5.548569501520314
1.7146592617872658,7.865699301067345,1.8402998271603122,3.6853251374025113
7.583468413063261,6.471740508383462,1.6916432119620888,23.753592018094604
2.68670749687824,1.9232610429791874,3.5616244676786963,0.3597131645544234
8.723593478414475,8.670128724783199,4.677579364834713,4.457557343216991
8.371571624754905,6.412308642910598,3.035406580999526,5.673858778054116
5.867143794869899,9.647700191063018,2.191898209386577,8.998545538804809
7.392185187609804,7.031669206700868,1.6366407908889054,17.568907540804744
3.8291510186537354,2.5765737733376293,4.320573460210377,0.3931152339096976
5.240511090395332,5.2640502607704,4.885968225892855,0.9577351868838906
8.394732079394245,6.836478377924838,2.3966216058714074,8.221692359128811
5.133386774558925,1.2543823094497992,2.1638017022085156,0.8516427451719503
4.220184387928976,1.134192377393271,3.4059718118997653,0.537444381640627
5.447912025252699,2.164627005387111,4.1013159238137025,0.7306665030530579
8.454243271934965,3.2649799154092367,2.8216112141986573,2.9911832302430112
4.016872426337855,4.8659421116860795,3.520292599443797,1.6471917826640186
2.5638543382216943,5.386964263838095,3.8661962720931675,0.7695991041709849
7.408126182977027,2.242248480441071,4.842369151424717,0.32996224533355983
8.433803914372735,7.060524212042477,1.6601493220803336,34.381804300004966
1.9057373067118,6.365242555268813,4.989529975301478,0.5057345121190285
3.1588670148035023,3.650176889570442,2.568626620964915,1.5417326338683794
2.277747907848945,1.1229389509176282,3.892800570906215,0.10350270616885468
4.131472704239499,1.6988312381796167,3.289657511891989,0.45475460580849036
5.053158810148714,4.525252979597555,2.9466744680353605,3.5049868149946497
7.739437032669758,2.3857691604911553,3.792301474926346,1.6695711744989867
6.860328263935067,4.391376455331738,2.5830154008943804,5.195557760121589
6.588357107305881,6.653643440593196,1.5044399253472256,15.048713049304332
4.171374519486889,5.925136850913551,2.955573532484959,3.6838613899353403
8.57302797776284,3.080582948236548,3.0876634827292744,3.0193704492156956
5.241584506583481,4.0944024213287715,1.8076086135997569,7.428499795420187
9.81194444213639,6.526280786037855,4.742477425314629,3.101212710673543
6.707279244661631,8.747695252391038,1.909902586585165,11.23693253772361
2.1363826740805245,7.778920948649895,2.636910376336391,1.8173199312223776
7.085598058678906,5.980600241500735,1.6197187473788932,14.504317665607255
3.925936138885291,4.260636984848376,3.1431865847477765,1.9110265268030366
7.1769447701748765,4.285461497876248,2.2305504324003587,4.47507000524571
1.6267703334616517,8.914755792379564,2.957090079904336,1.6003048356435075
2.5739329345836346,1.3531921843649175,1.8984676658328077,0.9322506966668008
8.701635330152076,9.891843799782349,1.215100511794863,67.54103782955896
3.044616013211634,6.97937869766406,4.116906604329021,1.4229118149172504
8.53337012718646,7.130239291651515,3.5643451358386335,3.8215846787735006
3.5134847960896938,1.3419805357426795,2.3629574228440515,1.0887772237893834
6.785937190528369,6.44976347402145,1.189976898729289,23.717625754537202
7.247355161588479,5.363002540814023,4.462300250788484,2.3783563697676726
5.613892778305477,1.9520101620466028,1.6791800197427174,3.458816619042198
3.7477960902705814,3.5012980969242316,4.722968873125712,0.607553989061474
2.913799387339865,9.01283010592286,2.914381514383834,3.2316653672795455
1.298704191061836,5.949895742793577,2.361546839633935,1.440350861717619
3.7355176111665145,4.720749176565178,3.9670379075638555,1.2717054955520293
6.878465114781547,1.6541394025672984,4.507357624300743,0.6038873800438538
9.444743366036343,7.42709374662075,2.482854254582843,13.162504950794702
8.840840340367468,7.325657410564293,2.629375008680749,10.23823397967106
7.8945829888177235,6.526392462753072,2.7326328773887893,5.154941492597681
8.096026089279688,5.592363815985843,4.689292245914676,2.1700851209314815
6.984864131283957,4.904059619866354,3.7702559660573307,2.1379931142283115
3.342581718094027,6.3394398368919305,1.9905844681826221,4.161344061473459
9.16475527635247,3.10055906555566,1.7399987900079177,8.841555036940854
7.036590807152506,9.471331577598828,1.9214706536992643,18.712713612529278
6.04396567882396,6.299150762622066,2.0542555567420697,9.472344120246634
1.9989052229213295,3.800731999189389,1.920733965336006,2.4942653532085766
5.023499894257829,5.047118657966416,3.6340257887695846,2.4218543127523264
5.143224440817336,8.25116309989203,1.4637340426300254,21.13951280441979
8.78107248570403,2.454544546572677,2.549433958831843,3.6590833404447998
5.919833981690096,3.6355206021423436,3.500214291881466,1.7901416409719062
4.423604940733687,7.115572204628998,2.1634398957717234,7.7569933954785295
9.791202956595933,3.839402858340015,1.2610975388066321,25.939786521886496
1.9964853399368412,8.132515136753193,1.3272956913838732,9.115843991046706
4.802935854807501,2.1740813845962474,1.5038671052187453,6.604198328938277
1.3782220765426476,7.864175534091476,4.343372099472621,0.511776871686253
7.659137086902373,1.615165433655096,3.631454022419879,1.2109479020535414
9.262688969792356,1.113333514007453,1.2580896443905791,4.750627245400289
3.5203359659544047,9.08401166948946,2.5642755166056794,5.654690020783181
8.725075091192089,6.232052952390688,2.1143406913882625,15.657944637980133
3.62996407415708,4.166442073781303,3.312160446515201,0.8527546500134121
9.196931454795237,3.0933517326746536,3.0912237986892537,3.059960314852767
7.785657132371055,6.551972049347345,2.9244960934788597,6.817778887501333
8.244160991572947,5.581019651830644,2.2580494814904526,9.478613398215254
1.1620590004040905,9.924379979769867,1.551199088175963,5.155370319866229
9.665293213666233,9.848943879883713,3.969505531490552,6.205914017953729
7.540038928632909,6.715221095274487,4.519427075370618,1.936430065044312
3.7427598584751998,4.985834554953015,4.776603636931269,1.205240498521479
8.464551983729622,5.420268722211959,1.2344758824543218,27.07450415758437
3.5336907857343696,7.142311596131758,3.9596348463555318,1.7495226851031331
8.85478455609515,1.9141708981184324,3.90601383762785,0.9672212086214882
2.013223513707433,3.9551686642964636,4.788438456582357,0.1892030324337875
7.333173797147162,1.6774501690324346,2.0116583779910617,2.477665458878747
5.866286289804193,1.6602468356522762,3.9687161531806256,0.4393259696845983
1.8688102317589674,2.7625531770481038,1.2185051550659383,4.236236203826241
3.177044454329551,5.367279291339042,3.5249828830464764,1.2057789790374451
1.111636326495833,8.062968890465104,2.403391296208719,1.392160055420861
5.218911689180553,5.369463020492853,4.075637758189901,1.327908782074007
3.711387346840003,4.019289495047827,4.453217145741574,0.7663546201315814
6.38521735867983,1.7411769130308232,2.459284168870065,1.5748316350065812
3.675140269377555,5.9526597086481665,3.1023443707972023,2.724159156836378
3.699272003562862,3.441417278348591,1.4696162494543996,6.25055599366099
7.6887387885844305,6.534407601254327,2.6676278608939064,6.252670358223786
1.4332855238051811,9.794689652191765,2.443201573036677,2.7517435580005634
9.126054956727884,2.0018288932979513,1.7324938391380709,6.0961520867959695
8.670374869520632,2.909128588497459,4.577914499067104,1.208728142718849
7.0102421490376585,5.257850842894372,1.592351352160641,10.284267426764842
6.338994130966459,9.717524338113366,3.5429574301207487,4.83754862012762
9.03072248325687,7.94628798642996,4.56057057391955,3.6721138769727517
2.66797161575843,9.084062738465471,4.647874319452903,1.4211205853485456
1.7107224597174575,4.003433636282136,4.172958799362274,0.334156086180102
3.155591529185843,9.92834626400735,1.7045645354967065,15.69565083008009
8.151204508301714,1.9254953445774166,4.269725636855479,0.9568071786993827
1.31203240053835,1.4767561544149075,2.1062592496624983,0.3040271219601687
6.245261515751407,8.700423643486253,4.689592109730036,2.0530579297529536
9.95893764572179,9.345383831862875,3.8363467256953983,8.12095422879334
8.701264844537855,1.8152682179149158,4.1410702440355465,1.1501044068051403
5.693011201392305,2.0208468407125735,1.3401298140077489,6.429103879394675
1.572768183579781,1.2985674198019643,3.3310604537741777,0.18958085300417904
8.482361629471388,1.9405680637845169,4.284568507594718,0.6878139460738142
6.390806573594895,2.884778351202528,4.446361411089997,1.1789755725655766
2.0343969735361016,9.730689570190009,1.114526818934566,12.788346766851443
1.844715563410206,7.010742000157124,4.756636930220477,0.6681726039277149
9.186641374929332,8.00697722966688,1.173354933209919,67.87501381343003
7.022802366442706,7.985254633223699,3.4580747186993994,4.734707943121911
8.4635811938508,5.815663748012931,3.7735501104612483,4.125567891019369
8.910810102540406,8.177400799417155,1.4293811646716392,48.84355437129742
6.1459511684349,6.362267791509726,1.1920474624367707,28.992598731884
5.657017165795372,3.8309148784302183,4.139648617802917,1.2202903793276436
4.873846692888912,6.0499909789156066,2.538682499189736,4.514024150224286
3.8525192901200738,5.801577275210621,1.4284500612604947,9.326005327949092
4.911363647728406,8.411077483833886,4.050671265550568,2.1321770560058977
7.964916901571407,9.835544956434932,4.396652280574482,4.411196769591969
6.417310879136184,4.699383088788375,3.3495447630352295,2.5998192214334765
9.032709609593615,7.870516105972237,1.6449472337385824,27.994738240830532
4.99042012941269,1.897867036343202,1.0608898859659632,5.9075483669910565
6.463806208468786,7.991482325034597,3.8032099252077756,3.505055211494516
6.681767977827898,4.342752207939089,3.200558699301267,3.416336513901881
6.32527446075693,1.35451146600718,3.603188566880318,0.512236110120756
7.323703957769647,4.269215607059595,4.252738680798383,1.7345010756158528
3.1369012153732565,6.495784758294803,2.7369111079718884,1.7112587290521761
5.611273997912116,2.073251509133199,1.4980618753344817,3.8303996895159225
1.938023225275129,9.316310431872292,4.759933141563305,0.9256194436554062
4.460601948803313,1.6990517194555472,3.181048508987429,0.7026330806592528
5.38900361759138,9.370060478498496,3.461176476354161,5.7510842758108005
6.870018335909252,7.364237661421178,4.733645718207004,2.453123275297964
9.55477947327583,3.9674095787278327,4.726334625241051,1.8770709000946395
6.405859598935203,4.516753129381839,3.2883784269126943,2.0996447897288544
7.692345245589038,7.667284282594697,2.1904456988857044,11.345591309354917
5.556394535456825,6.413239907930866,4.988454536050957,1.2221603534993855
6.706936282386982,7.044786293094507,3.723268359814144,2.682065008788848
1.638389945203961,4.50248154862132,2.633746707568226,1.204664881502978
3.289524227576623,5.390321336268391,3.239347211414359,1.9819600905253483
4.256677838846248,9.90880735634104,2.6633362010721187,6.420641981145488
5.252440195058622,2.9253058344974594,4.55322060918659,0.618389787015492
1.4108387095214536,4.760705678699183,2.9299974994629845,0.8341245146910292
2.2602168779798593,3.626408688165706,4.294113503924988,0.2744679809942675
3.491328770121752,7.886003593958648,4.360705191292016,1.830998878300267
9.743794218109455,7.876113630991487,4.297329350940993,3.0767456085073217
3.9821230639274567,3.6320091489765627,3.888754449902698,0.7420803172844292
5.338369523008743,1.732512849696846,4.419510867230327,0.4844368070500148
2.764879414645536,1.1028940900498365,2.548918318491877,0.48851597131231955
6.497020639681915,4.84705479918237,1.4586528245678414,14.585557002626192
3.5261489396437686,4.693038349021938,4.369816817490058,0.6742075395219127
2.8629332059458408,9.895508907758767,2.992673662749381,3.880236786386243
5.649153656013811,5.228218681279117,1.509504130111404,8.591276129407355
1.0495521924437874,3.3077653261787856,1.4612500887280317,1.143559526252644
1.0689762938430278,9.021064969283206,1.6369695760395708,3.521692314407531
2.9716192819167198,5.419611546882206,4.003893038668423,0.7505956719764748
1.3304922625073903,6.392580716895201,3.8434266938651245,0.7165640466718364
1.9722317871762223,1.861018393853914,1.815274720739533,0.8513736191735484
4.049745844048765,4.446247665967967,4.38769367243918,1.2265515258983564
8.223271116218315,9.498013070264081,2.1251791821129795,20.873838893269536
6.148437790323707,6.305548457578829,4.17194233325979,2.777674762733799
5.614009533607748,4.100516696282155,2.9552236309397677,3.6307620761670085
3.6413994088730948,6.631004625684338,3.9261947301542643,1.5918518570605105
9.385783474895348,9.193699806203044,2.5255506522942635,10.787670736317333
4.573135371134725,3.4659154042533107,2.388562388379104,2.7209354443074463
1.7838349011619434,5.5460504662360695,4.365438395837329,0.460302392150635
6.5535986450602115,9.628215885205798,1.1412090180562786,41.578079142163475
2.0245455412894127,2.551565289686074,4.8989477890300295,0.2217368136287234
4.107008285215229,7.476975330370404,3.5927182330614937,2.2307464469981007
5.56670744846028,6.530329073826842,2.7299335527977684,4.144025108796397
8.868002722166583,7.117076180265713,3.512218124601701,4.8652844440777105
5.441919223061068,4.1609766760081275,1.4909637858359313,11.304626486685304
7.3203288942849785,3.8249143613538843,3.0562098211741904,3.5710923463246127
9.935351550991633,7.157887035295334,4.94038209335919,1.9796219967384006
2.1834020790818345,2.9398895659409083,1.9410777513868274,1.6003347492219728
3.4725837296756756,4.776892703731046,3.8891123961453977,1.0657207988599635
4.551184680378817,2.693571814476262,2.7398855033268026,1.2467947140395008
4.796453606849482,1.0747435701099677,3.6098325939518143,0.38612416743254113
4.699189677389912,9.730516240342626,1.8195489147671018,14.219998486059307
9.168499023008994,4.885326807907772,2.8818599304704096,5.952830231763495
7.426293800201708,9.724146529778427,4.920370855437101,3.0288559779116917
6.471146926816334,2.262911677910435,1.7811486040640383,3.8025565037127196
3.784354460765039,6.286301015117375,3.5457801113950285,2.653610300369916
8.414113457991652,2.8087662951211563,3.3023909950671815,2.5263905151988943
9.5955446033649,8.110667142669472,3.2602063451616132,8.131520861542986
8.390784542952039,8.053326898848777,3.4604931586064684,6.77692549639522
1.0140859467232561,2.013464341353806,3.0089518947529124,0.23655457050794215
6.727612331650663,9.208580075887502,1.067723001030632,68.3221602717592
1.4602184329789065,2.7516668248290217,4.600387245852471,0.19201574650680758
3.318464983003497,6.516796074304243,4.307915309936123,1.1657054117023342
1.5357223031299452,9.870702580789336,1.6966707236844853,5.934814516014561
6.43415907654449,8.941568812897273,2.653092709515476,10.750188452788743
7.179309221433461,9.609075357050521,4.082195922774272,5.39168112359536
2.030388742593146,4.083388940963075,4.920249261549138,0.3830793274615993
4.454549947404815,1.9501807799751703,4.804548185767146,0.4152178567674467
5.106128580599878,2.695121859605051,4.597436798704697,0.7417231396487612
4.321477195848249,5.504454055689524,1.6334955891965586,10.672096617933104
2.0892250043667375,8.1390671044599,4.657900424036019,0.9873305287500809
4.770530111687279,2.351382797654877,4.513779651804318,0.5245148258680699
7.760602430275763,6.937583790346814,2.507799644665558,10.817622804012105
1.639068980799299,3.912198436355607,2.578090378145048,1.030947626782571
1.7216201267371312,4.070818651529382,2.839635687820643,0.9822994107159815
4.192941626523858,6.9572595714213366,3.624702523865668,2.8339724867476823
9.475531404570326,5.202994775798982,2.043342463932063,13.57220907696939
7.017153820506227,8.308299637233945,1.0917937177597787,57.869509427785886
7.108029610053083,2.4032665869654437,1.564918098388969,6.432112712476002
4.257279917540785,8.109534427903347,2.7604636303070946,5.888363243171981
6.342947120876846,1.5781172325167878,2.1280102777048073,2.5180189808754156
1.0911806562496904,2.746484922210445,4.058066244144527,0.18657342261700965
6.72486441768588,6.905347430528488,1.4267602821970855,27.835777778111648
9.21958252818613,8.69433090859964,4.669860902219215,5.578110955690609
6.513161215103373,3.2741166496541414,4.581308719775644,0.7784981156326934
8.863287341197106,3.9447244524602163,4.635027267733152,1.3658407404014228
7.515757499194844,5.8340867345806595,3.9584399944133066,4.301190018098046
2.085025747633212,2.904155258403721,1.4279998859343972,3.2228515647611133
9.122079765572575,8.300406354287551,2.752550285478267,10.375112572480079
1.597994599201974,7.962729805051847,1.525621487221855,5.3407710564933435
5.805707252929874,2.3076254076920346,4.950796771044331,0.6787071922613112
2.279234114141119,5.174467586349689,2.332153693594693,3.300852367434214
1.1053594965781366,7.973449899891593,3.3413221675602482,0.6844052322007403
4.798308341148751,4.035965779930733,4.117572216976887,1.1200979075656108
3.6553663688874063,6.697961404459585,4.682464336902582,1.0383401028018386
5.374004444178427,1.4519180931181546,4.0221909033654395,0.5529889948655402
6.194798980610957,6.478198844763861,3.6980151150649503,3.6520069225845138
1.393651650780526,2.373876820005463,2.8639271281526053,0.5341185501351191
2.1070296561137107,8.475249926030063,3.421600535002096,1.7592326768432245
6.027781568053828,4.199045172224306,1.3766552354113193,20.084775113615038
4.088506178553924,3.5339847645537614,4.5356901678450505,0.6215986810393415
7.562561387945032,8.568000790403364,3.1751092353595416,5.35456228784809
6.8706248373274565,1.4512962076462919,1.1605402017397708,9.5790441994038
8.610439266909161,4.569479194009103,4.67960850263959,1.840827551278999
7.2324354400230275,4.3300318651752825,2.9572078953474747,2.5955970990624917
4.869379696511333,3.563203368245958,4.474356566244007,0.8118842437136912
7.056699601549892,9.205788988013293,4.427551816821428,3.4833128949164585
3.4784305682987666,7.7583555416505,4.263006349828459,1.2930482085167883
3.756821489003914,1.5753084777274489,1.2456120771814243,3.0402958573535073
8.10086643928714,7.432187044914587,1.9882665816968355,14.597527144983639
5.01777564761424,5.745692198159146,4.502191489861723,1.1195200992545513
8.185423064665173,9.107811049614213,4.595964224208375,3.977735300297941
8.401801363014506,3.816510556135226,2.8322754494752242,2.4433122937397305
8.718061038951554,6.167457996486246,2.760165870616809,7.185215124155884
9.249717122570866,5.506797472668874,1.700562535544599,19.443428746418423
4.878866984619666,5.406048156048452,4.873643154764605,1.0903226782616235
3.8698013648902494,5.104948595654914,1.8525539014361727,7.014801754384982
6.2397887193470245,2.8506652797905314,1.7637471374030622,4.150619635506388
4.340551810938648,7.801389302431535,3.6429158805966972,2.193850393399765
6.4096675012020965,5.0620242946535985,1.9713772120017907,7.797653208972087
7.350272763794422,9.62664647502345,4.755086444057559,3.5754847279655007
7.195645166429232,3.3472758447349866,1.0436279812711793,23.080548639319726
4.370975983181092,7.14469455664337,1.0230130492932052,42.631698631480965
2.501741815288775,9.466453716751976,3.019507205742398,2.1789047954990566
4.874764046159868,6.971124907144833,2.952249839653888,2.8111683232122644
2.283347296737179,8.841456168556551,1.653456087603642,10.026559528296243
9.010873316654274,8.447328637813055,2.9780782518811377,6.126434798699393
4.112897146640717,4.241059439401035,2.6466444206799458,2.830371598837939
2.390137725009914,6.401115459455469,4.561318101369475,0.5914221304502353
1.229029839151758,2.4063520583022004,1.037015680867854,1.6119426536211592
6.8124014765783585,5.819732944260396,4.9050792201318085,1.5243099101634212
6.732120857092689,3.073797746329035,3.49757105718337,1.9959023856967242
4.065437499231625,7.69363133457201,1.6073737825811025,9.147936944896236
1.6454069996288592,5.752525797029121,1.187040055244665,7.491371013506728
4.686660054057088,4.701046263684944,3.1524226342369275,2.5552737731676345
3.800957455570542,3.419173865502798,1.9395606638872804,2.5760213224013366
7.094085757615084,9.988286336571582,2.204662148005037,13.914111574964675
6.452013245074213,1.6453946879643941,1.9805286593380544,3.560130000420036
4.28134355377786,1.3920461251517802,3.6006892542900433,0.5195010300910102
2.961032988294911,2.955316604444781,3.2141158484645342,0.8027785844958313
9.892323695400327,9.739652127650377,1.311897694087246,60.630895271326914
5.086014590765034,9.81314351487986,3.1061061327007016,4.464136478496889
7.194468122022133,6.894349612949224,4.1647590622532,3.496600733403767
2.264976708205247,8.920960004857642,1.3247783632812973,14.076404781114663
5.37030729693458,2.9256555775671584,4.55895590492168,0.7742270560193193
1.2478304788251893,9.748378847589612,3.3132265977909165,1.1592471286723764
5.549096061194049,2.285063651256082,4.802497877081267,0.4399534998564292
9.67615666405932,1.9101266936349246,1.5925648708895026,5.316811830220168
4.457860416872202,2.009903853225456,4.974259997413261,0.33483882126818415
1.3509641131742043,6.158151309453082,3.5770914638787072,0.6388153258792237
1.2786021182740916,8.028769606462472,3.2699767979242513,1.1640883784039036
4.4918808395218255,4.300004600871698,3.0611184964483416,2.4415556693475526
2.4402244281687464,9.801063890075138,1.094617492393251,20.69869577567529
1.2101688669536732,4.909781243064965,4.758556766198312,0.32487483201354095
7.805922525551591,2.3540369569589465,3.5759778914167932,1.1658181673027808
5.126707079937016,5.1937007336752306,1.366505937997165,17.331481441226448
3.603202947753891,7.111334488801958,1.0838086811780996,18.365486787768155
9.100748647148327,8.490032024539408,1.2031345569470053,66.61183089517662
2.0452506418047305,5.128914609609336,3.4375830537289627,0.8853292188013533
9.603269460597874,6.342461434442507,3.456061659578341,3.061351478566889
3.8257004563961754,3.40610240942968,2.9986691671257644,1.660764623926235
8.995633050778132,6.8132487376496265,2.227063282611806,14.357969707221681
6.426485888315154,9.873747495553094,3.1269709264585654,5.896859280618025
8.440366237673388,1.4414821532901447,3.0652072835050315,1.1987915850993467
9.856118468894179,8.97877603634651,1.0776622395062625,73.76899720382542
3.5956489403687115,6.060542524907705,2.129876921309992,2.9541561310660267
9.650219368668337,3.2688879360606995,1.212741365868598,11.304627339861236
4.505337054121783,9.594007390083322,4.600619005790621,2.5738153835723736
4.4696071426323005,5.350188727530091,3.9008926511405417,1.3124836576541157
4.063483938290551,3.9852122650604707,4.984460680771649,0.8936507902232251
5.872668466128267,2.63347865443757,2.2086850532211515,4.039192240031788
2.387305388606384,3.200069892309959,4.513943391027642,0.49245341549547716
5.983403368222101,8.495641374322982,3.412217071729927,3.798048924288919
5.875343311690036,6.529690083854493,2.8125016276144197,3.2898395932394013
7.85711631344383,9.219210575394845,1.8902924451545404,15.865429213781734
8.50284965743827,3.0877160694200727,3.9535686611445713,1.5296882882631655
4.963972152811817,2.0902471646401133,4.616562995617199,0.25576524807622486
3.7209992441634436,1.0547877787803102,1.941233592301483,0.9424900979162011
3.33401407585385,5.5707583385439445,1.7015613398944502,6.156103468429699
2.7516145303438475,9.984762373437894,3.784887660019468,1.421364341737824
1.5188282397912238,7.254687419367751,4.907892650902077,0.3622507020832436
4.08203180951242,3.7755513276863146,3.999820404416312,0.9208296390295821
3.4322292291770493,8.891727247235545,2.1383229561905956,7.1500588985957005
9.697756472797666,8.035500393891638,2.6798216965911426,8.917790841898391
6.019379436250396,1.1387364946888532,2.537270541833487,1.1269689911432297
4.125493351274568,8.351744324869202,4.408380072188182,1.8214680738691111
6.224208408943264,3.704740815146464,4.085483115488895,1.3944681343681993
2.2527703121112594,2.3470611812524096,3.3559017390460806,0.4082638932601447
4.996393742819826,3.036977557633671,2.099836441587613,2.523615860076701
6.636108892789575,5.217218239376251,4.751954110888224,2.0534436336962596
5.400080486132063,4.8238113436121,3.6132608990765864,2.2467455628853314
4.616009205888918,3.5999856943680406,4.88190658576713,0.8374992563662438
9.944635500097284,2.549964899863294,3.320468132168123,2.2615126556570972
8.922832859340343,7.860077106779523,4.284771033454456,3.6947778271766074
6.610653623434961,9.910988053614254,4.252421517578107,3.978718952728371
6.124396250640545,8.000124223777213,2.3493151073343683,5.619839875437357
6.585944318421257,3.663432709043871,4.856082891828913,0.7950509542053164
2.8118089704018994,3.2032806527092004,1.087765870390256,6.397632018648696
4.5562396893788675,2.958992884593444,4.074843635069657,0.7381317711665777
1.3551357960180939,2.2302556704013266,4.8622283430561755,0.1053479424241678
5.27991433738144,5.961974947230711,2.3556328131348914,6.05045039887533
5.887221255618969,6.4486033475800975,3.592442351163888,2.9896050810761934
3.0497476249288864,7.349523945968236,3.2488929993768423,2.7150498153345706
9.676259624489624,7.121920338403012,4.046029238706095,6.292390757498595
9.185091498435177,3.630999801550442,4.464711686580209,1.2505278591978295
7.499289119103153,3.972799048571619,3.412178277198192,2.634287580330817
5.800479658888263,7.1336308189810405,4.263618345525828,2.342489516715286
8.829722436829165,4.145028767052655,2.249142303557021,7.2144918869615395
2.1758710944111663,2.913608706573817,1.9143482348192675,1.3545770922100475
8.114588148473965,4.369025383270656,2.7226707581313607,3.9052529553373403
2.1233873257016347,3.448757418201799,3.710946398323133,0.5573363953590568
8.147895962944649,1.7948144909672004,1.7489877957548945,3.8768129156948645
3.481908114262213,8.47125012048988,3.721408768607566,2.197700342244886
8.8938152291637,8.678002502413328,2.576374594288269,11.055633119645014
9.49637884442858,2.977752701501915,4.182301095570528,1.6624524841060415
2.3391637246460406,1.5829497957268157,1.1473432684132132,2.2765226321140526
5.164080445588541,7.649446936160616,3.671930551317578,3.0220438411371715
9.828886403464166,2.9037576327707235,3.5992893465998708,1.8149219173195235
5.35066692375832,4.540919404931742,4.7637419045012575,1.1050794509214845
8.771927702630906,1.5772172701364493,3.853470214256282,1.181300642447019
6.298583699181878,3.0364262628259167,4.185207585693124,1.148863946412926
4.377969171276417,8.136120504966723,4.618364063412674,1.777493533930613
3.5720519997328317,8.239568022236817,3.7002076731679514,2.5010046244137563
2.8290078197747857,2.8637634239893934,2.1606145398398984,1.2483021314452185
7.856183722399275,4.0232246059602055,4.479095198334088,2.117068408003511
4.478864561407251,2.208145771843692,3.9903124779039003,0.4899975461410384
5.60147915980676,1.6675536725643014,2.697750416003574,1.509250372721144
5.430929320010637,9.929545430035684,3.8421166905998483,4.198815645193596
6.195511263098181,6.900345561203553,4.470755508724569,1.7529537961448336
8.79019431062097,5.878868582784869,4.9026085255650855,2.583817084121728
9.826654092250864,7.889486503647696,4.809406015836221,3.685457970634558
4.668257877164352,8.560694437189518,2.301311307056566,10.398266965647665
8.447670298956726,8.260432912402548,2.686774854872727,10.0405431307966
7.8807501518924585,1.1488550436088896,1.438146419909485,4.2824745581064265
6.1617605631001595,2.681271083714486,1.990177148072184,3.741773629094495
9.604424292507398,6.894147719060479,4.529684833947801,2.1019207126112835
2.804270639755625,4.381834130235666,2.443399705117436,1.9272014800356867
1.9833778927865926,9.842343859549963,3.4822106343795243,1.5210488164561446
8.6856577025988,6.9886431337442865,3.663862473228133,4.7588595617787925
4.952348349703735,9.60894017856286,4.127317100573248,1.9984229936685427
8.622719687863544,2.8130183348121442,1.7312001209825238,7.706360949365076
9.037811846758734,8.775613253035207,2.219252538457742,17.95972410480177
1.562118342571643,3.892170752337028,2.7933453658327223,0.8844869132111189
8.951182866874547,9.906083274140261,2.459364244953094,9.207079654715228
5.0348714983248,2.4191980486583256,4.93162093143876,0.5715749007014221
5.59389240103809,5.647058369544939,4.33976321285485,1.5945607065621625
6.639332599838892,8.135600804534096,2.918747018481944,6.105854533243457
9.33744346057078,4.893782325436323,4.517074504345872,1.180452752030793
1.1720448498678762,5.212756541688821,2.390611790333187,1.3883761948025293
5.291591214860354,9.87720215955167,4.143313295561058,3.152216015171037
7.189498381875046,4.82777335271038,1.8947023924258146,6.707182231185332
7.5043626192840565,6.436648905391572,4.089288180905464,3.1052956043618014
7.232791883833972,1.4908569460763563,2.8258136127829134,1.4434117665825477
2.2099161646730967,8.57989072189234,1.4299972839689694,11.539450072454654
3.694560295345131,6.833512440815891,2.093049818222329,5.406040247211981
4.228439728753122,4.636180925765322,2.6090984960942585,2.886690938322456
8.239934869115544,1.1455258595906779,3.9971716466577485,0.5148251958279765
3.508838851730977,6.325019385341535,1.2919308589238034,14.88694704411474
2.8963446748048285,1.1139204563574596,3.6381879803705583,0.20554988981007644
9.617032171342865,1.0108325251811612,3.8640545637313743,0.5347976336853163
1.07976956602122,6.544887059344192,3.615685479703006,0.5332401477667791
9.980387701137804,2.701153606010988,4.042678552670223,1.2451046098771033
7.091391689716561,2.7269879474628578,1.7126744640913532,8.705208853467392
8.456223695042054,6.879444092494693,3.3484134202521494,7.188587552048215
3.6515745671157385,1.4832746914543686,4.764579788815519,0.216945745517013
1.1288374990035397,3.820650053271007,3.443137079218151,0.26290975366155006
7.64082566705377,2.3448871192781717,3.445345387811812,1.6109820475371097
8.507301373006083,6.2215873281688046,3.945758568453076,3.071838438031911
7.664285187581672,6.955886392546563,2.332816928503436,12.097826478321789
2.285652585707547,7.4902226823913916,3.8019036052861623,0.9979507033062066
7.7808513003127215,3.297080952267089,4.66493533325286,1.3072507195416865
7.920305038968769,1.803247764729256,1.043581892101372,13.413262258883114
6.926864641030494,1.7081529124770805,4.480452164435461,0.5096935896127861
7.895043395160275,4.835363936056514,1.8744733250354364,11.386508427455327
8.613292957099588,9.512599681564435,2.823693094801501,12.081820510746367
6.522437028137126,2.9595613082232215,4.409391203810552,1.0100869812484197
1.7974424257271115,3.310674412073944,4.295648509826516,0.3287629494261769
5.388650287004898,1.9079992189527304,4.567709912504224,0.40676953311641717
1.6988440120444457,6.450132465045372,4.761667170530105,0.5938814283282823
4.667887279291877,7.118855865524574,2.7886278270870344,5.1658664050973115
4.663958402130649,6.78638087344684,3.6254552432040277,2.2103323046779533
1.5940885972621741,8.750172187403031,2.561913762104427,2.07237354942539
4.139384805725314,5.377832515234646,2.4028668699686633,4.946039126351053
1.9989828891218335,2.21011336690358,2.726381642390678,0.45961096959202663
8.274116890083,3.6046461763397137,3.972304539130704,2.1186035317182115
9.529192233680236,6.961869760792166,3.0057629885662114,6.522604635238131
1.6508482773214475,6.518097763674039,4.256238697793368,0.8052164320390985
9.596036865625313,5.779028167686662,3.9808739087846234,3.5437748057414398
5.703189394030707,7.146679768198185,1.0819138444975973,43.59807843317742
3.696091101584865,6.736517653359694,3.5209526284246464,1.702619600858665
1.6917586774854716,8.931924005184566,2.746284493234364,1.5032250653841976
5.50561841263376,6.274147397304669,2.8265159566045663,4.121149147900997
8.150639900416738,8.007412228305007,4.273492215479578,3.761450085396693
7.363778295400284,3.2383644036982107,3.190431944338707,2.1034539593975845
1.4520341031757638,7.103643261301612,4.542487293835789,0.575698848349086
1.6561165183111317,9.11974706544408,3.8512223695667616,0.975542535528819
4.625859543693734,4.4715909510984995,3.2113600350562113,1.170780709154889
3.6576144464314897,8.011937686047819,4.018151904604415,2.0156993175322926
3.0914589075044305,7.523103710758918,1.1533962037016292,14.396707674837362
3.5290404901784225,1.5357357718464022,1.108334619312831,4.092887267480517
8.23134468967196,6.233574786616651,1.3333973076834083,37.82401905588929
9.363052482686685,2.1717041428072212,2.7502613005885705,3.6414068133782624
4.645924250748098,9.70587255007532,1.9418005825077724,10.582597884823095
9.154999019192473,8.302667524305907,4.937045177663139,3.4788334657076745
3.8934613112309377,1.987514211224081,3.1691605560454676,0.6853707958784504
5.287932877094125,2.0957679788291057,3.649662984324634,0.7842648459728113
3.0342609803439977,6.35026469421357,2.1152805449867866,3.784609328261825
6.7642843795825955,4.10400256755865,2.287187634350435,3.4765959339335737
9.81083003657328,1.3141527316579835,2.3418476565646236,2.395593941654245
6.431437864390408,5.874773570497478,3.7949428206012024,2.774749374359385
4.22032675702194,4.490605897172622,2.894824830757234,1.9580503160532932
6.830357013914755,1.909688431345684,3.0707346101202977,1.6842677552036724
2.106286106188488,8.217283530303844,3.3680119286373813,1.3927282708190878
8.997931722388588,9.235690887509254,4.075246624952868,4.36614759291103
5.527755557018527,7.80934540612717,1.3614789940499126,25.740796828732456
5.0441476783567785,8.401800790146496,4.107495648875286,1.7369018315408216
6.272783096081673,2.9484151053950565,3.2529402755007193,2.0647624163515617
6.623054765104622,3.372156558267409,3.6763817794210287,1.5195250021836537
1.6459822560386173,2.8767478626926897,2.310207059363048,1.0627477354127546
7.143554991010622,7.885570882290076,2.6375473472657966,10.183534682410013
3.177385122839766,9.531253710410473,1.924663278615681,9.222130895620781
7.4255736925593085,7.451534860605124,4.917199989669621,1.9168116670484916
8.40281314945777,8.933200883916005,2.9880118900412667,6.304230666219379
8.235626567972684,6.748291853948553,4.984307663186391,1.5954503882854538
5.972508706671002,4.488939105029192,2.9591439122450653,3.737105368647758
5.68152903079676,4.831854534372747,1.8790050575362693,7.565782757429086
2.2858836520547055,1.6778928895066434,3.029809586947427,0.36774532567179385
7.978115353628221,1.2831147572142347,1.1583822871963112,7.427372940433085
3.4426844240204293,7.259280437701697,4.619079205687806,1.424485115816096
5.470258805361519,4.9458600281006255,4.2742010047777645,1.711602631387532
3.5584668363476504,5.969935612491666,3.903282082777139,1.5166393293048643
2.2044552669972384,6.018951228601747,3.43930686176984,1.264813675250673
6.666019272025629,3.4963823199997126,3.3193369346814525,2.191578388507584
1.4889883134061344,5.283032597465416,4.9869128563178515,0.3354208079574409
7.7378071071358,5.23684199500932,2.1119897360797517,9.486140460474587
3.85828115735005,4.4958449910507134,4.118737461462311,1.0225196475772604
1.001212237040368,8.386078450609634,3.3256190808546298,0.8735598329776646
5.6001622531350685,5.060476033188364,4.90352217503554,1.2637883592251675
1.4216671767484281,6.432800720553891,4.31121273319301,0.40536939857369436
3.4855260203880953,9.059681083427435,4.994100451958371,1.4000173274051158
7.362788387101445,8.796102605730303,3.3532999778497854,6.044345796465041
1.5642065945967927,9.013799834012486,1.8181758301797402,4.786659419607693
8.554046431204021,3.4300449681851255,3.0147481427789353,3.160984707495701
1.034379303927248,1.3148423947725654,3.8444445362022983,0.10696027673401529
3.2214148228171204,3.349601199057963,4.097441544726353,0.6348152026876247
7.668136505368643,3.508366110586378,1.0020399560637743,30.67221617041128
3.846431347563761,9.184242940524712,3.020108354009176,3.519488495663453
1.9170314925941216,6.843184595541736,1.9409383198825862,3.2125771457002488
4.242105269203851,1.735335636420059,4.499647333019153,0.4073663443092713
3.4335395774607296,2.2184073640999102,1.6116217762009142,2.738035201278445
8.584407119444993,2.401085129877779,3.6658249982993336,2.2104747779078595
3.8201312582662883,6.673795733520309,2.0642487612996994,6.660932719337462
8.100392245984064,7.618726229563028,2.426168572857089,10.536731670919414
9.026849303296613,8.736795195088565,4.76223704302738,4.047733451616374
4.904356776188766,9.465728957256188,1.9617925016323179,10.902674093646416
9.189488294689529,2.815341016477976,1.3800110472917226,16.092741133112806
4.395862485668736,3.7879523625164415,1.2771396057769033,12.036576876632783
9.676705748410974,3.162905926703476,3.0184604403978486,4.201441766220755
1.8036057207301563,4.2288541071952395,3.566845929137152,0.5466550164434848
7.183173398529185,9.231985966813745,2.3091745742835488,9.39519076980777
5.444326364112358,6.176013102454254,3.761038967172323,2.086968583740336
4.488839249100824,7.643727075920491,1.2441348742929512,20.918292872034986
6.694406908737408,5.411073125141038,4.429338579691507,2.462022320680194
7.334713824708981,1.2597212200251207,4.266268838956951,0.7305041724958475
1.0392694268527818,1.5777593739803288,4.9419850855683425,0.07176560088677753
2.5025777987247886,5.841307281410971,4.746019923607381,0.6502096625349958
7.417414455708868,7.46910131338023,2.4247886556757123,8.763239284549265
6.997468722203858,2.9379747477585836,2.5971015360623086,3.550700199508208
9.694427546158096,7.497186165930737,3.983859389913038,6.583936765289925
7.849340112257047,8.29599196135161,1.5363310878199328,37.44261228820084
9.556954369582042,4.707077305259001,2.2560588409793394,10.849887208280506
7.322864513813263,7.717773095596945,1.474163747902593,31.849107278178714
3.6824698777549885,4.636269552956139,2.8195457962913255,2.5050717063189745
1.9482843002577082,7.10515566509518,3.2080171195412706,1.3323717376507567
8.03641477010442,7.875973443875887,1.8446418798510096,15.861118445018034
6.797342993283243,9.927339564772996,1.10652674765642,54.88283879434229
1.433674111539666,4.108569958572365,3.8774233270020924,0.42488500238595966
4.240454193108805,4.699367025171503,1.080020657704674,12.11716939503342
9.611198339358575,2.490580534691542,4.893610435713425,0.9690066820660639
5.503610311391811,2.8366575256162623,1.8864290269695818,3.662377602610549
4.894562224177342,7.240555023385399,3.6556003684651643,3.189702922450901
5.119296446433646,9.253410311390285,2.7390069049599566,5.620103439738766
2.8799445160464736,4.551444564951165,1.2386954413484288,9.103669252959083
4.318364537783157,2.618600021519871,2.88873442653787,1.1653855673000666
4.328319303884589,3.5658954944469468,3.0670425371871985,2.1650644026601364
1.4711951816872517,5.095465343273247,4.418732832371473,0.253339533355728
7.908108656661264,3.6158529642883153,3.9293962785915917,2.028208069124618
4.7485398871349105,3.1022117480967966,1.3172098990135455,6.321418313199734
8.39961898134781,7.623860398813716,1.8366507337290603,17.04991622568804
8.653132010079059,1.0706042911656088,2.247550736859791,1.9095587940773384
2.9079464922879223,5.853074746028348,1.4656307458592779,8.328246458444891
6.916181339531157,8.143901263267786,2.8275962836579622,7.3677497512253005
5.250536237466836,3.396054576857214,4.937236763450143,0.7536941005770857
8.921410641293367,6.429623595508156,3.0584511649510464,5.345012429416425
2.941666112588087,7.02010095056756,3.9675286732926773,1.2688435781436833
7.100318802790398,6.89522226764581,3.7317511907973846,3.5378531253328043
6.469769100274503,5.012646707788459,4.399645740368552,1.7408691777465395
3.6577132981464953,4.119201890882013,1.8628939618624378,4.284535388573866
2.2294081328605535,8.523316657250321,4.015305046772113,1.3505625055927533
6.8647578442954895,7.8260136129987785,4.5254209612229985,2.6722957525875306
7.647377123190976,3.8912965607252126,1.686039291920971,10.889690148592258
3.84064609387015,1.9271727499798548,2.387208879152015,1.199407235108986
6.803493436200824,1.6462679090092227,4.880407057326246,0.3712606434907865
4.556178168503529,1.8484838010904245,4.12315138391917,0.5106632848728521
7.41886194954356,6.245824250728385,2.1303633301501295,12.675428281241324
2.792937474046478,1.4649595824609072,3.255767078577948,0.42025921313496273
9.01193502372557,4.032341874676345,2.617304491397915,4.4374499858565875
3.5866863681902177,7.778797317228064,2.9598607053085195,3.7035960290662744
4.310073889805376,3.649133498638403,2.420664765562834,2.5042398071101135
1.522827568723148,7.869772694621169,2.1173240741213624,3.0553304127893934
2.0036099108914875,7.709203343863497,3.699052165565675,1.045600254912563
5.642757124410953,3.2124441936989467,4.11416726034447,1.1466085135559232
3.4083340905517434,7.559399620834709,4.495828490989379,1.1425195682763378
8.51932203167975,7.729989744448907,1.6213198692727522,22.58182501718151
1.1322404978945846,4.577085331003242,4.2914220945809625,0.19325109015190967
4.411846438047426,2.893784353673664,2.019203297908254,3.452006124832389
4.0361099209218345,5.691437262026822,2.7093455596402025,3.361043540065968
1.1739486782584092,9.292578292001767,4.605774743396987,0.5581168965028259
2.119315591004592,6.7565505918885576,2.818014403930408,1.9024529414448188
4.722784074267717,2.5563024786453505,1.7882541361772648,3.1997583388776336
5.43578126002702,7.144812322601679,1.6394746209484712,17.240478397728648
4.638607725293822,4.844827245536511,2.8919350666085353,3.2206768199437716
5.778439105708845,6.323759176198357,4.050689695906216,1.8759522762900174
6.356185074151134,7.606576315207971,4.988820575897205,2.149373512299473
1.0893143901505207,5.634526163630003,4.1496345137236075,0.41882072223354283
5.176856435081535,8.325855771159777,4.508047835771414,1.9214838963776586
9.671493167988295,7.49940021384965,3.991329443739552,4.283304230848638
5.671290521165939,6.535660060166596,4.581740403024424,1.954287450035482
7.097880407130579,2.3571353424911634,1.305174173255653,6.854734508591449
3.8067747212519487,8.523541998204115,4.719726395926582,1.1395019006978664
7.965922403374863,9.423150267878345,2.5856246149026245,9.005337132005785
7.956293336885036,2.2326861142836534,4.686456893121779,0.5182374850410177
5.69166442888725,5.394170164900875,1.3029313498379023,22.00934619969559
9.784124409512922,3.3299986777345403,3.8609718284845433,1.3165541260565738
2.1299519328638805,7.790709766830082,3.942754994680818,1.140699922185024
1.152528984006229,7.4946667240422995,4.987643557191091,0.40359456193122545
7.931423905813864,2.2679660851335885,4.075421082759255,1.0194406490968801
8.264399836283943,8.893245441354734,2.5302948232624267,9.945140697014978
2.0818650620851864,2.6287575758020205,3.2289942064741814,0.5493336937196411
3.390245496627455,8.175331230832967,2.466203752666361,4.5586660639843934
1.1579712702996603,5.112823236652044,1.7840745812194325,2.2334046396304044
3.639777497025082,3.954450642023361,1.994009310009094,1.7169430283551639
7.958276865268044,2.4241533640679216,1.8880421370972837,4.417570509955832
5.6616447494132105,2.5085283053196648,3.1952613206528517,1.5473080951216174
4.132860338514593,6.957014992308102,4.624642538127573,1.35792936896123
4.345653654156973,5.953873491524084,4.650906504353591,1.3760396458037416
1.0121826314392135,2.0987687948610945,1.219055110103302,1.504386018848349
3.698204748087123,2.014280743944927,1.319597603807574,4.162595669763621
6.8181286747413745,1.6507951729551231,1.980476228689374,2.696096659754484
9.767749994347215,7.693906126361897,2.0202378098778997,26.975985231249183
8.623547442855095,7.406938767063603,1.3795567009570044,43.864947950915784
1.2123546818097621,1.5258789176911765,2.553853364693762,0.31174210388987783
9.087045442073554,6.042430680372757,3.350901570765149,4.966762566489755
8.048785719687633,1.762085397184209,3.3126488023978546,1.4315280685468281
8.023385112138824,9.133711935480475,3.173718725034371,8.478729405230114
5.121961831032143,9.164056772621192,2.354687699549989,9.174718226199621
4.582047636590525,7.284096908318171,3.8258227412663226,1.9375972015507668
3.7262415594987335,9.33570029295505,4.3059357639242855,2.5458413996417573
1.591253730589292,8.303077273723215,2.3850970659096338,2.436923624456064
3.0541182714432917,8.456847183343445,1.342141437197848,20.113571282645626
3.2194327148022217,6.127370655129399,2.185321004367426,4.285303813828742
5.356693627391814,3.754532783945583,1.549474618299611,7.965345442511168
7.726999659370246,2.9601920360477942,2.8694349089087234,3.5470754810014036
5.26428845558152,3.9448001983503627,1.623740605264313,8.350923467092855
1.5206000450244455,6.656458870801559,2.851379030631909,1.2781604230092223
9.620108208893836,2.5539088224915902,1.884011569298591,5.260053733744464
9.48451887184701,3.3277621297358944,3.954924421849612,2.284306322272385
8.066705888335676,5.21254776515918,1.1102729633433825,30.744992127440284
9.921951114077984,3.09745088672154,3.2189852153277023,2.7003230068400415
5.900340995202367,6.297793027444555,1.6779530996802268,11.903085204224864
9.664915152278855,9.308584256106968,1.0039674578785083,97.09439587710459
1.680445365550757,7.732804291328138,4.476800352259229,0.44927477255388437
4.291126734352342,6.997839527340217,3.6861111512562705,2.1168365441461052
3.0284314120608924,6.244493283854009,1.3957712882020936,11.610150916307775
2.7624977572084304,5.3915311833135835,3.6562894707354223,0.8365568933001764
2.267226540034085,2.6790747367119376,3.446589330950394,0.5290089009893462
6.60172277409397,9.05239409884179,2.8934267481728133,6.23689003218608
8.031896701725746,3.236824018115527,2.677032393702456,3.334793624940371
6.204685594783246,1.8217798982034468,4.54827905166294,0.7272931088650232
2.322664386293887,7.750136613058257,1.980592079589805,3.0740938576419863
8.300113929401238,2.5805398089804976,2.593240228053533,3.672703819570837
6.723592364473556,4.347063995870585,2.316461651579309,4.926229287319937
4.493491355142959,1.2545643546188177,4.084804116146534,0.30220302372425906
7.067172659824567,2.2336114828640325,4.665861224930158,0.5638905757509929
3.3391448131854955,2.5588326768392085,4.399126794960922,0.5080851020816517
4.106729876447894,1.4896911497516014,4.190815721199074,0.33499897430343123
9.257372588187913,6.909912609605606,4.947159782280332,2.447600268547115
3.6145405510427837,8.533070162228055,3.7885782016415406,2.1960536310316536
5.229894413421429,4.359838657293468,4.004215164854135,1.373661843984226
9.011270236564132,8.871188290463806,4.931210158820075,1.972025133587914
7.369492152407747,2.9201191710411387,1.0279631415966963,18.36581541456125
1.5598290354823248,3.9285138120511554,3.53619350574546,0.5778026445765337
2.325727398510733,2.3566329372805157,3.9558861278131583,0.24470309017397554
1.0705743169472512,6.585032758770987,4.67130821502878,0.2526453821056223
6.678296112062471,4.7788263178327615,4.535377216737372,1.4190937841196365
5.029060828693765,6.519550121577088,4.367842724935177,1.4691742579913378
2.2084736581204796,7.8550741485476525,4.783165087766815,0.7540200423617542
9.621407089510933,5.9113271442965365,3.14951675165483,4.480233149582305
5.766937515510579,6.648673194116091,1.027680382339307,33.48860776003825
3.1770396470160027,9.417252829548996,1.044217594788038,27.1754010910867
5.505432140392368,3.691578786479588,3.1785562224714323,2.27269287203027
7.11658299461597,4.232475447705578,2.741088955455765,5.006883633596259
1.6861529617620803,7.459330255384032,2.804980213461794,1.5149690482832312
3.472334335431028,6.50174965349848,2.601618948840148,4.595061582533342
8.262689417955944,2.6067961408574334,4.670903236364943,0.9509371969521939
5.136983833623951,4.385325790094411,2.4366814046791596,4.423105646461247
5.919194278290654,5.210542118122435,4.424907767052333,2.1837090188795205
4.895344019885224,4.774508541715504,4.611459175166564,1.1297174355328088
1.395099483787046,2.604473274898367,2.998007079995819,0.2932069528164146
2.4917480183814034,9.319870826058361,2.787752149460353,3.042500000311464
5.009874748677018,7.860868855245783,4.044082416861787,2.1134373644614857
2.8826691886713505,5.332202488970671,3.8318860305595295,0.989373519466481
1.4498112579371085,7.120549254761529,2.3141404663848237,2.6930257001998825
8.592846976466413,9.075544049219696,1.4101925036985863,29.62491586305625
9.830732762477043,2.2255672812541407,2.0594096007299214,5.46871471785305
8.138285865970655,3.2533574563627994,1.5241140232491959,9.397171525449535
8.684064295342004,5.884311225309805,2.1789291031067655,10.100715177251509
3.1777941728534085,8.191093342171229,2.047286262323196,7.135404610531929
9.645642779618798,1.3262940589737464,3.550845695546854,1.0791929881017475
2.7723313400808554,9.856163351767245,4.817984113819119,1.1241460440368016
9.562868293256491,5.094159425941575,3.7429749293219343,3.025283353576735
9.95337364569356,4.2330802655955075,4.706597632258278,2.0222461762954382
7.405505251714438,3.6345199405579467,4.1365290344337735,2.110242485867558
9.830293586126396,2.5692103688578447,3.911510488284693,1.3531557268305416
6.125858016103933,8.124165180370252,2.6562477608533657,9.750370414855055
3.335876048584813,9.59872748271487,2.2991780114534746,7.510430881077962
4.932962970990587,4.722802793608584,4.385109489891677,1.5433773535519444
6.342048418409074,9.571786252781106,4.621572931716021,3.0174439291623285
1.6577340582431348,8.414178538915309,2.807529974603728,2.184099678390673
6.601089381555215,5.329460147286865,1.0362523927465777,26.15157334377653
9.83060053086065,7.066235612135195,4.170124235625882,3.460861482957001
2.7109688480535485,4.914857612534167,2.1402753618891666,3.354183154046257
8.13335604659545,6.0285106739129715,1.039551460067683,48.05660638502583
9.171089144016575,1.5224170331665343,4.219954235904488,0.7607744285367444
9.493314335381987,7.266371277704798,3.0696567552675926,3.6565571925670133
9.641220439649025,1.4754218003572304,3.7408429853538765,0.9279721135565103
5.693136748493248,8.353764522276846,4.6587592845779096,1.6767262320144725
9.795771171923533,8.424522365145016,3.1646953205524215,9.053196489271523
7.81579186420995,3.1336955880059314,3.012776290315863,2.59516858133386
2.455042926132657,3.9129650293222022,2.162648485393054,1.7958641424862596
5.29210095821173,5.331793407024639,2.2207753377598105,8.745425628883048
7.464980578348036,6.369966162392333,4.186168264118583,3.2769370553640007
3.22606284237175,3.5861829556779705,2.796116982343748,1.792261119954727
6.765536651939986,6.332377641687326,1.6541048344324816,22.55480528559847
6.999404311419573,3.6800836590636896,1.3781150560019824,15.738737524541307
2.464297694277093,1.499416489639546,2.8916804674471175,0.3737552090534
6.085767812074806,1.0227479484871806,2.859820094470922,0.6258937539547778
7.944642198807469,1.9103595212658573,3.613833112821584,1.3863938650689829
5.490060980823477,8.130256301476164,2.8842699109805627,3.155602614512698
1.1089280509849668,9.652881811450033,1.573902816536859,4.25398135373929
1.0813462217136296,4.842695793530973,3.031211539194054,0.3224506921360869
4.21326409573011,5.614155581049485,4.6271576155441005,1.1266167879118394
9.335746615886038,2.3216335216608353,1.6377656464808497,9.460784123232864
3.058091016432479,5.959282174121413,3.759018563910996,1.3617935020349576
6.709273199845184,2.3018941180627914,3.375437059862106,1.6098261519060282
2.998682836239885,6.500928980789471,3.9943429068472107,1.701984458013862
3.8950299069359375,9.399328008227684,1.602401093710371,13.848893902115057
8.632378806413357,2.7612868537273565,4.766421347623979,1.6383531820957256
7.559752980429522,7.881073462513918,3.4838657110686344,5.117529934702526
1.8585934958188957,1.2115218053649164,4.388284550764547,0.1391272179298061
4.858318188877902,4.379475171894589,1.9864270547209424,4.733170522716659
1.26252787280738,1.9967365704745814,3.9576515575918463,0.21307358563162837
5.328011319427081,4.172278974361295,4.124122817335676,1.5793019918854185
6.9619061053096125,2.5618322767499517,2.5897410895483026,3.4418967873372956
2.066523612383364,4.359744911105986,2.5358138115336883,1.4163653772425784
3.5999644501824912,4.757705254967773,3.631185060102997,0.9728197328821467
4.580529629519413,3.7053201050282656,1.3736307270408639,9.82326105162206
9.275779221904447,6.909597545258162,3.9424966008700357,2.7239332725003123
9.939295138806676,9.269668461330188,1.1715470393576437,62.614016343076315
1.4042016909605426,4.605358366947451,1.762361204483304,2.1616771326396895
7.849071311458529,2.731088408275193,3.656575028965469,2.365527705171835
4.3455165976210886,3.4365048237638502,1.3932946683678553,8.182679653931958
4.5321236760653205,8.68600741146732,4.88736836590716,1.6940484755082548
7.788384760123204,6.144757509431331,4.473584837847603,2.3611906909166063
9.265837889308678,5.095099290762615,3.505209329626946,2.8110743706169634
9.558357350522936,2.34673049358034,4.276229822677399,1.247716399870655
6.194103274344887,5.047545774914037,4.550320194358271,1.541062921603726
4.214090433704525,3.50642803021648,2.037902598287274,2.86871171224188
8.087941772729014,9.488468150680143,4.3976463517972775,3.0263509622977334
3.2590124493607022,8.956630984741581,1.7791751345504072,8.333180500586636
6.07666625950166,1.755122876453782,2.6533690565952615,1.5345508712314107
4.227206153723858,5.649881403351186,3.2330385249943974,2.075825066167502
6.909679663370885,3.025525109632049,3.8555638522961297,1.1107432998827909
3.163590216041562,4.696993805718615,1.1205652708901122,12.518486107756154
2.7243365116134317,8.891631984263107,2.162037651112756,5.740723682410991
9.264151780078933,5.747630678996903,3.434076392841561,4.6247113372748
1.916233146545832,4.007937640336839,2.429474716596475,1.1546906596021849
5.5536211696143845,2.8709951869449735,4.100100222517973,1.0612984181739331
2.9876750466670803,8.202923734658402,3.606608644602865,1.812301928139677
1.350369669931007,6.620662138279124,1.937605814894943,1.8150251514017945
1.3241693646228376,5.212589143836081,1.5837159183693323,3.322303282064675
2.576995948952446,2.957359184766802,3.5161879743482016,0.6599972033664537
8.800933190554002,4.008217367414182,2.801869310819031,4.386288700820337
3.54230869579324,9.638590840646668,1.6758281644052744,8.337423246082754
9.554132535177661,5.680809438452509,2.3054968212735094,8.689929396377998
6.234600636902742,4.6062935311892765,2.2121869932743463,8.237490866322073
4.929527707918895,5.692798381134915,1.4325278893575004,9.549631868974352
6.220799512025091,8.010896553096478,3.1876360770609122,4.657899181185856
5.65028546703641,4.060980428525819,4.054594535650216,1.3911859910993762
7.828986283815927,2.6083550883934796,3.301867555411948,1.9931202282795706
3.5424645937556702,6.26442506505143,4.305165459749409,0.8387952886910708
4.177453524402722,6.986836931329605,1.5102741888617253,13.241947084214283
9.046848722799256,7.414462026626946,2.7424474312888956,5.91110983832292
9.518108618353649,8.937888316895167,3.4376604146323966,7.3390660709627
9.033024047378271,4.340567086202017,3.7040062437676293,2.4849405480320295
4.775031945615822,1.6781940660600263,3.783145225693708,0.4629420581810183
8.023289527061936,9.62513725267848,3.915861708391524,5.877084712716738
5.287021599709889,4.915107346937276,3.605719248784067,1.904574291863085
5.477858669314919,6.6093175870581815,1.3769123557634706,20.90579530638554
2.8421209815155555,6.996747908154631,3.781222710409186,1.5318127986924048
6.320172729326648,5.918623378310832,3.8991306270975503,3.0853781370127327
2.6752230797801313,2.8473177676264307,4.9739197373345085,0.2334894162029991
3.984082291604744,7.7962874510452735,3.773449746804504,2.582370115115399
8.695271814579417,8.233767768736735,3.7473215830061957,5.1152555726708036
2.863682282897697,5.976780274156958,3.059253160727888,1.6904779821850255
1.6404245665608954,5.397050445263574,4.471691634340456,0.340992093119423
1.6210683335153466,2.025443648151868,4.9873390478446336,0.14801732825620276
9.46706068452797,1.7555649534980544,4.116179480789729,0.800012480623615
5.562283941656512,4.0560836100717585,3.4500015114312337,2.0917893708119735
4.684708646353165,3.7976153996565394,1.3158193077262728,14.237322503333086
8.297907229071265,9.58290805866944,3.9069565269185103,6.230433300837154
8.522433351194644,8.052604681990868,3.8342462743278016,5.967168625413545
3.9897192980404412,6.9393186573315395,4.1022725912377265,1.4085909070638873
7.242562517264157,5.658832801158446,1.4982215535979573,21.04386616543422
7.940105342666979,2.5063077765398623,3.614930000504574,1.174366602833757
6.891856181793591,9.806110049658555,2.1828956198066987,13.520668999354527
2.3643556732008943,4.37536628416189,4.041084973611335,0.8540889618596956
8.882947751653514,1.9623304220252034,1.9614958161258649,3.979810579235286
5.851850974624078,5.444190061441715,3.7359147072816428,2.789974429158239
3.542251837330033,8.865982104517748,2.179971787935919,7.950910381232971
4.827053668939245,8.985619015995965,1.0359771712697246,49.1006834567784
1.3381398135901663,1.0986932445080253,3.5334316478923817,0.08791688926390179
2.150801211001758,8.976661702762598,1.4530763326356895,10.104535343805903
7.8899207546427474,3.4433579574987268,3.6371658911528564,1.9893401875923304
1.0001047127982954,1.3507512757158078,4.70243779342775,0.07439004539897937
4.749092456340629,8.630112433265868,4.876983736844361,1.1527908733114591
5.702591629770296,8.774800803893875,1.9436923493104503,14.219352808887454
1.4917097800087507,6.36607971858115,4.237012910602619,0.5529265135277709
9.757703466750996,6.169903815667225,2.4142131074897613,6.218053441204336
3.0351279812470473,8.318082453592774,4.6018282909919295,0.9810584414513627
3.7377884767265277,8.076785974392518,4.149958274517495,1.111307484317755
3.735482610295246,9.010949260984336,1.2956868665830545,17.137424660967692
3.073749959056149,5.9747270283703315,2.6285479755091092,2.949962521227691
1.0132643987768026,9.708823834595279,2.3492713040386963,1.8521201863198202
7.564103146791967,9.965321478400046,4.140724082893108,4.545339345582185
9.701609498193568,2.0489014899876934,2.6411428426126364,2.257012132258518
3.0186413495654056,8.6458938359871,3.738353590612335,2.285988530386751
6.967424726230802,5.498400319737301,3.4097410223617617,3.282676694046255
7.677066942628436,4.488097044698489,4.9025548763905356,1.4432125363401598
8.635828411814723,6.517650788944435,4.75113982720646,2.9624097044717783
4.803662773122483,1.5036900153580632,2.710798058954875,0.7880705365681785
3.726378150763863,5.558150068903719,3.8943128465645973,1.4281262258770226
3.92765620620728,8.83801513024,4.317840375924887,2.019582865833796
7.413591997886615,2.921153645250719,4.59554301544858,0.9135487443035236
8.351015198550725,4.837509052924826,1.2725370551059347,28.202072719075407
2.6345257098094237,9.45532798943388,2.208315197093987,5.595506703528456
4.338469073419887,4.857074540251276,2.2809201638740872,3.9683765521273795
9.11746177074235,4.225308690991585,2.7377838048795144,5.0038144528291
8.260241677252653,4.964829833110404,1.677059002861676,16.10825656930545
9.863725624862283,5.675074898658007,2.9848235198000324,7.273930126844571
7.788234337138727,6.68792209718322,3.6528573091938243,3.952702592074227
4.5387568092513,8.206235208250579,2.989455680866871,5.101424901517773
6.31574050595174,5.068919851878828,3.663172380790463,2.6999660209897214
6.949128288225882,8.357328415811264,1.2657665272716012,23.282702118847
1.7061023468541157,5.803485952168725,4.503949326829641,0.35095254504145906
5.900472631934786,4.046324593311799,4.756276768404273,1.3049347693054845
7.383887456253486,6.921557453074728,3.4716296964745945,4.0312584886231
2.505891736009543,7.4595002926914225,4.525563994547587,0.9426655458136073
8.025685456830015,6.022440780665388,1.5257840665928497,25.492750949196733
6.253955024627005,1.5095347582125107,4.189795680305241,0.5370997536805976
9.569996071278352,2.528945876447424,1.476592773890376,11.18291016848887
1.3818006838620254,3.567679488012054,2.6320409259901467,0.5879760205087753
3.3879352379992027,3.5436304535634378,2.2952741382331,2.4474748388444643
6.413984913698417,7.060787202221835,3.342367300881817,4.52942901685026
3.669039209853376,1.1651379550626932,2.206058140958134,0.7768839215562898
7.42981747664118,7.801135993445679,3.5492545186685307,3.7526377771296344
7.831047542697379,3.3880822732623987,2.4695491566078314,6.635623355082936
1.9226436765982702,3.7901966159449216,4.443161524121858,0.36226843477338905
5.624690177860909,5.751188451495318,3.535535360878446,2.2340259946672405
5.580015000319503,2.9433304084506178,1.8611931892857845,5.411253386107418
4.3235269319398695,8.960241822179748,2.344517688112348,6.976159401695541
9.396323763127048,1.7683190139390876,4.389683550506623,0.6750390663887145
8.44755687885899,4.999441260709584,2.545918999949834,7.145225101019864
7.274884437186731,8.64480042509401,3.1431962622625806,5.279459152381299
7.428939721614978,6.542595049791122,3.595767743809331,4.944423449700263
5.1554452943180715,3.630965642583701,2.391238598343667,3.5975019421569794
9.288950689869182,4.786841869988146,2.175914523032273,8.871376545183491
7.251358845279569,7.360249423082632,2.9010196104321144,6.4804624133202315
7.560829554902348,9.759346690275095,1.8595238883711565,25.194784387337855
8.755218134086107,9.0382484654149,2.1368423476762537,17.9748612430227
3.4666443040797192,4.081895275441391,1.2483139361281443,12.934872225100538
8.263638134800328,9.983780913590717,2.215881103884022,20.61956005707502
2.7571654266084282,1.0315419717795244,2.2828163734542772,0.59899168803194
4.1080775702039904,1.2486678022757358,4.847332665165279,0.17740188302514637
4.020494088428585,8.414564636540744,3.3589153018635205,2.9104709806827365
9.806729215502266,2.7951641814974684,4.149529701663223,1.7444363848870459
8.708835013731342,1.5469234155661677,1.1815090111212898,8.062387721150023
7.310528754312338,3.13433265912852,1.4261467744334877,14.180208469533227
7.5435108545385114,4.834901385827742,4.258147843450369,1.6195951250759952
6.05865514962314,7.575096433900644,3.494198197670543,3.2799110878411275
9.523816003976671,6.61901973896085,1.7639281221608116,17.981707094844726
5.466328775941254,3.1385909580437836,2.619181623446953,2.8729653806825355
4.424659388829051,5.52943403290526,3.1546899999264912,2.0626032404344112
2.467318032384319,9.335926948587119,4.374439316549767,0.7704082748685606
8.075850870349523,8.33506999285382,1.2416479667779767,53.162817341079375
7.609995388680323,3.9087080634861406,3.3868891574694495,2.362612776783392
4.459195346717214,9.840381052201266,3.8681436863467358,2.30595405923985
1.2267407256330642,7.377583603916179,4.911567431641838,0.3185289149632166
8.550975949462096,1.562044201001036,4.228640313168738,1.0034541104624664
1.1027618510866626,1.316446419597748,2.1049092542610937,0.284599165116721
7.333298016661459,2.5156715410902697,3.8383167755130603,1.2212979089746454
9.732313987534514,7.550702812451322,4.053111539707908,4.073444571873038
4.938951953333831,2.6536503325818512,3.9189419996735806,0.6429916669567273
3.114760644963575,5.603380922879501,4.28057627180748,0.8110221272063726
7.343839090390436,1.8393410816274858,4.614919904854551,0.4692007378928371
8.354153278140267,9.287975420471756,1.393719475957361,47.58266764225313
5.917872844700626,4.0956455222521075,1.4190554307244754,12.2790365879075
9.703317477305315,9.173188509045676,4.1855999550825835,7.603475706981698
1.46501849492165,9.5038807771949,2.0094899060858835,2.959170403318685
5.543160384740753,1.0551578258231271,1.2341656878003118,3.1803712269539415
7.466085525902951,5.177216684788588,2.604916723922423,7.443801316385219
8.76376424034261,1.221904501362036,4.279507647304312,0.7084316491764971
2.6133005071701105,9.178234896726153,1.5062600952559215,11.38532236781759
8.200031335873133,5.665667902611182,3.68736788721787,2.6558341720929772
5.974363681466907,1.6744961142864714,1.0144634470862708,13.113381712661562
4.568983137909669,1.9924905544891018,1.4389497888497997,4.333273993670818
2.185435257211842,4.451581220434651,2.4034013830739474,1.5391525483916253
8.787661830180213,9.462107735856005,1.334409124097656,57.37079702572388
2.415458873617438,7.236182364112728,4.383606669748452,0.9055347740740047
3.7880907328818934,8.80856979570219,4.456282012581875,1.288545955176278
3.610409787661932,4.298109817059817,4.022282812398097,0.9668862967707483
8.842726307717689,1.3889232959499849,1.9699185255824698,2.6703705601520937
7.054326947880082,9.768858734839727,3.0929883009599193,2.867937582517192
8.170132574722352,1.1545569159613258,1.7367541020934856,2.5758151010001606
3.254211089132491,9.5288648777298,2.1251138002924432,6.141578053370585
6.6238668964629905,4.318096814642303,3.0640211686951644,2.34246935312788
6.145713848293738,1.0908136451969337,3.940055233843191,0.4815178031400856
8.495473391094439,7.202415085520574,1.3786175215745566,27.18836991558598
9.154783544331345,9.824862736282187,2.1867867905123446,20.608553002588287
1.1094109432964814,9.690631505538333,4.706485394287689,0.3656283364929238
7.066179271529134,2.4484331008217657,2.7164932711275527,2.770867136702767
1.4665221920775613,2.631230254595395,4.755478695637258,0.12706981701432113
5.939727985696203,6.089850231576941,4.965602166208543,0.7799935611764418
3.588694561393104,6.73574343785492,3.1066393044456637,3.1243839040860437
3.760989395699271,7.654761222992791,2.1521760391394023,5.151563351061335
4.176626531071209,2.6294532442493277,4.163107234290316,0.8563183591278556
6.591632041446491,9.63106378087991,1.6372429421000598,26.357503704946296
4.006449691018923,6.748653306603141,2.008187438688282,7.764198483283204
7.594291455312524,8.623422269834993,4.139519637997129,4.620907391332371
4.640746470164827,5.860591437557546,2.7345836989281196,3.718993330211779
1.6151788027896274,4.7284916283089435,1.806151747950667,2.399266958238342
8.053838582356965,9.794646159354963,3.604502979809298,7.627517166833271
3.571824921334354,6.2390923373785245,3.9310474455267315,1.4742167556837555
4.894901916393364,8.80186224519261,1.5002849578022763,16.35363544360288
7.168994948997113,9.579631567296609,2.1079210398997366,17.266748321260856
3.992105414338408,7.078191643077933,1.885107021488933,4.590207041018099
1.5092709053204407,5.940448106668074,2.5194185150498085,1.785264331300132
4.365289423115322,1.0315976581958557,4.053779582304258,0.3474981225114646
9.50003724424873,1.3601767666510538,3.854832409097297,1.0779606382919629
6.775609575687024,2.807660944460047,3.650095641534816,1.7590540168015565
7.043312338004863,2.674075886703957,1.0251421834743648,17.620119404303928
6.690539382738758,3.292829156798608,1.5685732535215577,8.763026415350051
2.7909292506349312,3.7444117392789473,1.8931901964082671,2.198653221195296
4.765004776920521,4.240589441956555,2.0878233841553984,6.25618780832381
7.758458185269864,4.784839210619889,1.5857061665956,13.331632832588868
1.9123560779784323,1.889797046104132,2.6412622058955586,0.5532517766151074
3.5006749848074104,1.3812573875750385,1.3007223400561037,3.00317758252743
3.4868719761926825,7.065500041657211,4.0000887615511225,1.1269405001444441
4.888170348350554,5.8360134235876995,4.15088314918442,1.0779681885143453
9.823318668479665,4.9972978199810765,3.2970667584035924,4.520879803848323
1.6075229201543975,6.709959470515171,1.3588195081678713,5.311733158080175
5.668308949425355,8.449114664831864,4.560332678187033,2.2616893921686647
2.614282138109894,4.849236182045841,4.8625433148324575,0.6504132625371701
9.736088908687698,6.770075185467814,1.8094542412871575,21.037516109931506
2.019731542547178,9.58215001451643,3.818559277762879,1.5286167247199784
4.632409021254321,8.556620462754047,4.367754522569943,2.2628031605530934
7.6409648635114555,4.834007294521685,3.159374090170809,3.4663251213924706
7.340989852247008,6.802451540332687,2.2932923981069955,7.592685024174272
4.8045577320453905,2.5936382972434577,2.9142348603214105,1.5449656463969674
4.118717511574464,6.044699664055809,3.049075003137808,2.7228698506088382
4.578511406975835,9.831954620245986,2.6025481767521117,7.862539382697484
3.3784863684277537,5.664836036822701,4.719369974534825,0.8333598915391254
2.847996448361198,9.348744692711325,3.975532443770008,1.5844391781125704
5.34735727803001,4.666014284529346,1.965206569019856,6.1640024636117845
3.416803804608466,9.98960344466168,3.342228749279474,2.494144608001392
3.587154984075251,6.212980317048021,3.75475660372467,2.038300159472688
6.910804571271013,1.3804209481234109,1.560625686808521,4.809664227546104
9.71683598529903,6.280793170222493,2.433702969520595,7.804158841246283
6.432734805034376,3.4711542611163697,4.622193126415664,1.2131846491293117
1.6928152035846966,1.2923318983230523,3.268692400740806,0.12920049286652063
1.680252524686603,8.38767974225197,1.8679909842412674,4.834838621859772
9.562808987610094,3.481566732826803,1.491139192476603,12.888154370241116
3.6756171127660027,8.168936986418487,3.072907573899511,3.4086588917719336
1.828602874742279,3.593958246602803,3.1907428921165764,0.3964117615003959
6.391401284353434,2.7489371848639683,2.3376578054184494,2.4443347591880387
6.612839004612395,9.765420166939847,3.521664113676474,5.695047501713848
6.836543381068194,4.254807949795176,1.274738744877555,15.391497634930285
3.4066182507178717,6.412385902988444,1.5805587730645625,7.275268443292251
1.1359961579302753,6.489833435330244,3.185095284045037,0.9295967887118057
9.685138325090247,6.044261339561516,1.2472627753778158,54.26954424273967
3.2580374112199224,9.232261691690931,4.523635059964402,1.7453684228300612
7.084236592472927,7.069969642301817,1.5685854818260672,15.910801087029823
7.3596688289083865,4.633597036944371,3.695679496338146,3.37746350730053
6.490066753715372,8.761423460718465,2.564813766857701,5.944560384491956
3.816166547922834,2.62956609204368,2.5991509901689938,1.3949576519211573
3.439866283876592,5.898130818493757,4.059558114444576,1.2446020101526813
6.379014544324328,9.554953347493807,2.997848536691656,9.39187315177112
8.794860702505224,6.628578668923714,3.9026218545754654,4.526361896199937
9.52060356031056,8.352716054273886,3.020764915011077,7.906505596948523
1.9531522396338188,6.882046529906735,3.3716213656210536,0.9589625422611022
2.3934575133794787,8.554337771841013,4.042858511478657,1.5037476401294687
9.502626329047716,9.500390918607193,3.4292349716851014,6.85806642917956
7.628817055013133,3.4562955477946313,3.4624604375551544,2.2947090466014672
8.946944423467958,2.5269497313104696,4.156878365710378,0.949948517523568
2.8236937072180885,5.355916752992859,4.796347263277493,0.7322468085320158
6.288272839984617,7.316761841417943,2.506864615741347,8.036882903925425
7.310256349757263,3.044721278639945,3.308468628903805,1.5284695247233078
7.121006969022754,1.0369130538715037,1.3450926309341824,4.923155555524812
4.673365217800283,4.086416042530348,2.4352155222754677,3.5775991722575267
1.1385540252217763,9.719734019210096,2.648196903557544,1.8115536477100747
6.246334511238368,7.25470714545262,4.340949267296204,2.222654013421985
3.2779138526164786,4.611928995471016,3.0535696085027073,1.6793327220925474
5.052288215286013,2.733184876121563,3.9242654931938312,0.9080521349447589
9.618229135754357,4.204807063792723,1.0760296001026854,33.89442654014162
4.591317858781912,2.5285548997112315,2.8579706785132624,1.4697958725366147
8.55821445997984,1.9567523918165626,4.605270660654337,0.9880210682877568
2.6968654517432604,9.160681353152984,1.8972556372231404,8.338887253056651
7.052144482225259,9.978853045379262,1.1260887412284517,42.37779569927893
9.793062589950491,2.477029956362113,2.7336349348539057,3.8859039698908475
1.917037907856431,1.4907030299045174,3.8177272825903814,0.24277998983886367
1.074879480044728,3.9675799643159113,2.817854027365878,0.5208524886225173
4.902245133693529,5.154932626852738,2.8399132540450633,3.451970276233223
1.8336293474623049,2.84339122368269,3.679220164953278,0.4232094910208599
7.7354591470860825,3.712824206187026,2.017555233132196,5.856271515068582
9.23093797463703,2.8078366212249195,4.00755916656791,1.4905474853591925
4.90618875437883,7.9683451158920615,1.6124541236229337,17.29404905881868
3.3284047793989684,7.413201489225347,2.583002421143951,3.3314847729565935
4.909629871059488,6.7145636418488355,3.624032433883672,2.999760691274596
7.511030360650009,4.484960713712843,4.313476028920791,2.2830560361810575
1.0814874542233388,9.181368471828124,4.166124284660221,0.7029468113255757
6.305085905362275,9.72579287381518,3.8867423972307913,5.666537531068476
6.519625163986412,2.562753813628708,2.4363855341455642,2.763657393255616
6.73919422206342,3.0071137727069024,1.4892172651748954,9.461646881938002
3.178198719827895,5.730679252003327,1.8673368707719624,5.558243348917646
7.426474510403141,1.8212551235402077,4.45933525830594,0.6719472681572511
1.8225233769859877,4.928035589408015,4.429325480530638,0.5074371926420046
2.7934330282012074,6.236121382999391,4.806243410156063,0.49603032456771246
8.897230419890338,5.698662140235998,1.3039546075821664,31.041709923002514
7.648508356539097,3.9781772477022344,3.1472363411098243,2.2256052883745525
1.1237099861021074,5.882012254694861,3.5947321796169343,0.41302501617186604
3.235386343328202,9.62920858832963,3.8426295082674264,2.419152829793928
2.929658346938481,2.8541566386223844,3.5754529400417208,0.6280349813860636
3.437256952332753,6.893482225546033,4.080045559609128,1.6219732566222824
3.2280379325189776,1.3905702474044666,2.4378863051573663,0.7219248545120575
1.5627366616856118,1.5977476403329143,1.7177310885419286,1.0334734598200368
5.130464649371383,5.966454018012265,1.8183334886017541,8.815495703249137
7.594601273075487,1.944452622951545,1.0479147578806574,8.189914132194536
6.4605855224569275,1.201121095841716,2.4012874884248894,1.4064337468884685
7.055845017382718,2.5436169788322,1.3669762035199091,5.438388194676037
1.7303426068261523,6.08364253899617,2.2859547711607635,1.4291765390970887
9.563416391591085,7.3300685906703915,3.512840308664991,4.677575349096541
8.546426504587224,2.82230707727242,4.57791222234728,0.9189799539770331
8.245812866460964,7.01433493487357,4.358421803962066,2.7129026413753454
8.406854245375907,2.642286979893064,2.0106968478303076,4.349292860213788
9.394394573194852,6.521116839681314,1.5363325687921878,18.65666839809289
5.898285695023279,4.7076371190621895,1.7722890951869252,11.566162341418812
2.8025381608086333,6.88419558400255,4.883946607614428,0.6991383955991645
6.551052470672871,9.955474772313226,3.197897918741963,3.5321021324552695
7.685933443011451,9.440352687093057,1.7300088920022993,22.493144754492064
7.6412565401862285,1.0385358205249327,4.3629846187472605,0.32311025392190856
5.693041217501921,8.96894887926075,2.5807649772502197,6.309460353388711
1.6161284740022026,1.5984171565728986,4.59688860789891,0.13961439738712045
4.34001644587115,9.577419275438604,2.042708507337946,9.068684455884682
9.286899476170216,3.536431111897162,2.5728870352169446,3.817615894293728
6.260040187816834,4.438313473701438,3.0197910511603383,3.3187088613505824
5.84498748930142,1.8247438465815506,4.570461336356127,0.6280096945729581
3.419681629439742,2.0104548249601866,4.475029726420223,0.3801741969873683
4.31604027924921,7.540665087063877,3.2974202812155116,1.5244413852216132
9.058114802378523,9.498990121734625,1.8871020391235627,18.77356199465596
6.998167427741522,6.496736454588786,2.6134278869515004,6.719863184140755
8.086483240770995,7.4426501397413,4.902532261462022,2.3817209412973943
5.089108807608897,7.857727701374381,3.4310928955096083,3.1744899908525266
6.672224975105421,3.3653284709764755,4.124391020496787,1.0605633312825766
3.2354524786888677,1.4070666782819343,2.799458781445679,0.4175994070183756
7.349147472551376,1.0168546952725173,3.1280291018672255,1.0704462182236918
4.8484120033300355,4.155843546586167,2.7158164489301764,2.74666911907155
4.98290963333271,3.173178053792945,3.811683992247872,1.2280502241969458
6.843900921191935,1.560859525442671,4.40588405554751,0.5509904040895369
9.42652559322034,2.615754632443001,3.0294541728982542,2.711609407286241
1.5760571194775883,2.1204900844115304,2.923469834544903,0.3861739304415664
8.422689136123068,9.233905425556333,2.3611458683935878,10.824363567340448
3.631447993709738,2.2624049211325206,1.7083867771763352,1.9623395607884575
4.9952750905574,5.838836175889113,4.756990891500435,1.3884670486413095
1.1972199589750807,6.3379535960094815,2.26431887471802,1.5355522568729028
3.7094147005088174,5.891405119377704,4.202765854297142,1.4694155083176041
5.523681183671174,1.891507907943892,3.8613880851498967,0.8037863049226402
1.505584696126951,3.869185255754961,4.163670401112516,0.2816892232629075
5.419861564448486,1.4614329921683793,4.74707253348841,0.43111127855055104
9.343995659725845,4.561029226866844,3.493483040883589,4.026331794694251
1.948538962970247,2.697390381444328,4.591801373528178,0.2837221240990521
7.879966552679539,6.054692799559418,1.6707892916491747,24.779971022898486
4.687039480383934,7.235275544641905,3.5068503038271506,3.8847764484782257
6.896563430719042,5.789078741842358,4.089102451658451,2.7172017661454104
3.342129381867064,4.9081302695025615,2.0865645229766963,4.19359277778043
2.4354303628722245,4.486000787710232,3.96301520516786,0.846126647858761
2.444163528441038,8.575225912873034,4.113907316464948,1.093781139239606
1.634427510788302,2.9743125855874304,4.324751824065779,0.23029279555951526
2.670820344111187,7.60796505575982,2.2515316503837313,4.548122053105399
6.977974464900714,7.817340922661071,3.7264263606732366,3.255391210164067
8.935215506591572,4.77280006543661,2.2170131336390484,9.70506966222666
8.327131170320456,3.675705393030754,3.9561615499938214,2.016977523799883
7.166208788870357,5.234873374413777,2.851894660582849,3.8225968445294063
1.9938867706999241,1.8389253330342865,3.39017749810888,0.3206717180329735
3.6026870166635483,1.4133702900618097,2.6633599257222755,0.9051977741519296
3.7882618779022206,2.0044287950670263,1.6479317077192972,2.8421599776461797
3.249612517578591,2.6843052831600356,1.7121181184214547,3.027256019620275
5.635050937387508,5.537591383042387,1.310275629048538,19.371709242952573
5.819984333917053,8.642229725450099,3.472290718886647,4.554844456567188
4.211973776539992,3.1207809879971826,4.394553591812237,0.6356062055644938
4.184102428627924,9.416458096721003,1.0833473050483238,35.921911565871966
8.457000381154732,9.594171180415032,1.264958008353414,40.06829722449009
8.10363563487717,9.630141443606847,2.8298679692116413,8.187579988402092
3.770162485126711,8.538064612086913,3.9508829446727574,1.7853928925863425
9.224095994859333,4.274425367179486,1.6308305788478052,16.217441520686783
9.575335153022554,1.6541551990236076,2.0866052781967754,3.7544725021109726
3.9406828782703673,6.119368585898454,1.9280248051272286,6.31281223457117
4.1898245391374935,6.0281329954351035,2.5962048746846165,4.264830423275422
5.550707380797629,8.64978190398636,1.8999947080702846,14.307676501967185
9.470087312803061,9.963919458514948,2.410394714179012,15.298924547517357
8.886874898280805,5.573415759041328,3.9141703946477766,2.5635332465590492
1.9231116632523082,4.106836279358058,3.4440369938167565,0.5566892149825472
4.534576689442746,2.673115404006403,1.3247268215667716,4.880888140425264
5.9803407077479465,1.0431984233563365,3.550982664982871,0.5086710012353401
5.52819225296386,5.582023232399912,2.908308686236854,3.0192542968868654
2.7447676114320343,5.999668000323362,4.738262298828555,0.6608277250510318
8.729350940513392,8.424446318356576,2.157217268416213,15.399595214157587
7.092467046971536,5.5411927110352055,3.90466567879664,3.115924862465212
8.541175373666231,9.248215137994508,3.9234432921782796,6.08466833737404
8.72887851414525,6.65275128914292,1.8860031240367494,16.147184802060043
7.735202682991658,8.563026143989749,4.612894499883744,3.900658191895988
4.9528954112474555,2.334715613269724,2.9647328017184122,0.7861075354802591
6.494920795138821,8.698025172720833,3.7155334675572096,5.6285316464299715
2.4432886550776884,7.0762946899946355,1.5834222355340182,7.850914064365261
7.062808757274169,2.532097291944975,2.031215667967877,4.423688948790391
2.6132793016535265,2.707872023314098,3.3444284717488912,0.519874193120803
7.245546314591412,9.338505571397992,2.276109073493398,11.916294898802402
3.066383446785718,1.289938244053356,2.9987716742838937,0.4934591255830132
2.0579617013519798,5.162814489661355,2.496020797493157,1.9209947252111945
2.487560411286617,3.821277609406914,3.562215186576192,0.8492428548831656
1.0179292169716323,6.9856969599858525,2.9485814511232356,0.6987338802773642
7.468656560681772,8.556664488120928,1.0184397438926727,50.15531579005096
7.591609441525412,4.2434030940091265,3.598723351781536,2.584543983407947
5.634400149219335,4.842118785905535,2.688486228200727,4.355743631226288
2.4522652094984534,9.837260060512728,2.3667933619608914,4.30920791431061
1.7519890375962077,8.055248587112825,1.3765870091328942,9.654003761816867
1.172160697935583,9.074837178386122,1.8814787622659659,3.0247963737694588
2.4917335926869866,4.948859985864668,1.8950891663234137,3.43309577956536
9.01769981484832,3.106685835857037,4.741477997618916,1.413258406467061
3.173831575315136,4.706771188478065,2.7300518989861873,2.493054542273054
4.188441944954941,7.444827260483621,1.1682633888606802,16.681575120941105
1.9481093603319986,1.984873643523814,1.5552667289732836,1.241139655592348
3.0012517427335323,3.4342219505485794,1.3161307029316482,5.577421516893309
5.673021137021846,1.4197231041543135,3.355477560828845,1.1672750531152218
6.469774147860873,4.8911296450431845,1.746485966267307,9.831999688167228
3.2081708274958993,8.447011623816518,2.994230561127104,2.949043751793943
1.5195894330260549,1.2219731946820973,2.4802482514799022,0.33918495100758334
4.519295822146588,7.077911741264494,4.215505508576797,2.151714646954739
3.107830338337007,9.392462870623657,2.281958549061449,5.795938568302421
2.9759853090682173,3.1323507536006403,2.8330619295872332,1.4318784156145326
9.638765224421098,7.242713566548833,3.885142194391303,3.520553458141376
6.546704373331517,9.775917109901803,2.7334048277225573,7.253441381084073
6.011905988548863,9.66050254137217,4.172862144052756,4.110832989986256
4.741975931709897,3.1143627372622893,3.6467374249466595,1.1129329998589161
4.8604990008712985,1.9029794789086183,2.642116455786864,0.9904395813068962
5.868145034542727,2.3345428410632434,3.0159277027454507,1.1077430442957832
7.267868263324965,7.318321016339279,4.868813823368773,1.8798303602340631
7.319314865636465,7.5318298790794795,3.6464459860335694,4.147782220324737
2.5452451693490463,7.068129054653791,4.619980903889299,0.921643475015663
5.501014768689643,4.024705489680143,1.7150340138842575,7.03178730478711
4.7076228553069175,2.5279924578230992,2.9329446249806077,1.4899968409410285
8.834742696424458,6.226849827570278,4.634646679380202,2.337239250585135
6.682770290965387,5.353124011820799,2.2904482457656705,8.488225001669502
5.792536597743836,7.559507324100731,4.870656792585683,2.7878538515190465
2.0385517796102564,4.9722407081705935,1.3883099618946297,4.846025839366909
6.450741003910703,4.047757252178215,4.610684681100148,1.3461654795346931
2.054835151122101,3.6413071962311294,2.780848488263435,1.0446614731983515
4.034859180091768,2.9032328804477188,1.2949766605646427,7.179087502013792
2.2855776833289867,3.3917173856799527,4.518086370344349,0.4293731135946496
7.22866282321932,1.8534739495969124,2.007760849636454,3.6419804795440283
2.8562690245253735,4.121713098360006,1.0890005019809008,8.991825868181355
4.526734358692234,1.329128311266624,1.5432284222767692,3.1915461971368204
9.061072998569008,2.6777246244969413,3.6364589675990464,1.9088009282418237
2.8388474505907326,7.720934001574862,4.911245956552779,0.8387818211064035
5.570245575629012,3.929220898089604,1.4458485583340672,15.585653136265874
4.7734449504941985,7.014133152796094,2.847792192499048,4.032515181413677
1.1631163694115676,7.451957580375496,1.72254620379013,3.0700811646504302
8.134823022155315,6.230668084589022,3.9801461364063684,3.311783911478586
1.6214131568313976,9.628279672288587,1.4722355990472566,7.015459387171583
5.268295188792583,1.1929587996080193,1.9593669939235583,1.7839556329352688
6.0461046544505495,7.647873855293279,1.7856238705962855,12.05139839339159
6.655838109531284,9.629079795463673,3.2100791214679116,6.961549770502735
7.197684663770881,8.760445564176454,4.492736368002529,2.025315653877076
3.2794514517044355,2.51103422624512,3.0443608046256743,0.6578393102816348
1.0898089899260444,3.9413827562655888,1.232973811085885,3.857181260127388
7.510992961194208,2.5520665588881886,3.253555722387325,1.355869233401188
5.820909394128208,6.411775274332337,4.190083997272037,1.2925076757438578
8.52505932886524,7.409691837815431,1.5286247892172908,20.375296459195418
8.392495266106248,3.853663924267524,1.2908448573783669,26.16437872834515
8.58993551009095,5.85555916585866,1.7512311102302762,10.523359852361104
5.365851939815862,7.218285130640755,3.98434529128651,1.9734216082785223
4.002655562531791,4.792058349499435,3.3667216781280063,1.198700916175259
8.124023823322329,8.686139774099134,3.1623786158469955,6.669328555599359
5.061647017263295,7.943949417590354,1.9979195785270734,9.194877825860573
2.6509797676309104,1.5819898946551358,2.328946380987438,0.6988546760376062
8.69476617605327,6.590127691817461,4.863540051773369,3.3216664773566347
8.943038890951126,3.1179299586377462,1.9625009069175428,5.503652460209997
5.196787805261531,6.017664382005478,4.606581693020354,1.4435689033340182
1.6812975457880872,9.611995983696696,3.3221260178309464,1.5634479735990068
4.490434809252381,8.911558040970252,1.4931858654849912,14.4293821736789
8.231838935163431,4.640647628036185,2.869249512620272,5.091799875010264
9.115966256916058,3.6236247250991807,4.794194869443503,1.3222704004717627
2.8312546824783626,3.1096516996743313,2.6742623925494344,1.3232298386427284
1.6027625082274437,5.792633827808681,4.453546259157449,0.45798349400947397
8.896154078195547,2.028236079322507,2.025714778606831,2.5938090751038003
4.504644450809877,5.943475073154238,3.283688607201492,3.131610868757229
5.87584867840807,1.0120027554171283,4.375408232807895,0.4392307130148048
9.71259230845683,3.9146466767126036,4.6827537646787825,1.6726091884321765
1.5990825512280056,2.9794088244752315,2.943293468605203,0.4511953122554546
6.83486206706886,9.740969109647038,3.558752408581716,6.8403965033879315
1.6669488031738036,7.545180876129811,1.0119205231293238,16.926706389488658
4.379220356198504,4.146880424160139,2.0128932300535585,4.330741461037045
8.234330906741022,1.8356057787755846,2.114848414987783,3.2316699077287856
4.90125009480071,5.651205352215616,1.3739720466177232,14.437603288002627
9.974641185126554,2.921030931934381,2.1187800534279067,4.316604402893081
6.031533564519419,5.82786591308522,2.2844881322325565,6.343173113550923
3.8904593737235813,8.518261187610033,4.875064158272773,1.8726793426716555
2.981001933142778,6.542132968912469,3.6744095222433506,1.3957303736907587
4.154684808575457,6.70409577590502,2.704020317665377,3.0170310928741664
4.352799463835957,5.869272601565303,4.952217842782037,1.1452079475908907
1.6184230995156488,9.345390693682683,1.6129292809384448,5.037993898407263
4.326167794840958,9.38712415978543,2.9042047757219382,4.75084426596824
5.178146677653024,5.614508809661969,3.5882488281961975,1.6849765416800042
7.504639770149242,3.7518353842915397,1.222322537936308,14.938164564746765
6.910565362494472,5.136283052914995,3.8679954323324752,2.7224215360672823
7.378890897062388,2.679021209760541,1.3994694116879596,10.32736775035943
1.0752731368917139,6.727098837862804,1.5611292343987078,2.5073611728616845
2.9590065962248246,5.500831022040099,1.6387580498483363,6.205904449604342
6.955158595598708,1.9297043003195191,4.715559306622071,0.5302834518206891
5.3559043136177245,2.778830030076538,3.732942180552671,0.9006324050701134
1.0478212810151135,5.3166876057957415,3.6217100044124164,0.523595688066104
8.240451781886401,8.988300916469726,3.2219739858599685,8.25198745687812
7.955286159613037,6.0975164856798765,2.1712239947804113,10.245846654235812
5.935772466942064,7.133815001876237,3.4835588183974058,3.5901469669289425
1.598169931986449,4.051256947695188,2.640598879554559,0.9269959127439334
7.8986354457932615,6.142702537398108,1.5816646003704595,21.283764952908065
6.253422289582275,5.026418403742607,3.7583891613109324,1.8694063492680417
8.037639794421633,6.9321692136084465,1.5183286717196909,28.338659976912787
7.765722931562564,1.4551800947110933,1.762674324084693,3.894284031040932
8.227018647620534,5.439701946150632,4.270797247390424,2.3244911283324026
5.6620725976416235,3.6639336262957025,3.640468384500616,1.4126317229876149
2.262920663741635,3.935665551501183,3.5239646168545695,0.8378212533078686
7.040417260417198,9.648256884022553,2.6728111373708963,9.22229260009313
6.584264065467735,2.644253314402445,2.5851220729574846,2.241085463113117
7.6802786847917845,3.801207273207372,3.7610504367416047,1.9051202876657605
2.5289290544566176,5.589033181577846,3.960022154436183,1.0399777390836689
2.754776799102603,8.767242533346613,3.0408528094572422,1.7705877571702797
9.013685654973957,4.750030748857334,4.877076977394105,1.6720801431862529
7.749800186068637,7.694787527993539,4.822798235675488,3.1127864281981807
9.174056398302906,8.707366883933222,2.6497179600510345,10.994776061427231
7.8284378904752865,3.7901472023966405,4.282489017132614,1.7061269555468204
6.374397753912717,4.5347516518483895,3.1730713663936614,3.495021085410939
6.887194633250863,4.209006013195206,3.047023550228698,3.679487335836275
9.00215131546009,8.49570227756129,1.2198562455146074,46.87243612145649
6.209260790607464,1.3991217575824104,3.2958988418732407,0.7788817407816097
6.691521918955487,3.77578979945812,4.602311722252658,1.4086827129844979
2.408290444032405,7.1146770183561685,4.120535396780369,1.1987659664408847
5.265290981044925,6.088991496088084,4.145268578797048,1.8329318490389293
7.44757400762289,4.926604233643248,1.6397161543053569,13.500478250368438
3.4384842848472887,5.85953404499246,2.4337977885342545,3.583528199334206
2.820287624720814,2.7782612724548645,1.9328196666009432,2.670803191290284
3.82444127401974,4.876449594472094,2.2636611298225437,4.416654451493364
3.173505651935501,5.515326857587142,3.3181573739749015,1.8101611927711652
2.934213733327563,9.110702097591416,2.4591352534809916,3.46690728827837
4.823657585812782,3.347516465235787,3.2427912698570642,1.4511366916404818
9.170546624951808,8.810456519484394,2.754004993098308,10.17921464076834
5.563536820648465,6.7981726074338376,2.1464622337989105,10.53802389698841
2.691283427337907,1.1830674796084089,1.3816137368206345,1.588313457121871
1.6927450244278668,7.521682032094542,4.5673538293791305,0.7633546940254807
7.265405306241327,1.3199668979414958,1.0454934640185947,7.7722267971647225
4.445188879927491,9.976430141324318,1.0066099525678847,39.469747916427615
8.396478519268234,8.85373018922078,4.307190959054184,4.392997832926831
6.935596917766931,3.676093727860411,4.98724376130316,1.3465487143829034
8.166173054872317,3.316701071770349,3.908411310854625,1.6979650225171379
3.4475143547660387,4.43296973895048,1.061095352251539,6.616356797545346
7.231230302149523,4.205502687829988,1.9067609066740534,5.747746407843415
3.376557862243469,4.35104036546843,4.887290801047845,0.6517330500299134
9.451616315052624,3.8644889150753237,4.234417008695339,1.4362338059467947
6.7273685338003695,6.590200661634983,3.267199375218844,3.434305898099492
3.920606201578079,2.4783729734856155,1.947442837761436,2.56839098276438
3.425606760630454,8.613831632014119,1.057480823706996,13.460674192393606
2.718339265644792,8.311622356281838,1.083445890549636,17.78577339598108
7.25176863004355,5.288348870697434,3.4479234541209065,2.474376879367565
2.968440516981346,8.674569687506928,1.0873275054096925,15.249491235017238
6.357729393347402,3.2243056302726396,4.974520567701491,0.6954871777907599
3.381715242328216,1.1580891013357024,1.7335353339749524,1.0245273823551193
6.9577205031448175,6.572871325268407,3.842829447477109,3.3876297697004656
8.334457556864852,5.121184662682438,1.6202388856496537,20.14967290570293
8.002227188301879,6.104480916662836,3.160373684390858,4.534361884883621
7.847661978377036,9.094054681165627,1.3224451538648703,35.94242812968827
2.6895016512302687,9.729330162093492,4.067113698132973,1.4508641897921712
1.7954645228606685,6.710078257800427,3.3396843788993187,0.8407667168461423
7.290539456386471,7.876500308671945,1.3446667736056601,23.572995121767526
4.315124924149162,1.7542759013844784,4.394344756800022,0.26299879580635765
4.891116037630126,2.4464402640235505,3.188074459106808,0.8642480619024187
1.2803418351405196,7.5988432445767895,4.686369240053272,0.5875899223405798
3.3361880434754427,4.882289107492017,4.666493494712451,0.6446997819189828
1.303087634870176,5.013687433639651,4.68203115794633,0.12269194232840111
8.912671953411229,3.7774691347189293,1.311140800801872,17.28496488055338
3.190570148966774,6.466207451299694,1.4838310470180938,6.389701939412699
6.016034526157073,2.6664854087458236,4.950823238864792,0.6622637639490095
1.3508138859501737,6.642246513825061,2.950403285594824,1.0207687232691725
7.001626521750922,2.5641897142171572,1.9528562113165906,4.760316158232143
3.907246111786845,1.5744343123874223,4.078657953994632,0.366782692604068
9.081272682618993,3.9732191982915492,2.057140884849928,7.890742217713869
8.993063700406323,3.0802630780886293,3.9088627520745693,1.2850826927499404
3.92761556525573,9.00092474700699,4.349143111399044,1.8410917837216005
9.108648061214211,1.4945810848176393,4.137053509181122,0.9575027395867818
9.96541906148901,2.589523233167106,2.0961912327917416,8.003222034514677
8.428740977115533,5.938476450247445,2.6064742963169483,7.016992801862542
8.60384212979706,5.329604717627262,2.6530040129331054,6.346077310950219
3.2410786249818093,1.4126681653723139,2.9650916724178873,0.5729014084180771
6.190321589719807,1.0652718521363003,1.6694914061605441,3.0725350285235953
1.6053032257063107,9.892611477650348,2.8098802016573696,1.8157474173926518
1.8542614313950274,6.929512303229544,3.043131962061919,1.579707366910816
9.990033508299616,4.288655178114011,3.1268359863242097,3.6609275375495667
3.9397532448331987,5.233890228969172,4.279601719937833,1.2001397631431396
7.733655208439617,3.3989510840885826,3.069337993917981,3.3318739713199435
8.259985477241347,4.103864053238888,1.9231356900547008,6.799164435765159
8.722209439065063,6.841400205413926,3.6525149529767487,4.003100486631154
9.978654676619408,8.945306189806336,4.189256576346501,6.057441472670976
3.1734683673118105,2.6571702077306636,2.277486665753047,1.8260447866984906
1.3631574417372974,8.56325354846787,3.581223716070421,1.0987459056963302
4.700723661951274,2.0940096656644216,1.5877519837840506,4.567179529921871
2.1707260284605225,2.9349300122955206,2.367705218312256,1.0589136727491306
1.2018330024584962,1.3345775924468137,4.636895718198536,0.10741054909144308
4.243841444273375,2.267306758836995,4.645232652650283,0.4581275863183633
8.053644259677128,9.255728309176455,3.3012983149722546,2.659651738201733
6.095626221025638,5.134948719565407,3.8094058434604268,2.0351480090002654
3.8150019028931865,1.698992756005182,4.4160616608237655,0.3011782955676356
6.889078049434477,9.637541542350652,4.834212741250507,3.2928955843794006
3.0881636227792963,8.91093076982785,2.959545761159078,2.858258432631286
1.1294330146487652,7.792142687813271,3.2463029465041373,1.018651844154534
7.8791804779278465,9.401255127528021,2.662566266591321,11.615083573286059
6.613687763776082,2.981164787521877,1.287927748225715,9.508824579524202
7.86072362050864,8.527323637090777,2.6912138897952738,8.995219053073527
1.3504421501889905,7.2099207671887555,4.162509357532309,0.47478599852496284
8.53407665047587,8.827833246109195,4.219541991966114,4.3877166497808675
6.57573580032673,8.172204091683668,4.569508458373199,2.1713687244564013
6.070558156413761,4.1184555685914255,1.2058668207038763,17.449461414284833
6.621526433030784,7.9695868331553,3.1086183583225355,5.16343229390889
8.779899221815278,3.362106726864013,1.429697951748305,14.001837829522083
6.282428559030164,3.9573294672524932,1.8029687326629733,10.785254940564695
6.228553418993614,1.9711514550067855,4.600866009522425,0.5381837431873456
9.916112413591893,9.415689543824218,2.9871650337187834,6.4152846865949495
7.810571503617112,3.6190302706025337,4.034179683586455,2.0897283036718606
4.980644249060218,5.685602186543067,1.2575364237147233,21.516794799094836
7.366573000296349,4.521995528195734,2.667306015699408,2.829041106836238
4.503074245226096,9.639353085251514,3.696961122657351,2.7307051548929833
3.059879162351491,4.015442538446342,1.5336259251128532,5.679277859166109
6.371666891989835,8.006912392804201,2.3032715164227326,10.624965083498761
9.353638883025564,8.698745391680621,1.258191220095533,51.349169407963096
9.362255680139164,4.920458477328693,3.6053597634780417,3.5565948296719623
4.077147502949413,4.403546330076381,4.883565036232474,0.6114938576472508
5.749097195995255,7.729712388393652,4.308181964571318,1.2450979624441505
2.904723087128751,9.216063822756107,4.8984924672302625,1.572946974937742
9.960679985489952,7.794385597650145,4.382419180393586,3.2592800812372467
9.830061170811422,3.0441372903267903,4.420783224787915,1.5852169513720813
6.845580367367026,8.99476972693935,3.3087087814853704,5.445803284198335
8.23972653709726,4.488235006931498,3.0730092456528397,4.618876239173664
7.4359014515533,6.1860647060014085,2.6250170657113103,6.828899603155384
6.338423971355214,8.482920573634399,4.27237958018352,3.03608778628
1.4801319729000793,2.69555290660443,1.7282704491120984,0.6319914567459912
5.092879082973949,8.060591221097978,1.2248996632967728,22.800658375716786
7.073076719506695,6.365465181196098,4.791575290738701,2.253067329861527
7.097784524953162,9.040074776448474,1.0151127408139082,70.42119666121475
4.358103565801452,2.5477336165918865,4.907317287503407,0.3733112105123108
9.475227879922276,4.786140133368356,3.9154134794950632,2.024539170470408
2.5062132901310292,8.495587835801537,2.3139956787913105,4.077031357204696
5.503235015940046,1.1730853311108416,3.791279372345241,0.18802785601984373
7.217955788957405,2.0098123008907858,4.27150062874051,0.6124195091609046
7.2742222530262834,9.915086914810612,1.9814482239457436,24.837316661487492
6.83775061091934,3.523547607313155,4.083582733118328,1.8623793063909408
3.4775939210667417,9.779888743515581,4.217478500032961,2.098416631753458
2.4058591181795976,2.642783959078065,1.9974185205013817,1.691610273837978
6.723462941440398,4.249849987066021,1.1677054175119341,12.78219803260129
6.393719045254939,7.775825000532135,1.8164891382323907,12.835298773368834
2.6142040926031687,6.920005665143607,1.8025856355575778,5.2387562150423665
7.34625231013507,6.2301015993615,1.2609618167019327,24.642816635836244
5.096547925602907,5.769092582245068,3.9040295386207835,1.7939802286621862
7.009845324428376,8.590963992982662,2.5198996978336328,11.948156489104674
8.536303717931357,3.114537065500534,4.537544669815434,1.1513538886919905
2.5275558571923087,4.982238342941666,2.008684422660744,2.908239801825994
1.17230381197153,2.3990706294081154,2.8129286603997095,0.40801130672076125
8.011923277562081,6.36347436157634,3.5560697157070513,2.8871354960579882
6.487276826373543,3.2548998184418814,4.509859798687112,0.8637259010001428
7.296756126599095,4.004578579090472,3.0984844064774992,2.594536172352594
8.543394774897783,5.241256449611753,2.4940985112495313,7.278480194161873
8.225298413420504,1.2409352713281505,4.468060313888035,0.47600986997726413
9.648281322359422,1.827441423287539,2.240985698750442,3.2908539811703994
5.823415709669064,7.173362986373976,1.3176947985303058,20.859536940812923
5.396460693939148,4.860729826457565,2.78016843004096,2.666852966176802
4.616984799016571,8.783111997999058,4.140373225991968,2.6537156412179863
2.3832193855978407,7.252048032797795,1.1231233270140923,12.775864931247456
6.153465095938202,1.0729084748259021,3.3435289799583683,0.6636861097833205
3.493112718933809,6.550410976904214,3.3778561941089444,1.5595407017363414
9.291767609916779,1.8435237945374476,4.714167053709526,0.6682392590112586
6.248717238493878,8.028398618114448,2.1458592685800872,10.41280464760405
6.335561624572992,9.923569194506518,2.1153464528427848,13.691125021190128
4.194321947893091,5.780789148173604,2.7619346053587126,3.658051298999247
1.4679041677993674,7.1450155017471735,2.4276596058860607,1.626383985000516
1.2856938883568976,3.1358274480527637,3.945383450757307,0.2976891550995313
4.810016297378778,4.938379693784142,3.5670083085261983,2.0069045813144437
1.7610884028751408,8.704857990127454,4.035684151625065,0.9211424616899849
6.461622599861252,2.506806529716261,4.280167164794756,0.7159565498554231
8.928757050756918,3.389820450523859,4.691924530936591,1.5830057085702074
8.9462333486685,5.008903077574272,2.7237469271385906,4.921124900478269
6.931408691190091,7.410240026596126,4.938789557886198,2.0968163995086595
2.901086483256379,4.382955593161064,1.862643253614611,3.6254149040457477
8.766971482229849,9.349590518047036,3.8574606477893143,5.280414070051122
8.974840917818874,1.8501134614184727,3.136037269228757,1.5568891607450637
2.769882264576628,4.337237777903628,4.267602378739534,0.5511846359608934
7.636834771936095,7.380587110855797,2.907082082425704,4.512631487060977
3.5786759403441066,3.033880890953432,4.1357545414497245,0.8129792590360526
8.223762811176368,6.907718208067057,4.720674858590712,2.2984631960847692
9.975141099132424,2.4779526240461136,3.929177064560349,1.5600414178044613
1.2702340479645353,1.5038225637551774,4.104377144873297,0.11034880408454224
9.076292792118387,2.0891414507378396,1.2687017250634245,14.36164037995529
6.603674802387922,9.369863048207213,1.8198306489291225,25.907191395938703
9.760443572483391,5.965757946455962,4.897214962014375,2.505553630778849
5.185085657737848,8.167111979316841,3.7727480151495776,2.881728571338464
8.626491375142365,3.993890508145461,3.2457960692440184,2.535493418822977
1.561546617384495,6.33392783096902,2.4679054935858002,1.1550825498259447
4.017511450704662,5.454569203344924,1.1775560048276716,10.196524574592459
1.6031488397608897,9.511641634620647,2.47654363185654,2.0904802836241743
9.778088201311634,7.728171724486993,2.9956514931583036,4.899407176312298
8.352765165446531,7.574883683469212,1.845838037547547,22.577146328189627
8.672926791213735,1.417179424908516,1.69254716509533,4.6535701723863365
9.441687082905048,5.94702702103322,3.0336662054300674,5.794120378998268
1.7659313750780683,5.202923085116334,3.3436169425101756,1.004189351004872
4.47037833262,9.350580399455751,1.9596716754180994,8.552852636097796
1.639314001396019,3.31607789370579,3.349557897824852,0.4050607283379236
2.8971379139502575,3.4285010796198487,4.601359855497179,0.2876951155743035
3.0642919933390513,4.7021162399335035,2.892693032085415,1.9886217554148535
5.221964899428208,3.1903274206573844,4.429560678348725,0.7114699098345261
3.4170595070827834,2.162655260278745,4.709085778133273,0.3342934008453391
1.9088029613598498,8.716733619857207,1.3695761157483428,10.64903413586
2.5074198018469693,6.024488719635243,1.383246318627188,10.059482228662294
2.3254800719688182,8.752264470609102,2.9041767315504057,2.399097754011782
9.757691181210685,8.480212888633263,3.3524097772708106,7.928551032590095
7.833632562266263,3.53838119310704,2.703533857860117,3.1067764965566473
9.709853187426058,5.929636998918466,2.305803081670012,14.475116181185381
4.957664378571177,1.748959324660634,3.5639764645046235,0.6599488739117281
3.5053163349639096,9.237266956276827,1.008326049399681,32.358382591290066
8.18463877488268,4.638364435586378,4.87229312345497,1.4690544814020543
3.936285262370321,4.543085655001192,1.9283163527520886,5.962796625097906
3.6944503633481345,3.724798335561579,4.668395074332029,0.6566241013031379
3.0925539298704807,5.145973702396335,1.436058978138024,8.891258365365399
2.167110804018118,3.2658344789090323,1.9523487281782903,1.988224707009024
3.3081675491508937,4.373670455171241,1.9394948043500015,3.676859277340226
4.1978777362649895,8.199523437263936,4.984611616802585,1.6428636213599628
7.065947873311574,8.508299532266546,1.0184021829035377,61.96949441485259
1.5630835799750642,3.7376422986566453,3.558552837213983,0.37268267154162804
2.8945624569880866,5.221129874975091,4.478746324243412,0.6043579801932435
8.281212762625088,8.86437798652047,3.689094616098947,5.554447856251208
2.3222973122539368,1.474059986467274,2.4509352728677767,0.6732865269282025
4.083806318702694,9.00230465796207,4.8332374508117395,2.08979051163622
8.78193029672326,2.9726591108709854,4.5740830183561645,0.8042453284782711
2.394327800290984,7.106853197929382,2.735819680998071,2.2851204682302426
1.744631520563709,6.242965267461402,3.293313970444654,1.1025615104684303
5.3608419557200975,5.976466733703269,4.870076751220963,1.4307268844992245
3.7217756015068275,8.734242022775392,4.93024144770588,1.6072923208741916
6.070675280354687,1.9141492928019515,2.799293102871809,1.6773344764664788
8.234244014351276,4.123252227930724,4.389400112572354,1.4148641165430957
2.2343363933746883,5.84427471710289,2.2079209078157453,2.134976901533075
6.226291760988564,8.301599685514358,2.4872514917226587,8.877222456978098
5.549578843508775,2.9479877507050434,1.659287531960905,7.119276527438321
2.2967090741187963,8.226368572368486,1.8367383711069212,5.761045834337735
6.615986369760842,4.596746342445422,3.6274932090374357,1.5817958068226432
3.462763760746945,2.7002247079032586,3.0431264720283235,0.7982165790276458
5.390508866896113,7.830877963991344,1.9245274425024115,12.973284735966738
1.7404509184935568,1.8180901132709304,2.6116384654466103,0.431579240880248
5.136256514922607,5.632906366678986,2.492733839454727,4.766000380648564
3.758171212385383,1.5748820547569957,4.949440818141337,0.29309138885038766
8.401430900668188,4.207760696420088,4.414263348845518,1.3779988833293482
1.5128085429763145,6.409691191057534,2.551865333535297,1.3656727265674926
4.76746547426497,6.005039873384918,4.655666315584132,1.1826852715290395
5.1258828171829425,4.641898761141999,2.3705415665126846,4.53514632209639
7.5250546866920685,4.861431945749041,3.6716060509394377,3.133176481877123
6.168588175811899,3.040925980156899,4.86659998672845,0.557545075364944
7.0049110347476296,5.102943295816926,2.561115455954209,5.443571151096274
7.993443570865805,9.579293701487508,3.719539860419735,6.496918600759022
8.759826762923698,8.654076260054113,2.183695244250533,10.000283505628477
3.8248794705022346,2.3070958216870943,2.0652492623918985,2.042250691322405
5.842204348275127,1.2680270858882885,3.2966266657262078,0.5159072159268195
8.5609727059528,9.401718814449676,4.917058392132873,2.9018838039702866
9.905060178685508,5.7407477489267285,2.8125353948806797,3.586940016612459
9.005673799393868,5.840540408343769,4.750547881266323,2.979877995305239
4.343205363619392,8.026461961358702,4.657454080979047,1.4927103334170815
2.756498654967854,3.832200764841939,2.015050449379979,2.181570115511967
5.404532836659299,5.337168119524019,2.6072776283373096,4.521790793177661
7.67477306652438,9.717966218320639,3.5732099139767324,4.623763485256664
5.433121636779679,7.049338182391664,3.0721835376455666,3.1349503754140313
5.3486277698230165,2.3837052879620733,1.3838341194526973,8.6688164897609
8.544073789736206,2.1990407318591796,4.974792120508633,1.033808800772973
4.252634011604677,2.8383828249970486,4.0106160048451205,0.661564391702887
8.73815207330481,7.900405069786458,2.750776152898847,11.071025150154863
4.661243208565512,3.6583930345655444,3.4726741986651652,1.5147392807769018
3.9540979511050547,1.192499620075718,1.3502912690649205,1.8548614110053634
5.085909200797291,9.497569271550956,2.98120661475844,4.426093842437964
7.862022628073816,2.527420747554196,4.723329663269951,1.1669695680079197
2.1340182507759486,1.0860236753326173,4.586403832219913,0.07873734450963757
2.7677729428481563,3.134184421449907,2.3495233819325825,2.2883183937821854
9.563003430967827,3.115259084063203,3.1254714552853553,2.7012051530219923
2.5794246464322166,4.798047257611508,3.7895340963505872,1.1342933865705653
6.109545861379491,9.28350848350033,2.3600370676316214,9.560857750453597
6.213830199957441,8.91266426001188,1.259516872375754,40.49577542855543
5.406620158452203,5.1120509948418515,3.021766626871219,3.8714351690323707
6.802707237191367,4.698099144926259,3.4065429432933456,3.5196861352511304
3.068440532178566,5.995081778273661,1.023366400486041,15.512208201083983
5.973960409990734,3.1910861077458916,1.3823014941541225,8.266079019466314
4.349559297222074,1.4696649276972655,1.8291625743766091,1.8795205218662976
6.955005336662701,9.45301722554086,2.3922091479637366,8.500511179525143
2.271011890358345,2.6802908638945544,3.1642048913223215,0.637048403648854
6.137896751555286,2.7856065632114477,2.175371675038661,3.0199233197570137
2.6674331984499133,5.2521429596855285,2.104735257626015,3.8473547190332233
3.5077875680353277,5.424520103562976,4.477397375252327,0.840941970137257
2.968388202912249,1.1659078873066775,1.580202563205705,0.9030378770766768
2.645540018819354,2.3315926489657364,2.981840532689441,0.8881170866948069
8.431398564046003,4.403393367046675,4.811298867744544,1.6626639181991991
3.571368108948013,7.153576241594852,3.5000529964641833,2.097644393892198
9.344114036780043,3.0557661114874226,3.868821919577754,2.3252054919224494
9.729338728106718,4.807130016175864,2.7249479655624285,7.396691138805749
6.1413442294338765,6.016105582448201,1.0797286684788783,26.863066109792097
2.2870101039915376,8.997332451609628,3.5845214734688216,1.4574099017562714
4.370934190416231,3.93463452094411,3.5276971257124963,1.0743495824969063
8.179590370133926,2.2020243927713516,1.4417105458533324,6.127513216365953
4.306516558273634,5.403450033078474,2.848638854498526,3.199463138326288
1.7831549647250986,7.720494415156558,4.661315778662601,0.6833007135952551
6.011064198353692,1.988737813474601,1.8203393278879005,4.15660915159328
8.606087663464313,4.822151425272644,2.8443950185364413,6.444176704354693
8.163337484291521,1.1600662713623509,2.8444127408020816,1.3517855706348347
2.576108261173179,1.3020326348252602,4.243045872590553,0.21848138973267422
7.0548815297122,5.346580268949991,4.298303481317778,1.1931296293095086
2.984538370920824,3.683775683358365,4.037077678653567,0.6331666728462482
2.96386781096955,8.60596569104871,2.461816636753095,5.020611821027185
8.866645959746666,6.419388755138089,1.2881477000740804,26.287758632809826
3.2470205746620713,5.085396655686913,2.3979319088960565,2.9243310943527616
3.369226118662101,4.6714183394886675,3.7191648050853585,1.2560733713558823
1.005880516851696,5.475209321706069,3.8109862979563056,0.4127898301350804
8.83602130712966,1.363949480913952,4.860000837906876,0.547884827640177
8.133353318882213,9.03514020778594,2.814564925774834,10.387611189467128
6.645960415816102,9.984728401605626,3.5297423317611614,5.518615277947999
7.752391875449581,2.633384123728288,3.1567634828901268,1.4492380002300025
2.3684371068204264,2.0834466829715774,1.6024742404529495,2.116428977622044
5.124912351288179,2.292197171037357,2.844809888528544,1.5342144793065295
4.160974486139028,6.9492435241093045,3.179340618755977,2.031176148098222
1.8439887363131484,6.952967546056972,4.802998424169035,0.7091469304321498
5.375174366934317,8.631317460505699,2.4661562176358243,8.442768750668101
9.286656853083718,7.766437495836279,4.920396412431911,2.156640910443066
1.3605320714562503,5.047207060324058,3.1692002960963377,0.5719459805483664
3.623148221444145,6.515698254087869,1.96987697321223,5.397408589358831
2.867868425851331,7.194562033312071,1.7666575480632312,5.864157442912064
3.1433198829912667,5.614628232567027,1.566779669040927,7.610789979227295
9.175910966914378,5.28085886006473,2.811731482293812,4.932374764337439
5.212621488108611,6.805877010783879,1.087705719155693,36.751570805792454
5.196694716458369,6.017270940780883,2.7801811332594615,4.891753989061288
7.8451807820975406,6.795480748023193,4.953618768623786,2.4416956751075283
2.390429836044332,6.515692965670275,3.6804271828890665,1.1600215114982622
5.385388186900457,7.472769044622892,4.039144484801619,2.929203709198921
4.869866927089538,6.785231579045885,1.4760215628730502,14.329830557263433
6.372196214919905,5.6776823779354055,2.892403445960363,3.6979457112205054
9.996019329253947,7.136171301559479,2.1448924041028556,19.19595259842726
7.925040046738424,5.045337686668852,4.576390111956117,2.0304234178488794
4.580791327156845,3.175041033753409,1.72516988805565,4.21824445339071
8.447977470466423,1.0127639812052391,2.834933308546968,0.9756292225706595
2.5363752698123214,6.0396773243125885,3.352190873382551,1.1624475506910734
1.274173176780641,6.315897039477769,3.0561643663141305,1.2100734151573362
2.8400353521784574,9.748440682981428,4.320974111881629,1.4840598329726375
4.063704005028336,4.25330500684848,1.9258126852785615,4.807425757494741
5.595226817136039,4.547199185454806,2.509564441694765,4.622570486514262
6.536162264870798,2.816196232079712,4.16833718629581,0.8018894705706374
9.195451454929795,1.6348086571358973,3.1122856469472193,1.8923219454287437
5.588686085954119,7.955240435755665,2.608469542591829,5.739829975264291
5.511480801631564,3.247129579053925,1.117770058979326,19.56657037055867
1.452187088406839,6.480143749270342,4.013541696062438,0.547656469776173
1.3142039739060143,7.189957319909333,4.888728311867041,0.4774132793987308
5.960439657247349,5.241130185624829,3.48114803795404,1.2905776232835975
4.9436075192351,8.887169017244725,4.426164882755178,1.7155310101229806
8.552623554822688,4.994153568817559,3.0675029727797045,4.272769210180924
2.4461162624066066,3.564177607375886,1.9267238616934583,1.3946634345476165
1.2247449590534463,9.0641397066546,1.0577684169405819,11.114186206292455
5.0413489113711325,8.754078558249608,3.613593070359957,3.591245499778862
3.1373070107703174,2.476359523687717,2.9724353929929785,0.7050673294175424
1.446529360049537,1.2336491651852886,4.1283925883504065,0.10436829215736108
7.52138458162866,1.809870007146586,3.7787296697412183,1.1071239715946652
2.0043369996152274,3.5789265869843536,4.951809472826259,0.16949884709638302
6.474875500069945,9.750338215675397,3.041250333648159,5.087204133689307
3.529447751502002,6.026645378447426,2.7086991586920375,2.7047944842918743
2.561464453195198,4.359355588263419,2.14695875775718,2.433990954378335
4.417763706273857,8.998444851514718,2.907445167165098,4.647569352888377
8.213011986006583,5.078226983306497,4.491485912491688,2.435161509376366
4.528842192141154,3.83714765560919,1.169758903166965,13.912092849347639
7.756926842899501,9.470975758710917,4.911600189144755,3.469658911253157
2.129376671192356,8.645658995734102,4.973228777231192,0.537434899412379
7.954942776985712,8.593015378774968,3.391285514351607,6.115816485321199
3.132399924159838,5.610562687451917,2.3261768147816055,3.0483549876182865
7.096538168999855,8.104945589339096,1.8921958732880952,20.761859366574242
6.092033993568967,2.6141802333809667,2.105961582739515,3.7160930779660113
9.362302454905187,6.159006618006193,1.2004217060198874,34.66078779645164
4.485902661777827,9.854613305627911,2.9004438339334353,6.1508059506442505
1.595486699509964,3.618625874661655,1.2292970834576233,4.2509448760709345
1.1723993699612762,8.149170963229077,3.873896859103701,0.5320258482570769
8.441727048754778,5.414305664872606,2.4877178221314162,6.870618325280225
5.722620738952889,1.3582511489987859,1.7974589269886527,2.246308675530588
7.977196466514544,7.867174580341007,3.1794142313441536,7.732427678518523
3.109830400103632,2.517122299529015,4.895037228972055,0.3399640808898748
4.105753709619103,6.6832621041947515,3.780524196073673,2.1989635310788564
1.2709348499018704,1.770977746422756,2.9669874004166408,0.23046042493481464
9.65343092116701,9.521806577463684,4.107657197018025,5.812471347446398
7.010811160307321,3.625514984623248,3.9499058875959547,2.053840185474775
9.398845789833755,3.0381822250965542,4.566941844231175,1.2702364226326701
3.389467666861651,2.1622276365970086,1.81867579037579,2.2667890987300003
6.503172501030948,9.51401974005143,4.435510305034928,2.287382858574805
7.10649971463374,7.407133681971747,2.2041043481667955,9.176304112368841
3.857947302318296,7.674947998462798,4.763995711300389,1.2173697737213063
8.632983115140672,5.494641052422201,2.1242605957869407,8.281677697511103
9.52445316610223,5.27255006743435,4.707394172650705,2.865380567157519
8.963696059264038,1.9901911869232898,4.85516285785632,0.6299493839304435
7.6516027834543525,6.038569860255926,1.581965429828057,21.367853465015124
3.497182117524586,3.222248455979114,4.897999533051133,0.48727297632763045
3.5345443789506854,9.794307995203653,1.3428918737171291,19.3150855791442
9.67024288401434,8.169228460136326,1.8742711464500879,29.172354491471904
1.0925604634212283,4.716928541735989,2.776675123491218,0.36621829709714515
7.4444497591793,2.3620713282237973,4.97438946284684,0.6827481194663
7.356215462997359,8.067985220249057,2.9542522046615174,5.330872824465621
6.604205868548177,2.098483903731844,3.2016377727139433,0.8216416897714889
9.910979614781793,2.7040037814736344,3.777699798094594,1.4291712352316779
3.806914921873527,2.9036846596980466,4.873174233091806,0.4670822905036983
4.059746774139233,6.012015744457849,4.133405600496978,1.2213323374950154
1.710454626519,8.083509885913298,1.8966160176947944,4.532996340795131
4.9851832288936375,3.82883390852223,2.2119637226574187,3.734292484102927
3.349436736113633,1.7620283284776046,1.3905129584340976,2.8541086448192274
4.090480319598798,5.1808461717197725,3.5778094566589593,1.5494956668383142
8.511146112300649,7.732992170439419,1.7229612261568863,21.734222397151598
9.419360621747462,2.9949745877864946,2.029619553917463,6.275162990560832
2.6715976480466708,2.979320932354368,4.552454620721509,0.31867204224474843
4.352580383981193,9.525043246120397,2.307022701328061,9.330560560057863
9.357675059038547,9.587383544072601,3.266586873416668,7.358300381791349
1.5562761462030037,9.914191588554187,2.590264035156708,2.123226023892172
1.8312447530024065,8.268936414173021,1.2961251496236543,9.787784775520217
2.465118902856064,2.69365752251151,2.4514553195868203,1.1753606413787407
6.356915507141872,2.907833687193352,2.6322728121437233,2.1911019205562234
2.354250439053977,4.062027173701528,4.582804407646073,0.5240911200502297
9.712687433056601,3.8631927820014176,2.297802614585358,7.870774126454693
5.020430745326683,9.608749741702082,2.5169644790482715,7.885761189322811
5.513661643151497,8.101665845935242,4.131587074689338,2.3911215469210214
3.2199275422486586,7.516079129453985,4.035826604846392,1.364973908228514
5.238642271912601,2.6736690165231862,4.193141106593963,0.7644622349717243
6.957222693733104,9.185730034260967,4.815082960304016,2.077314697212599
7.760594232586385,8.450833415555564,4.182229993579137,3.720098288913542
7.784812744389217,2.4727765719513135,2.6304328128715637,3.2785278421458166
6.201020014246795,8.840532987648754,4.286034067592368,3.5072729131871405
9.139237974944715,3.4502278273342415,3.0346985283597534,3.1631409612164205
8.356670625754983,1.7278277124889545,2.110856130074261,3.9301724262739652
7.813433032287628,6.91140075862789,2.2116682725240495,15.248199391376676
1.5004496951241455,6.884241934458975,1.8953695542535933,2.6935026237684134
1.0619016599768438,1.8543880860905628,1.5799718312790136,0.8979333415597731
2.9120254947592565,3.869666280429241,1.7379616474146014,2.042317484977706
6.9717123452210705,9.935330160299847,1.2527121998152775,33.03207826439349
4.700777399942912,7.105840003078632,4.553803459729545,1.6401363822713928
4.621656333693806,7.570676499429963,4.724031238596493,1.2521753597771381
8.961281994066525,2.916255570438751,3.347081569975582,3.2841014073167294
9.060065633186548,1.7090386390352288,4.36195822643474,0.9111162176082441
9.182577376482271,3.492115207668439,1.7342844106125885,12.720773162365646
3.8249026886352455,3.2400854667387278,4.6066953009079405,0.5805897079176127
7.219502314653356,3.110896906732478,3.0254462385220333,1.9613519877266363
3.444698631469327,2.734788896983356,1.2686599704222203,5.2457536697849525
2.715488497670048,6.172801215898639,1.5652509779766408,7.189750253191475
2.661692116126323,3.9529312825763956,2.2359058431472687,1.8360907686255201
4.078968587772346,8.383105135427774,1.1742303214190057,28.1289187101212
4.869618578018395,2.655526760626456,2.2371735120697744,2.9513451494935055
8.478542539495615,5.181643637816901,1.2397217324755672,28.61361775542471
2.079019841254409,1.1229205278347199,1.9441104207713007,0.39215038405365965
7.614332626554048,5.335140902096729,2.0626790234257664,12.822613070366312
5.7830942277037485,1.5025439878882696,4.977475905467175,0.3358089236122036
3.5915080840839324,9.799511606853793,1.9421866950546578,14.386096095876862
5.4353762607954215,8.115329157853715,1.9567457957543213,13.023875719943973
3.6994786279932037,5.411003289728098,3.74715587343354,1.3657914337317956
6.364737597144754,1.7792862236141525,4.437429914065808,0.6266372405578124
4.904595305697198,6.332008967113729,2.548221650408346,2.8511539647854764
2.4796497617099087,7.828873756316898,4.50247207976277,1.1541359320482587
2.0492476710012704,2.7164552770427077,2.3605680829910285,1.511869497240001
5.920261138649171,6.113875067087418,1.7880635184600773,6.590659976468257
9.12171729957493,8.327898085445812,2.318555297310894,13.318853379115739
4.09561917901917,7.914229998816847,3.4374254957119694,2.685433111612529
7.597000965003609,8.226928160804377,2.468572637248295,12.05154792408359
6.927952194457903,8.913910823827479,3.691575215957155,6.440260526236144
9.38399422878533,9.439138919435232,1.9477435176899296,25.13630513383126
8.388829155692267,4.649690396831824,3.803971575956595,3.850242131509721
6.099447330149167,6.118921922705895,2.3897534529938667,6.757967019812525
6.9132744841069655,8.115935734410497,2.823473486407738,7.673525049026868
9.085478199256315,7.274258325512049,3.2309805617715837,6.746542068327949
4.595669061282413,9.959682054379408,3.7449000127439747,4.060271546310817
3.941152352719996,1.1230988599417973,1.9548547673949348,1.0604435138751105
1.0972997527167672,4.196198937842116,4.343782149643242,0.28396864940914085
8.438959667723179,3.5292513364318223,3.887370999020959,1.4857272452306853
8.208826303630284,3.3608426514898113,1.9363916760959978,6.939052909303892
1.9400906629013623,3.002768042489972,4.899898250411642,0.21174365971687337
6.191716430194302,7.382114567337061,3.6591879641218337,3.4737312746220863
5.1758352835019865,1.7628352594778967,2.8097075458668224,1.0827032175481597
2.0683818595820034,7.674479505490045,1.6301093022140654,7.32635248909338
9.825114043546511,7.240832578146461,3.1328840092325256,5.974548083904359
2.932262987170199,3.2572371925080676,1.6591035473084728,2.2683405744650518
1.6051076208150503,3.275504048486451,2.717966714791375,0.518500715391411
6.353626415517186,6.65974526810052,2.6348500909580754,7.306785878488297
7.649800094197294,7.859539949353101,3.8797585773898406,3.2197381270226613
1.2919910144246827,8.888370517786289,1.7695327248969992,3.959267128495632
6.9284587485432,8.669256074690281,4.287485419483383,3.0748390803083434
5.79062688356309,9.683946947474679,2.304529308064663,12.299375851935402
1.9293850798754357,6.232464058028601,2.7759545078751002,1.4884445595174771
2.5527148925172587,9.177900052063237,4.08936390221537,2.175550329202937
6.111768675844725,8.276619459343697,3.501569598854059,5.691869351052059
3.6672185216195956,9.052008618826122,2.2321014072077494,6.24272224716825
9.444841557861844,1.1046394115682996,2.544811698183524,1.465350460763252
8.368662065356457,9.6931269267923,2.2231472559584406,26.694897253888676
9.852104858622967,5.261771465618304,3.3790806691086286,3.5604691948255733
3.3370375505537258,8.183646906173585,2.330498132827359,4.972842236343816
9.727512695181794,2.1448370740400278,3.9027907791325633,1.3759133924300515
4.881104828124021,4.563469862325767,3.3191486343349044,2.020955752289095
4.127669157823791,3.443145967188918,1.582826446990036,3.7000952470788837
1.4531457427241792,3.624928934508433,2.2410744747195297,1.152976384367928
1.4748873207364235,2.1093005795579356,1.885789767640623,0.7050307784014793
7.228101303519892,8.251874492887062,2.5612528502059413,11.703539693235516
5.121360949906251,1.0831808312297033,3.0639363448374524,0.4188464776571018
3.0386946343249512,3.8125491128668223,3.0270514291364394,1.279374168872322
6.525732756927094,2.569694888947735,4.018094706253156,0.5782969652548804
3.2757230642510007,6.301350465475064,1.7566874544068374,3.8067832376799484
6.1986857890998035,3.2882716235308944,4.785891317189787,0.7405128827226976
4.232878722844213,3.330986090752897,2.3713804275286745,2.157174986142436
8.411970039506372,5.395043295957868,2.200995387664554,12.11439434015636
8.386265446901014,6.874201354068331,3.740714312720879,4.08640699861004
5.296153583101612,2.091742341086473,4.22206651473225,0.7821056273207787
4.157371984015141,2.5796030721894656,2.5138870592546136,1.5680946654585095
4.263038169031851,3.2245727013506587,3.9873878995759084,0.9694024412112885
8.251430731013961,9.763733927061645,4.534943824544219,3.3490312159237137
3.953615345178508,4.574372499486283,4.06721466082783,0.9197830911332365
2.881534363361614,6.390910815679239,1.136785942283332,9.060875592977649
1.7621950768777614,3.173885314443801,4.309475645464753,0.32138244162017027
5.200238087959676,5.414135726417391,4.09792383381747,1.7644620678498935
5.339188890278577,1.6670725694736226,3.677160952612744,0.7606071366950016
8.568178393626164,1.3126793133009425,4.040089676351614,0.7186917088088507
2.991148268014576,5.218601741393142,4.917701583327755,0.9070223906837156
4.428921463015599,4.587933587665709,2.7244515512733987,2.833893371645469
8.27565165004322,2.231922877226449,1.2688929398183912,13.747402995296582
8.412612496740762,7.188412860286603,2.8435598785108667,6.994126907288955
4.461499683808913,9.93613141809338,1.1857346215641917,25.801141698555707
5.132116209580128,4.560821390770412,2.1770016323538446,5.647718356040838
3.7295730176435464,6.62102772325655,3.347519167187036,2.164338666932979
9.392993905773809,9.66678348128037,2.238491571704625,21.136147024639236
2.067793891674223,8.483814752021878,3.7415809836381544,1.3415603567261105
9.40374480701323,5.171970009724172,4.287945310742884,2.225663427982679
7.154798066518089,7.637405360139274,2.6817567171181476,9.23067391956369
5.784149374180581,2.1532153622547163,4.600551805172014,0.4859169147290974
1.2939315470604629,5.608934699174193,1.3193557254016008,4.69078561897292
5.280365726398075,3.511542494619429,4.360452656801799,1.225179785216598
4.669732945024591,2.45047319106545,4.314292581757195,0.5674957831044575
2.450969307776103,4.836528156290814,2.2879755853070596,2.788027396873108
6.907686431505912,2.17913098990253,2.19486074849846,3.3731375815448925
9.740358166314572,7.29086597357037,2.2203799246140505,16.85891411364209
6.059699299580726,5.1061603964800195,4.245574849377643,1.4293362742445224
7.4327794879955125,5.780301693081975,4.32661395044078,2.3934893070622527
1.616054073094151,2.317383448013413,2.3188898353106704,0.5003225158703606
4.759002962352953,2.25794494984145,3.3703613897778473,1.2697349213870726
2.047226366480463,6.250738917341117,1.555732917761818,3.1575278286168063
6.515162519828594,9.865087730465017,2.8751149531240885,7.223616747068016
9.446339423927391,1.8662552491395306,4.9951714034221535,0.5748782097729743
6.955999592244747,3.5715828570920314,1.6353565908249874,10.543098910087455
1.6912274348297938,8.825132048840988,4.790250559840236,0.9007212965244453
4.191995844865746,1.6504481102971325,4.297018887860031,0.4237837284160931
5.9559704149676636,8.882971492302563,4.88885860378508,3.524592741278054
4.62886980519927,5.718573850372761,1.718315042442132,6.494455275973003
8.502796094276551,4.674400965337833,1.854073961773457,8.553154666685844
8.332039042389903,3.787125079163103,1.0674687269394347,22.745382420366997
6.506479180928993,3.674054423150577,3.898807251662422,1.6107703324825122
4.361121506194348,3.752223242045309,3.5763787737447426,1.0166158692733047
3.2980273638691973,8.963227728641762,1.7122617532989284,8.566972131017492
1.9528688639181637,7.51415707157307,4.164579862168288,0.9510747142060149
4.194079151378986,7.027507070480355,2.1967820245269016,4.59385689082825
4.718552654869476,8.188742340568007,1.5399822773225407,12.60017914068891
7.082406325936662,3.314031967037305,2.6902506600773926,2.9845427472712456
6.9234384186781615,6.562385308735801,1.3638793937074243,22.937639889839108
1.6309732567713127,5.140596150621558,2.0529746250929866,2.3911056576361855
4.55733383888042,8.04197471680174,2.4853334337093846,4.864635488048078
2.6360098049562573,3.7833049942595696,4.407456698056599,0.4394278926443511
2.4113143478512513,6.788607551829061,4.170194965172886,1.050790106757778
8.445719347635213,8.939911706355822,2.771017143002473,11.40916422474084
1.3772369504463178,4.619354285754358,3.89830023100955,0.5382625679937588
4.772645883119091,1.599598786307153,3.27459854471602,0.7787563939767912
2.5138329018986636,5.644457401076135,2.3633674203122723,2.606599438396238
8.913971941106265,4.113752390263233,3.903497373981139,2.683363367099394
6.0133646194753165,7.050028424924575,3.733996617865512,2.877989369641926
3.082425727391632,9.559296322737454,3.476377768774408,2.3041873419534813
5.521845584497388,5.370474861971623,3.4718220841730023,1.5873091907288728
7.583377237328042,5.195712071399805,3.731927969307907,3.3345583502284746
9.623062080274904,6.8912632017231426,2.538182050570153,10.728917464766822
2.9840140382087705,1.9314775323421092,4.476303260270809,0.3323432288219312
8.975635949164106,3.2815557003251317,1.6492313819858433,4.730446566604002
9.408737027507412,9.270813929503587,4.535541852956616,4.200299345271107
9.247784900788597,7.029483520273896,2.3691273721279775,9.599452773632443
6.718729211757188,1.1209963958507463,1.50012646243449,4.351810620789921
6.668385889912369,2.841629253031179,3.4001096107165196,1.8404392527045932
4.628895698654405,7.145535394260092,2.503946676281621,5.522621315838782
7.771580940734091,7.8795928230631676,4.261998908414077,3.079987442774543
5.781646165158388,8.558736154066377,2.7231418741150692,7.203105686791842
7.096942641054651,3.629591230438404,3.6742501022484393,1.5538516336382209
4.856121134639159,9.379257366498063,2.233031958019302,8.951967677594995
7.583468176388251,5.976522042201031,1.8378095001013603,11.866658742277744
8.420243658440942,7.268851201491036,2.5521961237952953,13.655795466117883
2.317926309425345,6.370649765019172,3.427231338409734,1.6267742281817807
8.496367440168052,2.1046604920715843,3.6277869568454073,1.6476036667022924
5.862668786112765,9.668031934463919,3.3128266611920734,3.625222256732828
8.60199318181202,2.105880219047374,4.952222874496435,0.8662993499884014
4.881715357069131,3.2939376077006526,3.764360745980661,1.1773549355423538
4.411364368447315,8.322650922006822,4.726078510387671,2.0459482966736933
9.235546592655002,6.567372653509913,1.471732779580698,29.808041615780805
3.2605234079356116,8.543342488387212,1.2454917192539154,17.93286045535614
8.597910927575288,5.641625695366404,2.2439788080478147,10.083365818043735
5.356185152584637,4.392939118299713,1.5463557535056958,6.286467913999513
5.626858982961338,9.296609495930065,3.1034741129130707,4.597600732205892
3.7762145334053563,1.3262708576331537,3.075925014093115,0.5688678043909616
6.157379805571141,8.705171983177413,3.3001886657758006,6.042975922241135
3.9269007664859017,3.0773600666900345,3.980911523324291,0.6785862703530376
1.3534247281748708,8.63862694978571,4.88531880084928,0.48588559536832915
3.4479874480992043,2.2527695207519702,4.513034765756586,0.25925503837459496
1.057411390659316,6.221970673214864,1.4734689583023264,3.9147690001891435
9.80519308351171,8.992971271103247,2.354054755082629,19.456437345789517
9.691724888377728,5.261856822090015,2.0232921001921675,14.081955460092004
4.556397677250745,7.7191000642305365,1.7072694311191712,13.04833090351761
7.555337689056814,8.242044560700027,3.178899506623138,8.075613357074237
4.112254885693825,7.628447878451013,3.213057608130922,2.549411889895072
7.039838413773785,9.327967631871385,1.9089793115522453,14.728711089635198
8.248870387413811,5.021508074679358,3.847589001226742,3.3920544787376925
9.520806202230167,2.5581289524864017,3.931657196678021,1.888923235839211
4.601910482647048,1.430299573322318,1.0839199793357333,4.26507886367915
8.049681846604429,3.2181388267375457,2.5830308148892662,3.4700017379350605
3.393356055689069,2.288777534922179,4.560562564806484,0.499566624169538
9.912990734142834,6.021538672910324,3.081274432975353,6.804755204114882
1.2319263888791603,2.6645080349055883,2.390511205755977,0.6648379841967922
6.4317592585100885,1.3504033656043406,2.0147046063805205,1.6437644117938977
6.935553834861944,1.3239084598180106,1.973418079673129,2.667410045018329
7.19241001366716,8.484125485283755,1.3990721354032254,22.323893434180214
2.083488209101801,6.323049382987223,4.268905676372368,0.4366637392110791
9.446768051258173,4.222767717040403,1.3466296215766849,25.195788097859484
2.6306495114507453,9.048052384662222,2.169179063447263,6.509811123023128
6.60478062915857,1.6317695026694223,1.1827029542654128,7.313801194810392
3.0040847121077645,9.822898654550434,4.125546278894802,1.5442422197645234
3.764947753191438,6.5466261122901495,1.1571347289071618,24.70677590766181
5.918126875553119,2.651178285719636,2.2332044154728337,3.0234947372608336
4.754740767081188,7.111621890792717,3.293189480346656,3.076887096117071
2.4420304087885567,7.870431338052064,2.6382454411737752,3.6968526264350765
2.5384276217876347,4.86408505033697,2.129084268996402,2.53121043735928
4.763303093465197,8.754693456209926,2.1007562897101666,8.213244935366241
7.8155468044795064,2.356591665668233,4.191161224024997,1.2195304280667718
9.081681821630097,3.509538252198475,4.89591238034898,1.1403766857816382
1.7571489603344457,1.841431254255908,2.3921642817951736,0.549081686609928
4.537935168034609,2.8979005654661694,1.156582054436066,7.237123236855892
1.9022100735058896,3.1485593072003053,1.1462631116364337,4.727306245132854
1.149332325693381,9.258698718295392,4.036853660842873,0.6618880151403328
6.95546814379561,1.7029871987604057,3.209479286436508,1.3725522324975319
6.42204497769929,4.846736081689385,4.134370629669322,2.1331831400426067
2.467172024333976,5.791588185042217,3.789988041154299,1.1044935263678133
3.104315497837577,9.088237484219448,4.630025397061586,1.4198429122106044
1.2133697828006653,9.979265967950921,4.5432971641864945,0.5780157118721878
8.514524851249632,7.780493034278522,4.1533095824847095,4.308612218024588
9.772215364436963,9.737118915121265,2.900756640168575,8.792655536460561
2.2191358311522174,8.083910192822863,2.23250563041541,1.908382923490429
3.083276923887683,9.66882376874275,3.0281071497785597,4.006725471328252
8.815685715522406,7.365436533500096,3.0082864292792943,8.142313697674293
9.338174181605664,1.7178708290596396,3.4411021955573506,1.3203374753449366
4.776646445261293,4.617281682934088,1.7443902711316164,8.805760670582375
1.4556022504216672,6.819375554222233,3.622479521779955,0.6457746503062132
1.3545265032353746,4.156466585088259,2.826403696823263,0.6053224393057565
6.165548794621094,3.4604552630240075,3.4808193277634367,1.4636362496539972
4.536055980038611,6.196593404197818,1.9584192916781826,8.160556666548736
1.2578718481988906,9.401516890321915,2.73757957550942,1.0784030979418961
6.249271530813011,1.314836861645382,1.840804857810081,2.0529008093076975
1.1017228293012022,7.923080831872939,4.501220627027207,0.4557934773515476
8.086347623343457,7.504545502401644,2.9518441801661504,5.287237998934955
3.7578954043303443,9.675580828494583,1.8999256622952485,8.742530943203413
1.362322027083089,9.376401000992892,1.1648347829661851,5.250218883714143
6.29516998884838,7.8600930583977355,3.7029546586141673,4.045819200839578
4.579159729897492,5.683678882143388,1.8585788559590228,6.4979847554548655
9.764203720214345,2.838407979101679,4.958328769275113,0.8794590952218673
5.89778796253332,5.907121464930169,3.1348014936606865,2.627002643767637
3.477152629333075,7.8881679452768845,2.1559079849921283,5.407596815267333
7.384949781705773,9.061022913741038,3.6307097351705213,3.471986752819989
3.443428022884402,8.107408082894942,2.100879693752342,8.782315471279784
9.138189622668087,2.757402416719486,4.281097175638986,0.7191082083423823
4.372497734566387,6.397176828052535,2.2329442037197675,5.10439761588057
5.948817064985847,3.989561135782213,4.9529909295836365,0.9881175479147895
1.4551579344180596,1.0828510065157868,3.4205791417811744,0.11378821868433431
4.835091141570077,2.8019884220979945,4.377644595770653,0.736945516802855
8.491271856948956,2.0189858494010435,1.2912618783136889,8.637694583939297
8.250839248270077,8.584472111855217,2.3931976695447528,16.151171802329966
3.0188670296817364,3.326556269330308,3.9499483446645987,0.49962415481994615
3.034711639095064,3.5622817199879995,3.6202360693623308,0.43696549930130496
8.35574780991913,9.639429146189958,1.776972485735031,18.883522040017073
9.37358578152393,4.411780507439669,2.4248117220388394,7.577044686435941
1.858248291457032,1.086270761299551,2.0537736299501637,0.46727353364219354
5.050527754836027,3.554615335115229,3.453480679047372,1.7317062280786748
4.0370885106780605,2.0736962254163123,2.3782729178351,1.6286225743756553
8.836196099116954,1.9252770556226855,2.2362169680013992,2.969050200206903
1.751724232120169,1.6973856112217456,1.8295119217453668,0.8014391444562836
2.9001334830223366,6.339335231578396,2.6361084836585933,2.44177649444498
7.772215038278449,2.704129512668728,1.7820103607862143,9.11264678338538
1.4616446408309403,4.251185146369094,4.850278349510529,0.3006239065809728
5.432818426428604,8.75815944517015,1.6180072459812136,25.05143727208983
4.9789633121174806,4.819043258166481,4.653218859835105,1.2944747661555953
4.009610610898738,9.241222150464738,2.713892392626328,4.9669314009172405
4.551150837870314,5.481442480560457,2.5114639662468883,3.1487988928903965
5.769465282372097,4.589529533557801,1.9252792036193953,7.431500899602574
2.452306225495448,7.753500343816315,3.5430253374700764,1.496251229983202
6.147962904552335,1.658575888912019,3.7421120600433455,0.7145321438471833
8.248890963699877,1.8053054468417566,2.87028384900967,1.73198348395303
7.841448368111431,6.867763425306646,1.2228275827736965,21.231000728848507
2.385099142243963,5.382466419153234,4.6740406027542,0.7358095020685813
2.343245227673265,8.113737252872891,4.921316531505524,0.7770903004798142
3.41356930970422,9.246437536091783,2.72417366084734,3.050164145341073
4.249672537069335,4.495301899043928,3.4546432296373086,1.754923345512496
4.676100232676344,6.367690239261816,2.801194504974987,3.1451844562003926
7.117274951500107,5.506269650157789,2.2875186035444823,8.331321809736377
1.5101238894925186,9.834495900781896,1.3092751714312305,10.191367612642095
1.3120543380345975,8.479759666209358,2.8242709215891955,1.6792792350204935
4.527195066495182,9.205639374496181,4.273538225437806,2.2085186489290973
7.274473229241824,3.2890607881984377,1.0681258443520143,19.23595259367402
2.7409180866083434,7.952737808463349,3.3284307327208893,1.7214257007216733
6.773540331306266,3.3892590249788404,4.5230884349067555,0.9599854333569833
3.338453241462695,2.878682800855509,1.870197720057432,2.7381982940575402
8.974774979321648,9.498395436899958,1.7330234587562487,27.195058611559247
9.061209498399549,1.1737397504607998,4.089106502807772,0.5310751871345302
3.6755848385319383,9.688498332970866,2.020345724477173,6.728570350214854
3.0699437856691647,2.3433570728992557,1.7679370702425938,2.251565597305753
4.701735748596081,8.374942736139413,2.51195700227694,5.698529051038334
3.1647842666213384,3.4833029776129276,2.570008049080872,1.2880415348238625
7.051454589625333,4.156320946876546,4.496404252066264,1.6904338265580887
8.43458216093457,2.9508194018978644,3.4737738877347075,2.7935471385539925
7.057829178200953,6.269626382329717,2.6238458253583574,7.664802902422216
8.419154025244145,4.132859927570866,3.1375518571430674,3.025464090676176
4.572929459867267,6.916537355451969,4.815860933301097,1.3500516896632009
2.4068527363797476,1.1408258614785938,1.4528587064395815,1.7016033964704516
7.641558526578329,1.5793739516353567,1.8308620868987657,2.755273439561919
4.2442705462739845,1.896950374581238,4.850114826346221,0.39582914623172927
7.041437427062193,4.77094316779208,4.8292993941088165,1.023269632004099
3.435795477835891,8.333165553939786,1.7086616850590906,13.109738640658836
1.731066713260054,8.993601193405445,1.5804352685011929,5.6965289717778385
9.933236159389871,3.203296660548107,2.6843405373544793,6.384450868550381
2.4058135713753934,6.1693275181511265,1.1988731699518764,13.895475464700041
9.89578894567133,7.915284934233404,3.6196141291405604,5.851243656448015
9.795519393098026,3.599464869276478,1.3099840866469687,17.59006586629336
8.144362935172357,4.6810696306264585,1.232118508377123,26.091198816317576
6.934806658737978,5.715767824171426,2.940747744835397,4.418309166781044
6.200263452259763,2.213873617672429,4.831146544440406,0.5408818493957692
8.794913908400513,1.2338406435320228,2.7071837442526383,0.9896392717647506
3.6049556945753913,2.3752522838645493,2.4259246346422043,1.3052410836416664
5.209130912363893,6.641682591281801,4.991826862009144,1.0800664201759107
6.574509724298517,1.662564353803135,3.1278758431167337,1.2404941473965774
4.70071428282542,2.707267283651155,2.500965627560994,2.437889567930674
4.847378086812412,4.0406849712577335,2.5434432533664073,3.476253346154653
3.9725620075187598,1.700830578757297,1.779837984134042,2.278951960767727
6.078086350160825,2.72529344045471,3.0488922297901557,1.477984069318127
8.655170752136044,9.201428100851599,2.7554201126720232,10.92042138426381
2.813755402056816,1.1736921900428627,2.0831811853896536,0.8816625308609856
9.409897348780973,6.880887317569259,1.6421603464070391,21.195192019292925
7.201788883734067,4.459680378236664,2.2449554746702147,6.524430810516207
8.409458914120272,7.05383865489134,3.034733310750917,6.2536050357715585
6.005716233670105,6.298225483270641,1.2333330891392067,33.13452680180542
8.015650312816572,3.0114887891917985,1.6149761143358239,10.831499501070835
1.1458035760552048,8.624885388160497,4.790629067876381,0.48306570863016096
8.365423823015817,5.427463443484211,3.171421404125356,2.964273974457136
1.3612497317682988,8.402824170221246,1.2537972146401515,7.527786590807363
9.009220387265762,4.654112825693973,3.772351035078292,2.855107687336246
9.927664725147789,9.862169985237152,1.247211480316139,60.88165725705016
3.6466071595910003,7.934404226511667,3.955496908185492,1.2710378474725745
2.8928670065721427,9.693551846013161,3.9998508868801075,1.3714447960699154
7.888270274722366,5.62893831018873,3.6043159029970107,3.3714296276297775
3.277237068282279,5.2632201906163045,3.928818178477399,1.3665207729044768
8.790061448549832,7.7990842839273204,1.351863124052231,33.08163795215716
1.9255833294172904,8.922621367120872,3.9071222094210705,1.0354625649651243
2.1335967674142244,9.677312162790022,1.5467532788955318,11.704547712078984
9.81236399590554,3.9209671542924975,2.3580236290873753,6.50866508165325
7.064550084430042,8.18834116458375,4.7709810140025315,2.475893454276083
8.621985019860574,2.89581037871983,3.0115019106365604,2.6895764866265037
3.918964396163662,5.910169120709007,4.869705728332056,0.7138765903680906
7.08835374568544,2.6186333356827927,1.3556898355469502,11.254462639836474
6.348176445777375,4.12657625575305,2.9102263982527203,2.6891642241382043
6.428351081106523,9.382225304858133,1.2496092811074826,38.39168510017502
7.142792135839494,2.314816297957775,3.520841049597139,1.4523442496611052
6.178232558161887,6.691608056216769,1.3148280054740655,33.20521847327762
4.861561323723993,6.33658845634663,1.7014712101615093,7.836514879757065
3.4833042494249216,2.0866451743808785,2.035321240277122,2.058120403635602
7.917231978218818,3.933811393919309,3.994975406657933,2.290510621399436
3.036451870028676,6.066833540637392,1.655848475272299,5.8611328951505985
7.231188755389727,2.684607480896412,4.386528213172271,1.1298692343377637
3.09999540384394,8.205612907715338,1.5276157553232035,14.483268398115664
6.627971529590085,9.749408585812748,1.1409777962806253,42.04272746255546
7.723704404161261,2.9328345996622485,2.5801816758786713,3.5669393560522646
2.968425000158853,2.682207683115183,4.917766567885181,0.35587083352770693
1.5394897077517746,5.094415646177001,1.441368911155109,4.178342636832163
2.178763686947567,7.729887494260289,1.4068737761585162,9.81805657310316
6.453972705439229,3.5344054921172625,4.004666043182496,1.4696736584686572
8.64501765603162,1.1789191782755237,2.248646775974261,2.22259219136559
1.4049713911188193,5.870985652296046,3.8691264689028677,0.45055669302095547
7.6073613313748165,9.609405109905769,1.8000423577734534,23.3013788332631
4.071867813550469,4.52149169866251,2.8402879767926517,2.064764324870511
5.306755329275703,4.781210987647904,2.0611595109956715,4.503340893128436
9.35973594861009,9.720115454026342,2.8061128595163476,10.377286913623951
3.987743542622609,7.251468504640555,4.076388370341215,1.833993905582972
5.188032405455375,7.472547305579127,4.048039761910647,2.5720242626887915
1.12314173284613,6.064318048339609,3.0630891506948945,0.5417706329780694
1.7343884800435454,9.771482897769175,4.713487374884204,0.6197644165525383
3.327324320213056,7.199798359830005,2.055136409793096,6.494019262810149
1.2506701673896696,9.055294764446526,1.9612454044769323,3.2435239450746325
6.682377934434259,7.294409791598991,3.455225604701735,4.807286199571221
4.837585211214603,7.616042423563563,3.4851881368671562,3.8630205082162856
5.933306824552198,3.6136982992802187,1.186160158259896,16.878588593530935
2.571824673066966,3.731308282124371,3.4311108495475904,0.7475160971924182
3.6633882649295453,8.046861846184264,2.4977446293960575,4.8336620047898045
6.974420273674526,3.6703566025290963,3.9897701012822364,2.141993493142227
9.687724512673599,6.064930637213784,4.2324226581810915,5.093428271175141
1.4537509624198828,3.244170798160318,3.2086152781881463,0.5005267453652962
9.013458887697395,8.352850427281624,1.0068201260090603,82.22682254932181
6.1919308118008765,1.99451216104921,3.5454632406665683,1.1250608937708249
6.075276100800614,8.46501975785498,3.9955251186637373,3.2367412622004603
5.502506816869843,6.424568204568416,1.995933064926057,10.939435694781459
1.6245467731376504,2.6821858134436956,2.858584004563155,0.6407407660842043
1.808891665625446,5.878318469555063,4.862906493647153,0.4815182240717135
6.4082080509317745,3.542489531626064,2.192462213576414,4.422221615266753
4.0686271429200245,3.9112060125744694,1.892613004166963,3.091414702124374
9.255412599199126,4.1637523743719225,1.8434191619120406,13.001695529928593
4.65931483623525,1.5698732227508885,3.235203337415985,0.7286003775063016
2.28953312832377,9.873655159612756,4.799148405232026,0.8366881840467881
7.432469501518324,1.2838116531810169,3.434760516801419,0.626024649660649
3.6401807929690886,6.962471858658506,2.21329248095064,5.85821282885355
5.7292327662030385,4.3410488298168755,3.5542791122698163,1.3382555202059971
7.2804950695465305,6.814092618520291,3.4993691903911497,4.294037957028623
9.102377000818633,4.206234277788254,3.387700542918617,3.8989264293065324
8.129720753215086,7.063755816329729,1.637704827553208,23.765920757095582
7.087249610854517,7.563119585215247,3.5382671973799766,3.946923121303581
7.116698641556292,7.214973763596803,2.7206578100579986,5.203543477940394
9.513321796288778,2.0256578322233705,1.0743682344921335,18.65529491845558
3.662416877468824,6.912039111892161,3.1590579485899806,3.1456985597030696
1.0100088477656866,3.519887945086876,4.9570669808736705,0.128106190558585
3.4475910345837883,1.2592123351240017,2.398958363375934,0.8308203467277079
2.961022416640696,4.733476047000586,4.862236873274632,0.7803789261971998
6.956511266025983,4.90188792523421,1.3848229666503782,18.986452796501997
6.703404397889761,5.2045672001720185,3.929800463469225,2.0797987847400066
6.341152444342514,7.3434174885164465,1.4573199786513413,26.490178088153613
1.1461909888850834,3.7795942822821322,2.0942862942210967,0.8420119345155199
7.5590024900558275,3.837524617935303,3.2833633412884975,1.9921482603088116
3.9117737123694236,1.5449703061713453,3.3711187759069956,0.6181948076636689
6.98550390105968,7.181390943930664,4.100845268936685,2.740723286863675
6.0092058565193796,6.110434822596256,3.461245628909757,2.870932150945236
4.084578328851165,4.144826014244092,3.374458817522243,1.3003511254382973
2.2111864039369697,7.346700810256192,4.649412347956553,0.6804239434924945
1.8497700789443285,5.8362197430418945,2.8086430088366288,1.7525566558339218
8.483664998010012,5.223204512834857,1.9010631147802202,16.337838839526732
9.265577878734021,5.6019208929501385,1.647154340094521,25.99914007355969
6.848092420878697,6.727133127403508,2.599978387237999,8.300725448251494
1.9309070337443504,6.9400234411713955,3.851011020774783,0.9878567098442146
4.618244951994166,3.6006203722664543,1.1701739397196036,8.665099072726212
7.560452800946415,2.266690270520379,1.5162135460376245,7.174931367673708
8.018387956090613,2.409707630714669,1.4244538404145577,13.630154284238262
2.0639676006197973,6.754517973127014,3.341000612205835,1.1401336561147948
1.0002764696084419,8.855859571904134,1.971458602125065,2.9693598510958417
7.409233412925445,4.685466505109966,1.665037713205586,12.65995603820906
4.209365583875851,2.5256814429651615,3.3710828789720892,0.4344321310296858
3.290331984564342,7.809422484644692,4.045239661809517,1.7713998845916783
1.116077228105729,8.492405269775038,2.3286196658106575,2.1906140826296876
5.8626946608534976,8.925241988088699,3.3128184227063846,4.7211226837149285
8.660356618833836,6.461482860223599,1.3924976527978408,35.975737467753994
9.61868481645329,8.746557034492762,4.74076412183028,2.4946728546776438
6.091704555519603,1.138734626035669,2.3475847412590913,0.9098908670040857
5.630151949659048,1.9651222159257116,4.9900227726940045,0.4625343954655393
1.76550746940317,1.8331846034688888,4.914351023399128,0.14679972628031593
5.939855213883398,7.413442158292597,4.115293797343246,3.3055787401790733
4.419811710688552,1.6262360518922112,1.0802683816278669,6.946248180740404
6.464217527952193,5.467279352196764,3.173899681537453,2.670803503251306
4.49853713088892,5.254362087726602,1.347345681760046,13.575466387278748
3.1626921110533006,3.7963317120241684,4.580552103846065,0.6410026826613493
1.8546874770553885,8.833646529478898,4.158545010589611,0.5922627280493673
3.834266001300062,2.533898816919964,4.889361506382732,0.40286600377781945
1.8698035085897704,4.1721650595931585,3.4335318125991816,0.6173091417662709
2.5920725574158556,7.967543500206362,3.088691217937352,1.8813650173400216
9.886025427215912,1.2738008295395582,3.0758954237775504,1.463781404869127
4.996932012159568,7.056553602217318,2.5457934978173795,4.1896369215465965
5.786845898545149,8.347579537254134,2.874760268916564,6.332546486000264
8.862566758634937,9.390410549543505,3.5416503325414013,7.377305611293824
9.960120104416191,8.886669764423363,4.731790430225109,4.810109013180484
6.244430044102134,3.8744570515031667,3.383537353024124,1.63847769712306
8.312264389397544,6.2772772719065735,4.428463769269468,1.8596556725220017
3.9424692190300776,1.6956414383541927,4.451119645210003,0.35623576877617213
3.7516956170256197,3.3208300319320774,3.075330703393037,1.2418958626734848
4.6243334889510415,1.8480014087275665,2.3898785659904864,2.3648441984906845
7.0525653640628425,3.8366856113856747,3.558295493328324,2.3330416995785024
7.139725203295889,8.876684921128561,2.783509367659371,8.275031061745562
3.837154911845057,4.124501557068633,1.3257634692877316,8.693036072376906
2.198889317229658,6.0570829270128375,2.5112364017297346,1.5974825067137721
6.691566308189577,4.900427633034467,4.9762885521973,1.4735284563447917
2.1549327596988808,5.130248718688618,1.1940474801051488,7.631317323000927
6.206432574063971,9.726148466529024,3.7866676476037067,4.143930701455968
7.2407991525067805,3.6653902143747215,4.364754820284988,1.4194292205527663
7.305503467550064,6.645920225708542,3.594903613901515,3.923124956012337
7.78124899593637,4.780564026215023,3.27899292465316,2.256286471162894
8.855734794090981,1.5503156294291758,3.83021766791503,1.0924943954709212
5.499630927683096,5.403977484618124,2.7173709491986227,3.343483981445087
7.572242705766141,8.320089961405975,1.365446949235507,32.858290047515155
6.57255461829253,1.8887767181351953,4.8494870172135265,0.6636223833777675
2.6797594581791433,1.6263266265667808,2.7292030799367843,0.7933343282240632
1.2312068038246735,2.3826836835394,3.6615569486720703,0.14439251192171237
3.560872471092404,7.879601002503755,3.125241747557181,2.8900977484136288
4.9873033570385745,7.5159584573026414,1.2186922879102182,26.615991387412766
6.553953499857907,6.085159920154995,4.810986403970154,1.2035656084242068
8.649633974528848,5.214037636833692,4.170148904457293,3.009682958538015
2.766211450355491,8.994932332323598,1.5963915778775797,9.990500569290063
2.129948109086294,7.900280414501342,4.926595505153067,0.7202163931512104
9.671319527268947,8.307480261716247,3.9476054886868317,4.209573738945275
1.972401034387664,8.319360712155888,2.8892866017132355,2.1279570451830003
5.306419630964703,6.784454392710022,3.445480226238293,3.5410147922246824
6.270073559139717,5.122131618843513,1.42694672805839,16.174333559015835
5.872369788166944,8.782099773270854,3.241646040062444,4.4032774290200125
1.7742894132964888,9.334066758429255,1.2946442880682376,9.019105770018124
1.5132422260325744,1.2142543893250872,3.1794210284772078,0.18978219637089522
1.949350847149321,1.4639938593962616,3.2107827550511416,0.27952802762088963
6.270289154853512,9.628689672175936,4.497755140642976,3.524519812958688
5.89910398870889,3.494445524597753,3.900230001089176,1.2249757800632053
3.1036671283306982,8.860324956844767,1.9982095688604802,5.208954100317504
6.739967276610324,4.4991560706526235,4.553704568751428,1.5674878498009208
8.380607518500845,2.0719005184842003,3.292970659392023,1.4483528672851111
1.3742106386193438,1.7239888018840084,3.425517914296135,0.23354450805932972
5.483169491932381,2.4085710917241085,1.6759254768887133,4.709079671339406
7.203793708924213,3.2490387538062824,4.431094383876456,1.3481630401718918
3.2708073436271836,5.396665185377436,4.7238604600661755,0.6305493221455769
3.769938147638342,7.313481105092052,4.099962597979633,1.687243311315492
6.522741126904454,9.8775871883677,4.763009810580025,2.442816936643454
9.081417640993632,4.9735606896025395,2.2091996164893835,6.995681288099671
8.289319782726094,5.663664481087989,4.444476673451085,1.9673845286517404
6.248171971896252,5.6963413124493005,2.95557257145497,3.6307337252055887
7.571995459815243,5.854909199391424,1.6556688117743397,20.198762728220593
4.283402231870188,5.65966591394016,3.6752023961336047,1.5898591571718026
6.76868975288882,1.0789727955572603,3.7364810828235155,0.39007577702787855
5.195634320148013,1.0155233989885664,2.1476980550267606,1.1739631959905523
2.7094252281180484,1.8789968631351064,1.1099733265102802,4.156285507764432
7.315644464895315,1.9140094308626094,1.7993890363422533,3.8990187184376603
6.008181736139398,7.344072180593164,2.599110190695547,6.321151144835368
4.227594237582323,2.8442442926439977,1.6702516442394741,5.15173439006772
9.202052710707676,9.052426942800516,1.7761197929584167,29.948311831211086
1.1884070604405994,9.357456966193176,2.565562657529078,1.8869097113671018
3.841958361245464,9.783040041063089,4.847146457234242,1.2210378252262344
1.511932579998819,9.451731743983181,4.056974061630593,1.3694819122750412
7.898745845994645,3.4469948972667215,2.2789936049062565,6.344359986725235
7.3189670870241335,5.587991602331613,4.806416275674193,1.9534306776218218
3.9821699686268532,2.579094731772469,3.5825871690349307,0.6138564873529553
7.080966119863657,8.255886896551898,2.8217985785605606,8.733442786784456
4.563435035763549,8.995885346296864,2.8732007958205883,4.474426838469814
7.806284122801909,8.661599553677634,2.6429778713415675,9.303464220338288
5.0876529646303545,4.900302538271514,1.9319682101837587,4.434110896774049
4.71051755048499,7.8280649621810285,2.546528768854823,4.274372609233288
9.412569239394708,1.878212526186425,3.1115855361735703,1.986105299031236
3.2579118990163023,1.3622029355732561,3.112109402920884,0.5504320692585314
2.084026059969089,7.779127728778848,4.046947608850072,1.125465136681573
6.260888019335123,4.8281974689581535,2.4351914286294103,5.760976974487467
9.72389631055761,9.959943382656123,3.8671921172158097,6.392097604989332
4.40055292354468,1.8752879426997917,3.3123673550747386,0.6909591330470654
1.5583308726590337,8.700649133817103,4.847381618107338,0.6103681445756687
4.0537474057861065,5.319847589760926,2.5411397041359307,3.888273883558944
5.553384888876026,8.444351759534893,4.604865857043161,2.2136667828599697
2.4573070596899234,8.354145539531304,4.282570189193158,1.3902461676766662
6.922919962508429,9.243928012258696,3.5506571383578276,4.857737483126483
9.979744501091805,3.680650101574925,3.618057866968469,2.255894847397782
5.065655283832994,9.548194181158028,1.3385997384256427,26.93732195836352
4.192557010571914,2.3650026432185824,4.800898422373729,0.43931296573653383
4.6063375015101995,1.7377189983414147,1.4277442539829757,3.862338446966003
2.03631560555681,4.8845396563511425,3.2529332349740283,1.1807376249990251
8.949462412836013,8.454906717776584,2.320283201796618,16.318438104946306
4.733430899692168,5.26079017570101,2.719407913159407,2.4035990985476476
4.485469702823572,8.463580097774628,3.440732043347268,4.190770243437697
6.937212456374269,7.567181252148747,4.635405511529287,1.103594951328109
4.978300788380112,2.884855475250402,2.830268494289206,2.564178024927716
6.8341012192706145,9.539934624095174,4.9509182212257645,2.5070014308596518
1.5530166111770876,1.5470305176646306,3.371248261405999,0.20337970369071157
8.323510093500047,9.084517367894154,1.642215770568698,27.701510457737033
9.464535575914624,3.739991040913366,1.7600371793250091,12.307177287798593
6.838888475434474,5.5013327484795935,3.864444142357004,2.519164369558782
9.591093359729296,4.801166854306611,1.201591176973527,31.042560267943593
2.3628908293296695,2.5465110122522456,2.9213663048889074,0.8896149721288581
5.2967457053231835,4.223321797615238,1.5928764392140664,9.813881284038187
6.416260605509025,2.7364099266351576,2.73287454071138,1.9000441326026816
6.23562982679068,2.834978279144715,3.999669688286878,1.2687459889013892
4.613156011801389,2.683511524237423,2.8352517129657366,1.7014157232930684
4.042759684296352,5.401156423119348,1.6538044359237078,7.112911339924395
2.1414162029537693,8.18138230760184,2.0077014814265697,5.034987781618848
4.5256820550605035,6.120730303851169,2.4701583546087296,4.3967402232984325
2.463947335949366,9.038859296957577,1.2782447339456589,13.026352982472245
7.609291088429965,6.728900397190518,3.3373505443244875,4.368251292707113
2.87947841945131,7.20406104069344,3.4301351651122007,0.9068798853026755
1.5270877475608047,7.008465067543028,1.2486077085302698,6.141761778784711
5.971295240355109,5.04513273865367,2.609245284696648,5.056135641718198
6.357067594474614,7.204049399800745,2.6560027315388997,6.462870968620898
8.84721755152455,1.6273697182206504,2.335278274210405,1.9614745527238424
6.192834511759137,8.738663247240968,3.2309589613244474,6.18422369546756
4.109327683511012,8.000309290995256,2.383829960240447,5.439815716214822
8.227106933736884,3.2070696240851095,2.665637117911224,2.8060423521674944
5.862510038686789,7.912292088286741,4.190094189766422,3.8077054341071284
1.7135225616807257,1.1137834126001664,1.6484374217208058,0.5544007046116131
6.09265504281922,2.9552191523279236,3.4764587812136836,1.7518296666711586
9.172166908794962,1.5862351480380634,3.0223776067633823,1.3476677971324758
4.566813629483985,8.022042249561052,2.2202865499173963,7.633444373402604
3.666932217098201,7.802867360605485,3.910138625961643,1.5337535062932979
2.2912251131621804,8.322724214216475,3.204753438164592,1.3965041263680418
2.363009697418216,1.0403352399297594,2.9094461078427813,0.3207454519858254
4.89494335907637,5.511094540105672,3.6706772590848002,2.1644231397135747
6.361118417453766,7.343525777656028,4.209161231925443,3.240216934829938
1.7255386465264158,2.398610158651139,4.890675160134305,0.17185019607382432
9.456117301226492,6.848116547613622,3.517401473505494,7.5583755231120735
7.7962025570067635,1.7569908937871714,4.497759941601531,0.7134514432009464
6.279615264552964,2.6319327049388184,1.0043661640918278,18.241363988934644
8.455948038450916,5.282171334951409,3.120942770903565,3.3398112853700246
1.7216808113090196,6.882086374129918,1.8585901950807924,3.008816824309491
5.291549899598119,2.312822142585065,1.3767698283325487,7.127649334715504
6.67083814175497,2.667009977478441,3.1278840682575684,1.787827016710688
8.457876155064604,2.840017303590967,3.9873060245963763,1.5675687858630964
8.05122604044341,3.148307242290806,2.649090089897519,3.022150510197177
3.493623247420597,3.038984636736621,3.6804297973777396,0.8029205449778294
9.467921526032839,4.5563419764787305,2.9588770153637998,5.044216644776587
2.119112572877833,6.884106857530506,2.748343463837704,1.4753787279391468
8.876202567590369,4.942286048210227,2.1610265617434425,10.60083982777675
9.738462246441568,7.983765178748993,2.530374058004018,8.014271944822859
2.5943817090036303,7.473416553537533,2.3991825231777115,3.4925402401640735
7.4985945778340675,2.138742226441681,3.584748736059526,1.6887164005592605
1.3625696690019862,1.4395746098866953,1.4640740451165581,1.03965018690694
4.648805426252395,8.901474075996454,1.370545474751224,25.001072058554932
5.646549692779066,1.7184795990658608,3.6400519768338415,0.6008951694748149
6.225807033186706,2.3350526264774176,3.185192279515523,1.9399007501285508
9.423435234237036,1.1991994800230625,2.7208003869706303,1.9468591550879357
7.050256185647752,6.655027287687884,1.6097715376316142,15.051321219757657
5.331501560973133,6.241335068425137,2.644108447477246,4.307644092699767
8.287075326393005,9.882132997917301,4.158927053280046,5.922741834388559
9.55479538858968,8.982391566854549,4.558484943157028,5.613905645984559
1.1985953381406176,4.6975885973281875,3.8103062798568805,0.289724283865106
9.842691450304349,4.344272568212815,1.2396487035235233,22.239272901031043
1.775189251573123,3.6716683085198656,3.6816391064044742,0.46703928894665286
8.329481013418853,2.3716622803409324,1.9639423581851783,2.8977560608291446
3.5230127729627125,2.2427529094180816,2.2610049721056202,1.5514711734971562
2.1896169197848456,2.1905533720864487,1.7834928318399381,1.8655253167470285
4.9587007574245145,2.027032814681007,4.103023162480818,0.4252721852588239
6.795609215028522,3.164608381649832,3.594408490549116,1.706852063052129
4.428566605211275,3.760017672818048,3.4473402183967234,1.2381208049719374
1.4910886745442906,9.654210739350242,3.6718904386771043,1.4178665517808442
6.395150256928449,6.206259259016972,1.9470890456156136,9.276051816325126
9.121629484996072,9.88836197061953,2.7785776573014465,15.232185535269256
4.4489382935252655,4.352202530431059,3.5330148861959567,1.3658667630823678
2.946994998677443,5.118639693304969,3.5463761104732017,1.3843907008045317
4.983196113395339,3.9212079324875124,4.167407451020522,1.1818058626755141
1.4352643994390277,2.645988858068974,2.1484158667524422,0.800025473044471
8.384388260322474,2.2884823699982126,4.081344486787289,0.9697728207235566
8.437067298551682,9.505712780270487,2.760737922467743,11.20263242155487
6.292004170866655,9.881296136188801,3.6806907682357393,4.184929151038847
4.177926000445505,1.404185468578584,2.822877520261147,0.6346466159919271
8.198050280012051,2.353112872585899,4.794440679163773,1.0864117104840079
5.992183223095305,4.811716830709203,1.7172090589665778,10.84846960984502
8.433390776950146,2.677001287099666,3.7000203543294283,1.8613660832850023
6.683129133247186,4.274923542641949,3.3061400030726356,2.409051181353505
8.059649258915176,2.1618671487367003,1.6909241637909784,5.867254394502004
6.38706693895984,5.108605810496112,1.2640253432466717,19.406446507631475
4.7272696139409955,3.4452515455233335,4.1965775558866545,0.9871597533773973
9.621512739335238,4.167145501827948,1.6298053345850607,17.03171973113628
5.870024423909602,1.8488138631647284,1.746026731143104,3.5383088515631886
6.445805666864845,4.853152456391276,4.913736895956157,1.0902259094793445
2.984388754732743,9.849318498654128,3.869043405906523,2.26229825685364
6.6308571048454885,3.959497421930713,2.00194736640489,6.594717516290029
6.144468845346495,8.887863473581916,3.363795840606405,3.4355827407281456
2.6635455815232243,8.588792274613166,3.1364473536100532,1.332374056934904
1.5362838761782935,9.568525764674895,4.37789307005539,0.8126802852089201
6.439233877432939,8.110985610403851,3.9172829913304974,2.8389568137243
7.873230424152885,6.936371443529334,4.326884501972743,3.1684690186392617
5.710612338298074,8.709259998047118,1.8460263519094497,12.330517102955568
3.0409536278768114,1.6808021259161467,3.5608768174680208,0.4138371392968066
6.998697790237315,5.16547591478927,1.1609634336735213,24.792065227188694
1.7209515394864203,9.90330614753553,1.2757624491168804,14.140558142053141
4.976503343217591,7.92640136165259,3.854108130818389,3.160258225858576
2.470300825585782,9.658678402335008,1.0976804105757254,25.138220472775046
2.6601314595389502,8.016709205201312,3.3190600356020368,1.9451485303710978
2.820645542423833,8.873937706979298,4.36162039377812,1.5321393977506774
4.480363513395801,7.358766690728719,2.5197672336721144,5.287933466848961
1.4603518505835786,7.844518039755158,1.1793617473596512,10.657038704616982
4.580140968361883,5.708602088555506,3.8553897985149073,1.7334973722647864
5.605367024032308,9.318139307327197,4.718745809856603,1.6901114996517195
5.349648564696927,8.425350195610255,3.8686855682330714,1.8077447393506048
4.445056903627365,8.59496469099069,3.313788972011101,4.63999566889186
8.552319472636771,7.057081908667471,1.9201153195162401,17.936861917079558
2.3079402317845368,3.741219523785241,1.061502496177988,8.497067098161692
5.5512706940323655,1.3206681585112539,3.778688433916213,0.6664308146957895
1.5583727526089888,9.420896164685901,1.9241047033771719,2.6555591965025744
1.6404011099011877,6.275083139249472,4.43265070872943,0.486319179599692
6.164792647093867,3.683286740333262,2.8654564753304452,2.6348855367921784
6.094165823990388,2.3422159706278403,3.122542329489825,1.681274154916129
8.902301615600113,8.465708489506792,4.015746177065466,4.026004431862774
6.020863080940659,8.528681750028209,4.117722431213373,2.300822337629616
9.638119183643651,8.330571713174784,3.5706033323222726,4.773238554510538
1.4382536355993678,6.8057442277010765,4.7537272616509725,0.5327293172713898
1.8820691630266695,4.294138488326883,4.929193745281678,0.2832312875396115
1.3965927541334326,3.736632563022313,4.787541777498467,0.20254339822322248
2.66749165300186,1.0769929310635318,4.296716741375774,0.1753588586878348
5.871430998475103,8.502468028194162,3.822500880977006,2.9389942145674213
6.810149632846852,1.7868942774427823,3.65330343152667,0.6008640702709797
1.4102664215380192,6.676794982366909,1.4150007076821356,3.2151105749786995
9.513738008610394,5.536674521560795,2.08593738727645,11.968374576807888
8.579488389853429,5.74020423033716,1.0227528941175081,51.76413733884098
3.669512339413838,9.340415607769959,1.5496394809359675,13.6956058376721
1.6946877720382116,1.284535101441179,2.7569179086767535,0.3110664942233041
2.5289836589715153,7.9605300216589505,1.5861462031562934,5.420852628068639
2.142499723794754,1.4684715853057642,4.606653658707032,0.10243658426716369
2.1095540136905218,1.343382453418395,4.222796741341128,0.230565156215765
5.667055197991606,4.868359283272437,1.286447648358073,20.781070732712525
3.212626982440603,1.5676765690867005,1.9956548618690642,1.4590639244535333
4.2232574487623005,8.102295561636208,4.276287538446035,1.6243107372429046
9.905548000458902,5.766067842835035,4.212184506239494,3.0659304888897623
7.158828240328103,1.26134904393797,4.781802200471155,0.39477377590257884
9.540826003423012,1.3645061783372756,4.990191046469441,0.660215195859005
2.28300899529804,6.514016767655314,4.9050802529644875,0.6679004893637932
4.439255273493123,8.255006358925645,2.640551942885766,5.808609798662221
5.992586229541189,4.940195781472962,2.001313775208129,7.143581720935801
1.6908225569986421,5.991226043820619,4.03364076170825,0.7213195751377213
1.0376869926516208,8.198465086449115,2.197091570976123,1.8689546506264036
7.033909004172258,6.4945555663763725,4.225601440525319,2.5809295474584695
6.776375651212918,3.0228421389293754,3.1358189215916976,1.7735198227013367
4.697099289996506,6.5174682328253075,4.175709100939816,1.7158120519809448
5.4067966842882935,6.654515131586922,2.103519518868042,6.375748747994328
4.738987005328807,7.60696282793014,3.0321092622152834,3.8896150190201473
1.2160454036039998,6.587867688011211,3.256095174408728,0.769051385862838
4.018344455957162,9.723179174122341,4.772432270880529,0.890479356946626
2.5937402985756086,2.775594778453616,2.066390307321669,1.6083305038669407
1.8858177019123188,9.559816116103686,4.746752957139579,0.6119521596593201
9.610483905004148,5.845055413150146,4.219435661862864,3.469847433868189
6.3942375253794905,7.047605264454209,3.923576216346781,3.3003233123081688
7.5579065581294245,1.8951543770697086,4.147481076740501,0.7616775834337869
3.8382736893950575,4.4251834724029635,3.421700183520228,1.610014412103073
4.538324165446137,7.924412318168554,1.9763200418499434,10.296099139800269
3.1323159450705114,7.362199135890913,1.757979875359411,7.119009445495325
1.8726910386888227,1.3612544934886917,4.465365743401562,0.16707812227570568
2.611284736974254,5.919348371475201,3.900557610383333,0.8686268286460607
8.177626407668374,1.794503736715685,1.8528171310437962,5.532640564507537
7.097912246653983,9.96270786260346,3.460373463497606,5.639587099089435
5.922359883869293,9.075669296799651,2.7901859256568953,5.739619381094151
5.275808855800912,1.1897259438568326,1.6346206798523757,2.1839380191981284
9.30190855290512,8.727846210123676,3.1274284374286574,6.475405958339345
1.6546145300080157,9.27486640502567,2.126076369865669,3.927778070568784
3.5254073191412436,4.181934003071095,1.3849764966302862,5.222239034645602
4.149440682136427,7.4755148954298924,2.8678331941816433,4.819779228761373
8.04183230991509,4.97893371587001,3.3604342083742473,2.882029682303558
9.932631581457741,6.897092361187097,1.187625641524602,56.6976599971928
3.1660346328143776,4.062856638683723,2.6083709976439873,1.899798692073377
8.868766007233726,3.9030331296994154,2.030647679346741,8.849201173024502
8.47560484388612,4.8199049997182115,1.1226023628289297,28.590489358318095
3.0219165787758997,2.3101098278725103,1.5026501984460232,3.3098702895917187
4.593993221793003,8.480250679918443,1.5561366352735102,16.522351420806697
4.687055823632672,4.13828105825473,1.7314969924718846,4.583171226574829
9.803986016739024,4.601345985152607,4.213510285751685,2.0518328896413385
2.628027112410085,9.046491514319301,2.757967465912557,2.787454403857526
8.192421739943038,5.469614326568542,1.5883439690815475,15.079534512169934
4.007734427557989,5.898285184157766,1.401187867711557,15.056958705145288
7.577833111985443,9.608483122993887,2.1917618349161563,15.178259194672297
4.780099038660966,8.980537448304903,4.192062074817809,2.06235286520317
6.20523786804886,2.5252003799959555,2.457839391758574,2.33926638299627
8.493505959935181,5.258935269262945,1.6395894411757523,14.93915934074014
8.237490084854958,9.74166604685691,2.6164647261846397,11.046611783961017
8.797808651857302,4.351296684057424,3.22124622914823,2.8958667113754477
1.5365559281019312,4.344157976645801,1.1183367345520554,4.468329265254104
7.228454977357703,2.755272086102389,3.5105672057606925,1.8638275780379194
2.2598863904958657,2.028908027072127,2.5804030120591572,0.7141367462602148
4.742367112165699,7.662743116803836,1.0389035005247775,32.64309923314589
5.937295735492196,7.930274218313649,3.6955575957855236,3.4494089935628582
4.624655362721477,9.721116671527,3.8495505422505927,3.0060761644078107
5.6765050822270675,7.960763898148267,3.5153591542347313,3.503810842515001
9.968736779187573,3.1901724463023884,2.367720870393689,6.259426097713931
2.2169558234156925,1.3610492045966391,3.1184194162638446,0.33778698223763387
7.07910440802783,9.868936459326942,2.5486308245337415,7.374552038468339
4.564008697470537,4.0640562598924515,3.8024869206387777,1.2490802446384348
2.197088190165959,3.8077438818917866,3.3343207449347547,0.5258668734345125
2.428630870368786,9.153596887744442,1.327196455309799,14.224966980056635
9.543457956210553,6.265899086904875,3.5723742328759895,5.405120804320163
8.916413470405859,2.933840564642211,3.748953657351206,1.6338945293899865
9.163377643735197,9.001866184446156,2.4828087224587976,13.068922151337148
9.923794982446479,9.94024769549269,4.503143123838818,2.810313910942825
2.8748385100766614,1.7801070503574765,4.372057419379851,0.31981224474479175
4.198954036276556,8.760264654722384,1.7006660955989514,14.523173589438525
7.022971269323801,4.514641279159546,4.617065233943475,1.8294614007761205
5.354222858745826,5.716652018560339,2.76348948598031,5.199552180291856
4.765505800405002,9.233343781884827,3.8949986105371734,2.1902959744066166
4.220301244020337,9.760412761976054,4.256388027868944,2.677504857155269
6.34402568749107,3.3594751936791942,3.0204496842787596,3.0272726886367387
6.180340857760738,2.915656938639224,2.596407757483263,1.8740163441966906
2.453120506578161,1.7246490273236068,4.661805474460394,0.18800938164562256
5.2456585376659515,6.056180673959242,1.9234142117416928,7.963108617377795
5.981245985888649,1.1224395590560143,2.027880310876578,1.911882259954301
6.1325824485825144,4.707084678489429,2.4464812560537483,2.5137717990850046
2.890964736211166,1.660456149868077,4.437863111882262,0.332260935136116
7.6804425302705805,4.647032046364005,4.755153056852304,1.5429305675883331
1.2267918533896267,1.3593897033904834,1.8802708590194475,0.5581348231469898
4.193486699888464,8.51695534547892,4.4554805905249815,1.7774877469450312
8.021913836820701,2.887650945447093,2.032811837874277,6.1574194442508645
6.075036289498621,3.9547783932212077,4.882564986999553,0.5398956945513621
3.350461892597742,8.830431969457527,3.389631567926329,2.3768096972037607
7.254578074087429,7.716394551989846,1.0283458697895296,61.910996503654424
6.106518497404661,2.971345254778526,1.1365196162847115,14.858484199012045
8.166192485107484,1.6470947679174643,1.5899381232188339,3.57894593586847
7.61522667570841,7.441063991698056,1.7502926312750269,18.724030424138
6.490971298326112,4.516322956192984,4.070476491306387,1.4795890382244765
5.393599077797326,7.894719992063991,1.8910635056677996,9.750852811632052
2.1986391310077105,5.007652951376894,4.87656648019944,0.32216804783467645
3.351997160968454,4.114021716750488,3.544448228811753,1.2334995349278568
4.771895256253767,5.060848673911568,3.770070037014071,2.0773077194241196
6.393693583057498,7.73703087103609,1.87126607714083,20.117489310415916
5.6233706969377435,9.119982578863366,4.570825256380338,1.7310428901821777
3.5936607336357653,1.4479047692971798,3.6712582912797256,0.445302532162649
1.058179220107395,5.717003871042596,4.457622497367455,0.3551860276964271
5.466152997107326,1.2955188617548985,4.825924388924908,0.26876157133198564
3.570633897060188,5.215685905219228,1.5025639084383857,6.735017026148663
7.611474706394816,8.967545461872103,1.3863489210757827,27.802042696103285
1.2155163874343513,4.254312397782787,4.213631306358543,0.26053839098793985
6.263450301752118,9.39205378972579,4.464504236376682,3.0710010376628185
9.473268137554589,6.675476244855485,3.3350456835119426,7.2322473361857025
2.5696834040034955,9.407398094137058,2.4640021910020824,4.861907530517853
5.244845416755358,7.814499628712677,3.610518544300895,2.128285465377132
1.8227979263542435,1.9309164998388606,2.2226562903698293,0.6000518853502315
6.631137210352174,3.0803623080640934,1.9535427686138727,6.743567689575255
5.954785125366031,4.547534091251556,2.952580838109062,2.652071147992938
4.666289717915491,2.530961938108684,1.8646153104255188,3.358203187258092
5.692393193263671,5.454204442989945,2.9348144332606916,2.3752664863935378
9.069171926221092,5.242313401313416,4.826426021854288,2.5116468618473036
2.766648720799603,9.606332782246431,4.359136142469562,0.8636003894803926
1.203080605348125,4.9035509460638,4.766523678000089,0.17434429846818067
8.75498396229191,8.07064123859198,4.225315899389434,4.789487539684334
6.1940537414911585,9.47719490366332,2.419003743785107,13.884225588424947
9.015926099156582,8.89289947876587,4.248180954206236,4.184487398994474
6.372507010718553,2.8780086206043265,4.691662974212856,0.8253899012923143
8.291449809637323,5.464269048281898,4.788143151348217,2.3351744546307773
4.8670602701963315,4.129658040663331,3.732791402739988,1.5259970898084292
7.748739381594419,4.598728256234939,1.8454665752604527,9.682008293403126
9.217373202008703,4.247261436211761,1.1589166134587634,26.318183076881976
6.1491066734998565,8.437232891575038,1.588800912640623,14.112451449574039
2.627066355061416,5.069251496102027,4.862187671575782,0.5895590940120586
3.4191785352717834,5.713248990202194,2.8483872967710777,2.363462736178476
2.787801192076652,9.842026213423672,4.41994405932823,1.281482533511192
3.2217132483615964,1.539813449723648,2.8601766142331644,0.4849111745135043
3.7577390441593272,5.391618758116739,3.6432703338393577,1.2514704972287558
5.996204080778696,7.966555362515045,1.0965631084893346,44.63963033133584
6.291924665174495,2.360457623694039,1.999459770877467,4.3700314436948915
4.83849772517675,6.503784351532965,2.745077120170357,3.90285624651219
6.538787018387519,3.1551830158102008,3.5225241886166527,1.5188828313802902
1.7341743305022934,8.806637019021109,1.686084752212714,4.454923052576191
1.7900941335234397,3.943896988600714,4.05820585708196,0.5089992777813708
2.546465143218926,3.961565352108186,2.4576188245449493,1.6805810355457313
5.662697482363103,6.383744906661041,4.269741076935538,2.12877762927934
2.925952108284822,2.6520661730791786,1.3918763615802692,4.292606322585897
3.549559631433196,3.5639977501275495,3.7190263507294876,0.8583590751879044
4.602815525556947,4.749686651074704,2.1733133328260408,3.5497553489929006
8.306795116093419,4.182740768260993,4.181532696490471,1.591230431010494
1.124759223215741,5.723894962050242,2.6086817081696423,1.1594437199155325
6.8444093821296015,6.396761296620697,3.661398529054266,2.7918925981186997
7.019888779366168,6.100007083751481,4.737221074545894,1.7515464677176307
8.187902023209729,6.88751480792739,1.0825065280550574,37.206781712249644
9.39477645154282,3.7697456494703823,1.0444671293374945,24.56871455286651
1.1812406405436084,2.1378360443952524,4.081117008706854,0.12829530600235514
2.3840533496189455,7.847267872879694,3.5855722060323125,1.946570791532881
8.975541646503938,8.657023443676138,2.1719188820177306,18.639654877514648
5.126667059683138,3.31305609000189,2.9775868110970496,1.7138958637253494
6.0813157504011714,4.663827605422178,1.167742662395475,25.3037427453101
6.967244833508326,5.487122952671998,1.7697824214449631,11.83400754946935
7.111599440460736,5.799941584776428,2.69798549810867,7.201320373602131
9.385663629848574,6.935411539788866,4.336177664885929,4.993356363449348
9.972544756705027,1.374429100197892,2.9186687314403392,1.9398744224526077
7.481417148378462,7.493293744606153,3.345450018103915,5.103680077323911
3.5849908828463573,1.5577390628146923,4.495015167975122,0.3150450853767364
8.917771620649091,5.214597109055811,2.235275654355381,9.335165679211936
1.4429882308668545,8.449040220122747,3.8027972844082236,0.533495193842594
3.079727675870466,5.0609378195055665,4.446669034713013,0.6850636445455541
9.076471457173433,2.34180773891423,1.810462802784707,5.250532896484442
3.3057236299541946,9.865304605053637,2.42591266059133,4.791405668131176
2.9858595365957363,9.00356915866837,4.91924069555742,1.509462982959812
2.243127638262225,7.941822699025126,4.932874259184844,0.8964127534382336
8.732005818822248,4.703604426092894,1.8929197211757516,12.473259032901765
5.50052433271978,2.65461154200368,1.2657833555705125,10.594184558453746
7.074038827487393,9.47270063276651,2.0836864452402115,9.59338041163661
3.151597456675267,5.791160138654251,2.590927829214749,3.114817584734805
7.822363789100948,8.671199143487366,2.764022403724655,10.546856190805467
7.840049904658886,4.078855051834832,3.4752252293216945,1.4617397030111712
3.8133822241747013,4.017594853715235,4.598011040526186,0.8355714638279528
4.696143697092546,9.869864326066352,2.32139204762865,6.151402396357227
2.8872124968718076,5.696497436453648,4.399938141996834,0.5148318063600166
9.789049209906139,2.266258814746717,1.3739156837065076,14.869997130276648
6.810423193525705,2.9770721019523667,1.1674987958928589,11.878853901661666
9.41089492643964,5.337498514534487,3.016180732493845,4.730846165186019
3.7304698926621986,1.382238194395702,1.2386488933224196,4.026040467741171
8.037018216972008,5.162805868404704,2.5699592049369206,5.898910948116768
7.892727794962678,4.770467578721148,4.5871124674769375,1.7249298193939229
7.224900866798874,8.014026387875383,1.9659321448298934,14.37566638950494
9.690750777401204,4.194477680403176,3.8239031004996127,2.9731058121704717
4.54199802495684,9.842938853856394,2.2094615695602675,8.743409342101023
2.1764559123078158,2.6269292737081282,1.1796802209685424,4.2021454859670255
7.045379733196547,6.318880164713214,3.2267623256412374,3.84511691012388
7.563788204294855,1.8072936730742917,4.339413962147007,0.7770292802936116
6.175545161129332,7.604775855945838,2.6378737933704777,7.172860930116657
2.8613610382005663,9.952783192557744,3.4691753058323482,3.264455165281584
5.540103475024198,8.37224773976469,4.600094390630904,2.024793896138711
3.8097076291221645,6.001331866482712,4.1587780509479515,1.273237298013299
4.8471987535002015,5.362672216597228,1.7755055975712772,8.639563869882322
6.8069671826019755,8.515269651401622,3.933535837460023,4.468741078578926
7.706932684217511,9.423766762396518,3.007572100640608,6.276313806324897
3.090022218112088,9.902858732182837,3.983867231544339,1.9679637727136137
4.64792824582258,4.568853048080357,2.9780622020888727,1.193458785292003
3.4224541389246625,9.91825727315061,1.5118326564332114,14.044814905350302
2.787684524756822,2.4033362695644835,3.2796377867569566,0.7565195530737763
8.050484979962546,3.281947983387183,2.9685359695893596,2.562826146963522
9.183274249932932,1.8011451226050657,3.071686934565767,1.8150429146664733
4.3320896711611905,3.445646648360335,4.515609814583481,0.654604817314484
7.761510319363902,7.911437964562101,4.579348186825006,2.4248639512895958
9.0729576042797,8.676319223606047,2.8141484270628734,11.871424051369141
8.615117894772084,8.010033805923145,2.8229281651203535,6.8492654248549965
2.6453204968530333,6.679592003509266,3.060747835490464,1.9966510599067684
9.606626933620252,5.62569861270381,3.0783571133370278,6.054789729608155
4.390087963865162,7.378338602922819,4.801548576716451,1.1656250806812902
4.0531659505645266,4.517501943404996,3.597601869509974,1.4587569078884495
1.561881945500023,8.571775163497318,2.109827979551776,2.4452372290334523
5.375562886943947,7.094710845791068,3.1261471878159597,4.309727707338703
1.9811225407683584,7.280242286449677,3.5088943316319314,0.8633571261389805
3.236858388346834,5.823423938161641,3.559086884055858,1.387003647506596
3.8524835959055324,8.967060857900552,3.3410169049527307,2.938351090890154
8.279436911425156,3.2681326031114724,1.7109446184861494,11.300815511146233
8.879397853563068,4.430328880249457,1.13437275631803,31.427125569435006
3.722196857153227,7.998783127099202,2.3513722094674177,6.413472592605747
8.728283091201165,5.434740065164039,2.710088618241014,7.1751423331054935
8.71507843632812,9.002926120817717,1.2472169583043464,55.970751493789
7.881858553463862,4.117593877865671,4.259869352079384,1.6697315203393088
2.320256026136634,4.323971519376803,2.376309750041095,2.139461463923637
7.212905622106561,8.998622104479628,4.654530984714018,2.782535299590079
9.505216581225119,5.17933288163837,1.6176404313690607,12.304749624697727
7.1428643089044135,5.645121257822381,1.2277398277492537,25.601430957302536
3.984551641970506,3.9948734380211146,2.929264417545287,2.023339530910746
5.505213856877481,3.4900294796117373,1.7565173473028266,4.226298453565846
6.811525390159483,6.903538397545528,4.749597102311444,1.7155035252273283
5.595133678556532,2.078565953870835,1.0412135938149558,8.087199771884507
2.0795764755787283,8.913453770646184,2.65047870023614,3.053757330877636
3.808576401868186,8.01282823088597,4.706991085380674,1.8382472886570995
8.221564274982693,2.716734373352225,2.5376728269190734,3.3229450558968328
8.752762414859657,7.246179512421088,1.372437122401843,37.2515726469341
2.2357002944401323,6.423696291570714,2.2115797714471483,3.233118748362243
9.571480771588522,2.660815456629797,2.992041575337734,3.7289075444485182
3.959403560637484,3.4588315544520922,1.7406067493733324,3.9302679212012883
6.96082364857648,4.68087853360451,2.8662468205730476,3.791662904326167
7.766426313610131,7.293184617209265,4.34537278314335,2.7953012894880898
8.30751611174095,6.748510679353053,4.490471880786452,2.822231514448721
9.511747320033372,5.790113629090281,1.1970429388429285,57.68582241817563
3.8162759322594035,7.915694888026308,1.643613432210294,11.251164077882716
8.72655809096399,7.821439656455493,2.1011605430672167,12.817285423341914
2.185182130925863,6.560732386560303,3.379463403550407,0.9654451219975388
7.345368157182334,8.082910750463427,2.4439790351698685,12.430258695726076
7.677799565625873,4.008370373012883,4.376163653784301,1.3308405897437918
7.099509170811884,8.93124575490345,3.8666874731317504,4.803787526468538
3.270832625216377,6.534190772217467,1.4018240924540328,9.397403266886842
8.857388323136831,8.401271624311875,3.4982300100483648,4.54022860167301
2.519726170333555,5.916511943112556,1.4520505013879137,7.92641356229719
1.4827131236874775,2.9659442048981233,2.0201426785458403,0.9416584794901759
7.457184915507209,5.881691158104777,1.7114825341369122,16.247853588722933
5.279281437094603,4.340004973989293,1.6922477968028198,8.799807824834138
8.641882179628084,7.277491324333851,3.465582099107437,5.80855739681987
4.45057426952433,5.282144125612622,3.254419690216646,2.1005850364638925
2.5145072965694153,8.52501524434919,1.7041126111509075,8.394645373764282
8.527979732228827,7.10265261089725,4.960691221673727,2.0072495719230683
5.940186684760645,7.160899897281915,2.687346929473175,2.9991157239201143
2.702762131513194,2.9543980014195848,1.3882773126197465,4.728833642210828
7.4834559872780115,9.858247898421613,1.4822760678204605,34.68915500041345
5.600022746405505,8.575076883443398,3.335574854906379,3.7894240439769917
6.438816840162878,8.101043961046251,4.916277613533891,1.523130506810666
5.148085043859237,3.971937026440247,3.2878044064767913,1.1211392914328178
8.458380854362058,5.820684875625087,4.796165906466548,2.1624406800042224
8.466064441147449,2.233928692668958,2.776531403032107,3.2622560470466864
7.384499396419476,5.846283789964354,2.743364414608048,5.577365514440531
1.9486123965681603,2.3130032183495857,3.000029437263529,0.46459404039408025
8.54968475713662,5.977340595906411,3.789701832622221,3.5410029053027747
7.039116824796189,6.83849692139415,2.4704638658053306,11.32473827153649
7.273217494038695,4.5117637052491215,4.455544130715828,1.90157326810055
4.266845563634845,5.486903904981639,1.117125539072585,15.257137239319505
8.913516005413062,8.880880489071274,2.7590567801137693,10.457263162699542
7.528344402113717,1.9770683023252844,3.0439673999196715,1.7131558740684354
2.01331419876275,8.125596036996875,3.4281289530523846,1.097948753180273
4.670002309655464,2.5367909589657676,2.104287649463453,3.0816189854546705
8.977423257641275,1.3303718452416555,2.7099198839433414,1.3603345336455084
1.4247703152764108,2.67017142470543,2.9381510008562266,0.30752009075429343
9.652749576778445,7.885388709734407,3.747639914732853,5.502011198860909
7.112463114876065,4.64613466003174,4.094176738943256,1.9390249771173906
6.682383798790389,8.852684651615636,3.951309309375149,3.788223412957223
3.4350333083919224,5.722367870640392,2.366332209158341,2.973549337964688
3.2391260986525934,1.2002531673369785,4.997802091967854,0.13618820025541212
9.478523975397358,7.450422486417341,4.394661247148718,4.48178699145745
3.6844520881071046,1.9920961784910944,2.0400934925798757,1.9191045268480673
7.9795476704709944,8.10441670115732,1.7804232226913101,16.497363669338473
4.538096183863712,2.5129229482466204,2.256085002333562,1.3663832940756147
2.253286637062336,4.109017472249621,2.8093794119985795,0.958556541266143
1.0964376792582304,7.8514428666282425,4.403197513278455,0.45798305014652374
5.898316033137258,9.588082217287795,4.113449055178138,2.919893129779796
9.782009366940393,4.342905555820591,4.404984494023504,1.8786349121662318
4.32222574428284,8.464601981790423,2.087828459641314,7.404156978391114
4.214731005937404,2.7171303892825485,3.3738448898073448,0.9914445997637795
4.096824560644979,8.26461793182242,2.132996249109498,8.609846103174378
5.684894535743726,6.91744653330626,1.4360926428779726,19.066320780951607
4.965983950818642,2.7346915649113157,3.7367909738987226,0.9846066970827586
8.919231640543131,3.722535643162704,1.571990204781755,12.831656001367113
5.549687125511412,2.185937997373324,3.6707910468258858,0.8103853632775992
5.569820543697119,4.446703099578819,3.5918572196216365,2.2630757021177383
2.2453443524850094,2.8328377701094967,4.240993777696068,0.4061561014910978
9.844655868193474,6.795981582674262,1.5582184182542576,38.82614877384038
3.2497560178194673,9.950545937985028,4.133920594035244,2.12329308138068
1.6602766071364239,1.1080824677583774,4.997106103784948,0.06633013886960439
6.968316240776879,5.868278319585688,4.404169794343609,1.726757407322912
6.358297331411854,6.162999377941087,4.0072483053106644,2.905375926324231
4.736310885934712,9.227879107127308,3.6486614187788304,2.747905464267693
4.799730104926103,5.554048012902438,2.6871259387417177,4.289798070784958
8.06557528941788,5.893312776804257,3.922000671566409,2.620500065175402
2.7614137608968417,5.244875211955497,3.896712140561813,1.0204352396413419
8.382279870504007,3.4201387410533326,3.525993130749153,1.8171743450079658
6.838724025055163,1.5042621992402232,4.185113513191314,0.6789430647873507
4.77072796401572,4.677919139888525,2.7950555537073387,2.1518136067661358
5.122257549254818,1.4733232411661068,1.4850108485295626,3.6089797963710235
3.3098248646748623,5.95443222519326,3.2362709104369496,1.8072667521274903
7.769028994272773,3.7656427891806383,2.0601741148453705,7.03318406206691
5.61587268074741,5.802421613728851,2.537732389716601,4.659278865363927
3.8876908847485923,2.2086726795566802,1.069659615764904,6.875393022090151
6.364451041848552,9.393669691654237,2.5311623516715334,9.620473832604453
9.961610068461907,9.050691191949413,4.235204424541818,4.019021071448973
4.9173605169089845,2.7099685828205606,3.1708894677530193,1.0581621600793314
9.286222607007575,4.090998549646089,1.0392021077358842,32.65518111462257
4.105151559321095,6.521434946667816,2.879375280959389,2.972366983041277
1.492594362324873,1.8611758657531565,2.1658065905816297,0.47314422661916566
2.83817895731586,4.191110390045358,2.9102026215886845,1.66411450121567
4.768256289949158,3.2600105813710547,2.618770885791508,2.1150189156725414
2.976714357351121,9.23965055845027,4.727916878229526,1.1746411437077728
1.0020433439642997,8.672595726602847,1.1647091958520632,4.705318776283392
9.235013839727745,6.218494671401774,3.734352045127729,5.824279219360395
8.59491470107836,5.6831170318441675,4.4041063852069655,3.7407607148716284
7.680630083382524,9.376532150908574,4.836954338601902,2.5977451729561847
2.5103313608142575,9.391850046809338,1.7105449061771836,10.033636862179684
2.0832721858898746,9.723971128164944,3.1252192078647756,2.0360093545892965
1.6084427452514483,2.1284099569736887,1.1743583092688477,3.278547996895111
7.516262698956291,2.445020296868532,2.996734097820354,2.1840007712666076
9.359271646190967,7.090630288118979,1.5018323581639277,30.00985506497675
4.874822388217333,5.872910289488604,4.351586698794854,0.7561601088688233
2.0722660479644333,1.1661931440391236,1.4554800104214594,0.9403242538173313
5.611535386588959,1.5577753239056742,3.053153441545981,0.9416034020239578
4.139487167127671,8.992723440329247,3.084384275971015,4.06839160980457
4.373424319149979,8.819837159854476,4.886601991726422,1.2228782084888432
6.591975617401365,4.215438297964406,3.6199227761555526,1.8115174254083972
7.468463019359821,9.019455552374811,2.1513611723072077,16.16506791788438
1.9954323898584476,6.343075669581117,1.963197239752554,2.375539419726853
1.3203120772582875,8.253150823170117,1.5129928225802596,4.887487259395447
9.948972724171433,4.846879640441928,4.026058896196238,3.711524731926582
3.0945551402399665,2.0205849461041785,3.7630266247293545,0.47561367501422774
1.4844747241761316,4.9035435638141465,3.439508509232424,0.6565897667206632
2.70887796186328,5.115698181972081,1.1633617717999534,6.102235497682511
1.3506206171361779,5.9584977445654275,4.0513154655771775,0.40971845683945196
4.526298051554545,1.950244416139852,3.567550308593917,0.9785203373091882
8.221616060061919,9.922616767446502,4.855555472441953,3.0455866192848524
4.071200047819485,3.197231387262157,3.3488085195072483,1.454221760415124
4.997650661905299,2.7869716318338362,2.2158076266468325,2.4902655360530215
7.080280962106949,5.741226269703429,2.526082208757281,6.016344301980394
5.580046630628922,5.834873614553998,1.70336282151293,12.378746713972664
8.753011174191919,4.9583866404991985,3.8916567288055406,2.923398385285228
8.794321075411808,7.94702931692729,3.8308866400869013,5.125578340332536
1.0891962594203828,5.649889606557425,1.802600061910705,1.583874748570414
8.002416758348794,6.487259096304857,1.6339572927291144,15.025805098108389
5.1466024021750645,7.5137174686700705,1.3080197328087784,18.597506674859037
9.899564871732968,1.2252259140747994,4.647902974727034,0.5016841818231349
5.349088682878916,6.135797642905403,1.9322793347794045,8.38735076225586
9.882063508494678,8.957750241055322,2.376654107007216,18.922809246219845
7.791124250851629,1.1564986863289053,2.1220180335099625,2.03595426118268
3.237443961519757,4.646638934208649,2.654498410443164,2.341806316741338
5.845554813582619,9.33604705185247,3.8561951975299333,3.773975863254593
9.929220755307245,4.17838962054284,4.482382534905138,1.604274712047351
8.717775469767314,5.128559417802168,1.7303949981141606,14.983317975517878
1.8763020441209899,9.833872537398815,3.7456493749646604,1.3495427658393546
7.357347971289965,2.7939147305551644,2.4102485689699407,4.076218605583658
4.1102162728373175,1.5872967021250535,4.922108673189172,0.2117380645766164
1.062840356923133,8.734803317751739,2.1956766371363075,1.139845070124063
4.631328721242996,8.816188070911316,1.0287718240314399,39.9387739979828
3.1127897955247414,5.248700512120118,3.0625598960793807,1.8652137128710786
8.369823434684243,5.627864570295577,1.602924337103751,17.67528192732898
4.035975479611889,8.522257326560524,1.1779777072735964,24.926200787603378
8.447713245584353,7.647035483042156,3.793076927790834,5.279169520637561
1.0053814495131577,3.386341019953096,3.929037130033826,0.20030389050902328
3.770372350235072,1.152040195643666,2.84279605246601,0.5075250717099989
3.1704869287698574,5.317301462801912,3.707542067026309,1.2458231601558667
3.1021062496174987,8.730210934860771,3.1529577929885355,2.059625112664369
1.6136795778891644,9.06251209021146,3.5192044308877266,1.1449294427294276
2.6841184336945156,9.606035773685385,3.386815892751845,2.219169253247428
5.999946128970579,8.91606913851503,3.6632910562223695,5.2915451106627245
3.6222496555397004,6.220391997682885,1.798522594692685,6.550376684412797
4.756553040962332,5.001450393124908,2.074826480146801,5.74723590015635
4.391801923124697,7.973648618806892,2.759852598030768,5.442248152636669
8.883144324999051,7.658394709290368,2.7845120376767456,7.304527029509249
9.14769099109464,5.84329087073309,4.097646846347617,4.059387958298977
5.436612744902741,1.785946353026222,2.469574636918128,2.1536630562693406
3.9714035528404397,9.334732121082268,1.6500206242367295,13.537857980083064
1.9612063360212728,5.100422837514959,2.0058638819643035,2.2179272190228843
9.580625914438855,4.270004037246379,1.8589340095369136,15.690941933519865
1.542042504102677,6.666106556518946,3.926640077024088,0.7727822161008275
3.678852498114524,7.064541650502792,2.8813584585039282,3.1817335611241626
3.6825958105300374,2.896191253272713,3.8345227918839337,0.9323659123146444
3.8836115752619342,8.532449603289606,2.6648787230305078,5.898884180680339
2.4785815894516836,3.609433842961401,4.558942410015621,0.40149367092866
8.048452878313274,2.6801553332288504,4.934081230890938,0.9301307383833008
2.102480757693903,4.657598675690477,3.6793700348104466,0.8067921065966625
6.7141599323784655,7.575040728077187,4.455250228944875,2.577037678831193
2.114614240352357,9.689123605958232,3.0317330686882507,1.6090375423024954
1.6348207383366091,8.2835313793429,4.738483361415632,0.48994700666279556
9.18486553317289,9.463135399031726,4.326345942691312,3.3822364805957674
2.7111588968683513,2.2654522366887413,4.967114287064156,0.27348605479861404
8.39125139103734,1.6405911897730912,3.4923749413111222,0.8613579044157347
5.901677839964222,6.019342857160041,4.116826961072914,2.176702128468906
1.7007086764789263,3.612677347396309,3.171472559912854,0.8346587041065041
9.599033722942607,8.452494756723457,2.0364804170856914,25.150248903258383
3.2226505029270327,7.047890842620935,2.419020684519031,2.4550774102098263
8.73680810817346,9.73655347587215,4.5760216589252645,3.0234752290631386
2.5192900520610775,3.2931312015817378,1.2237917863944823,4.679214377029032
8.685485939276676,5.372057029197092,3.3659195442976326,3.1554894793546273
1.1190593161476459,5.51116429682818,2.4899361300164347,0.6657329855467576
5.606024109125326,3.1525911537163855,2.546770152022223,2.7189455407608603
7.924983214794011,6.31084059539207,4.538284825655069,2.770737370194241
9.41315965743505,4.989573874713155,4.415289498184906,2.8689423547426864
9.182819225858383,5.020494003908863,3.3953695022898747,3.619488927161816
8.376623825928803,4.2646298317523526,2.0916753896173357,7.721080657137397
8.993722146951736,1.1523641718298157,2.901825384648096,1.3183510058306283
2.7929771725336883,5.698857132233101,2.633173575156864,2.245791919288363
3.5576586614055588,4.01723052130298,2.414472116809981,2.849037228606976
3.6007167242895264,1.011878820858967,1.4111423142291857,1.9871691607197393
4.3934853790152895,3.771493368957388,3.1724555468612814,1.5224767574669404
4.539886033466699,3.507654997807813,2.2073251914979344,2.054725495132023
5.900997921892079,4.541033379012722,3.6432317717101137,2.624129111516965
2.4389178702979724,2.1866679067905723,2.276815743302123,0.8876179730932987
7.221219974073904,5.56915442171576,2.724653972539207,5.804623472840572
2.5080988537405586,7.2319631726631695,1.2094414967776301,7.647018869799746
3.7927763389409277,6.671670121491152,4.97015227962191,1.0220410682066876
5.530106175455386,8.233794528122715,3.0304415331007033,5.057596225929111
8.167965053711296,5.068074591883731,1.0969503766566913,35.42437762462486
7.655223099148546,5.6718255730575535,3.1649226350445763,6.947405576506082
6.8098092076947,8.29361746773085,4.481415997222599,2.4572463449903714
2.4019593452215315,4.849310537373147,4.090208537064811,0.8105079697273357
5.9234081105401994,7.314394149096373,3.8036267365178165,3.3080917723685492
1.7870185161989691,4.911421318461927,1.5578586183961396,3.125580620731275
4.396268591169857,4.759625750604064,3.6309483159498894,1.8428890379048857
4.721648772609632,7.841850620762442,4.065193512049041,2.1668919749780535
1.3583029550117844,2.5735322391959006,3.2896762558619863,0.3795559323533443
3.4658928952297465,4.047273747474162,4.570996018081406,0.9346635993838598
9.600845205398404,3.017550490722116,2.1079591271395417,6.716518740527276
9.582693470467206,4.231989486708374,1.9685787989570023,9.876316911426173
4.1709434882728535,3.073373401294216,4.478278979770584,0.773614158336499
1.3879009805349165,6.214650679779892,3.5015929719658097,0.8999671970788418
2.611854453953634,8.183537223560606,1.0057888820839973,17.396427340177482
4.529960140901862,8.079517550961118,2.41252563404421,5.718669322128553
9.530017281723069,4.280508680939132,4.431423943258698,2.3579289947961506
2.270791571834664,9.898843653048356,1.1092780465669732,17.78519420462592
7.8716425930139104,6.344689282352207,1.0129917130460355,39.38076739850662
1.9781428543722286,4.594602716004653,2.125037162100519,2.2303179735408603
9.831318196521492,8.51985351317283,4.656000148037112,4.38273340459958
4.4345484919822145,7.568866113783768,4.605910325880066,1.476345819588898
7.9771108500915044,7.74347803141694,3.0750477832060317,6.612629960519129
4.083319745300186,2.7652541476048444,3.2129474845584904,0.9676761569374398
6.649019894429278,5.2149187663169965,2.3280320452687553,4.996339026671689
2.728144762660331,8.756453177421424,1.9749466481112394,5.515826752010538
2.3141891736726627,5.536342068658816,4.2608874168484725,0.7161373467903553
9.442577256113182,7.151074690789453,1.4251794419985657,23.436938862554424
9.258825501139901,6.291403597308381,2.949417483514543,6.128380598416205
8.98722046191594,8.581211089465437,3.537589037988338,6.270783692694406
6.628901051499341,3.5610475578544234,1.4147211614841169,14.612518521281796
8.274413900946504,6.179277500977284,3.0784283818893847,5.058008458374886
1.621332432202374,2.109112012088236,3.3100851516497727,0.23433056726648716
4.013101377016112,7.211896990295211,3.9699842420294593,1.7593344769304424
3.823328122814406,7.587710545174408,1.9393441965901315,6.839312631470713
6.720807897573519,1.3855358907009858,2.173310013163033,2.1892195627162163
4.2036199612357645,7.082118672651866,3.2780845865321337,2.5831963487005343
2.336561034793127,4.732211387492077,4.932505639926457,0.20809617195003233
6.368203678721893,2.116871884987141,1.8699727312804577,6.701498494160678
8.329455286021734,4.779167929286208,4.943615308493856,1.6752217610866083
4.439111450139759,2.7480963672602354,3.857370132217925,0.834495827723591
2.1904184358863352,4.740035789109848,4.304328278520092,0.38763859867384115
2.7701937758154074,4.459051251626749,1.3585650729453569,4.7322104631608966
3.137349746524456,7.6455247324245175,2.201680749722529,4.857363546838322
3.699078336950826,7.9679400234972295,1.2309451186039242,20.759742636436876
6.785155634556782,6.46325788946092,2.486187980012701,8.091131803797776
6.408509360839471,1.2041815796420279,4.925158639680207,0.3332402236424739
7.264718754103352,9.379200511638945,1.421092248825354,25.73696609521261
4.2625178607836185,7.176099520868029,3.249491129484798,1.4458303407780457
8.415978866919804,1.3077590492906994,1.0242824912552493,10.280144992631874
2.8367889504018424,8.369496092927061,3.850731264176251,1.4301812929567388
5.221366727663385,2.8023953924619653,1.7887707694881643,3.418275729638972
8.208448493872872,6.212990706139961,1.5183381484990517,25.78568370318718
2.621427829593573,5.199709329551684,2.3480712486431505,1.6932140502803978
1.9887680236670464,4.77854904119569,4.084177191755926,0.6400339847935236
8.953155709191908,9.007423481119577,1.4264523452448432,28.45574346378519
4.086366964832763,4.936251624063532,1.9193559831947815,5.622338050459245
7.154831124181288,1.6780970581583565,1.0338576864692381,13.331241625735354
1.2281374383754464,9.519748544934574,4.873659450782473,0.45895548628574845
7.210421995685047,9.284817081156648,3.3685823999554554,7.893881341379618
3.844911803922735,7.159894206234389,3.879598545538798,2.530596068064444
1.5016676822869757,5.211032753188225,3.605532684624058,0.6305010951122463
6.488314853933053,1.8357352564916913,1.5774582354786975,5.304867919210356
3.167234344658559,8.116733067197286,3.3797597559759764,2.7279927979563037
4.48126517846692,1.6793012298162606,1.5256623805650484,3.5850811540016476
1.7252273105786222,1.617408864056311,2.6049458158525116,0.4471749950382877
2.324469259854508,5.836454581954313,3.275852543701172,1.1317162915932057
3.6817951194625937,2.4411541616617622,3.2355244564086236,0.5688138849823582
1.8078355050414143,1.0695724060631409,1.4762937039309638,0.6405444686275195
9.197436382176837,4.808020878962076,1.1377438785860887,50.43938360704453
1.0544233886558056,2.2349550844905934,4.192937255495256,0.14268864705771658
5.354741969778803,2.4446387375262213,3.9036897479840214,0.8168094176484311
2.109227123192963,1.692195748618012,1.3272756182589522,2.537971925670189
3.7691118053015367,2.8458437835124895,1.5096620752062138,4.000966335125007
9.334536038364389,7.439357617969504,4.570335105558481,3.7122578076362496
2.4552509794658817,8.280345764960122,4.07651560648712,1.2422806827883268
9.692490877464994,5.072802796263706,4.984641184866696,2.1609285302037398
2.8521493929047956,5.558984342932759,2.015949796820087,3.6388040165278914
7.6740949762014665,1.2938953113478235,2.9512119554752596,0.9200934553299003
5.920095384075806,1.6238463523418516,1.9458383042494227,2.1211335690027915
8.960308548370833,3.318109530845652,3.491200553909239,2.05686890808614
5.985939299528178,5.895085786418328,1.461656956365272,16.507201308257333
5.811032972406778,7.655960338614936,1.5089726909721324,13.457560659040876
2.759122003315599,6.445027552042298,1.2875515656204906,8.050546791145546
2.4960642584649286,4.5291506948810945,3.774344329056668,0.8150875898286515
9.248402360039627,2.0649166570282436,2.976290309732827,2.1008009439113997
3.9505437896503066,8.026959113984706,3.47092486541852,2.7323368118748665
4.348740294666063,4.274074464391514,4.517204186357436,0.9026844302882112
7.838412925855495,7.624486130345106,3.9613139390214345,5.727266567224717
4.049411341805266,5.616809577229077,2.846891672666764,2.8774704163117777
9.568562019751024,7.647958482056427,4.937423953576905,2.774277099075078
7.641349920989203,9.165606053073146,2.825024404567893,8.95330555175019
6.37686318316078,9.289265644484217,1.4498026929341328,33.93078608185923
8.928056444902772,5.815961020005431,4.970618989010864,2.0807756756710587
1.4464531751453449,5.603575282890749,1.0912829200593892,7.738104435626032
3.3135642297028784,3.3911061895255354,3.1995342379510086,1.1845922722536608
5.18532700798819,9.422198483763623,2.236381954798837,9.201296426866767
3.0428068552436893,5.121272504796588,3.0142086040679392,1.7531980698474388
7.695146685719368,2.1483211535863944,3.2348518103780863,2.0850204800636
9.272872279483526,4.894344231638949,1.9603835851139504,12.383488727889947
4.81393107937831,2.1434792521420354,3.2274350229490474,0.7952601603863456
4.079193401007054,5.522785158313676,4.02424444802215,1.3022219638628951
9.653956589238096,6.05147963370591,2.0660393489759934,7.8991225952978965
5.003671895447868,4.039801853442268,2.5337045332556283,3.2352676783222463
5.401435604043549,1.644855528083362,2.0729707726562316,2.6100683423899644
4.164848851077148,9.491531820699151,4.28223892395281,1.5773860815141596
9.185936257109246,7.960178021350867,3.8999290368383868,4.951622006318878
6.120599349536657,8.54992972454609,4.484785748873629,3.1145734624336985
7.859571284634802,4.301815548576065,1.6801995716066371,14.590070239312578
8.306260465157976,7.847479270175055,1.2943185526390062,48.86852817450847
4.076641377255323,5.368356056522748,1.4775340154346934,6.278926445864414
4.90324898188342,2.8097513956544136,1.6440733312969456,5.611659934707455
8.636245969656382,2.1198103921649194,3.1323306426992095,1.3040485512697049
4.269298165082292,4.1054578238985115,4.883648281451059,0.5881666010116896
8.145416201066663,2.237969003276257,2.428941666467128,3.597243974354317
9.468930903169934,9.984420785836617,4.834033077440821,4.17368711505821
6.608893357612063,1.4427009120881986,1.1528031799567189,8.21677788532509
7.674645587067,4.970292394321689,4.707488811258633,1.4014587934378464
8.245875808370215,5.068841701513457,1.7246104292198847,18.194476625471268
8.605356840069783,3.70568735723508,4.649899942877395,1.6778978735726806
4.5554800407111635,6.142164091362508,1.2249097204618447,21.965492004730947
1.4613711325839835,2.349793217363902,4.79287778998013,0.11719121167402036
4.616886441130656,8.055211425285103,1.8031930572754433,14.117424129580403
7.063806068056808,3.992029464228745,2.210856240292643,5.404349145846681
5.053153472027135,6.322083308187776,2.9637693764118325,3.1923248363574515
7.740668357743587,7.440753124602634,2.522883524941901,10.180972509544626
4.212841865217975,9.00137905921145,3.6701118770526,3.1436898936279003
6.712697269936266,8.5220869280698,4.89923106900031,1.979693902306081
2.677778243685771,6.474781252932036,3.425705963219763,2.085002770705302
7.744324929804613,4.495538623454983,3.885941637746197,3.142152222803364
5.911263719317232,5.528842030674675,1.352021001222806,20.042688491378556
2.836579496919405,7.9186131404092235,3.5112497162800214,1.9787127013061114
3.627200561480265,8.897909883035258,2.8153991081856526,4.340296727303636
7.737478377236491,1.9340373535900468,4.543129431678514,0.5002690114190542
5.343411120953686,4.463706362437481,2.552844398572408,3.7424408627462302
2.94428296353765,7.985049385721505,3.7178165761996764,1.7347718517850477
9.70544071333268,4.884865863345649,1.9126149130363164,11.467184363641245
7.4361251783519915,3.9900498765965544,2.037490134096784,6.704973851073737
9.614213492858166,4.701904271409426,2.5044897236890944,3.7745574662375763
4.843945408243089,6.425602721077158,2.216254150026011,4.946205583736503
5.275903066225484,9.998246297204213,2.0155153575602993,15.379211685750482
9.081596945665172,5.436931861940786,1.1986748236032372,46.26319651374787
5.725444062208462,2.876450274588345,4.346985327009836,0.7071050647689876
7.365510207151004,2.4656191775118526,1.2572061235651373,11.910071876055452
3.2695558974597696,1.3811477272877286,4.5494620624118705,0.2661052532036697
5.020538218323765,6.029355114264893,1.501861556272241,12.02398716740546
2.1110487922931958,5.901148823399508,1.2610469482506361,8.89331548195532
2.853820322892655,2.8471053410227825,3.2520190559227884,0.763095866761463
1.0084907374086798,7.257964658073103,3.009767170298887,1.000391076024469
1.3533854648379422,7.669963374667127,2.9649382753275404,0.8779508679828392
9.795554408592364,3.331883848439001,3.298017310005591,2.337747892448741
3.181183256230861,4.0968978762676285,2.148226424476623,2.9820143533861945
6.969796385536018,9.91424505112531,3.6517970937184447,5.2813316643999055
8.551897289196503,4.368380210656608,3.009608878828733,4.07795841945095
5.955944133129078,7.847215045804917,2.338973867829301,9.52698045310669
2.3783005007556057,5.07452883966946,4.306002667922913,0.5297475416148454
7.553047936025497,8.140103450748782,3.9108843853068405,2.91881352195392
6.402262690896247,7.921209149043831,2.574441367778488,6.886380812652494
7.581255304126376,7.00980422678682,4.390471140915491,2.542832889416334
7.927719605713785,8.693005116660213,4.681033000447097,2.966619754165209
9.778693309162707,9.452966453899167,3.14746506833745,11.699263879507944
6.16206952024039,6.219849884068755,1.859809800627683,12.788118316897648
4.074770014215416,3.1372201650047113,4.6631686261879475,0.6505719762170135
6.836181012102133,4.587660654796675,1.7579184803820689,10.599227299517413
1.6159663831836353,7.824751421619639,1.1936929056690766,8.103369147395707
9.076575864894277,6.8579513661148255,2.3099480354925235,9.673353546764531
2.074429102043771,2.6001850470872387,3.907865377844159,0.268634636582622
3.950585540972364,1.4611558703178225,4.693096345414197,0.2256794295154105
8.341708425635087,7.146654341878584,3.5491425872577596,4.692093276645892
6.375811404976407,3.259711216264108,4.80735418786664,0.6915609663327058
4.542719682496979,5.4970321935614805,1.3694833571035865,13.76609926035297
5.260920934375193,7.720720952613348,1.2430149183520802,25.266269144738146
8.690926538819623,6.0640010259069985,3.416767802974656,4.155633394431637
4.060039474539029,1.7497232480061675,4.864465289971019,0.36995437545744464
8.826847163309541,2.6702221310519985,3.010885235818896,1.320451699408041
1.7932098787902233,2.9739536562782725,1.2060609037572205,3.3849174454424227
7.991185934877676,3.320778282803604,1.8848746243098247,3.955144967833122
8.627928697492628,6.088630527554538,1.9791716256630827,14.050811121186198
2.6363588755360485,5.535692018428541,2.3514285165478,3.0417941661356513
4.873118791349804,2.8284403452778806,1.1744135343448505,7.292948475241323
2.4894979719729005,1.6079935911011836,4.6195708019916655,0.14169782826035293
7.35943716094796,2.542889840272463,3.062255778885981,1.3178222922946503
5.818129912554911,9.85943181356743,3.6837231718164363,4.281089613427141
6.717910120374889,5.21692254812325,1.2686913475800359,20.28986063169965
2.7683827026059005,8.806109542319012,1.2164618712145976,15.556395129384999
2.9057127584717755,8.63877220001959,3.345871088162189,2.0772439341200535
1.3734759295891572,5.6036760171658635,4.549184042016832,0.2994843073549695
3.8986078167615674,7.360189376144891,3.113928003838188,3.6291475302510676
6.037701952003075,2.7347680937144103,4.511276690280286,0.8555131838319137
8.721414225975959,7.195570344342174,4.243965092220957,2.6587124535626536
7.002347027128127,3.4514612133696057,1.303415143179683,12.232756265379365
4.918566910597763,8.488558870787358,1.8078298975427596,10.546779554404228
9.57808102954724,1.7535171979801891,3.63084267662137,1.6322463861430538
7.473206805182487,7.9582480559674975,2.7740055302001663,8.828128733845634
9.37148682576295,1.8994321591175758,2.162799254587682,3.7091275560821524
5.748291759449491,8.93070313204878,2.6745354241919164,9.62720835724804
3.3301384731382564,3.7378406632150334,2.7807985850825374,2.07716644453554
1.4754401772824979,6.8895402834751724,4.642209003286386,0.44993120554414445
7.534763663354655,5.3875205075825185,1.413833134819812,18.640237790026944
2.0917269820498072,4.29672830736105,2.11892298723046,1.856689173994484
3.7249761544477047,6.808976498651468,3.1502592663308557,2.068726746331429
5.792238170955077,9.527706824961141,3.7931477065223667,5.165789997217523
6.0797492900177295,1.3714277263715968,3.5225491558369746,0.5367075087465463
6.4052487728842245,9.26967570294794,4.766570950949578,3.0671219330278046
2.4962979731473056,6.481734895189121,4.182435699277892,1.0527199608173163
4.417636643394839,8.265828706921472,3.228307367897721,3.2900661317176163
6.5547480440527,4.454874580908498,1.85873076669403,11.511674284439751
9.728369781704062,5.246586773538524,2.8034969256089592,4.469091773422628
7.548680239297198,8.819656766210475,3.7735289767779094,4.600972965856756
9.30343381384562,4.733631728288408,4.351848699344339,2.097920949479103
7.859908524827594,5.8119361007417645,4.838944897689549,2.325714733144437
6.325452720031604,1.1817543077589963,3.4218110645516706,0.6835651313141516
2.728210322227101,2.427382052542381,3.10767746921773,0.4488290288369
7.000170867032617,6.775178571773198,1.0707676924845932,51.61990761344495
6.610416093639164,7.452792109574894,1.2883962766007198,32.56057507136887
6.422222534115398,6.2434084310604945,1.624419990549601,12.048410478775399
5.408072811894167,2.289790326480496,1.2190397247585123,7.750245295266425
5.75790943590348,5.008648857200513,2.603452955219706,3.148699204936461
4.0099827440629365,4.195852897268709,2.3475141805554887,2.9488187324728026
5.673814233780728,5.460952096315795,3.5494166314735716,2.533242071925574
2.7780031511063044,8.83296131098685,3.142660431733611,2.3182412964715815
8.246569576243392,7.9827529479278665,3.383883037551439,5.231092303592445
2.6719925922883703,1.7559055125024305,2.8879088117506164,0.38110787441324256
1.7646966090051976,9.01278277997108,2.1109485942170285,3.8099606221570275
4.926214237214417,5.245904360348412,4.811301259785909,0.686689963321679
6.924766955554556,7.694759303973986,1.3456366390405559,29.609820307870304
4.939451424401872,2.2603530813791695,4.755563997861229,0.3160424862389949
3.4907871875617773,7.036475731363432,2.2449521874589387,4.922992421492698
6.023540655013966,3.1269341584851214,3.0506457814691896,2.0214136785416694
4.1230210187097995,4.945428074268384,1.4353692913101845,10.695099479007517
9.395809211139698,1.1517658307389396,1.283724273484037,7.699310783752728
9.303806256432148,2.3644957413742844,2.7181817948744116,3.601259507792873
5.521346379748859,1.828724438112578,3.9667895055187126,0.4350500141615226
3.950955946164327,3.157697556444326,2.0774591101941957,2.8570798486306765
7.634191725609751,1.9001628102189003,3.2493915557412802,1.926442639819081
1.3304164913475998,7.227190239576057,2.1146013620912734,2.2015256429067813
5.272921054392861,1.2613591198829743,2.5544522435721633,0.8498065376593005
4.026910548433001,6.559664505624982,4.625785273895299,1.214798233161137
9.284822965922992,2.2663704774301685,4.423358501979678,0.9929502231265678
1.1080272454541429,9.506453114601072,3.0640701736705194,0.8579606672756763
5.975333881465142,9.397846657988689,1.952422509888315,17.291980390082674
7.6659722295996335,3.0295279226886636,1.7727356509320913,8.253859433730911
5.365161887716371,6.529791684007265,4.816349412142857,1.107154754883174
1.7686272714644948,1.252047875252126,1.81086638604275,0.6626835487302848
9.75215251025112,9.386096887460567,4.232673243650156,4.530397415810303
5.662093882384881,5.7068857737253875,2.475880838142149,3.5827971170380444
6.527676198871102,1.389008362760011,4.942639390232953,0.2661255906862574
3.129488044367566,4.082499937073236,2.4726229614511515,1.5606038347072104
5.351482765961235,1.691645156751108,2.4060664996429044,1.5454790320513592
4.862345427624897,4.536499954360239,3.5498545155104924,1.5901102224990589
1.6740625780178537,7.029337079451908,4.846067226507277,0.4049541311732573
1.9554431819272051,5.229009172372956,4.904838423185732,0.39171363112192475
8.537252676568972,4.45349957247509,3.828824585867941,2.9812625768884433
3.1583795698593122,2.072413409864183,4.018425462545414,0.4342660567805951
2.7546244434876748,3.204451411242907,3.2536087038921107,1.0009259274543867
5.544203061251253,1.90128958964516,4.0231029565293275,0.6215371056553036
7.918724182262617,8.267488584909946,4.439118619881986,4.387099529031518
1.5575186672108914,2.217158451862503,2.944381212780093,0.4260590527338527
6.1912712767443026,6.358360298940042,3.479449051320412,2.9336937573458597
2.0728939855651602,4.084663722299613,3.149266780932191,0.8695890407806679
1.3281494574305661,3.0338054618966517,3.249882454114709,0.28627498826391734
1.4746955694599566,6.755215955428934,4.560191639495764,0.44970879001394504
8.507476973875972,5.113020784392466,2.422467320822281,8.04989564454657
2.061752352652554,4.601309205561032,1.8327361024024968,3.1698603466723543
1.4063622797106277,6.335668044029994,2.8251204410945165,1.0248092125526305
4.94109898428621,5.421408656410007,1.8323407619250607,12.341024757346888
8.595941247478223,3.731357876964047,2.9936017026480766,3.455818125493233
3.361675388403717,6.031551589887265,4.614032421428234,0.6327055502313972
4.795413557733248,7.025487188956251,3.469734081929911,3.477444078597343
1.359302793073761,1.2402384272816884,4.421731413212311,0.09669568332148763
5.041706627213883,5.192845560169078,1.6647636784620472,9.884385922389244
6.198517725734203,1.519149561251894,4.603494370148708,0.40302130982708195
6.138163483769303,2.6776487266129996,3.407148657628463,1.5272080621988784
3.9918402295692865,6.044578606701758,1.1270391549619192,25.146909245856836
3.8397986259682195,8.795700237390227,3.5324758211401472,2.8157245720658506
1.959612570429381,8.945251112696363,4.805587825043672,0.5358833762353636
4.301184885816415,1.6294960912476815,1.3166680019014483,1.250575068885584
1.8954520198566818,4.77194577658036,3.3298245218782885,0.8785081240019317
7.899363502408464,6.247058347040961,4.661914411478859,1.8228703771318018
9.696468679733673,2.3236291409530905,1.0387806733374982,20.46370322297026
9.730670110000363,7.8888899507029455,3.523651705863293,5.182177822668223
8.785639894378544,7.698117325935149,2.8996091673238507,6.626899432439757
6.407129344056572,9.130069123361151,2.3879572745944424,8.688398863318977
7.307791275194919,1.0763741087509873,3.510145959781504,0.5522397307485886
3.5668522241237266,2.950158195901024,1.2108083783496677,8.291908675566273
6.676933781553585,8.444680428207896,4.012252185149601,3.904388720026229
5.100845944958897,7.035220457442419,1.0179179076788305,26.266004439692324
5.338156057992393,9.049508683286417,2.227742975169409,7.647454553718841
7.819989043376421,1.5146168907723987,3.0158345507387136,1.4009908464861816
3.537265200375265,6.372675691447985,2.508089002266207,4.337789917013205
3.8623565052506788,6.1214191740430675,2.22990374082233,5.741079829993319
9.321776120157729,1.3210697472447914,4.323340581872385,0.5266954484073829
1.5060186536587503,5.621698692212352,4.739330297087635,0.4515136183733196
5.370708685720063,6.485682801789318,4.494850739623555,1.1115921144023788
9.215207203670756,2.721638567818965,3.0897252521999987,2.5206120548383146
6.493267070363413,3.459966248121966,4.536656700773932,1.1979269738774951
5.9176636679091885,6.763126116679634,4.683446260726175,1.066000047328561
3.247697613064197,5.214708528399625,2.636953588189848,3.4550302016406063
4.089479401580034,8.722122918114941,2.1337834380217817,9.912802522973418
8.668435742242236,4.081435894082695,1.3930608232532813,20.590251198103577
6.032963185916123,3.3999369254938103,2.916367684196916,1.9462000510633113
5.6326797438110185,9.863793463103585,4.785187681753765,2.3933433981844794
1.8962174218602603,9.20022193117075,3.243630112281484,1.9202769249083345
1.144253408096108,1.2609347049908188,3.6702484071446864,0.08305917262095193
9.673166698183442,7.936557537759093,1.4515352739673903,35.12205795615924
4.392875505581575,1.9930129644268266,1.574078656569025,4.176878491875764
6.428917558895539,1.2473667534643385,2.85789304783869,0.6883483478613247
1.7174356586855648,3.46325964369714,4.805059195934903,0.2747405550792671
7.148028571507419,3.4241129115499387,2.4431385663661156,2.6614216513790288
9.393100378353648,8.373868861122682,4.509936165270134,3.1371745225503194
6.180987276976777,7.396005213485516,1.481154373702846,18.73498970792987
2.135037901378695,9.834484845988129,3.4680688277348404,1.9250567804086007
6.23549374726129,7.4036161028063665,3.4024519076420727,3.4288579555579197
7.897124917941872,4.764299979304431,4.439499000281074,1.9569084796807972
4.657748829166168,7.290348948506952,1.013266817619606,28.527467624071104
8.91853973147321,9.995131604677619,1.7597266687902886,25.73175614736413
6.83814658021628,7.391276943062753,1.878750501717927,17.90093183322758
9.093240264602823,7.855132203822865,4.799864352362949,2.3871473206791443
6.611547801226035,9.445285136712334,1.6147746250795798,27.585640258119163
2.181591748043418,2.02286135180515,1.1478494008822415,3.3487086014171017
3.787225399946702,7.3430586410295415,3.137845978967232,2.4993313112571465
2.8161545342721124,8.65725362170704,3.1142338497347266,1.901693370255458
9.179438479451761,9.589407401988037,4.3761878614714576,3.542672837955979
7.843600605587344,2.8987236074052944,4.795438600711208,0.8426424187570517
7.087585320190055,5.535361069518197,3.154181768560524,3.8250549893587773
3.708696876684595,7.124993628800336,4.719976729678622,1.3292792413846812
2.656402948451922,3.227209565512037,3.9006366051993187,0.5296096409330907
7.808059791900206,6.404255769252466,2.05823651198234,11.252993528359532
5.267421512911717,3.3182090424819943,4.713682843775706,0.7734350213300071
3.032105969355662,4.001113184784826,3.669772704727499,0.9867383070093357
6.549597803487476,4.973668268597786,2.656383730970535,5.2118102476261505
1.3630046692460678,5.762710888719103,3.7209683380677228,0.40993437110427267
3.9355322871542815,5.044292844626356,2.6052513109750035,2.759850645369513
5.2170129513202115,5.438759678091363,1.456735071951837,16.65319891498158
2.3316250069846527,3.6872988065946335,3.875914988707599,0.4216518667309028
9.861890298317556,2.4306858462036756,4.2963504486829756,1.3179436436816374
2.8818762813065284,1.426149795941555,3.915224796077551,0.2589573857345155
2.1731781703893898,2.763808502425009,1.9164586710267062,1.4499862175427718
2.8318138649820677,6.237492773552047,4.826540053910452,0.9994703512941217
7.921550198437518,8.07503903022819,1.1010182467646237,53.156155783019436
4.829550933446585,2.523228376986051,2.3307411895025623,2.9212086356769507
6.088743457772842,1.976998219953836,2.040369738139582,2.8947076238812217
1.1890824128772466,7.743613244943252,1.1925049104594039,7.0709578634546455
1.309881777159831,3.746424974835607,2.622918771954674,0.6309640888054484
5.012429948443145,9.563494953046172,3.492459360651098,3.4851280210603646
8.349897188814612,7.428861735493357,4.530211453940405,3.269951684482013
8.967149908368087,3.940804425187278,4.95875886476588,1.5600515887871316
1.780359108360762,3.6058847301433445,4.232358345617593,0.4012513196240177
5.845267918909205,5.713285476441781,2.874722074851299,4.345529135506832
9.219067176513434,1.712302014503885,3.8948177038681226,0.7624803248872805
4.491754789580977,2.059088613807691,4.374495154358563,0.40537357982090366
8.466092482855316,2.5827209318457327,2.8612287856747254,3.1249058787433945
2.203260889594926,7.972512339741042,4.140217736102,0.6233579811559544
9.418550407010189,5.624716233422102,2.930609673251507,6.529326534472429
7.762809857781724,1.0951041049699866,2.545983963506891,1.2821383006049072
9.472009535082115,7.061648747248981,3.104363351135045,8.120036135236063
7.089555101972558,4.813211607944474,3.7034189505085795,2.695297499407757
4.270635387994843,5.597671284674181,3.9075282252743895,1.3577408443389272
9.443630552722501,2.9270461907164202,2.4269450755684314,4.027186570164042
3.480100986782606,5.966040055546933,3.2852810062241393,1.722546917469592
3.9895526985555927,9.812379157763397,4.639483496321788,2.0296836843827952
7.307275762015663,1.661002219051853,4.9052516004425595,0.2721702657039712
7.887846695728476,3.5552565969798757,1.908992364735818,7.937433688720121
9.364631354642384,3.186978335747468,1.7713246628533659,7.832144150512398
2.8432216815058853,3.2369437967606163,3.706742533714594,0.6953897469056209
8.181982316973016,4.408357218088396,2.6587355432937754,5.45408534997317
7.646914480572671,8.362988062697507,1.0968893536725481,35.481004210614806
1.574151006282381,9.215728209679487,2.3874474825891365,2.4296402798140484
4.485008270891862,2.8199357871307598,4.2269789738890085,0.7298758699413683
3.5448891135408873,5.886549441533015,4.189707721532731,1.20967536120603
3.7404138191862737,6.7320907494893225,2.9787405952663275,2.76858681551096
9.846521915992307,5.696447269274604,2.890311739550141,5.074781800244353
6.784996721319351,4.906687547772276,3.31802976973751,2.3776702379650736
7.459085420141497,2.7277795527331405,1.877586842254304,4.180878544131258
9.789558735835083,5.393974232793147,3.104174499563822,6.087222334520693
4.394816042118748,4.61093344940196,1.0441854402265935,18.155913267872762
8.216561516075252,8.160070262520428,2.902238219132535,7.877696412403213
4.910778669740458,7.872439232466957,2.3442041850023703,4.635420912318825
8.825803046334817,2.2059881308510363,3.6994784236146385,1.4130185129666333
2.625917871801729,1.796671473067608,3.55341433661051,0.4209950331206311
9.529175593578517,9.173385489047527,2.523343520731236,8.671543365667748
2.968945375697917,5.81957550068048,1.0290919259143663,14.567905457922432
3.935984562828384,8.720208435543316,2.009094517579842,5.832562789238066
7.8057301069610245,1.5233600850976103,3.533391400756649,0.8723712266294024
4.54379627408866,5.738640548694672,1.2894933720700181,12.85577958536832
6.4739023908980196,5.854838631186127,1.4305696873338554,19.931898625540303
5.001161509624857,8.74631829287935,3.5881400982683487,3.51248137451587
7.6813294338080365,1.8784899840673677,4.023069603797169,1.1217980557951193
3.0549812713174975,3.1640100730831837,2.2861988320508484,1.8293452809549513
1.526121885131893,4.6588448249831185,2.9586922620662475,0.867193720314401
3.699364577257596,8.792573278779479,4.782845459934634,1.2633031578297023
5.268777983815872,9.449949835635103,4.782174248703878,1.696843562482109
2.512180469734107,9.93452157634265,2.2300110978537204,5.856483411418589
4.193175606907499,9.632741378126694,4.239951500068361,2.8055127485082743
4.599847164642117,1.0534758025991897,3.375776211227435,0.48523958948008417
1.5165265931944618,1.4293750730848482,4.90193797340152,0.09257888155831005
6.249765233657841,2.328461372418298,2.910454278844386,1.383263295439702
8.959090851741587,4.139758870932458,4.098827472062246,2.7116474503119297
2.3656862165774717,8.469262278882628,4.0725485184594845,1.3480195498292769
6.380272120613626,9.033905758019324,2.9897314705323046,9.059812534612078
6.982652844197617,2.6815096566512473,4.182520457189231,0.8232183991282662
4.774012123773595,6.576977364577378,2.044161333227986,8.810434046207781
7.30987828627843,9.25625786558749,1.4890121451609155,33.86898381427567
4.696583891419108,5.173585623381887,2.700654978621265,3.103576537211758
5.541735591796914,1.9318921475750557,4.774522626534338,0.5977473573383549
1.0661774009898428,5.1203228507616245,3.002978432810115,0.6540857908932403
7.225481027212199,4.382154120592515,3.541036554587708,2.0520212060713443
6.95208411050252,6.198921964594063,3.4966498236315013,3.441315696723371
1.3456078959371012,4.947928159663933,1.5302914690781217,2.3035676624278674
4.314250966556198,1.1561133416834615,2.561187529508841,0.6891179061044671
9.811286567125006,9.94597960072304,3.827755891687499,7.597685870569977
4.786629063117552,5.891862139575139,4.887960394322905,1.4139406294676746
5.517508646186576,5.262676799361486,1.6720709531881046,10.845302439030753
9.189371423437468,9.591556343536485,2.641767561356465,10.734874113074598
7.455356882791808,2.4027433082836938,1.3803751992109174,10.118674094247638
6.238631180118012,2.703138422907234,1.969505838597024,4.9765356474045594
8.180242132069653,8.272132741565052,2.507037373304601,6.519764010653812
8.77929639810376,3.347479720225079,3.1625729918094017,3.006752793508014
5.111992645635402,8.193043956623743,1.9222675289563238,10.903496294443753
5.275975284386519,3.4438013461765227,1.910250644714743,5.928951502980278
4.474458420866522,1.2986886720250133,4.111319916560815,0.3703004714959498
9.700355260166145,5.6531325149804434,4.850566651787525,2.5565079390174734
7.274496288613154,2.7701779071417523,2.294451871005825,3.4588956807687934
1.7490075958726505,7.82061663639224,3.7519680745427206,0.9719812048413221
8.766636609817166,6.770796699089333,2.032321845431683,17.0833715311105
5.3250394675264126,9.31242401180126,4.711809019862528,2.204641361164348
1.618785157802387,8.046895215391622,3.691609440661593,0.9892331955419995
5.9474552964697995,2.6269835935665418,4.21070741855028,0.6105084066840075
4.754478510781318,8.201424129983167,1.1974161727966592,26.82300487671921
8.899744643763624,6.77563340332621,3.3940238729624985,3.1282989878538876
2.835951432484486,7.020564775845624,3.110449325433529,1.8454664201325415
8.438181485429645,8.49036597373134,2.171987627646128,15.37951793221543
6.019198220669074,6.164416622700462,2.0497199402292723,10.186473092239643
1.4914927289212214,5.1940316291771165,3.320099209267879,0.5623475318818121
9.74660771192936,6.729769318228552,3.8259425400289007,4.8159160663758644
5.6135371969287995,3.6816168606252315,1.1326910281407558,20.839409523187236
3.617891688084242,2.6433741797838937,3.2696063276948175,0.77994801486253
5.224661577903323,6.549290542641217,1.6818381157865145,8.354182498815465
8.720720051657402,3.1046353217692992,1.5614509255444022,11.748401739590953
3.7441281194655716,1.7192359841194604,3.492477952378738,0.40192602161377156
2.734087568380303,1.0049876612672852,2.243480468869892,0.45649799591035395
2.1616412223779333,6.474874612600604,2.763520932539456,2.1711303212796773
3.6807345855119014,4.259339051322131,2.4399952377590917,3.6217745754449195
8.020432783360391,7.770798736061104,3.593345280610095,3.860829440594
5.244637286757355,4.376587584817922,2.8804790642658755,2.358436574433357
3.04733443324186,5.374031034144041,4.85383464815179,0.6339538626185912
2.4956649964877426,4.663764755338464,2.4095310364258613,1.785096711183758
3.994565288593412,6.855173119984115,3.9611373610513407,2.420012806280737
9.45931935597138,4.205252458134714,2.029170270332178,8.635695611344715
4.087240413310219,9.67390884948078,3.0350123705045875,3.9596235508130335
9.893116683591717,9.425322879386771,3.210279007607828,11.972392662616489
5.367074101888205,8.632251123915532,2.3164371242509287,9.629994910451227
2.612475264611358,9.282702435154732,2.8871221156505165,3.48301790070696
9.020260826141584,5.0422571961345195,2.1171145515939687,8.308473438876879
5.143198358213442,5.827873571105429,1.024003126695928,25.554117726316996
7.38704209154072,7.6788333330242,1.862593206551515,12.950479661202518
9.853404248882367,7.26531332444687,3.8002566899728025,5.751315947400441
1.451578152879766,9.016107360449237,4.083852097941508,0.9770252915645012
1.8702510380881043,7.446979245310257,2.12081146855568,2.7250900847730994
7.484110673164806,9.980962374056144,2.6321719952722877,9.996199308791235
3.536425029659248,4.136552198484319,1.1494626405544444,10.362000595876786
2.6587125725508916,8.496979680154762,1.9482516043907223,4.110023306417679
1.3542569183775655,7.278713405493978,4.116877133489197,0.5032157704855098
1.1966204078758162,7.222478006935167,3.423945081060229,0.8512176747131327
7.970370428078118,3.93252035360499,1.8230820878174856,7.779414672584604
2.20990084632595,8.070416131807203,2.0297679804897286,4.409385276199118
5.209485543740358,9.103384201128392,4.26720809195824,1.9230896104854294
6.453071336615347,2.9669361536850665,1.8363368117796033,5.514150032123651
4.855166205119616,6.629471534050337,2.336630903388525,5.23107284540201
1.243959871026098,4.529213461924977,3.6574347666185774,0.31827732117518925
8.05151352329118,9.905933073653893,3.2444495428323146,8.774621377522015
1.0946190208748814,5.3094953424851346,2.843480820935257,0.8405257800078276
7.857009049397356,3.0548815641724842,4.598964363918977,0.9147792228380502
9.039740444093104,4.436718626996493,1.8788418508602067,10.87030946926698
4.8955592895145505,6.884545508349636,3.9656795634519995,2.162095450348268
5.8198822578801845,1.6848043421461865,1.6362553624727334,2.333100350036526
5.292850533558884,6.432417281991138,3.4629353339285807,2.0457763672651406
4.502877567610949,9.381022832610082,4.482494253645253,2.6431686349435113
8.986820818333243,8.653265088920655,2.8316071419125515,7.632746168254611
9.045401596029915,1.6090618299218504,3.8971780287653157,1.199439527178784
4.022347281773811,9.940508908651614,4.281573411995953,1.5942249943747355
6.535627786132282,7.288542313334912,1.544105699510411,22.611553975935706
9.342168059312778,2.460527418826213,3.8233075811284403,1.4746181072613256
9.658526490472164,1.1117448025248113,4.679364095954705,0.47364234997347654
5.580631363798428,2.541543726629362,3.305482439422177,1.7799506358651989
5.075423247558941,8.543583286171646,1.7444889781150241,10.674609410681953
3.508248843356732,1.1947539245064736,1.507770126355772,2.063065467247978
9.629846858713691,3.098325732562779,2.0389413218669916,7.971369914135172
2.2853287402558062,7.8157503580138785,1.4140530760667303,14.925957915784231
6.218466184429525,6.274994823083216,3.05357628634019,3.283317802265591
3.54295240766775,8.044621393241727,1.2788187308269383,15.24625695011797
3.5110746131301696,7.715354534441092,1.8936184985449058,8.787383118361836
4.644717286385696,1.4554124840962426,2.7596417756488574,0.8520936286289298
9.989136422340891,9.032602771847364,2.895659001608086,9.764273121686092
1.4946967615583986,3.0432865085404184,3.261593940587858,0.509484569418999
6.206876363831783,5.980531962067873,3.822459851002906,2.405100028534981
1.7431494223174946,6.798593408750009,1.1889145586618701,6.88854855838962
2.3906874699146705,2.5176538979658583,1.322483808703133,3.941262706552528
4.956066475956089,9.78608131030877,1.243436607219123,33.72332432148168
5.594141182117972,5.393403604785781,2.6926012618596413,3.901138931097432
3.329131675280716,1.518784260376541,1.1673917795317372,3.4428139406187928
3.8481141778697454,9.435358403000563,3.984325067325305,1.8686536314151656
1.7827031823033974,6.276410588739413,1.8920007241539114,3.578991142359517
3.7289780545982545,7.292738781832387,4.756849973159834,1.1152685648141
9.699025954424897,5.7265821094080165,2.9456150203884457,5.415740243610411
9.502366435052336,8.512641592992708,2.7853030097688065,7.74595793019896
4.013904611232865,1.298201159738898,4.1221547705580015,0.3307141402379933
6.137685426508854,3.41540528749433,3.8526159355719645,1.2686704229913368
9.1863585199985,5.22683520762423,3.4292361637925715,2.4394944362347344
1.0556544037680702,1.6894325468233904,4.74058682500148,0.06026126692038778
8.296152133038326,7.353160023939925,2.689037043948308,8.042256409702976
9.535325975100271,4.542970726500767,4.234126703089146,2.316955485751078
1.8219316090020135,3.4540119124132964,2.520371782983274,0.9424109488452264
2.4530291742962893,1.0304096212757106,4.353382697184419,0.12316058291898176
9.646716724942198,7.4784728057495835,2.0378985158638745,12.243659986666863
5.837861292763117,8.504283779855756,2.15706829134413,8.803699395419015
1.1277697102455133,4.555364821133486,3.711478136069816,0.4612470388098736
3.3186879888717624,6.07796179330029,1.8508531798071854,7.1084692777627225
5.0494930684197366,3.0491796333663856,1.9166167481017151,4.675897520656134
7.236180199222909,6.599778816521198,2.221049716069659,10.628823261021402
7.5984434032311965,1.1092371248368047,3.7157150786415034,0.7209350905988992
9.958793616329105,5.397795073888826,4.557552369692928,2.0078559197338
3.5876007944538313,6.79784933656623,3.6982706045079468,1.794853557386076
5.843980916816277,9.263725959067607,4.311256977376501,2.2600522800501337
5.799911930736445,4.432022354100559,3.174242358777879,1.9884428286886844
4.650807335025138,7.886711826829268,1.2756928853805811,24.19801885460253
2.522457044581782,6.379183269491507,1.4018648460340026,9.738370132737968
9.797109068654583,9.343109016325725,3.217567913467662,8.498872409871472
8.679854679999274,4.5853990809348755,2.3112038745684385,9.908306600203149
5.4849972546481345,3.871858058856892,1.8822722945477706,6.248091398582396
6.429208804156268,8.984277988247294,2.865027709210483,5.943690560925113
3.045349482036961,1.443199612674602,3.665986963617206,0.2559479645625738
5.894083633525722,2.2274685364030913,2.5399677909434337,2.449419218036992
7.254731198093283,1.7416399112564,4.210169028629366,0.7311349136226004
5.636503255479299,8.587989609187623,3.9540929862855747,3.514661658379119
9.912566535264471,1.0954668103328746,3.939659528638267,0.3277114810154958
6.502074906229535,8.754914399473433,4.9407587587095545,2.44604760717733
4.338763413329522,5.061410158341402,2.1809199094865392,4.144410468714574
7.949368248542543,1.0362275096857367,3.5789023453635807,0.4638448239802969
2.5341626042347785,4.6148065949083765,4.421913360641254,0.5905934004727215
4.4606423233563985,2.6812075694053203,3.318097735655644,1.3235065235226906
4.122630553398272,6.619604387249467,4.158008704461571,2.293901145118821
4.886263855969995,7.114229109294819,2.657808743359649,5.159373272735153
8.036018433358537,5.387748133644998,3.3619653826192186,3.2872702420629825
5.357557289470667,1.3646757289570297,1.2226655712173131,4.13811311216214
8.146130052393666,6.905159239304817,4.943070423299254,2.745591280273872
6.1884001282587935,8.578349052449692,4.200073925793669,2.4093365764506505
4.0786249119179985,7.482918495937613,4.4752362865257975,1.7135891038544
8.289808693151251,8.469621270597866,3.7771771125717843,5.210286183983584
3.1446070349778243,2.804585711957987,1.744200131234798,3.0051224258719156
3.0194468181981593,8.999991456908344,1.124113769672129,14.760844817995498
5.540526316493522,3.899741055831665,4.458626430944054,1.0092928793015583
3.3476432136588,1.1206433282679193,2.5853226149444923,0.39759076637846635
1.0817833145609468,8.590524816961636,2.0554595041596797,1.9408111180944672
6.834677745689214,9.47639142068254,3.2466918353557777,7.271443565465808
5.5998443932515825,6.900023776756139,2.6835940899028774,6.686281787466584
5.009660330438451,3.082929674170822,3.606663982750228,1.2381044312840057
9.702716631564838,3.2657001785427733,2.9351729322180544,3.2583865841276913
6.140792655666223,5.199335860920575,3.7889325617610825,2.930412036267428
8.770884200104462,9.080479716412775,4.413693078036571,3.611164134572295
2.2550521258464418,2.3463789053280255,1.7822280438231561,1.28745047899204
6.122858168164849,8.433763026251382,2.3177315222619472,10.95181596802519
8.811816640578126,3.621725278346353,2.7472623462825556,4.615545669552782
6.247951815519082,8.277275524861881,4.848233792110553,1.9614259927441733
7.4621276031430135,9.282440778413848,2.461334454189941,11.662803195701805
4.348392110309867,4.847444847948882,2.524399398370518,3.6002009350734077
1.8320456533335996,4.285455886949777,3.6138900918382446,0.6256391550049223
5.121102656143643,8.219991870741715,2.676798839559797,6.414187224880365
4.550314517549718,5.765345941414546,4.804894982558421,1.0213853068201724
8.803541641410526,7.160041436168774,4.577875041901775,3.324338387931479
3.1959577211722503,6.605463132650616,3.053635111102692,2.2719166812925113
9.700608047815972,2.375999610803167,3.5791009357913994,1.6294911902813987
9.623243078240465,8.603113242606055,1.2321222475344822,51.85243993325481
3.2286847876429485,2.761976002718226,3.7829221121295924,0.6109458915939306
4.132467599295884,9.390539296637026,3.828803491796129,1.8819029188463627
9.060001667864965,3.2551416227993304,2.4367971825728323,4.334195773422405
9.699599988064968,7.604928759463677,1.8787315345010906,21.170000489156823
4.990951925524397,3.5618985414423285,4.660313607268067,0.5973647227106105
3.8889734107680805,3.8600686772817747,2.7068196032205107,1.7948289034098248
5.734846119263878,3.790016675040748,3.6148244192068426,2.456677181175042
7.189922857291613,7.731030286234749,1.1333151799050238,33.503052142084286
3.461270638374818,6.0113360617245375,2.656268666307345,2.722550040513294
7.6282585715716555,8.946572102627474,4.2690352440555195,3.1203357352678944
1.4649162140317693,3.7663544728364036,2.55030400160286,0.8284729906438412
1.443650434879748,7.227932698510699,3.4126446405475073,0.7499424598417577
4.476589346309908,7.776537396967996,1.8394232019381578,9.788387449784201
4.181258728546485,2.363339017269624,2.6661025953582382,1.1904208485987273
3.8406989383043704,4.6053042158783,4.710550872212746,0.9653360016660144
5.41917786402019,5.3453574491537,3.2658069988041487,2.7603411779413447
3.886602240804141,4.201186509049369,4.607725836371726,0.614802908259624
2.7303212662128273,3.899013363722243,4.608077197958173,0.585640436851529
3.785225941797408,7.177779045978777,4.776591201697919,0.9625945570508966
9.774138455292114,2.942797578935397,4.581566640320421,0.9416377831074222
4.7000207529536375,7.384516707260159,1.0131245160412026,33.79339743520114
5.002414991725022,9.415397767516575,4.736059566326388,2.900815819302982
6.18890490956026,6.08677769059976,1.5498377563415056,9.950340311648546
9.85006691572804,6.502908130655267,1.1597050044446022,34.94868779008758
3.174411487921867,1.6203943191168018,1.2215541383122113,3.965948368208389
7.131538994791905,8.780292132560454,2.3956647807057343,9.508791439880806
7.443862241875517,3.56903008479879,3.4832163410751744,2.4577138432692336
6.465919751137593,6.535460489757083,2.60924478607599,5.167283085445644
1.7972050567297968,9.812009527703221,1.102217138597518,14.927261714914147
7.091850482448188,6.3595234051552705,2.905930536698859,7.204299497240308
1.5768523993255794,7.522385387179398,2.7685229690815203,1.1778279386308812
6.365283845949072,5.007876564013767,4.027397062006587,2.3676647427240116
7.656230594995684,1.5432925916355162,2.1184515937017534,2.9907636898202474
2.898729015579554,8.178394145408095,1.8701246951774686,4.759541694147089
8.574598067884967,1.314989571375871,2.023755830706505,3.0608267797913657
1.2731842497970383,7.305920459990687,2.214959290519392,1.9235919924996405
8.594315772924755,1.2062941583467324,3.396659493468666,0.9149589700485005
5.142961455784886,8.760747129190035,2.8861019418083194,5.77323212374993
2.9582914593848004,2.4187243224968253,2.3475782607162317,1.207357687797559
2.204003304945712,5.62844345898296,2.4972566331347137,2.0170684206617278
9.579764508241354,6.374356340348326,2.4836946406359046,10.377109861844511
1.6539902882304105,5.117908666360709,4.8896267788412695,0.40688723079760736
2.791840779423331,4.0668714041399845,1.9319879522118102,2.1127927620773583
4.1304011268974135,5.2103286656287455,4.272246241089034,1.4834967556815872
6.582113640650084,3.8027417849304284,3.832843350352748,1.3101276650552005
5.903209767484886,4.943101123727768,1.0222800224142023,32.175344730659354
2.1307914317108256,4.230216918982276,4.972704872501952,0.37030917819812303
3.6075518536439315,6.095843411564307,4.025757482534294,1.009227517345894
3.1487659397742167,3.141317460204851,3.7297983454031653,0.7861238305909035
2.9218856904130726,9.897908994226112,2.6212988307065492,3.4131149173619875
4.7002990283198836,5.50782958043949,3.2208123556571584,3.029058340959782
7.336283073324912,2.747458696730587,2.0130835826698807,4.266643963840993
2.9570763899551236,5.293600746105453,1.14193362058279,8.414954035080846
4.300109917326832,8.797736165723418,4.344086633783892,2.6197048584972658
4.5182568415704605,1.1962611381195605,4.585937974724686,0.26632459474940406
9.788108764918691,7.115987071965599,1.6498825464569595,30.02535229207838
9.59199721191162,5.931710171145353,4.1482243833829315,2.743396124509409
8.201238244768684,2.52602194933122,3.964610693142635,0.8193188217119662
3.1749302873726664,8.357287953744287,1.7135000077443618,12.064956888285058
1.6123358268250272,4.319961601366051,2.6873152102991753,0.9632512592741512
3.852137239485623,3.644218259339567,2.6910316833364134,2.1290103833621363
3.4011509449044777,8.45312672671211,4.0398570332209935,1.9929501470363096
5.553332201317545,6.746725415724981,4.350643623104222,1.846651339528514
7.999551190610138,9.08433175307342,1.379100485565484,39.93790335650579
8.724906449909723,6.668953333040794,3.2518769396168117,7.256481109277221
8.603776768694576,7.667358921389038,4.046993987715541,4.001684257203464
4.237080051007609,8.528013066336516,4.144762376260633,2.499685093779568
7.185109091146146,1.492656723189432,1.5919740977216357,2.546465802179166
3.8155077777179804,7.984440629824423,3.1020205726031764,3.877534706183652
1.5481498891166443,6.523358336646191,4.430234825450812,0.3579231466211982
7.314087390426481,1.625570168636739,2.2740743063411366,2.7632381053086066
1.0884479731280905,5.577201296818436,2.7004675956471886,0.8974611796364087
4.682643287126397,1.742122701855585,4.21743404534533,0.44984272206683074
3.9644134237186814,7.623524815509001,1.3572780847350492,16.079022888531643
7.240397846669672,5.9185154250809475,4.437973159555913,2.0657592217977836
7.89620925484341,9.582161836710675,2.244626866923236,12.552509152550025
3.7368517237415544,2.6482183441459286,1.0058012663645086,9.379193015212525
8.304643130003683,6.454301072683406,1.936636580225433,20.602611164408653
3.645250844544404,2.9042392111344224,1.3580025635820259,7.235826668309283
5.016937239879051,6.526584862546585,1.3695396279849765,14.416173331234202
7.543166743127205,7.503847321247708,3.771342936570366,4.19271784057134
7.236282063023097,7.500738963965848,1.8559053425562593,16.060739345523945
9.8863162508098,8.335665916143489,4.73896945190793,3.5650715708226404
3.026449217943387,8.681952051624851,3.065778186365216,2.2348975908865185
6.960861221856241,1.6954455364045935,2.840393031819674,1.5932702204181464
6.487137174481997,4.0894044136516365,2.7371340728806066,4.140140969947116
9.235886090410268,7.184102683238251,3.7703505586865274,3.8890852080661604
2.4072592748038755,5.48727658652091,2.8090510500944337,2.3287420909024616
7.766183472282397,2.7160835207931235,1.5144014249007673,11.99719600484444
6.114417546418915,5.974386131500282,4.520688722563026,1.9834377756015005
3.4719928280911487,4.666920874895294,2.7135813957026347,1.6584284762683517
5.269914227324567,4.510344498888745,1.29601830279801,15.287202584293055
4.00398937362818,8.287783456920973,3.1174639499910444,3.607073693939909
6.213820625096148,4.668385004489631,3.5893874338228136,2.4826467067759213
9.001005497331994,1.2380905493238175,2.102329856631034,3.323439100090638
6.123744859709818,1.5225700500198216,4.201361630695369,0.5096286928201152
6.685501764939256,8.706196375224582,3.679103384149455,6.061270804278535
5.668730624032385,9.645407290112692,3.6013646770577337,4.558466230798884
1.4604895580092832,7.195684028101368,2.683299811471177,1.3748025637543397
3.0957270118848483,4.279314646900722,4.847661205645151,0.8342525054683154
5.428015564888745,9.447402842152547,2.0967566717969905,13.600283114131177
3.792117553702343,6.965227777381623,3.3108220040618104,2.1904571407168874
2.635872379850748,8.59900194279404,2.2362206298904703,4.6088987349660755
5.537195577265945,7.892670736333084,3.979219011886216,3.110713671084008
3.905288141030653,4.412253841953332,1.1911659354804858,11.777786267285519
3.3229687885607326,5.308319807657069,1.183575471500197,12.929135761710434
5.175868756963427,2.6751893893128953,4.2434438780751655,0.6432763487446242
2.1995583227395583,3.6281269039666064,2.737072644254684,0.7062091587259203
9.349711597678667,8.003130951578695,2.364720218401423,13.666115256619197
8.809318881273152,9.045805526947975,3.430107448701354,6.962570311280191
7.368585271664818,7.520143809262706,3.8075973754758943,4.225100844636371
1.955924448296106,5.186563269909745,1.8048053873776264,2.7554814293982806
7.982895290227237,1.7785834204577278,1.7417249656189262,3.4254751559147145
8.271615952981172,1.512531538286034,4.832602991039526,0.43228600376846316
7.9098815594290395,4.368930081515685,3.3586572255382774,3.7102511241272764
2.0256929840731703,5.174395468908968,2.5604659091770725,1.3856478972063873
6.795171613609883,6.482085599919672,4.205766778678026,2.2699768014672372
8.508923161744587,1.058405692482975,3.1006358351116687,0.8782224391098901
6.1961806109770095,9.907506014196757,1.9666512414983255,13.906235594937748
6.8176663770528005,4.275449950636386,1.8269412225662953,7.522323904926484
5.1252713148367555,8.632851974210093,2.587437064679287,5.457496252375553
5.758365878956473,5.814700350988639,4.4395834410395185,2.1746865619483864
1.309391725165527,2.1739550908001184,1.2457916641770357,2.083604797216719
6.750667197759562,8.178089972810696,1.8741040030190526,19.641278974706168
1.7330249160204327,7.388443674278885,4.572607275410366,0.7899056490057769
4.91513134906201,5.746924764363052,1.486938275877002,6.7714289570904205
3.6338958790066704,5.63097782200402,3.5185028730566734,1.7664144110357973
5.908851551905418,1.7873164517583526,1.8540454724841005,2.7121176036837875
2.2007470197088637,6.902640537164867,3.4234673900475534,1.585652257954768
7.224790617759863,9.201206401788697,2.5324166673769284,8.828548268650566
8.155103832356232,1.8392042729922253,1.4067075857239675,5.981669277731709
2.4701900476884084,3.3716030558401444,3.3299002702164255,0.5356857605978553
1.9388177861669393,9.120771760978888,3.732170988338344,1.1926860268191282
2.3096393450862323,3.55909518837814,3.7210904758632113,0.7023022160589476
8.894148057086515,6.8854930496193365,3.5481376362908383,5.113728319493942
5.753703355807206,5.813363484488297,3.000899123742183,2.8208693619736698
5.2053489640675235,6.366948445034758,3.0778904674373027,5.004634710501304
1.9604063719211884,4.742100114195278,3.5425604392318384,0.8369996299922783
6.846004060812656,3.6999232349834,3.761037446986564,2.0690821976802267
8.811996327055809,1.4368010565670208,3.6195069553255403,1.2148128713635948
8.453672823911077,7.698528453647477,3.347782259653807,3.9019361099498386
6.634492380827211,7.714841159748041,1.6233559392164736,15.882109051892305
1.6775084498650625,7.036531660708508,1.842466153971447,4.0495051730634355
2.011573244584117,6.792704093076585,2.0408960841413935,2.7485538227172883
1.443780883988422,3.1934541895077357,4.678646628350009,0.19904536021343308
3.3173129484322237,1.201104403896621,4.037580367187866,0.24061313480950572
2.2209532044433997,8.278438571968957,3.211467278147513,1.3272617415274444
3.3404323622719048,5.420246821262442,2.0082277141761873,4.165501703937399
4.465522501470655,3.761543176323565,1.4435660929766847,9.534836625346724
9.48684505664022,1.9173871610251307,4.595036903919899,0.9871811169273064
6.493384538035229,1.5644943181124957,4.570664063291668,0.5945274905255222
8.514764071146661,4.139800496156596,1.4427823827827662,20.353817108121774
7.39316350641099,8.242633582902464,4.188866664385984,3.7549066175347807
2.0125281747396855,9.268513744004474,2.7865802772396506,2.5591481614127463
7.62328365736554,9.070762281517583,2.2958677313221605,13.78341646948469
3.4758899340321197,9.280007512746893,3.956418144834829,1.8022488721362762
6.751970622952357,9.169528088164084,3.4573181642429223,4.112684389647745
4.068657762786897,5.745022764403562,4.120120430373349,1.187055242442542
9.979050369381932,2.9747407470121345,1.2973154425317484,16.487816346849826
3.3719633154710005,8.182419245531383,2.2743480798298257,4.6343402612009825
3.512174236968427,2.9234167736732113,2.277267401666943,2.1437467451829098
9.376050300061586,3.404865490809122,2.319012369151062,6.175972501145747
1.221799641726904,3.0992888964029364,3.009919490575222,0.4438349304603377
7.270200890858772,5.634841633262252,2.1320552123237895,9.645601080750895
7.527937516622903,3.896447573521719,2.777534440350079,4.71133283204729
8.527407196693595,2.3874044466280733,2.471110372461663,3.3282308492975607
9.769953795746279,5.078560707044941,3.941184192082045,3.838542181671066
9.780417272409872,8.865165149066502,3.4140031827002004,8.207609948053394
1.587490818098175,6.13497569454975,3.6145177292692616,0.9138772293546199
8.396553904776123,8.905020452988284,1.8423355763305778,29.142987199563308
6.816789402916432,2.7628496657122366,2.3020086613075574,3.9639354724859674
6.826079209357821,2.502764863052986,1.0846617904482971,14.82257413888721
2.155149339532253,6.180194131285782,1.4334988291726796,6.607781263328207
6.85168449801088,5.169960113916457,2.0602169279555493,7.560855217455761
9.84234322541123,6.941553774822612,1.2618548852080842,38.584660094279116
9.206367125855023,8.151641119241035,3.41052960141881,7.616010187175332
4.952175947243655,7.761765660869588,4.992520463695302,1.2448972734579868
1.359531759574849,9.48035056292705,1.403260856261554,8.659281328716293
4.260641410001844,4.584307682413104,4.284920850677061,1.0315268374021378
8.437512804404996,2.857480680233627,1.4752649890605887,17.419071982447775
7.313491913186494,5.958213759530972,3.6796560751857443,2.7721685791771615
5.134092900345608,1.9966880817206705,3.5726304122360686,0.8433399882358691
1.4959138164294798,3.5996601099846828,4.610867739244798,0.23545772179485974
4.842052550409724,2.8709924973683,1.4557824547220495,5.519025757937156
5.221224457460951,4.569073451173728,2.261777864327591,5.65555843639021
9.356999796047223,2.0009491750199384,1.3631190414187428,7.8483934893428255
6.769774932239435,1.2865757009328807,2.6295333032177353,1.0893324014084653
3.80487624989184,6.911146041670286,4.646372694229779,1.3608752146734269
5.727864380056492,6.492240804608244,4.126092604247424,2.509726930697743
1.5944977703994407,7.375230424347951,3.8916004017812766,0.560342220583043
9.75311412084763,6.9434779624420955,3.132110019450808,7.706213512390711
4.240539117376534,2.0286521302814515,4.533942969342092,0.4292702279297824
5.3008061942182225,3.619709932380817,2.7977671929653134,2.001358899281023
4.197555768132304,2.165739489103171,1.598742668402553,2.9955254448398336
7.142605571045801,8.586751618437068,4.350340892483117,1.9227395020984839
6.960089424966338,7.7221328981997095,2.1185533122069073,16.088196964068032
7.43790079476222,2.813743026264182,1.2145341640977922,17.069127510912107
3.4132890665072875,4.071783164409041,1.5041521226751655,4.559090040071464
3.841016330476594,9.699534930377927,3.436235664776593,3.6593788418501902
2.1272610798658715,6.347434220916863,3.42832785568469,1.016935764493031
6.899589746615013,8.210400375710416,2.040732684328138,16.09111716180082
1.358174146020873,3.381319312918562,3.9087205917839163,0.2707657163258811
6.379141019711131,2.890476281613747,4.094560621598138,1.0198843518930214
8.827262963664705,8.055252359618937,4.682010504534473,3.056635952828241
9.0174893346067,7.172852097082961,3.339749994712948,5.0365585544256515
5.041339843329655,7.1288013629058735,4.117693456590292,2.712782576466768
5.133733193917664,5.973711236462745,4.012398719086535,2.2472061781897716
1.6927226470721561,6.07220508498894,2.0312361938687715,2.5459971022303014
7.036885228987321,7.621277547756284,2.2409037117506374,12.868199101654339
8.39133478335561,3.4300223300907575,2.9139295830114857,2.28668842517519
3.2018954914424174,4.174916192712602,1.076155870116994,8.706696599479631
4.791707934700282,8.844730934680495,2.189591092630894,9.678938480351139
8.549554030887432,3.77978680910942,2.895531493376952,4.421383928630698
8.894084208960592,5.916786142413692,1.432277181124575,27.08620419553243
3.1886198223780333,7.323755176060157,1.5051035511005018,6.427071565290172
5.955135710872278,9.99932344149859,2.8529469429493646,5.761607945475201
2.7324383557224436,4.9176219834579875,3.9238601263437247,0.9454413397330866
1.916908877256009,4.852835889624494,4.334995723682733,0.7352453511749703
9.200084512527617,8.583295414903008,3.1852555900189943,9.679031811488205
8.384567538088984,8.24952800133877,2.8989959501869245,10.826609722326124
7.840314116228565,7.579682935610936,2.537122273839021,9.85940318507742
1.4388968693182638,5.16906673668126,1.7717959697504249,2.5268212074601424
8.593559134392317,3.915452081446442,1.5862480112574588,10.608447888764784
4.942396683148454,6.478574343263638,4.167585806647232,2.1944610637048703
4.081556109662737,8.886009638184769,2.8600265288493447,4.3690696625461065
5.9182872492283884,8.95399712387728,4.161280981919019,3.4842529030983966
1.8221791845120023,1.9764851056339459,3.816332143602519,0.24879951739213244
7.80981894417159,4.855152554318356,1.7755836575335153,12.698515929111569
6.241915691994663,5.182497605788745,3.041229056844903,3.4361422765515215
2.6793108718585077,9.798538307713779,2.7760665216907228,3.55967016408351
2.6940897979214102,7.101982137183261,2.695494024362787,3.1601062410140415
2.658237864154068,4.6652177553586345,3.1702841968152553,0.9213973956270698
1.5130214879674058,1.234520973870337,4.928327604301751,0.05394109992576318
6.290186044345163,6.088466440892764,4.251602390682981,2.2991381506999025
8.563133598296574,1.8646837807452052,4.614849726521566,0.9657781508757118
1.1574839258864973,8.510049616129868,1.1185583327041502,10.538141724979553
1.441041804741462,7.772667945133259,1.5613454671700238,3.469472734280264
6.154932490182512,5.144582439173609,1.339054640898254,16.23653096641494
8.375461168474471,4.862897015875298,2.0529240202611065,6.80499043260412
3.9406500151177024,9.076050690118919,2.767569967866602,4.155256818011546
4.1465295892695,3.596125153763156,3.5682129906235582,1.4341728846950503
6.367118477470983,3.241179658960937,3.003325065146408,2.282023657610377
3.467916002117323,9.452776895431859,4.612735659652559,1.4254706779036932
1.2394752946991572,8.283212530781343,4.759423835575455,0.5026505702885965
7.617056662914365,8.385630337604752,1.6540838047898356,19.633534812620173
6.630849216473078,2.7567443284833297,4.411651681059141,1.2384396755100808
6.226803991500932,2.2896639228784097,2.926888816053204,1.6666975236375783
7.675157160926408,1.234265948354214,2.8133178852695373,1.1007198712456105
7.0770775380583375,3.1333735802681204,4.139757393938273,1.4458169022524086
2.8529378936048904,7.967714425428923,1.3725620361795063,14.332645474961573
4.17232942249016,3.160345768877348,4.529972509676586,0.8476783096731254
2.134991275107625,7.561929552353885,3.683453418190459,1.1399523438227055
2.168713120760929,3.2671743883067936,4.501046430631991,0.42570957085007044
7.085761717208853,4.557632481556045,4.977910310830492,1.329642981672176
8.727400962842484,9.848460609202675,3.0720178094290134,7.993993572927874
9.664593254750251,3.2033055815572204,1.373048791635716,13.87012803173713
6.655124057945,4.387335645684409,1.666095451723546,8.210841104584276
2.6569119102486125,3.709784624186923,2.2944729702172397,1.5945084420208517
1.9508531090403762,1.9866248769700205,1.4142117685388382,2.3702174159818523
8.31565874383082,5.4090472791774244,4.261367304551079,2.827061563422205
6.208808287239993,4.408215969997021,2.187471404131074,4.29995798427317
6.564565189123479,7.253983772265521,4.903544752079461,1.2887172023223612
8.033158798792384,8.358350922563915,3.8103657277274228,3.5958132908517717
7.329495049592064,5.898247430460747,1.6937214810222305,12.728911191891626
8.51012427570487,1.2897677987860319,2.904170587775761,1.2224445638168442
1.5059251491389063,6.570301206112494,2.8675368865332844,1.4855501252198862
7.727685730718544,1.4985165701884529,2.9700466333345354,1.1689535005916765
8.657674815898858,6.547206912391224,3.1427646825717424,7.667831648739571
3.575215382124829,7.1652695434226965,1.1246923292709234,13.446498464494923
6.764025465939276,2.779908648557666,3.745204502974494,1.2470829243240107
3.827458574532749,8.37411533849594,2.948767101153773,4.265235733507667
9.621739598342087,9.199766184166437,4.1638615954747955,5.9705749246970425
1.300812151919534,8.317782677024377,4.261398293041722,0.5558185939655168
6.218135594496595,3.7459827119087397,1.9221404879668698,7.5676989759928395
2.498531923445636,6.27978711201071,1.1936917857071112,12.800168693672333
7.4099818465944285,9.23333634272105,3.8129354244492903,4.064040253817313
2.583012550767959,3.885982536005649,4.911051153855498,0.44239057397443593
3.1184493570852183,8.380250400388825,2.7866319463236042,3.8389860619499574
5.449337299411823,1.0852761813552687,2.038451238374383,1.249467363718743
9.233514549971902,1.0328203250620864,1.6266875783339239,4.825255683066713
2.9054293493317376,7.837404943050707,2.1497823895623402,4.103938675752698
2.298160190062932,7.85302823914409,2.311678205485799,3.474573450756116
7.830791486686276,8.100794690670643,2.695498973737858,6.5485024721741665
5.505575791005379,9.370241540993462,3.621628492858346,4.0145045361494205
9.206066011435942,2.061156806382558,2.0926522243209082,3.4082924766640743
2.3195310144385806,3.087864864853195,1.2039070538747039,4.650959440049453
6.813351037207354,9.133524283364268,2.4931144462908783,6.834900751547255
3.0959123153663355,2.595125779951181,4.422518464636303,0.4764877839852243
2.4108438578647537,7.140063408189256,2.993406043407535,2.057942145075037
7.150864736415435,5.774167000367338,4.859135030981639,2.1290828237203554
6.343161579178599,1.7487430916635653,3.014486124354927,1.1357770746814808
7.793447125260981,3.5673729574737956,2.1035952676873912,7.7075561874434815
3.785163188015641,5.683349947968711,1.7732559889808583,6.895163844442348
5.03174490743971,8.671151050154506,3.7780979871423055,3.1258558362222515
4.6492450869737665,7.367846406532063,3.1455251431097455,4.9258796235169395
9.856805175698629,6.596948453094398,3.415995715981766,5.032265501962827
3.630240610654491,5.464296009472733,4.0205071573365245,1.5284415108197043
3.653355145120902,3.6881558543272086,3.9036138570595718,0.9690652944278155
4.190933879457466,2.0732042018733505,1.173453200672908,5.5881528609347715
6.081346731612894,4.68168431109486,4.210287621180113,1.1834895197231998
3.270904698373707,1.2566664452016332,3.1308132282068457,0.33270281414211145
9.237609463413465,2.899503003401655,2.5668341232590905,4.984548517744667
3.3911700837963714,4.892350382853938,3.1500777050722815,2.251922628564368
9.062341584041752,4.767446671047235,3.4498057938293,3.6966437125986276
1.9312755728192619,1.3986588789729315,1.598025239495188,1.0882025980314236
6.909064321596871,6.301541381727621,2.66966158130578,7.057402344782055
9.162869665944193,5.947158302679126,2.342344840752735,10.077668230723907
2.518744945584066,1.7029387361882156,2.4016357792721537,0.907209105293596
9.714942640893295,9.488467472143954,1.3653397536292329,52.33276395200194
5.075950243739605,1.894445010557741,1.6393739520009216,3.6750184383889937
9.51143597596922,8.693507361136025,1.6473282703448855,26.209501288929836
7.091380392670423,1.0027875872350536,2.492898972886591,0.927945827303857
3.7142818288619637,8.940529855408448,4.577966179499166,0.5833859596222393
2.6947227242539578,1.177477589838813,1.8241094876837707,1.188967164503535
3.7336154160258945,7.820308287029044,2.664770030699218,3.9912546198375614
1.837156683364075,4.2552173017022765,2.2464376611965515,1.425048052876286
2.294811697089968,7.643951201226878,4.149533250205352,0.6210879810644873
1.9419439631183302,4.615706848824806,1.2005057292832646,5.423150916808975
4.8064918936740195,1.6381713009865755,1.7861735821435616,2.0870717691456013
8.160205386318278,7.907560258558277,1.8425661694191775,15.985154739018984
2.2724519879470617,1.6412741678922846,4.971851201252925,0.16092660188974223
2.172883898551023,9.299083923650961,3.2831000718652144,1.9204326979990616
6.790860545655977,1.4587663221249523,1.5558330575340729,2.9782509048918104
2.7746468377125963,5.313927499943639,2.088796557106262,2.5021659098266293
1.8784903429809243,7.5073098776571605,1.671288376491697,3.7364568601335693
2.5016372038501986,4.539218183128339,1.498418278477792,6.888900584237655
9.313582562890986,2.9551012713319125,4.18872811363157,2.036955962866777
8.393241274985717,7.831818652564244,2.9830105146414194,6.128020354545745
4.186581061195847,8.058652343098537,3.5248405473951254,1.6419857880155162
6.9023869059465355,9.304254855589305,2.325004987967984,12.18470105774916
5.835481063012343,4.3854859938796995,3.2147803442693177,2.4994815256714116
7.094118371343075,5.556265610475942,2.0302761300947885,10.16859820620595
7.1440403721648345,4.268155985614648,2.2321450997129393,7.0272461172326315
6.658606135539936,3.3137363966623137,3.608951777466932,1.8471466902918854
3.3949123168357773,7.7592966538384776,1.601400503676921,7.978312881956151
1.351057786865363,4.0568666051525994,3.4688874366698474,0.4822825415808286
5.10010103791098,4.853344977931169,4.408939265692509,1.490806695462715
9.018764962216334,4.63306291861625,1.4816929047230762,16.276700857018973
6.125475326667183,7.413951030820712,4.589845122279916,2.2850501920850372
8.491519375317171,9.260160634996119,1.31778272119558,40.27493493627537
9.924619086651052,7.000804551766396,2.395636907823492,16.939872686244485
2.4725458372444864,5.244243364848093,3.4420372609519783,0.8040210455993547
7.225998752277841,8.01284603264995,3.2376590404741474,6.800603620671087
7.068642163300222,6.768741917099238,1.3855642899777338,16.594294969217312
9.819599026224505,1.5454932140603215,4.195652671143412,1.171269346997485
9.870406605575203,1.8609722777695747,4.892613172581012,0.5921560409077598
7.1801075055171655,1.3412524966627,1.7249131567350804,3.359517350919729
3.1925331278397486,5.111346935856878,4.580523879261851,0.5243295425698897
8.187002543175392,8.432680909050685,3.227237768447002,4.838979389145161
1.963262207899343,3.8177485241621687,4.74373508498131,0.3928808915155088
8.026293737544659,4.457441647832335,1.7043438336670444,14.849137262899621
9.191765117302268,9.185293975311016,4.168085572717699,5.092451159838741
4.4455005529159175,8.532131007849895,1.2391263017813245,28.364213996559506
6.675717654847724,6.98543301144304,4.532785787210906,2.743964515115827
4.871284588871436,3.4012340388302618,3.6966376887985346,1.0465497535917594
4.939885494893156,2.0533733441959914,2.48101913568972,1.1868131303115554
3.7933380019730807,1.1445294041210234,1.7618672939914006,1.394794460836293
7.859166584052922,1.9630960534397879,4.266132394268819,0.7498537471905912
9.425589077498547,3.6333679926154847,3.4129652855792463,3.168559157705959
9.46675773311015,5.966110572215461,2.4416634117920055,10.512104225825274
2.5730315638744043,1.5760007447714819,2.775343299210065,0.45469048328478034
8.872692846909095,2.226050004866041,4.306170624289506,1.215138195110992
7.6368829728440994,2.6297263207714696,2.355708773427471,4.092417362950122
3.2755366062126035,6.687838836849756,1.3585307124397148,13.586486916114627
1.605561516293631,6.54210819082112,4.645128688813891,0.447095895034518
3.4119754019594017,5.956891537349376,2.5493749586321384,3.6150152905598385
9.20987413103373,3.2545128222634565,2.393550044460854,5.775956453128709
6.6986080740619505,4.340077220968588,1.8175984755037575,9.926803916250078
7.489491948080847,1.8702074470396872,4.589690284913383,0.8880512700457567
3.314371159981863,3.038145433822494,1.8700213347513355,3.068261588894109
7.474493400173382,9.079347038253225,3.5466914720055347,4.740067118425021
1.2530935565013137,9.817225717922456,4.523060046432412,0.4677743619444653
4.377892111957124,6.828936270762652,1.1396544584128696,28.21083590090131
6.640780136880981,9.251409628210782,4.315166821200783,3.5351546525139543
2.3148690898718822,6.784677103612826,2.642397686759098,3.000658139571913
8.407032170022411,1.298768374949229,3.6318983010608474,0.49176654238379697
3.1152816893072677,9.970863264877682,2.4896182529022157,5.924218374086857
6.8705300153660165,1.8905707151788143,3.7820650253899757,0.8606554103356363
4.646774283177967,7.143776213005546,2.0171796582307966,7.581309616639516
6.364392359298825,3.2755258276731105,1.087722169741585,14.92468346064232
1.967054973660173,4.527830016162641,4.791150059151814,0.4578017979898533
1.1522151992944658,6.813407663208444,1.065471056160331,7.763922348325431
9.186079846422711,4.928386143769363,4.296397158534028,1.8922360616647091
3.426670078904645,3.2549145303801543,1.6765503732898952,4.098947763511227
8.37709302502413,4.010015681904923,2.5688809144081115,5.809274920812418
9.994152704249801,4.073933052308587,4.289969506024223,2.291101781926242
2.9028813219902005,9.633915140573924,1.8237286012493814,10.271393042102783
3.3865366706502003,8.187517143311059,4.462830422100144,1.3113982022365884
6.9657380887119915,5.126938943314601,2.9910357564076056,2.1920781528725235
9.689037711405591,2.798388283072277,2.4646138508691062,4.630346008069208
9.242329133716694,8.299144992363903,3.6497509869453446,5.966237400775414
5.525879680590264,2.4146422444753615,2.36555888792383,2.5328428123069733
8.155992542740522,2.894159954278031,2.389153435985428,5.050887500960121
2.2217126778991094,4.29412052656136,3.9341055637532127,0.37570679658415673
9.79694365783611,8.923133762667911,2.2393288981564314,16.60150848263783
9.679179106323879,2.1860800177069923,1.8030905934177004,5.3073367233180475
2.4735606209125387,2.1001077356907345,4.230584511986288,0.22011935254081866
3.6948081232279595,5.445774894747394,4.221484134908927,1.1127448581645685
1.9013949775609023,3.487694869843072,2.990342814827477,0.8456925802497288
3.4454583900836173,6.118551474833438,3.1066224646518203,2.3158055801174435
8.34360210473686,5.0647301621490115,3.7843065030705545,2.54503719955788
4.404840464487336,4.914631957160951,3.0370971670497338,2.27866694522117
1.7955727043208254,2.0077567343829394,2.66815983587693,0.6005753543054381
4.080029723010141,2.2694472122485614,4.979576773186983,0.42443977513267694
9.83245000817152,8.38970719702165,1.5905617114102357,29.00194259894831
6.667152357332826,8.9729446381457,3.3709119169594426,4.614587004600667
4.7454485176554195,3.112151795967252,4.5434521043026415,0.46982404614935297
2.49884662147543,2.0211445137229216,3.748860164724459,0.32850396724576714
9.875591175553254,1.4807500474105955,4.523693196352953,0.466516277470148
8.387641083368159,6.474678523677071,2.3453388814186904,13.95456204235117
3.5332957220582744,7.43817891250185,2.087971905040957,4.997346430424777
1.6306182614907052,4.35528990282885,4.405089547608419,0.4471555725440277
1.5096300163980223,7.117082807415756,2.576458304741842,2.2070900958136637
2.0834033455498044,7.416629340035735,3.838729292229245,1.0939294303518128
6.226917252529795,9.418080532572148,1.590994313656457,22.705080787065917
9.358870790849432,1.5838627405159653,4.023352501506698,0.6735400336130432
5.470690852053861,2.7306255090797182,3.1959305960994775,1.3149461347259477
8.586509342105774,1.6167338883728932,2.0744465596418435,4.2607440625921225
5.01297957873827,8.811945400024996,2.9780158558356202,5.330883251860452
7.377251911910427,8.133284440302116,3.787774503358814,4.2057909475638455
7.586854635578508,6.171778635596551,1.0475456353895347,53.868100726349184
2.5656733531300477,1.7529706904606486,3.549868235256518,0.4066059045246706
4.250944530782306,3.4598112278834767,3.1663631130930976,1.4235690872521072
6.735719408842215,3.6794786325266524,1.8811446709869304,7.306590344800884
1.6362694736592958,6.046688764138754,4.011924295904787,0.5202786024427847
4.253861689866609,3.3223950463304392,2.2138439385328046,2.5600697281762312
5.8131951965307325,1.6566387752165936,2.107443726186259,2.078891033430403
9.966020437401749,7.576860716679694,2.8848733959972908,10.084741384555494
5.270802063601966,3.691721904898702,3.704598713689459,1.0641182649713161
8.344510814028911,5.071367593209706,4.715383903505018,1.9322531791650086
4.88860556559956,2.1489997148407483,1.5654289725284158,3.9527425369449216
8.16751650357738,8.222934730551216,2.5858724830069346,8.234136603340977
6.358733214580976,6.089786892316519,1.2679583700505197,22.233726323402085
8.979358973521585,9.114270635888765,4.034202989886969,2.6939472741176513
4.698482971150989,5.459244067588,2.790931558725443,2.794052512514653
6.43873977839331,9.472831046360918,3.8277165407527405,3.24752771151846
6.670168125569447,9.026813839431934,2.288777695905149,10.850350333368011
4.7564464762042595,6.188138708133105,4.377268965625294,0.835735103994365
2.2988083931873335,9.40504094334877,3.1393123129604588,2.2775423898056886
1.84203466221102,3.9077987256509705,4.77443128729462,0.37321731647170453
1.150043955396698,4.290779464337902,1.3152585565761368,2.7855997911005437
8.86180837820693,1.4093015617543325,3.0571072981682974,1.4696103511955525
3.128274210148251,6.302808160874678,4.065820983990795,1.070420803059437
2.9035607435359125,7.4973157293604,3.4006105922944587,1.2971490811252444
7.62431860383459,7.961672712178928,1.092776561707371,50.84982882777206
3.8801450177865258,2.3483465744149297,4.889354713375523,0.4330263444784873
5.554402231706529,4.997431650812503,2.1930547723035936,4.242724915143305
2.4625995876771065,2.591768908845241,1.9971114654655282,1.4513460977620056
9.637711493157724,6.959146139688239,2.942639502426318,7.36279876232819
8.664232600155136,2.421517351795913,3.1686324300933957,3.281341905665932
8.774106606685029,9.137473155604674,4.065152550359302,5.0682287816865585
4.660963737148046,3.07571181095272,2.5730946306359566,1.3400469159937787
7.8612509233645556,3.6226203965942037,2.759841505848849,2.129052689763995
2.2948853985080215,8.658156899358996,3.139839663735324,2.309904024643287
1.0775710233260225,5.126208491311514,2.5775483989665626,1.244664113491795
1.1797563932022532,1.2159635122006573,4.658192316404624,0.06239652082085189
6.279415636641044,5.451276260823812,4.405007866537009,1.6438552312665193
5.098554147231467,1.7608900184211074,2.8198947803115133,1.2263239220872924
5.662138140176678,9.868102468185796,1.0007794493492685,46.88055682499355
1.0671682637549746,6.293004134100421,4.6037379821171225,0.1556326591408032
4.804179576916831,3.308793558498806,1.497346293757861,8.560804735462554
7.462613450807748,6.07345911592856,1.9780496607761848,10.163242241446891
4.984243317706923,1.6918039304357935,1.6094451374615928,3.9390431819040863
7.58997285681,8.199021738419354,1.719262279924095,17.848953423107133
3.097170679571513,9.327952484777473,4.211510151559339,1.668501503259617
8.318278040335528,8.869999493855435,3.318005766663697,7.847786587466748
6.295881164081071,4.075818420687066,4.824380652501394,1.3385420263663614
2.896867894869156,3.9319130767903165,1.9258140492948659,3.2142798627374183
3.1304842826844963,1.3157885009467,2.942539632524936,0.49315587436586056
6.652274181125834,6.8626032283082505,4.90971347632988,2.128581778935441
8.46945633891199,5.814143057708154,4.305774057099079,2.902638388529228
4.740650038262396,5.134117341946072,3.9144627164819643,1.1782163743474192
3.32470386214833,9.168678580012363,1.7559008054831677,7.3715033184234215
8.803104462195403,2.510910109745617,4.077621603638864,0.7686389468298516
7.023414625757514,1.086996400211641,2.390260490383671,1.5410929805035758
5.032769385547689,1.6598480690868889,3.1221475881870306,0.7891495448920952
5.391101757513717,3.01034294044632,3.4366448521581607,1.599528172990388
2.8383082114275675,1.2995699433711125,3.4374548460970162,0.3373706387827808
6.641223670583596,5.52559339578822,3.9060938876540656,1.9229505171119456
4.228682594885997,3.8268140971022024,3.6468083705688223,1.1875354671078417
9.960806590069144,2.624347072613194,1.2734835172423593,14.652441899729922
5.32165163735699,7.750756674537959,2.829388103796429,4.52456495074722
5.372970455706518,2.8400619360927704,3.656086426879917,1.3505640863867283
6.092666086696047,7.188445908944139,2.1839719286629147,13.793078464300589
9.250804028068721,4.14338415262875,2.2522267488655587,9.243200845037862
8.207362898737752,5.606449845962991,1.4982701910184621,20.387480814095664
5.060170628180573,9.404803358661878,2.6744599438994214,8.329383596339206
7.468293393755164,1.3361647133423156,4.947321737224699,0.5473705215726106
6.276119489026855,5.502380567297157,2.1412774451521495,5.434352860962049
5.43130343831124,8.689806642948565,3.1257475707443922,6.014030050043255
2.7308419550591547,6.291768235333136,3.9729490111163375,1.2561027740343496
5.1754263710940185,3.4918346526864097,1.0539890835370826,20.13335891895815
3.2123672832031716,4.579130216305309,4.601758238393195,0.8076298926383856
9.233579348664891,7.122390658557171,2.546200738899754,9.682013624153821
4.018661321467123,9.017307048824227,4.4764639468439285,2.5436110798361464
9.570376130800351,1.3695973637195045,1.1557906355979122,10.4785739335405
5.797497610852401,1.6438493970133878,1.5826542074547034,3.474284100666088
6.683899408085443,3.925463712486288,2.290117817910237,5.508960892745576
5.88646400040395,3.095017159937311,2.381847092253115,3.835909769557632
2.1644255527003082,3.3843779760016544,4.391176892112066,0.3870913491914211
4.382390971071469,2.9914299876329284,1.0448044615529408,12.953625134004985
1.8923150104986153,2.7624254396964196,3.564447105878718,0.4187049356988322
6.606586397650435,2.175615701823626,1.525249744714201,5.362774406865799
5.0218677568039505,9.405587186157142,4.292862602844197,2.1417752038742934
8.00186474413843,2.2977051751553774,4.114293063831649,0.7814256733140993
2.9842343289943285,2.8396339728898257,2.9996841096448024,1.2276934165584075
2.4810945258640142,3.2163915158270715,1.8507489020495007,2.225689204617872
4.6569900786739105,9.397133858173785,3.537981563862225,1.0994854905910723
9.33926844896543,7.801427202409763,1.6250332706305826,29.77880352332584
7.3937963351117055,8.107294872839631,1.7600951703706138,20.803980525360704
4.7703126231362685,1.9428243358464825,3.506759608901431,0.47230081927980766
5.655449527788795,8.526788875141044,4.964913784354497,1.6305932423623486
1.7579171005938852,4.673737736356761,4.5642433490101855,0.3252695133858803
9.861183067385017,3.3654072359114986,3.3724294307347082,2.484787496009988
6.99766574225427,6.181750751682795,3.154147075069695,5.402770066813834
3.568636616170802,8.399646152350606,4.993539520032434,1.1663222711090375
6.272275547937199,8.007869359674185,3.1895885905355748,4.515248530170719
1.9853412946209459,9.009977343230188,2.6804660878377757,3.048521225467105
9.692530019268252,9.353189674138996,4.638222143101366,4.631471350104879
2.5730648909502936,3.143098642849746,1.936737183477153,1.4053504018706144
6.832272862496928,4.814721047523445,1.390103961187236,14.923838064069225
3.209090162850374,1.1316568528456301,3.5363601374473213,0.30909037113155524
7.458052443836822,8.91389493338554,1.383398535074996,28.249282751357264
7.991392305162529,2.391149363272908,2.4925941478118405,4.323981528972983
7.060777560202894,8.753273311084248,2.694309542326882,8.706097589231934
6.530495142296733,3.964485897879367,3.1901522681969325,2.160647569530236
9.032221845568106,4.313202309830244,4.966638182991849,1.2246203970034766
1.7076403989078224,1.3521902903547343,1.8839268933327231,0.7712758300451288
3.9782328920217567,3.9419091078878763,2.503025514027648,2.178707440872632
3.234587316677614,8.995273145211378,1.528960497642632,13.392043618983076
9.892125658588794,1.2299266100944373,3.430454104132939,0.7957651175715055
4.504508017001862,4.656947257420528,3.910692729231334,1.3909009158783896
7.593514293163588,1.2825966683146701,2.9283072929435154,0.9913470454656257
7.162526474929042,4.338310825981584,1.9833250731598842,7.401199792599489
2.9087311372963995,2.553765767022621,3.4835530767269907,0.5146399200466549
3.150979121903962,3.2699655394153484,3.156630893475398,1.2461585003770546
3.5315610719773067,8.89838535845277,1.684742893614871,9.98436645279429
4.700145504334413,4.924442985597019,2.622727602008521,3.268280022143079
3.1089255908547413,3.4641819226172097,2.7407883665407797,1.4064245019200257
1.1768633447216303,6.30404540155493,4.930471015085732,0.4035981166586688
8.91453751126476,2.2789626384932413,4.397143328622088,1.2378351797817153
9.690488482427957,3.3345244667877028,3.9374831530943752,2.4138027587093633
4.074133483284111,5.916231708425997,4.55510810201179,0.7950737992661054
4.0465619148292555,3.1377073766326196,3.94193762331486,0.7098387670337145
1.0638263149693388,7.112149636607859,4.613607420502934,0.4399608805064083
7.1222561949733665,5.4234217203357025,1.218212459518032,19.932790523085906
8.428959061737658,7.947901632292218,2.824264837067666,8.53989016080535
2.3194747032400285,9.534200821502218,3.9875933409673343,1.0944554329938325
2.4369971443043568,2.04224400412667,3.333183186440054,0.3615162321132958
8.11074924974294,4.011985089860904,1.7006646566031467,15.032819627449548
6.5466167351873015,3.8759415659056593,2.361968346114137,5.202554459172252
1.4037450186494531,2.3606462740352883,2.271097500106765,0.7687882958138808
6.602922914160535,8.292728236001238,2.045387652737344,15.139839420111588
3.780259505593895,7.83890833634911,2.3725422140558643,5.117751051815943
4.318526399237614,5.359829237509591,3.059413153844484,2.130868344850824
7.9275827646719215,5.839937000151486,4.419476099133104,2.17970542465296
8.298416734053497,1.5358972420224664,3.9681306495750253,0.7783870572690397
4.603209641558475,5.99956617094341,4.340998816064935,1.9862000784761102
9.524376424057193,8.122073716176729,4.534414978252345,2.7567930336883775
4.65816446156865,6.164448162254715,2.664601824390429,3.5964738256358784
7.946524317070989,3.3877573310837703,2.3841051361069887,3.8714818709793315
5.3548953810783315,7.007934451009035,1.2304935267366472,30.022227111866798
9.077790938698756,4.253395869687229,4.721966487505737,2.373727491446925
9.169851192851608,5.903859558571617,1.2632920717525757,36.017702699516796
1.7867512708397548,5.388088269510323,3.9645420614818816,0.6604095502678443
9.428439981792032,4.4305750086866205,2.5124332178623487,6.738625939909566
8.429813573683742,7.469901823547215,4.795123097996745,2.978248491048638
8.121796428814001,8.954885007872935,2.678408083736516,11.705820079056428
2.808202057169702,1.0469126662923245,4.266433405418866,0.17526285261373423
8.246072878791985,9.402548673073305,2.1306193286547064,18.783722552926662
8.65119461216533,5.603636224749025,2.1963548689753867,11.60791282226991
3.6023530100873584,7.3065869232693865,3.382077639513737,1.4826946577597897
9.570340705260914,8.700621095582894,4.991930534829895,3.342835816529114
1.4487413175924782,5.203933230828429,3.070289671916785,0.8485869630481726
2.349183279224257,8.514766660284012,4.745234545573162,0.9622652854406436
5.838230242463629,2.59857837509682,4.144999312994911,0.8528360350952886
6.182132240100787,2.43250781031833,4.183457256708939,0.8868798852459842
6.80635074970813,6.917242319705382,2.7438399565150564,5.353194524210881
1.152722163839198,8.831287049965635,2.5461690006912026,1.0128725813781696
9.643300971599173,9.031835597824355,1.7676872323632615,33.35414752533981
1.401292834607296,6.793664125395219,4.855765067934614,0.3121531621004957
2.2875575745106214,5.729403071883858,4.83757444977528,0.5420766700890947
1.126130657734513,3.9825377892686458,3.9882709372407312,0.2397105986034491
6.101725899646852,9.820003740393982,2.185009799410678,16.53392032637612
9.39040195528875,3.877261179996254,1.9807181613691287,9.132513669947379
6.993524494724178,7.697674965084339,4.954440969547852,2.0569650874843326
8.403917216323846,5.787836199145007,1.26617126043271,34.877850730572064
1.1195308311272207,6.4766110827281205,4.3742571685652365,0.5423808609292126
5.878137686317535,4.541324955297636,2.4218320019298987,4.920569842550718
5.136066797549697,9.68340812925023,2.675478878908882,6.423479292038809
5.490711497987137,6.14514093489344,4.327910594995348,2.0523393571885267
1.6499186680166915,9.44008867412911,1.3624120640214321,5.751834983872998
7.159918249623767,1.068322745565227,2.4166787140810286,1.3218643510281427
5.52898373372771,6.1540352487200884,4.808097108678292,2.0587889324253497
7.886339648751376,7.454682007527443,3.7962636510850256,4.208060071330999
5.367615706555438,7.705721540459963,4.019756659223562,2.614912607470717
2.3444347260378886,9.144791936035132,4.030021203821906,1.3255194057796653
6.834312586700398,1.0396144810340764,1.242280332655778,4.239773438022346
2.551477258946496,1.002971433335288,1.8128303730417246,0.8276706831357464
8.851551070193334,5.250371147156938,2.965053024324847,6.105861801499565
6.518046151623174,1.2636433450483358,2.4726009299015006,1.257799661845266
2.4148349520125882,9.770792982961371,2.643649172531414,1.6942724543598962
9.661042517330861,2.9985865708725274,4.12578951450269,1.8603543786635595
5.665289170017886,5.253982564283603,1.058716940270941,37.884440776682
1.6560860668448951,1.5502386701100126,3.641967705284955,0.17899156156719603
6.641496139735605,5.698435745541326,1.0004409272072898,26.68702896680207
3.278790163115292,4.419605126326676,1.2522341023049748,10.493165454950418
8.233241066895722,1.4019402598950137,2.633144479350496,2.2453689677079214
8.360398662095715,4.016118400266023,4.363794079219286,1.9498936523568142
9.810526202691957,4.522924182005701,1.579983062257842,23.906151142691318
5.516825779220533,9.90929342147446,3.2184856365144463,6.115225105696118
5.094611917549634,2.870972847274379,3.7140209073069768,1.210258195450426
7.781280449018325,5.903016538330897,1.9181315366886422,11.191030473373432
2.192235907077339,9.885839942787658,3.049321021078332,2.4637860305914185
5.922239624138117,8.128172871461217,4.645629132552769,2.21728973225852
5.9162284011776585,9.940307507938801,3.048914101462131,6.245723766303802
1.8052581052934848,9.714684831941524,1.629292247150592,6.2710477608605695
4.761856769562222,5.4058558788473885,3.511257186750179,2.18214088880178
8.679563187104819,7.267382648835092,3.368800720034056,4.117046543048673
8.705382597951942,1.9939881424703598,1.107819039192525,16.440209342384872
1.8931389842771291,4.9703394254212165,1.3623776229902664,4.1796350390014725
1.8164879447304778,8.281166880400278,1.627125420564043,5.397352748474917
3.3642592930174176,5.54801788879429,1.5451563102474797,8.334610268937622
8.872894562985941,7.324291295355087,2.0378630822437325,12.746653388829321
2.1601232656614906,7.711761969858492,2.816421292942272,1.2741372003924312
7.479971223647016,3.281222271186045,2.4868651915959377,3.6645155593371417
1.910490576517929,8.881294356483089,4.562599565618388,0.5817831444802837
6.608240683730428,5.138401878182611,3.4484376376253483,3.262203142180584
4.204605692072303,2.891665932593894,4.504577399847372,0.46095721211688717
8.100225666692804,8.788742936095993,3.1081572996703954,9.558027913231461
3.1032140394282726,4.760369254956283,1.3594818827573598,7.983660650401678
6.752816464509639,7.752811945417477,2.8531497962657393,6.5073576613069095
3.1211428111829647,5.932297649994336,4.288130187369459,0.6080604971883324
7.4229425480093845,4.436845770110503,1.7764150686684324,10.739036380691209
8.863102311046738,8.288887735347124,1.364857115010599,38.804926100401424
2.14121619214084,6.260229384801518,2.3177389533530404,1.8469722005875373
8.79936119735953,4.515058921843286,2.5555913225605584,6.189369341303089
6.3421772897286814,1.9863808330161432,2.2250307056236176,2.3421394665293174
2.1439944178032158,9.059007823900371,1.540963142498224,7.824731154901091
4.847876698237409,1.319226268074999,2.003359438886858,1.6017523338158204
2.447742641365881,8.768686135312507,3.7291296184084413,1.3978934815393418
7.303130999799126,4.239653723948399,2.5437140651726557,5.021101232268742
7.8298132097615465,6.754048871512652,3.530197778474223,4.169976214499296
1.9521686824551905,9.299797514521167,3.14521511967493,2.008756039272756
5.5552586742517995,2.3653595395350857,3.196211759430676,1.150261629647972
8.331625504233255,6.102554280749292,1.994198231791184,10.062092999765744
9.425467373958968,7.879895761331729,3.0861721310727264,6.692446266830354
5.62166080067593,7.818254494471517,1.094378855452807,47.2861596997464
9.552513012502663,5.730687231395536,2.7269749692997047,8.768883190574345
5.821200734104268,6.622655139158122,3.2904912927596603,4.424671922535195
4.547714451399171,7.817742947195601,1.7279824854164372,14.96143275102329
8.633828156976058,8.569248739816706,2.0262340249958055,16.3398470483457
5.436844394122802,7.856317871882774,1.8781240792624776,12.825666369952488
5.247122595080707,4.186044488631184,1.2822318210616968,13.562188741681917
5.412812404688455,9.970537609519598,2.39142928456036,10.681628802185703
8.621065016827709,4.9105242434737395,4.915863065807757,1.6505048913955007
8.48747387519247,1.2201823248304007,2.4155216258544403,1.8079348995117404
4.631679931961901,4.263552564269158,2.8421464873479025,2.479988865442778
3.9996987388347254,2.1500465911645894,3.612349003825501,0.7291695318140778
5.427352216352164,2.092983541555375,3.5939910046764285,0.9947582076443025
6.154952587633981,3.5338153609620493,4.799579920074496,0.9618846618165079
3.1450348956519725,1.4803794475953476,4.430256561596501,0.24309671838289712
8.145595762440315,7.1966096956860675,4.175802748420609,3.513676532095304
5.378344891591806,1.6658999578171456,4.806508903113242,0.5155424463222982
4.0064099357796366,2.8296059989236055,1.9230615419326864,2.0048091134787556
1.9613889366759154,1.8360974304470745,3.4682167784871702,0.24133290248665318
3.1496064436324622,1.5685095781272795,4.548787066888625,0.2709237339846284
9.543530545803854,3.409764989855875,3.4965526331124073,2.805280017963091
3.7458971813757396,6.147090708943329,4.909681898427478,1.0054522798071257
2.519733604303318,9.682170008021576,1.401410855625516,14.080483142646601
5.146055124894938,8.880009889146457,2.757322011172801,6.2677741454425755
3.763789690242238,8.883405329007923,4.9094516316345445,1.232032031519605
1.3164332524407474,2.5846033243389184,2.518272114279703,0.6039958411048421
3.9083069555147554,3.384164741480381,3.9582255003972175,0.8477143877239038
5.896977615455217,1.6875398511577513,1.1216116043145967,7.20229849231653
5.965411348179702,8.006215059236666,3.7793484585212522,3.8054284609272955
4.209030290591999,1.6283467133700575,4.738506930110313,0.34498784828539086
5.025724806273406,6.0102610373876795,2.530825140760011,4.918499377667686
9.689661264112898,3.2308801509155565,1.0851993517077179,35.71276202982386
4.396136295072805,3.1910107062587025,1.1116392175819354,14.364404519527959
3.324041319339847,9.916525497228447,4.568093222844356,1.896145604518175
3.191203396600841,7.8110182628068365,3.890064428385047,2.492676196482503
5.119881514337207,8.532454224619451,1.4267455369063193,20.831912207443622
7.835681338452496,6.147844168096114,1.2183611082047863,29.43567302665126
2.8538936576962586,8.839128586543744,4.219301454461918,1.6608126658130018
7.383665144266913,6.809414852497176,4.239442531221436,2.6561155543143973
1.1903484101447466,9.515563343167107,1.482087359168196,5.168872135181969
4.770396801855514,3.532047274410731,2.206081615554547,2.779418123588936
7.982785586825082,6.3578759120460555,4.120104258295559,3.3526195577716718
4.048596601969883,7.211182131432029,3.1016482838160253,2.1419367174691897
6.073633913008595,4.53643574525026,4.826339442901197,1.1600302002432972
2.844813095433197,8.917371841636479,2.92425058138402,2.9575058364932416
7.677958520135551,9.81822846793739,3.7078317502620504,5.005077338886584
1.4705119294188367,5.443925422353955,3.039133462966337,0.5621204142396097
8.672883803879504,4.515765893239052,4.771861982740183,1.1129432043137735
2.7837674777950134,5.247441357008128,2.5946363682704354,1.84602436125535
8.869582285374976,8.674630711587383,1.9191858207144001,23.141175546027565
4.172763171704656,6.809215829663509,2.3065354411239727,5.64934328035307
7.5041521702703795,1.4029513526628556,4.411100816660917,0.5392875175926674
3.873027680075696,5.879529194011433,2.9917542540485336,2.0940381110440667
9.153205041111828,1.1557011046687284,2.417009214008956,1.9343071285703484
2.1397341296653694,8.006818339030648,3.1770400872379314,1.0866410247385598
2.6066781034533886,3.9548104618821736,1.5329188291073694,2.2843049664095947
5.437271126429221,5.2480673390559645,1.0214372185023843,26.02038069568713
1.7374459513433151,8.188102953168688,2.122338734773963,2.8134577362502347
2.7638216623158574,1.418039355571854,3.4200228791341694,0.4029710522034885
9.49389743990813,2.426873820324494,3.846723078645549,1.6062748299812526
9.788406950330984,4.581643388006034,4.306443865407866,3.2165875602502823
4.386333963973797,3.0693264719100455,4.706654237577879,0.5411085051064003
9.30957418912542,4.041112831975568,2.6484493878590722,5.885649157674537
5.903422081060886,9.983572641032186,3.9620671982298186,3.5650161364205606
3.4276821928639034,8.428729938164295,1.2986917207922501,21.86342846309484
7.321588489725388,8.955116334640977,1.2301199950883204,41.56101965899477
6.930116259173714,9.433491702091978,1.4991919679446264,34.057392098829816
9.9021278719786,4.068422922827761,2.7942763913230495,4.047582189036263
3.3854255866835494,3.6736926201682545,1.8451257539949997,3.3497572838032936
7.048535523955619,3.106562433148674,2.1476997677512633,4.667344669154833
1.468213795265022,8.471052201773103,3.5915206940492106,1.2078451838158126
2.0228143482704746,7.115966760566664,2.434088715211384,1.36188757745791
1.0352653745598395,3.1255478423458958,3.2294862308720886,0.28960886207177683
9.995146129537058,4.392944462894094,2.649615026946369,5.795892612131255
8.220463274327301,5.560405875395184,1.6758770220792782,9.514396348437874
8.080507132601866,5.753260515463783,1.2960799610235765,25.106645103769964
5.587534677593617,8.998549556965433,1.9449259812395514,9.19621121630757
3.7006037461489596,4.425095196524946,1.2308018779641774,5.771015303089999
2.3613785601640833,9.176716274504612,3.4744478395592275,1.7008957832185532
3.562072649618173,4.972308042878106,4.182870405864401,0.9523484742019523
4.383740997362252,7.717354073131184,2.3589630729496034,5.781703078243858
7.8067908728226465,9.372288879865504,2.548444221409433,11.835691147752781
5.856956100128372,9.168181335669397,4.264764251037226,2.433077227055788
1.697352638999344,1.5125758056611305,1.8904516494942412,0.975691673369631
1.16226108063021,2.8513386547891284,1.4766410607794969,1.5097361834019238
1.9209896158065685,5.2921488297904755,3.004472469324346,1.415972179158959
4.694488423276415,4.883988609577965,3.5847606781329486,1.1847421511957115
9.398736253441164,6.768024983534864,3.398617700185917,4.587972743469837
6.7366223308829944,9.50238145742871,3.8554921810967233,4.8975164416364585
8.216433098879637,2.0116424015015393,1.2270047286920955,10.480999647542678
5.197371350540937,5.066727986208164,2.7128064510334915,2.810248832374235
4.254994748755385,2.731699340984254,1.9542820957827725,1.9242555912496453
1.9756033544496046,9.046968385581527,4.036485038184097,1.2578344916039674
8.883397199675844,9.681221672214875,4.490921936241398,4.819919875574461
8.048440261251125,5.308315137013151,2.1253429632256595,9.918518233245814
2.513062878379526,1.9360926795532667,1.380872316277633,2.298581330046398
5.610345074886345,8.067652000504058,2.0137118479655873,8.677139060376549
5.386373271291204,7.274272154431591,1.4160339562356787,19.33357568357088
6.625823974178758,4.192037439492794,2.289688664453815,3.904290426220385
9.51568204592135,8.986667265720671,3.152794313287303,7.309780406333077
6.217942975862317,9.782487008044365,4.894723817592826,3.17929415331414
5.861955401007568,6.020684642171759,2.597481017405434,3.294647317572242
1.4529063964119755,6.091551202098631,1.8801596954184845,2.8429244903702706
1.5661672841622154,3.6776215460240005,1.6672069614833402,2.6914203823402567
2.6861211219411,6.260554323849828,1.692159064554704,6.8317159001889145
1.2922369452257345,4.956780884723619,1.7703907330458368,2.206396815489595
7.690176060130112,3.719719242352467,4.049068090149788,1.5829974709677608
7.509972735945668,1.604666768715112,1.2441108457296797,6.780077424603248
2.2245061098847865,3.274370737382124,4.989610827772136,0.16102224563463405
8.524710107157528,2.78069184709898,3.0907455646650446,2.4998186043953825
2.3930743136150077,5.87837786098554,3.1770875772033027,1.281538218211515
3.7105802829762293,6.415030195872345,2.4302555147984193,3.4676367019558585
3.240792092452285,6.477145518754148,3.761021437648482,1.4780035561028244
4.35076388715743,4.493629009411112,2.8858253635231907,2.3768757090099535
3.291973893009657,4.791067603169464,2.316245139858199,2.5661286839246165
5.400558337946069,8.50814586676576,2.0605536148321715,14.313293409668722
4.666670932192169,5.286095321654462,4.702604827733039,1.2784845944263874
9.879125417013938,9.889959989234102,2.163958060209681,24.60499851002647
1.503337151154031,4.956555070079784,2.745573037719368,0.9680628842867149
2.2796323874861644,6.846228501560551,2.401365608465873,2.9831742304906244
1.4754330451774225,1.4532669909405622,1.3447153097121438,0.9733584938353541
6.632570754841382,6.880059319769297,1.7437375779290685,17.00741084804575
1.4905834967234761,8.662837549735055,1.758007901305528,4.007260214905794
8.52795763638511,9.482120546799667,3.7745980575586193,4.515498001030737
5.60744767613735,9.975885504757935,2.6263416398632367,8.072949641994304
5.743068621233803,3.539607810843098,4.1278702522826345,1.1233330585987649
6.054350569409748,6.1783305834314515,3.835803697336628,3.723480650819875
2.5373233567558966,5.056461869789326,1.7681990655841506,4.460887662097106
2.7792127280303878,6.074357325176539,3.2516676804804026,2.101101622443907
3.8693559058570424,2.41707661470862,3.9716353841952112,0.7270629278653724
6.341467742396663,8.705346153363474,3.532171693902892,4.45821969371687
2.891059983461931,9.186120490101288,3.4000660323519236,2.0934134678170424
2.046985544199351,5.046954968016303,3.958443549603072,0.4298458154338589
9.73105197776589,3.5238687541621916,1.2271229570252276,18.805469092054267
1.1978363332866062,2.267500848877111,3.9256877894457314,0.19960484367537573
8.224276648024194,7.15388342300024,2.0906210526137134,12.64794258319055
8.092316346175199,3.810086556586617,3.2874890180374163,3.067282756605209
3.674927024605864,9.185847129220498,1.9692199787860298,5.1704182405195045
2.2206395440658206,7.0391122736038305,4.3552702888273505,0.8988189744957426
2.3106578203488106,6.811167926568166,2.922237417203024,2.2471677309221665
7.276884555134733,6.0346190430841675,3.571764848099934,2.219663874865825
6.785259319775563,1.4119870548585305,4.176328173906912,0.5901177420074073
8.04471106826248,9.387301921170282,4.581261020285457,4.56501780609535
9.437330551591941,6.65143743969514,3.928248388277364,5.434741439231189
7.227346269399328,9.946557850447993,1.595074304761623,25.409406477971643
2.402663828962991,5.8362076429559835,4.418129478343146,0.8304231873910978
3.190983550888696,7.390998027155918,3.4743116634620246,2.512562511605192
8.579743577858032,1.5058860207959994,3.4377990335210944,1.1809738445525784
2.883754682507877,6.685625591410698,4.685362239219686,1.1039633536665423
1.6527008525903328,7.8818465043132155,1.9953262226635324,3.2483908307469123
7.329520486380254,8.006628653673015,1.9583504739761333,16.508615203580742
4.6227371994112785,7.931004870072569,3.0527742187798474,3.4449471700661523
9.280360472913133,3.036543645643009,4.00345226613946,1.7003465780213323
6.8522956398429535,9.778586298447033,2.7889628329140366,9.361677081616687
1.8137708001249466,9.956639085624449,3.535565559569609,1.243417977686414
9.530709105282947,1.6803628764544114,2.8100988968908753,1.9373897958460544
3.327015372762213,9.428017805305815,3.441548721947875,3.051305594733574
4.034912413656572,3.605042748739324,4.289049210454845,1.1153190134687652
4.620343723151878,7.203556735758683,1.7219067843636933,6.624249174688519
1.4610186676388193,4.042998286625189,3.781514136023936,0.5763684936354083
5.468638800075444,9.709788910358094,4.1497029573527335,2.923311492337836
2.1098664196776302,1.9135347247318193,2.78844562992713,0.6194412167689073
4.608732940195166,5.479721352607384,2.292934308271417,5.9189480981710325
4.156388091928759,4.852430127478672,1.0541772956976083,23.8275560885277
7.95556075083853,3.9342110705018642,4.188420089336374,1.524379505146468
8.22853460469458,6.809805917921338,2.3117546361439523,10.012728836767726
2.380715941501792,2.179501690795007,2.429237877632201,0.869849811280489
4.298960686413036,7.449961763203272,2.344024652395249,5.412292562185906
4.360178449286485,9.825329114243086,2.9949573232493525,6.035760756613614
2.3626939954247654,8.241028430217671,3.8099982928763083,1.3207309607373074
8.186081545460715,8.740150776185908,4.087452524002043,2.896161755229324
7.36505495501881,4.236730688611022,2.5702828816126333,4.125312148159284
2.7134360766733128,3.9239794583309684,3.6524081401806763,0.5461940258139847
4.300497177344191,5.653435192211199,3.882737001085261,1.5390571013547147
1.952245223708628,1.4115395328604543,2.187669326709526,0.6532393876355326
6.6538593738373955,9.508223210108794,1.386485878148373,28.60316996717468
2.092347320937577,2.29406655714573,4.57866288257785,0.21050568990643542
9.87340751762426,9.127117352512832,3.7084638871263715,6.192499348798654
8.026138672190761,1.7522399980032013,3.592441635505166,1.120409163614763
4.512146946255956,8.40362434910704,1.235610060847912,27.399823447102104
6.2070753905141896,2.367662732903936,4.271492230015706,0.9355102312562249
9.20207634594768,1.3431845268232543,3.2642166243442126,1.6833015619494591
5.986893523562435,7.475405052334678,4.391537669270265,2.377931996707857
2.5704863775815965,3.522387701569855,4.8982447349470455,0.43290736198770347
4.408330200230434,7.430465375059145,4.828401283520968,0.9589122181701571
8.588303785267708,5.9957672542553775,4.42435738556083,2.431087156041124
6.797917143906561,1.9792665120705903,1.0437894953254756,11.6817298023718
6.856519459004203,9.389170659710473,4.542908832947826,2.48467087368861
8.801393371196403,5.070827572871298,1.300249255310582,23.568499636220093
9.045757517162542,7.6100255001881925,4.404775880707069,3.4717273308518473
9.278133146014927,5.5091851481406255,2.1206962744464946,10.218407928045666
1.853642739278405,6.439253274650842,3.4402733541334705,1.5332890232570162
5.897134017667908,3.724962331210232,1.1522729245995187,18.23950579700535
7.664585690964867,2.8032427360310526,4.084726784472912,1.8030793811169286
7.812341606143124,5.88313183067261,1.446824488931886,28.51085030767235
6.460445817730035,4.961970756739018,2.6427526867030875,4.003088698665148
2.5010860166530673,4.511018920905398,4.269784009301206,0.6235075716967611
8.17678498547498,7.053104755851607,3.7813959860333406,3.6825279886041935
7.481002001634511,7.214559688100223,1.0241707874322676,49.78936679725586
1.7752219439413266,1.4132805048213672,2.6121293381701953,0.2958917339787798
5.174288422069386,4.048700448193049,1.167710067858032,14.006989999886535
2.565796595696232,4.705880952037396,3.6939994432738765,0.9484737384324999
4.037293411416747,1.872029450477513,4.875793967013285,0.33909689835429546
1.1627298298511688,3.123107800284595,3.621045049203037,0.2909837269844032
4.6029688156968245,1.4647761750048098,1.8974897244702231,1.8502736569711766
5.948892290405894,9.966178887553186,2.4209321282661604,11.857201125549377
6.576243335443781,7.629014826728601,4.906602222633871,1.9768049129531327
6.971413106158391,1.787051408524783,1.8962096481294002,4.429161396462225
8.52662181792214,1.182244418110829,3.2461162922177706,0.6031533934692577
2.9391661654815704,7.473590201370522,2.601815234726979,3.6711504388808054
2.0843364019462114,4.9527294911440025,4.073261191712886,0.6829695923514487
8.663834547081331,8.081170381581185,4.469557087919549,3.031901342791798
2.409515334033849,9.311284340365454,2.363349097401187,3.73145013147302
9.772840732025758,6.393703501147352,3.6415854547975304,5.149865067991528
8.582844064587732,2.6839758062552774,3.1961907900709092,2.6680737799787
5.507889453006392,8.039746324418072,2.1137779602217335,6.44308583838048
9.832792824298227,9.60230568856937,2.087763211252007,24.383329499009804
1.876390561972038,6.2220815835396035,3.154526590129216,1.0658621325550652
3.727591850575915,7.1379770255266015,1.6160114941291992,12.48162824210519
6.744019735365503,4.037272255330057,4.243239585929886,0.9559351687616847
4.150061816258608,4.4337492519428015,1.276019356801608,16.827643624386027
9.355352967827127,7.611890480677575,1.3782979448332653,30.842246387979653
1.590634793600358,9.349939885661373,2.3689052357090703,3.4081779948912363
5.944706488548681,6.66089548501917,1.4723670327885334,18.012732693319276
6.31779640655603,8.108631176368128,2.90280008502197,5.084212546557797
6.874553113995017,2.544715156738357,2.5987035617674814,2.7277712015969953
3.30099600998633,2.907631812321762,3.887239183542868,0.7659249191479979
4.2810978476787795,5.78831218150051,4.8120166208388815,0.7378385340155222
8.593124766984799,2.588987730185565,4.014234338956504,1.574350978611835
2.7544849207314384,6.714955631988312,1.7177946515224174,6.2529067630491815
8.441810624560258,3.6248786685522907,4.742085141857612,1.5178346339156459
6.063898806124682,8.123793568002029,2.568533730212269,7.483289390636193
7.859687600746739,8.27299311952909,2.8967574437076515,6.862686440255162
7.422466296371244,5.174087101798178,2.686304949482542,4.137158031011358
2.867603458463911,2.6272957153387173,2.122188093150876,1.897911319643416
6.119314627904856,6.820974649737393,4.580177151189936,2.2552189860255734
8.809508375245832,9.935083164372278,2.3289554635864644,18.27349231254789
4.8890461312173645,6.60331808148271,3.3143858787181855,3.1901988042924465
9.69931693200985,1.3219722164260705,1.9601343374973208,3.967817247397126
5.069935900915462,1.1556457819037433,4.189501499080722,0.42768511307070334
2.285070730010962,3.8832577344307557,4.096794638116746,0.3302861805444418
4.504912120699059,2.7620542617436437,2.185248553788176,1.3852715456315718
9.565321657514835,8.317460864289774,3.7262162925738145,7.698760620869633
3.877487644058688,8.603251003324004,3.815494132379799,1.6768658511443744
8.812883438803565,3.3275689417942855,3.2500456644190647,2.1731513969169423
8.931256135137009,3.930802992549034,3.4023935290866807,2.858219376034787
4.151678718987649,3.126222709436032,3.297818553163183,0.7986376105598412
1.749318922455689,9.175442926341375,1.3274576159793825,8.413515441732777
7.521021182429364,5.52384401160054,3.68106137885514,2.484621512642225
3.8036106911258742,6.905233396738179,2.879100039354765,3.020681964733079
8.04631252831815,4.73933878029643,2.753829122165654,5.309963546075928
4.983893634343898,6.67912774154078,4.439996875127203,1.5725672381203923
5.367400681083594,4.472698390495625,1.0929068538444708,18.51470522061233
8.00118466073683,4.057105939563029,2.0052596718350206,8.489451522229539
4.441269979554651,6.710320658561322,1.4856139993709854,16.323523156999336
4.988146107906231,6.3195587024409035,1.141364178438903,31.95555685483474
4.3857142189266,3.6417515875115467,2.10270799070379,3.4544856906611927
4.30606463749552,2.344136052875261,4.953905091178711,0.5614273853540898
5.7335191921131345,4.317190244543239,2.080916692830295,6.718573787126739
8.279195000510356,4.736778752277183,3.6548232791830855,2.21247494935657
4.255914807303093,6.658159000821444,1.4731955601628859,9.763095918568183
5.718292484839631,9.230758872731773,3.40739052018892,4.021412468828363
7.036545928983408,1.3256631777963261,4.937925932553253,0.4930941025865067
3.4249550167328953,3.192949112876604,2.1673500938418613,2.0945911344317416
3.497705244121533,2.743443480516043,4.392302465502331,0.3091404890356273
9.400718143211094,5.520649678244053,4.9902855214661415,1.9886135017940525
7.511811159979797,4.867307263388438,3.354216354882976,1.9624832509355856
6.19468008600978,7.561338614381696,2.2376044017121415,7.381243593417139
6.8294804897855075,3.1817432129037746,3.6941250395966247,1.405370197956671
1.2636949879307653,6.350485291747827,4.379392825074476,0.43095376163219307
6.562926690055272,8.954715372399633,1.6854009718479133,24.92697170959582
5.585579859017817,9.196099659264743,2.8100630553658132,7.407942986441453
5.911747118014921,9.62906144252528,2.276750840495364,8.39148669506032
4.234814441477354,7.959350368719897,2.1334359878495195,6.854931530870376
1.733265079416477,9.153891156330236,4.4432850429606905,0.8159172680608598
2.74005310250847,3.110777847867468,2.686616027287354,1.1189813311587455
9.556702418914046,2.7782284991542934,2.356305367215651,4.524480510656913
4.678296060438406,1.0583927540247382,3.4140421657040547,0.2784436071019961
5.200148402477778,7.361599216861885,1.877606318549525,8.355280306646742
1.474388108680951,9.4372046903237,1.9195739622723158,3.471807809015831
1.3380960658958254,2.6824181053750875,3.0811549234860185,0.1441836400534593
7.454633023420819,6.73249217884191,2.6370909145847365,8.141616329127723
5.842851977090001,7.718137832995998,2.179929535689298,6.884437740496471
5.5783538579464,9.348528116332508,1.2158045290964088,40.125702351284005
3.1881207738040183,6.821742016154995,3.0830969545540863,2.562062027597372
7.7027565846693005,9.732643594738771,4.2664368224043,3.6707216192719816
2.514129211976427,4.10205826911293,4.405508821144231,0.6377026216278727
2.70941269294918,4.149356803942669,1.9417599189043209,3.4249056594344145
5.146409542134479,5.88711259012911,3.3985648157899533,2.461016735374524
3.576518759007468,4.451516930043164,4.423525237851761,0.7450065748269978
3.2271668310983173,1.0128315545877937,2.634903713105059,0.5741057721884717
6.807138800979985,7.585948225782886,4.7285472692301145,2.4166730030274963
6.858745706966901,7.76545337330635,4.611914116518212,3.027287301005806
8.420653628199364,7.722771442180934,1.8325355896752376,10.11242537320703
4.759377102756783,4.1051859994942,2.035859331600815,4.806827884896422
1.6577658192353522,5.700605259800548,1.7217679945838755,2.1821262690708156
3.462997464293119,4.239761663590025,1.7842174058188092,4.5883053867843575
9.820049168771352,1.1443276002758118,4.631448348693992,0.5986692498029598
6.366327177094319,6.062040471442769,4.724551636770492,2.3303495479087903
7.387633763209182,2.1138459947560992,1.2075889647405238,8.699464452745064
1.0662204666287307,1.7203719168229654,3.374413422688819,0.14415423599249302
5.663851589642688,7.799491618271085,3.2569262514302864,4.084925420375289
1.3377579177862282,1.0855558217629506,2.5621905868978394,0.1780956448928538
6.123071908823031,9.631075992478536,3.526790371292428,5.669065105621222
9.286937646724677,5.637298277013192,4.789471302043401,2.2502821728341607
9.715772174503671,9.847147876355336,1.6810195308885847,34.68232387334494
5.8649740785003175,1.5219781522543758,1.4816436388658225,4.570531256671982
5.123843247269944,6.251765939793219,1.1335622833159027,24.571625523073834
9.505153848236446,4.143943323783201,2.455333231360574,5.465299375024001
7.062488487970256,8.591342435328572,2.350513908311464,10.843874293836883
1.584093515845685,4.251004617108577,2.7232787526345756,0.7525215355274848
5.191530199007478,3.344388211516142,3.0132401235237958,1.9535469108476018
3.162205166178735,8.71797814389922,4.031295976121818,2.0345856822356274
5.228238893038134,4.371877824879348,2.5684535618300735,2.650598233319732
5.0991901480572555,1.1514998787450532,2.3224524374449342,0.7549776030060826
6.239303225332678,4.512601907554004,4.307515281038508,1.5323794734250031
4.210934413143261,6.890700421098477,4.3991866826146255,1.2690925074799537
2.4784340451033526,3.2892358492574365,1.9310638571734127,2.2000256958381934
5.5334749113096064,4.8878883318264155,2.2586872908452333,5.641330868285699
8.471825959111857,1.5104362445400297,4.3004654836403535,0.39526139633279833
6.976110052608421,6.292835123625615,1.3176329771910593,28.77408580805042
4.0453107933269425,7.806654314743544,2.3033871215629516,4.559837131828979
9.419707204829715,4.719813052609993,2.793400428163445,5.672184393896316
9.209868141242639,4.78209369521314,1.7482864608022841,12.509150969311344
2.8841355944568887,1.794542487264248,1.7196567864427927,1.556986456327703
1.3547582660832669,2.817467780607843,2.699448232054115,0.7012675387224305
7.67177837515686,2.392077728151214,4.018086898939423,1.2092455956724462
8.44849235214238,5.335189917953842,4.360931918190509,2.7989649866781297
9.710781093562197,5.763299868556751,4.916940370144694,2.3848007464337106
9.008527546794797,9.54046118155834,1.2959362003668762,57.52058534790863
6.404812913857733,1.6590835384951053,1.8667288045839707,3.3039343506406276
5.770471052911427,6.398811758395424,4.026519369536791,2.393364158617074
1.2505694613632765,5.738486745954172,3.1623948242226474,0.8764800266677035
3.2199080216030005,5.646097881422462,2.310719095849673,3.511422108505108
5.136532765596338,8.858433586445438,1.8223586449889742,19.963087136541557
6.6565351007521105,2.849846236259378,2.121910206569792,5.022623675782089
6.015266499865696,1.3669594690723432,2.7171558012038077,0.8599048567574339
7.683723907135215,7.050443568707733,1.708604878024131,17.901635545040154
3.5179023779833676,4.106417177223822,4.856903823507002,0.6610228956763677
6.084573468872259,1.1583092459127213,1.4303537783994975,3.475486268341039
1.7932801905171292,3.2623660656137243,4.942309737956876,0.27241089964915116
4.722989712248863,3.783940967951307,4.367573144002691,1.0862143246888232
7.751447496591409,6.551545391058179,2.6926064700549563,5.0998975044213
7.240607680861396,2.553272146443449,3.9592653375528406,1.4815184334386342
9.915784634549611,4.717489131580582,3.686060974785544,3.1007197156212105
3.501020133889804,5.3422789997604925,1.8531476717957238,4.797200163597865
5.483703692565812,5.133136522276819,2.3562803444757856,4.462437641603382
3.9657737239659703,9.765466900001035,3.0524902512218315,4.828498203383329
4.965428026532573,1.409538140112665,3.5513767195509076,0.5252914407193484
8.712551168824493,9.558713678071594,3.171579925426486,7.180548968841214
7.1578816766963795,6.2374349259463,2.8919498440258953,4.885723861686487
8.941970722128236,8.161549434728546,2.7726090938196006,6.085950024155306
2.831599974986978,4.873533562144679,2.9930579971800717,1.280981836801396
8.860250060572941,5.084540931312824,2.7374060793838813,4.521527865443306
1.53786046760546,8.913938491142412,3.1653203101828638,1.2945494262029673
8.997393523934372,9.063410466627118,4.551941196186667,4.458442172330025
3.9616640151465514,3.1481999328816785,3.5313172522184466,1.1109452098409565
3.8312887007265983,2.7931769072615635,3.8904834999541604,0.8847386472773479
5.608797190287976,5.4661165648295595,3.389932534923106,3.21958633930189
9.466211689509086,9.102493244149224,3.572070729656009,6.039073500878189
1.4300322821326483,3.9011958406555864,3.3133993137927207,0.5100930516276795
4.170078775636708,6.8681315380521815,1.1074660887832928,23.199838253477918
8.709147898150022,7.37336518966541,4.998393528800079,1.4645187385097405
4.5644902969192005,8.008071984047403,1.1344369608515867,21.488003287263822
2.7924120783736033,6.075320121288669,2.580592032934615,2.4622434991018176
4.823147631982706,4.622096604510727,1.4204627131957337,10.666612295342782
4.469972513425024,9.703143899190756,1.3877138017637298,24.830320449559313
9.238745813200332,6.501976779725674,4.1741078066979345,3.7674136808517034
7.857409381687874,7.557086904699437,2.703703117432308,5.246324997672435
5.546040001696057,4.104845611262905,4.2045548331950595,1.421341507744266
9.89533510049414,7.029542629027721,2.091145882723326,16.475181294694465
5.18749778148331,3.320178959477133,2.025851167224939,4.719883140964276
1.5241404773824772,3.2058722577577257,2.0049255272578486,1.474922117835367
3.360468896334864,7.432499816284837,3.464582505631677,2.0213500713172907
4.924634321973814,5.692552626366416,4.2599975593824,1.9295928681943166
2.412123617315081,7.149489493801507,2.809044040300962,1.796770723235407
9.528086136916388,3.424946416732825,2.5169955625643294,4.176729501026135
7.901640080359958,6.388510069510573,4.894318216806598,2.288042225987498
3.4145848038499538,4.9954028473280125,1.4670161440465552,7.3411687912684815
6.317240801661242,6.372642581609751,2.94653072817957,4.879502627695247
7.4930424139861485,3.6179175901979743,2.6339510127257375,5.465046826729853
9.471510360161181,7.439058672842115,1.3925063863475615,39.196123149532596
8.934718142578696,8.25336429543519,2.0728014483528767,17.891427548856626
5.636730035243923,3.339248264719513,1.1137648503164481,12.535768122619508
7.971873578137158,3.7055850387007787,4.5078171559318285,0.9594695491377644
6.059302784448265,6.950388427471837,3.4313981159616045,3.5248613119800103
5.974335010409861,7.260266568731898,4.260073991481002,2.9000304397969727
2.032677625043727,7.336897159577051,3.0862178096119592,1.4646400788381841
2.1352389221453687,7.144286542982531,3.3980393176875774,1.4272166510932094
5.765802535202117,4.535269452572849,3.8034179112366595,2.32337380221463
3.4197539048110595,4.553683069633105,4.63204650985686,0.9292331281354876
1.1893321221442177,3.293358612799433,1.367007551303383,2.275807131113656
7.505552835101911,2.4115032990672667,2.3237935789429076,3.465811475785661
1.2923793702114845,7.233196414572151,3.836104762800002,0.4423022563925473
6.3574915699364904,1.8386990737508155,4.8334022520055715,0.43730320305667486
5.852744147145829,9.440130581081034,4.923229713960022,2.151492252766879
9.71933221520024,8.440176733043062,3.5524120365490495,5.392315868077296
5.357918254128775,8.717551659615305,1.774393911019469,15.572267873318305
1.5724129274001761,9.160019331536713,1.476835645655827,9.128728332010574
5.965191710258155,4.677444736509161,4.784174577121702,1.5890863579056156
8.569865535544913,8.62030651015361,2.73571075785003,10.352353383946658
9.971643558532959,2.422551702624844,1.7792641330507393,8.820115288611927
4.8730885632016525,1.194776151474121,4.735570063110405,0.22179212242901145
3.8826886824706826,8.064022551974652,1.4180970862572475,20.1284216131249
9.15987967256799,1.6731698319724537,3.9182843874283004,0.6864011055515029
2.721179161685092,9.896722005933295,3.5010521101733367,2.5982241275909974
6.538860235296339,7.073167866414003,1.3509386575235673,27.854095392517877
4.65142981762853,7.78104739217895,2.3549951825577686,5.539419388219839
1.3697412845999977,3.2122347065007935,1.5997227581600426,1.6475244389971744
4.12559626875128,7.064788545277193,3.417994370132645,1.9288864561367987
3.387056702524071,1.388979435294615,2.908452126709715,0.4347293820515758
7.1748203854913815,8.540431479312408,1.0171004986419638,40.384362255857766
9.539114479227264,2.526616837284152,4.902842265135632,1.156565544096775
3.4124246864077397,7.276222601503935,2.3983385995581616,5.357275532290833
8.303193452365136,3.020324511094555,2.0328175713482,3.4448771560028697
1.4982383524456857,1.6160785248343847,1.8897718231764107,0.9272634175843281
5.843089090358318,5.333443106944548,1.6352635846942714,11.626001291353631
1.6349505733890513,2.523575892455105,4.996548304866039,0.17484548947455988
9.406296920175754,7.5649958949389475,2.1804378715264194,10.559605571997896
7.897161525016512,3.1380925904513637,2.6220539888971266,4.556772311586807
6.921549200841331,4.08225300612246,4.485423664712355,1.4606646333770166
8.415067434621978,6.106953261380256,3.5675500141715126,4.957439155562156
6.827678160131469,3.564714498195804,2.47477764698109,4.944310433960365
9.72049957456862,4.401893045889655,4.593313743695412,2.569471803770536
7.425621530782943,8.34059593936348,3.9988968088544006,3.3708572415087343
9.32192748624022,2.6128886460492313,1.9116020301667986,6.388250006594661
5.654187028095742,1.739814305337403,3.574955978399682,0.6755504239896082
2.0535797168367638,3.9552200661971737,4.689593993169606,0.4354443306576305
5.753599492807154,4.819390903124903,2.98584351380165,3.3173420504829685
2.1418554525678397,5.883933539229109,3.9344496113266687,0.9882058965502432
6.332441312587646,4.351813265575063,4.884414975956637,1.4121542955797284
5.342437544748966,8.109205302005247,3.7616565635808517,2.0040152988888433
6.603178580495035,1.3538753890162594,1.4097547590643225,5.713483622764851
1.0904228294934843,4.885907843787022,1.9782382037251574,1.620290314703553
2.753564424898277,4.440303231907642,3.3803857493705958,0.9909666381528558
5.421973887209178,6.828206417261732,2.1022232614876244,8.963411673531768
9.554532054302214,9.696486267076564,4.83016682155656,3.872778599387883
4.4524813631964255,5.593378659659759,2.621408136088695,4.07069389519471
4.819348234482712,9.881891622475484,2.8289216229294603,5.508921081386505
7.4322648010596,3.720244554218777,3.806408373880469,2.0911608170820384
6.434134815575062,1.277813192882149,3.0969989253674965,0.8687253243019337
3.690335350884999,2.4909685072877146,2.5285838675550734,1.3134604503276892
4.69734756010685,4.556123962971106,1.306551500618315,13.013793615973853
2.959298189715092,3.84700518269697,3.3857823580314554,1.5306605463349185
9.694193132171877,1.873487178850399,4.470320123176139,0.7842272448395485
2.1757094340162375,4.893940969216452,3.7430497670402247,0.7219999728691219
4.3465310610977745,4.043041944936064,2.5259800401878088,2.386153513224246
1.2325507499801007,2.103572984116946,1.5109042584925176,1.0078287620479784
2.9960154274019177,3.6650541755071804,4.2653527476169755,0.7020241958251998
8.024240245421394,8.977924498198515,4.7669934489248185,3.6241323279153916
2.810577090599915,3.7184397894040617,2.553091963185059,1.6014513217087587
1.7205706227606905,7.425598809178465,3.914568756736246,1.0048856192559863
5.27007861860071,6.5084237169198005,2.643053759563023,5.689153815339689
1.0897231126106663,4.8446304616753455,3.0090677554087977,0.5641294127052155
1.7628953898369986,3.1512307312330226,4.345905522465639,0.20390209377589397
8.268632826066776,4.321132294113509,1.3336973688446143,23.420656627241108
7.943260103736457,6.328964921239385,3.1213413951468203,5.335084390300049
9.236249383644065,4.156778932744194,1.8584810986848899,11.165092108181174
8.690638923196746,2.9340679021680867,2.3592237819830495,4.154229673733042
7.1485800691583625,2.048164740024689,3.577715298569097,1.314215561354045
1.4709957157059654,8.917902441186087,1.1089136493473934,11.411437555187309
8.045637561879918,4.962816781767151,3.375300395892651,3.3387976734983
8.609597297565044,6.62687489568637,2.1337689578149988,9.460007485346654
8.19173931194759,5.413693250231248,3.6779374432322887,3.978611965932939
5.576311317772235,8.85309866522167,1.5663254076522168,22.556753808563347
3.0961165478453347,5.922413672033898,3.9432464152647144,1.2394933959970293
8.607969781198541,5.32703276154202,3.5825588790519127,1.6743398051300062
7.544465287661247,9.321408913795414,4.884967331521405,2.9247093126254065
9.826850569499664,7.4772063644081905,4.644941453032592,3.241308297589345
2.4012333798033962,2.003949166121716,2.1332114527988093,0.9266303031444012
3.0309812474684956,2.5993401507713263,1.1092662909017479,7.368724922405672
2.9061833489335243,8.084105766454977,3.621474244447031,2.047480570387587
8.13285790859203,8.522661890619588,3.41154955601869,6.475754903741331
2.6821656680510637,5.9067174618126685,1.1097150750657843,15.535458790994552
1.5999384684097548,5.990097050799753,1.4907101168103707,3.4309384336202626
9.987047259270657,6.687396665663001,3.3388068181439423,5.447585820798269
1.2233549030063422,4.952041968543755,4.647309056173968,0.28469637566433903
8.51719654142979,7.121792111355136,4.626001106053628,2.4818758283995286
4.288301573955875,1.976331318097741,1.6059402184482994,3.7640582385034813
8.574539137820338,9.651513181306477,2.5382957856209982,11.503138349556437
5.991584420900304,7.751393414154295,1.172811457408696,42.53272697235379
9.11468106537724,6.680567836081062,2.8770873854517163,5.986175168770921
9.33573687773164,3.846898513085326,4.012333838692823,3.1820393467171226
1.081883631526984,2.4485993871105625,4.159890845462446,0.21521687826674746
1.6787095839350945,4.684086674460502,2.995957866386292,0.8594486887750655
3.2532285661376994,6.954190665166526,1.3834786988328736,14.529504816189558
7.023838747271515,6.703387690807999,2.5254559007262656,6.791046480504479
8.994449768603555,4.4437703955901435,4.728407839897457,2.149998942104022
5.1394775616456645,6.519577544498168,1.9184502260788587,8.78368197505264
6.462758046468389,8.323734660107927,2.279017799650906,7.694458747643049
2.69649867516005,1.2365629510384637,3.9873087018522835,0.061541864673934354
8.244701504935168,5.055589431372481,3.9343231555437526,2.548096810236567
9.705953002181229,7.826997056201119,4.64880915209973,3.7113910815392672
3.417390396231377,5.915300234170395,2.5524747628815017,3.928293136868024
5.453433564404917,6.86328479136163,3.0583948954971647,4.030737742668368
1.7750449945573643,5.650087533448079,2.8695698448819105,1.4622538724004401
6.032229908166715,9.926870902140799,4.711008684089812,2.4531689612845264
5.5250509766201255,1.491593828401344,4.07732235529854,0.4622811644515606
2.2999283573956983,5.419403395951395,4.325767119335393,0.8065187879320987
4.978595918062675,1.822748942030659,1.5323930753176436,1.9595533629039104
4.006941868779069,2.4380700590221336,4.167386771472639,0.563972470037187
5.696477877746704,4.447345153764356,2.731915064229988,3.122945042403874
6.270889018859193,2.399860823504386,1.0933547313225884,16.014811796772307
1.0764602074648857,9.67318449360986,1.2403534109731384,6.053191755072762
7.849053846545998,9.521107990526431,3.711631758939378,5.98515418286311
7.417128626755668,4.024986815985434,2.4880497645838795,5.7114334575167085
4.2965774758587,6.757729408339116,4.472462292893922,1.0182299311403795
1.4764234201193642,5.803779885344075,3.937092535503466,0.5373944106809565
7.794392858065454,8.340282824641918,1.086720046667847,50.294253625451645
9.596576444303192,6.64701048835248,3.747553247344008,5.401611999221982
3.1613643641981275,1.002272090415059,1.769409890929425,1.1486968068760428
3.911721523633341,7.86856947048765,2.6903302748156483,4.054238157960003
2.6543160053363346,7.721633091665063,3.498940808491851,1.3234287760365298
6.1924251101035575,5.587504350098329,4.490871365182771,2.0718154240552735
2.3935725518270945,9.126270759097483,2.824391553567757,2.7013059485781783
4.205745491152415,9.176015851213615,4.233961816764538,1.455990391844653
7.273117125408366,5.715205090339575,4.131862651202532,1.6885817567520052
6.041043847084135,6.471894080768839,2.6581540514050332,6.0175958752071095
4.478163078951417,9.968698647322052,3.0039206537316114,3.684883211831627
4.782246416267877,3.6893821133027576,3.8019400401992525,1.6745836852199822
6.058997943609065,3.9215551808032965,1.124593738587759,15.266416913102214
1.0527825509844517,2.6449651239714673,4.563245655196984,0.13371483626276578
1.7065888160824887,9.062802452420812,4.079264637750773,0.959030891387172
8.931322609867106,7.700395509543396,1.9976635256093216,14.719914380817087
1.7009109018216169,1.950785639832177,4.924719812755902,0.0755256297716186
7.361232365894546,9.835906160781692,1.717561410358475,25.480773288281714
9.280343476981473,7.578655373450045,4.656346694817607,2.7552011185260876
3.43615243871558,8.654698986444771,2.2978938332924446,5.763293095409433
4.334422933535628,1.4333571025588083,4.052586840656543,0.3690314207489999
6.120292652602447,5.544648270479509,2.8255063729917804,4.474463880750099
8.935380726747262,7.287384580543353,3.9458695498000087,5.488541222438698
9.477150285343782,5.886519261146572,1.623132191757465,18.86213798224129
7.656069233001412,6.999827191293497,2.078025833545931,11.246832658624239
1.7795778476922464,8.360866572314253,1.3994312978881025,5.066255786475045
7.022387399813657,4.369033566641766,4.460575925751213,1.4818186433030296
4.6927334968539585,8.638018080568386,2.185171951077997,9.18513595942245
5.236308995419554,2.4662449428876165,3.7779049176666537,0.8173196307878041
1.4423355131065934,3.4379744952373725,4.2808847909661125,0.2931197204854297
2.7195592541172235,1.390110579345932,4.605672945517384,0.1718949621019864
8.11462246780283,4.27984130201726,1.4251884612468713,12.644947305749206
5.085629497430738,4.419185903417083,4.57205973405045,1.1422207324955846
3.7149601746803396,8.247435374865258,1.789011110922878,9.178891583958032
4.456171665684623,6.878176032606904,3.9476080463638463,2.0151202582698686
8.689595619931122,4.930503023401,3.915396077458445,2.477832984980892
7.740991156644612,6.869025807613734,1.034012566963817,43.21351831011314
3.4508385746297447,1.4750501546412205,1.882495633241017,1.4815803121140627
2.05751656191136,2.622443824165385,2.967634058659469,0.5844166644852913
3.267983994796645,6.642530697175795,2.6801388266531285,4.064195420247586
9.286808059492603,6.77230137302772,4.674293919538439,3.3383635732746453
6.234299540647799,7.9672119283668446,2.4389634780100926,9.26009240119593
5.801321878703046,4.62699783148242,4.747934859343849,1.1484728039465777
6.367542397232154,7.502986869545406,2.8377172735701244,3.528867238106952
4.2942543917186375,7.1558229930417045,4.857411586560663,1.0920204776128388
8.263963182875614,9.67054040532864,3.9494192400994446,4.460279011686443
5.709576243702248,2.9361720378221126,4.317338366528624,0.8499364295033947
2.0507311249191598,5.965116073773755,1.419507553396004,6.03038344159782
2.1615861234615665,6.415879978994224,3.344565732969471,1.402472827460322
5.831732318523565,9.987830964407987,1.5708014393174032,24.895791571567905
9.429131962637552,2.8106572794998654,2.1904840082038963,6.803837929348735
3.7751690950857886,5.70896217970563,3.4942616246690723,1.6550435169826552
8.825870519732964,4.11566776942275,3.9049028187755632,2.504717990623623
7.876860279209914,5.733036717210998,1.1567351280450033,36.07063615611971
3.2303119861621616,3.0891574189279534,3.123774924289459,1.0729034989518962
1.327066734846182,1.428511405847393,3.2612559451595455,0.22393761464294273
1.9166253862814446,6.1530890850792,1.3153119884408047,7.912494014033854
7.556445404626962,4.022688842747489,3.0027521368030543,2.4816655847868896
2.79702764236582,2.637472615735903,3.855369120199306,0.4849610015102815
4.341438284548544,3.915420094702304,1.2129091395021239,11.522322382257165
5.515292494057824,1.4435218130297043,4.041071105295848,0.6973142627072099
7.529213516051465,9.55398010681093,3.3057060196165473,6.148536901158163
2.0190810093321283,6.230331234759344,4.3329088330871635,0.5383855548030798
4.6572976474971535,8.332918132123224,1.8722502914162797,12.041996143136576
5.365656182284258,4.808063777929574,4.333094736852473,1.5106063162488907
5.867443575743857,9.129832008095672,1.378243901069872,27.784589040192383
8.36524577255695,5.34986399397028,2.6153187857786855,6.254698179148505
2.5451037553889524,6.165507899806025,1.797939166098594,5.775522991830503
8.270483066439601,5.426145820563912,4.504083329163496,1.8344711613084188
7.235905849269869,7.599504662808864,3.819679265207095,3.5119753107697136
6.002837327790634,6.099904698418562,1.1014471086429127,27.03036314468435
7.295750833623147,3.4443903122235797,1.0380934224558245,28.420676273751006
4.708159650564907,2.3098557819038166,2.164997017926679,2.4526582461108677
2.245578273713121,6.455119499946799,1.5731324571222616,4.60974906563536
6.991887162388306,5.402619653923326,3.5212179102407832,2.458893166205669
5.7220507601706005,1.8637812702650165,3.655187735530239,1.09731127917202
6.754373204884979,4.560557192139416,4.767803614645469,1.6486543037009174
4.04198902925641,5.632987798004082,4.808159698183363,1.1506262775632419
9.161799196058523,8.442039104430311,3.6355868216453824,5.865993028518379
6.286328817180192,1.6849095025002612,1.0227004514108349,13.182139321058617
1.7686223586178644,4.136458134214026,2.4359916662784573,0.960787703392221
5.048235916339858,8.403905104393468,3.052566052989065,5.2385676765074525
7.807204492692708,6.835815385944208,2.9967190260338636,5.415976700891611
8.147211055590452,3.609624896234081,3.4133625180089067,2.3984517586107934
5.4513734748738285,8.60801609820378,4.842205931219041,2.291858771565079
9.05272813748171,5.439642225064231,4.540770767820615,2.319737828595978
3.409015934748678,5.485167021794145,1.435632133801953,8.283843337300146
4.695388275144399,9.789286052803458,2.063921565573573,9.721779027159743
9.08737219512073,9.524048529127406,4.332437669678545,2.7791928932996015
9.06631044824421,4.226794150328595,4.297227635276828,2.391987596565113
7.171414919422128,2.2652121579677407,2.101482896486684,2.9378630941664894
8.73082492409998,3.9310005905028467,3.922352122744478,3.0599803123981415
1.798959402606094,1.2743493428024923,3.688149514871429,0.1588414383047691
8.784954785869987,1.1869109803935207,2.894095859879846,1.5709148704147027
3.8855791589520408,4.559699226262772,1.8058198107161174,3.4673342305671273
2.604983611853947,9.469178404275107,4.554572723576345,1.3630726960888884
3.154328527078417,8.842216071089869,3.711404737227339,2.425177345863966
4.761716572124984,5.602985505258607,1.6759716995134988,11.974732372152591
3.260728041440205,6.087037430537476,3.819209379363443,0.9448839596279696
3.8851082741484912,1.0534014707145083,3.9657348783079196,0.22365235666485678
2.2148063746447786,2.9395104025038896,4.547521140484163,0.35111856281504034
3.6655908900309866,1.2229671424094537,1.8913570209677397,1.2903798360892633
6.150554330878011,7.790855794258488,4.955016421653626,2.066191765017759
4.976683372819576,2.3108121642384796,1.613573690107685,4.098719497711199
4.120468851123201,8.821423922291352,3.4027555674383323,4.112899203322159
7.718069159714026,6.789918823082094,3.628706021093914,6.056151706066454
9.04158974253986,3.0647680886414204,2.675811581063442,3.950665949543964
7.811103006121574,2.4194828537492477,2.900150835081546,2.450714855305679
3.988006319059113,6.648622308307478,4.563640386888549,1.2874271630825251
7.699979510537983,9.107532822540911,3.5810969186618475,6.872710133239419
2.3678216422664606,7.465241970229434,2.988003832938745,2.3081460677364976
2.172861892821618,4.136919864430398,1.5133982497340988,3.087629012693608
4.110643333325431,6.286452357417824,1.0293505008925385,21.40010937870503
8.269321321396513,3.7968552583517923,1.4998744726073339,11.139443821532307
3.217134225180717,9.99234610100793,4.824738269906021,2.125287674625422
1.5692806800881163,7.73955269615666,4.056347131965323,0.8319442164476734
2.185385816857196,6.529434757810783,4.868465310040991,0.5303075308747256
8.72870471676622,4.809332284892463,1.1428348388326874,27.79894502506174
6.704049562725588,6.563370612336016,3.720881615434557,3.689962572461235
3.2788104703297902,4.074544562206013,1.177174105613672,11.385654721525047
5.997662427953632,1.2597835551222767,4.128225875475293,0.5141233452030525
5.748216601828154,4.555796701209696,2.523800690940777,3.7614520738648602
6.898923805965952,9.374327376218803,1.3830614404259793,35.87756511024514
3.0986879897945467,6.636709852964793,3.272186567150061,1.9632844530569569
8.779626884749579,1.7556013276381144,2.1204807864055524,2.786051541895394
3.7843170587201156,8.964942520555233,3.638295767487274,2.0880331781003383
7.247184885786132,3.4198736440736335,3.6326990380551614,2.032850972533236
1.145121817349934,3.193925437744547,3.8200298964830113,0.26048323549786284
4.353914169047325,3.6738187190228873,4.9698603151110365,0.719274056967496
4.165388361629274,6.194820125133617,2.5467908397896215,4.607686576787059
5.891359857247131,5.90219284090579,2.8612618979404036,5.5209755462486045
1.6546263559947685,5.422723791605936,4.218446804101363,0.4259670475573681
8.111182363534976,7.457831771613643,3.3134800920875414,6.204183401359309
2.960027215908117,3.848839582014631,1.1490288427511985,9.922040074264078
7.093340333938092,8.03858069415188,4.372314081039426,2.796488175500872
8.228909109196838,2.577895105407392,1.2059947277521639,14.940827717430025
6.056892606173618,8.043587101693085,1.6832805459671372,16.208944888891327
7.667948860497869,6.974290947252546,1.4083198678967488,38.334529897035424
6.95674280993505,7.148874785928278,1.3117085315244807,29.510880099989556
4.199768174368069,5.33398057414534,1.1027395012188408,20.085252856909264
8.279726851302087,7.003013794127782,1.2201108558894695,36.893133064775604
3.6523123289697517,1.7181734190351166,2.76975675671524,0.7395289594161026
6.140916259763655,8.663960053444306,2.0114090799304556,9.726249225411404
7.708579652273856,1.499925101388814,1.506147533675275,6.218124090725068
4.410603188312568,2.338673588843477,3.634822170906104,0.9007192579129153
3.7249084685568254,6.191107376475127,1.904447642537034,5.97547444971007
5.134114091555404,7.654703099110224,1.0757966213792378,27.842497053321214
8.361671449142381,1.686264079116281,2.6736791350693108,2.043394405941336
9.369295868310983,9.286883327100877,2.2417319679132204,15.591012021559688
5.9057507157390114,9.762468839206287,2.274417725385971,10.650416236951843
6.953195847912867,6.4535515570693995,2.781080112726246,4.335550627627083
9.129462600150227,5.331191098391529,3.6756557089371107,3.758862491338351
1.8869216627164815,7.672554750517747,3.465916480151976,1.2623230587105938
3.0887072007954854,3.9552161709448486,4.749046439155502,0.660264719652289
7.380100056264242,5.439379906945958,3.0708666652100858,4.128526223883585
8.413700157210698,9.245359241329611,2.8902796389002887,8.690535663772824
8.713261254975201,9.600898827173802,1.8536577408675878,16.76604826913258
4.735964591694393,9.343622044460666,4.021525155392627,3.338645985114068
1.8040591206268015,3.3620326026745615,1.5631031048571389,2.925707032543846
4.94003329569658,3.0922213619508705,2.9645315592819363,1.7481445439273595
3.076611311863484,3.6789805533638282,2.685288793549778,1.1524050969919115
3.6207680949696175,4.971800011496142,3.633203513617613,1.0324880997267134
7.950408011537553,3.8275067151276723,4.670485879826636,1.2423775960274397
1.679743774232982,4.3679151616515215,4.78638236599289,0.38208442210353344
8.44823095732632,6.585732569086836,1.6711970686526336,21.07792837880592
4.8490217724175215,7.862731093845783,2.0472688730687127,6.379686187485776
6.3645753799053555,7.620023784411253,4.2465412798588265,2.9068152328208874
1.8068700811211111,8.329812103712367,3.0731190497967713,1.3262206158741314
4.036231705215517,1.2896596289386195,2.8121382734229274,0.5894830935180828
1.807308271133612,1.4296041071088048,3.8425018095228234,0.20900207797541095
9.653893505929986,8.104446646197664,3.407699810427887,7.769096051582093
8.265354843936255,5.797709400921687,4.8828562176853385,2.449279612913023
5.136694789208142,6.203266063859083,3.335898609153068,2.850128699624036
3.01242293491304,1.4732817419293938,2.863895305389013,0.6366754941525035
9.40109594724867,3.297824210541438,3.1712694483127026,2.721376418116918
4.101369361542746,6.745188743969299,4.234159266787893,1.4635915953465288
2.4488598851863728,8.732637010996086,3.4507002271408833,1.6787512063222672
6.068479496085594,9.252850574632623,3.588192365546871,4.381995829252582
9.493967083103344,5.503775462515735,4.885755520146368,1.62577122624032
1.0344726145029033,5.909268094643778,3.4735819377018293,0.4838386099971989
3.1431235892859886,8.497446679620918,2.521140993338159,5.42196767818956
9.446028763693668,5.838621406726192,3.765304108051186,3.0400821193314855
2.5397737017144584,5.651726729835857,3.6378375879092455,0.7962802320565838
2.019191064758379,9.145756339848583,1.0553905420255276,12.438951966803248
6.13168494219824,8.109394489502922,2.8693171871433325,9.254976413476987
8.75659440965347,9.181652737251651,3.9716144115295973,5.570963853973727
5.293988359245335,2.964223493030384,2.996165830884516,1.6535944352407415
9.951078310160723,5.719379379898211,4.118484543741557,3.4012474297983126
7.112545295841936,8.582249157340222,2.8035347857104576,8.119885099306556
1.6666741648940295,2.0003304472039805,4.933286390548943,0.11944045624506291
9.935489185137778,8.151959388645656,2.1715663568155548,15.39865501436673
4.671048131021713,2.646760450733825,1.3684904325842941,6.393352478160541
3.586622804609343,8.27306879486789,2.7200472046163893,3.429181354655873
6.02091265220097,6.508008438011813,3.166836099495676,3.5969665626812155
3.738768326387779,2.7391239233638043,2.396374926729846,1.909261304914531
1.778117564081371,5.26018761399521,1.9691246404718359,1.9311422227687272
1.0128550877125906,7.137146498146945,3.688234765541956,0.8088101202083949
5.046250176282361,6.704676107951881,2.5085003994250084,6.186633989742424
8.53177080003933,4.845224766085339,3.5254741164025476,2.481115651523978
6.150836670670689,9.094298760288343,4.116285794395104,1.6652677259328537
9.992865690490968,5.673370730390599,4.044010511040095,2.9899603938632433
3.5816198108247996,5.552805686758195,2.501237242542765,3.6140470871779393
3.524095582840498,1.5602553094730884,3.271592915800699,0.56411070361512
2.4377451421054976,9.299083508178734,2.7986328977709696,2.830088830247614
2.4765722943880166,2.594049118105357,4.4832210108386406,0.28118307790408
3.5666793640904304,5.755102240928988,4.515033919199997,0.8248426176587814
8.135560407461744,8.232108412602791,2.374966331552147,10.917608762952524
9.15181111572803,2.93907949260079,1.366949791514923,11.480399960257818
9.775784527369131,5.74635960973757,1.670329933296078,18.52821838332937
3.090606886868074,3.1661641830100677,2.468006968523535,2.034151896454413
8.931677910526826,7.837254980199206,3.2569998190519627,5.580904809947964
3.9542958034960334,6.079070510858356,3.627148043857717,2.0503917529457008
2.0155649006519596,8.703782743556292,2.325484185144001,3.7392852842314115
8.83022432968149,9.051022025896446,3.669996478495943,4.652627611117007
6.724950711792567,6.838601342008583,4.7509599346950235,1.6938105143453537
2.4825780647295557,7.5285212154305,3.608056508675802,1.7426453684258207
4.868481317617023,5.942980898981773,1.634260917777405,8.827367867907023
3.585319253893609,4.459858597606447,3.3186756519105103,1.4351497856876307
7.631151118391773,6.833061307187512,3.167582067067931,7.317307007320251
5.080746075618412,9.174597611385959,4.482800443593683,2.7741804109542945
9.903519505957465,4.7501234238829415,2.4012122208518973,8.298010883817504
1.492704840336356,3.829690237364158,2.69178244022672,0.9216262720059315
4.1951373952262205,4.495932446973167,3.3946362219459747,1.6184332272780078
5.337101503989796,4.918578671904396,3.097701246968102,3.29279681369838
5.5282019927348784,1.662049260799446,3.876066369620697,0.36128243422123646
3.8434224014707308,5.485976563914949,1.1615559636499833,15.192303875244583
7.563162241878112,5.448828232450537,3.2540640768278393,2.2678964160607107
8.872723661400773,6.295994448764708,1.486687572015501,26.09009213704993
9.448473717800766,4.265380274241983,2.2608359700788854,7.512194740850262
8.245840391195735,6.517968363600308,3.6465074461295615,5.141974389209481
8.655221775759394,8.903946792467828,1.6296568023687108,33.14923555621758
5.954907705579959,9.599238914456478,2.2353673420185154,10.23602871820469
8.43299403784133,6.252509945269447,3.812025931341248,3.3336886323140793
3.73153518233157,1.3833185857328179,3.6032209701073357,0.4278548449805951
4.58630885898293,9.72312397540398,1.3641586768389522,21.218855934246818
3.8522171243668986,7.352758548066307,3.3090739739692956,2.5699643782173958
5.206486019031329,4.023672836982869,1.5890178476745578,10.481656698126347
3.5702165461477273,2.3244193086735105,2.0090855148579707,1.715018535373776
9.654502980290022,2.2907675101264746,2.836845114543115,2.5020904300847406
3.815601652051013,2.5096996552564246,1.4373872931927565,4.349884394444005
1.8824008429984584,1.4101526945243827,4.974587871674267,0.1750175670564016
5.741354494453721,9.119387697876205,1.6614782442160045,21.273919766474613
1.5138917060065873,5.866914095446027,4.125250513714418,0.6400897410924611
1.9948884967772247,7.299634714424535,4.3193553800929,0.9004230236032409
2.9745045027662167,8.452976583414767,4.9778558795840055,1.1842402819133393
5.179152248939275,8.123869056998803,2.7146128714090736,6.250384546345508
4.899258390781251,8.943450613559573,4.49637808055736,2.3255802325501027
8.19722675802512,9.705291602724566,4.830157756067404,2.4205839414661687
7.6552718849570205,4.9516355326774555,1.6915765795786686,14.19540179973645
4.836864645916312,9.553019200015514,2.9177443562381304,5.3100186889486585
4.003337868180669,7.509609535085347,1.2400432754243509,21.68369290273069
3.8482190565534875,1.6360137127727064,3.4828960480968063,0.511642865840797
7.965955785646081,7.136048090911109,3.3256246274262655,5.92434307790779
1.4686516559914278,7.180449936443638,1.8165051386527886,3.7967211974814736
1.1153948455954525,9.152745074132744,4.191611035576504,0.2426304221034421
8.159899527339832,4.356389192230829,1.1490748910541595,24.586171741141946
5.2943173839014435,6.26420350244636,4.224909296510228,1.1677825005680589
2.177930246982184,1.1096879591056825,1.1065811646554695,2.0680074095542698
3.120093411350511,3.988677179632024,3.627315248545401,0.8889723927487584
9.392535577876442,1.5601935354290284,1.3150780556596051,10.77110910036949
8.735526780624081,5.696856754884073,2.004902077249292,12.893655027560857
7.388065452015753,8.357028854562579,3.8876533972473433,3.688453630537799
5.340027073035939,2.8579842291616204,2.121619198501547,4.026988614648542
5.682912635722472,5.746969410020006,3.044695394870939,3.2988668697814685
9.777200817555627,2.8360777285969037,4.660993078080457,1.149241951635937
9.691933994958584,2.086196210616164,1.1985374161463134,15.183545118575655
2.9374214120725086,5.598971127409082,4.244319174942694,1.2074941974801017
8.299941096747864,1.7123375885475487,1.2610879942739581,10.462201682970338
2.775183995503151,6.286191680241904,1.5071793773467066,8.550575518639459
2.9218373009555627,1.2820371460905364,1.4772764155568434,2.6608350811311867
7.084837307481191,1.9604347468153798,4.976409132842905,0.4786993050824067
4.6450098872879355,5.949977369386221,1.7207452773261336,7.925110762977308
9.383899663958681,6.322666716090224,4.587047385025073,2.901887920295542
1.8010876140640795,1.2608823708438228,4.963728651786217,0.1200990362222593
5.6037307672854375,6.160391092014026,2.535139081649192,4.359710074640485
9.266693773988091,8.546522727912734,3.524194174114742,8.614349246698026
9.137022944315547,7.500845595645585,4.11636501505445,2.8805420181097503
2.4087629207416708,2.1806659352871876,2.570580327344833,0.7756436502601078
4.299739300868108,6.332271828072534,1.6472565619912292,10.382232458936272
6.572092600420266,7.050272500667921,2.7350509751702448,5.10068397485624
2.4345539629426196,1.335080815770626,4.087550580011778,0.1703657847161586
9.712199548411649,8.698129018152603,4.123051050993612,5.761182455190241
9.232743958548943,9.156406575608472,1.9221551686836533,29.47811697923084
2.5025516113102224,8.654070460260328,1.6998625595629862,4.3252410518911955
2.0903991513488687,8.42168321190202,4.682242808401399,0.8319549931324866
1.7686763452743877,7.70468678614804,1.1759961222332422,9.63022554886156
9.18499297632968,6.700888281537641,3.9389539030603475,4.052088920417139
2.742614288159147,7.107643044894267,1.185685541787016,12.987546168873843
4.746564356899192,8.257557640014848,4.351600203443951,1.5356063785777159
5.039662290868027,6.962486125251742,4.621659253344408,2.149464035093633
6.391099397922108,3.949542610138639,2.189676496916396,6.485237753556037
1.6456180937268248,4.383649919452186,1.2957425740667903,4.207264582286486
3.0408275566046434,9.073517215350629,2.9227381453897143,2.9144498210381906
9.383413482270335,1.154098772174457,2.1938521469819072,1.9757817626391512
9.175690965417125,7.289385231198539,2.668544571241516,4.53534577067997
8.03161582665123,9.59299797182694,3.659941813954721,6.158893367421885
1.1746112105639388,7.356053529621763,1.8393041437948678,2.952664285403093
3.943060916464919,9.945207894086039,2.4278062780563454,6.836520400728781
6.65162861808617,7.187904149754977,4.130249961170694,2.754311223392663
3.476711905961281,1.3092672629517497,3.5750477998112866,0.36565120980445825
9.186280255483997,8.443088934822313,2.3051019646049546,12.106013043166767
6.705005156491977,3.5616692074538716,3.6572064010397143,1.6070862583545842
1.6471604558480104,5.014515030979968,4.0612516915678665,0.4841185850458557
9.181050299521328,3.808827243163739,3.36994232381115,3.508247824091871
9.619899923586003,3.416986955887115,1.957987330004034,10.938734364881535
1.6994117655255294,4.882651333028068,1.0009811620479723,7.901844497496839
5.791242113751834,4.408763035966064,4.211396427953126,1.138770642508317
3.730278539927534,6.700047236583305,4.290534221264657,1.3673561296053498
4.535551688332621,8.318360808887595,3.790418005577448,3.682426144752317
2.616860961598077,3.673797878685167,1.3063237254704552,4.554507067355468
6.202648918111713,2.9234903753981567,3.3408891500321847,1.9124638692627751
9.621814179240015,7.002057437833081,4.284082685086429,4.651675450622324
5.527653402444481,7.032880592477035,2.5586732804326626,5.510499473277559
1.7462312325503304,9.110181153575546,1.7920029368810164,4.259676264742419
6.580012001296676,1.1435111780797977,3.3505091889658827,0.7473378293145454
4.062006950061313,8.67736595904859,4.305226509203512,2.036016954098775
8.70332670632168,5.689019556535213,1.1954798348282623,39.458875594979666
4.912103334848232,6.59171880254889,3.387804868642943,3.9912286009905467
2.7355564804802106,1.822342965052733,3.5726951813573677,0.4036047252895459
2.7199506042203048,4.893534395848411,3.4094681573931185,0.87199034432231
7.918877626490444,3.045721665146714,3.600134736948194,1.8856729799209813
3.3902883847662393,3.2880252707425814,3.525501230416618,0.9402001992034398
7.9051005474330065,5.536856032084247,1.5216155399213962,23.695295880817802
2.8529857968993944,8.312103553628011,1.9397471077956614,6.054582680092628
3.8951773183117844,7.694028371303705,3.4759760211560407,2.2774997811760187
5.189382751957295,6.318999631773584,1.070772644547083,20.756935988889033
9.488762647241057,5.854763734781203,3.5389780748929778,4.9213436540963
9.385582822784421,4.845754389110409,3.661546495140128,5.663915326879488
2.8618468788005904,9.754389762052478,1.956699039446634,6.96659967605245
4.223971371187655,6.0417329881081,3.3925313190125586,2.417781316334385
2.3445944960839507,3.285697584809999,3.136360242895058,0.6973405274354636
5.5898657138214745,3.070817128360356,2.042766192612455,3.0594327146866167
5.145242956251999,6.502177276976276,2.8518960474990185,4.470599819249894
9.106841462056591,5.705447745798359,4.6384981176487265,2.428534437659254
9.370048400119654,1.069280226592415,2.7064111218395315,0.7152460681228106
4.452106519065628,8.470588349762014,3.5193767075180067,4.025139664716971
5.425641487170905,7.3371011880919115,1.1414032841627768,33.09810741156881
9.066126242315198,6.956463607102932,1.3112004532883952,37.225763729363806
8.260370269705554,1.6190259192789305,1.3252322932132738,6.972319416283222
1.0329068021018435,4.258502651552423,4.112963054505782,0.28109800793004136
3.8805360776522426,9.418440346595077,2.4010275792138107,6.912165734883341
4.795968177425133,8.763303172072273,1.9104467534632534,12.43953847041121
3.0674465531490855,3.569886440825801,3.9892982738068907,0.8350518787969688
2.796144543063449,2.4135299568922486,1.6798402502246979,3.0110695549249136
1.340060559361117,5.0417916145171935,1.9859701002811225,2.4001523406874767
6.790327525627845,4.202473408008948,2.7237257730800835,3.202740901921064
3.362592614348491,7.140037390353919,2.325752276058453,3.929578745908794
1.4711246058818177,9.697913290758876,3.341568844146577,1.369990293598928
3.078813794752573,4.267013049843053,2.3513624762993905,2.005876671581101
8.217225575525138,1.560017553870178,2.5718065434355677,1.6985525027154738
8.663402634818919,9.078526075081466,4.451546432997944,4.346246546116448
5.347596206739724,1.3415475721588372,4.53812575851201,0.4111077261889029
4.744636033678176,9.574893074379997,4.31084476325363,3.0684567961955564
9.800683241516035,6.981214852081358,4.4593237308185305,3.3081737116613033
2.805081936292629,9.475202875977542,3.278914677356468,2.7011406185645384
2.9382335456914763,2.7969371798408043,3.584932859005536,0.6704968742539019
3.6268045933275976,1.3662981572842687,3.228692666219762,0.477031688647478
2.554815864529786,5.393889804488427,4.14235233621168,0.672029476319584
4.414290383837679,5.055610731131127,3.204001943045777,1.7638489477003043
9.197508042907785,3.9834304592939453,1.4443078582031221,19.9051819588421
6.538130565657169,9.618908269498277,4.23832048182744,2.9178576910186407
4.707518937510373,8.40325358945289,4.042340682710146,1.5605401969166508
9.409697151140932,6.954238192380339,4.281202381130502,3.5475305019233363
1.4361780922824008,2.4657246247404494,1.7617178535590474,1.4730672306709485
2.8924856011167526,7.608910673966722,2.086468210859868,2.2296576903718677
6.092997445915831,7.543112092297516,2.18300678905412,9.088165364767681
6.539973608738612,4.825613562544067,3.0323221447426945,3.8957418026802344
1.3560175590635182,9.323073187426123,1.5355083366538391,3.4064293999463384
4.6273488211641896,2.502800940061094,2.5415270130994694,1.7164545450519801
6.842385683477855,3.4060380617049786,1.7286326443161184,6.021850772939243
7.282634917630615,1.569019053255703,2.059050852130946,2.1522491483020625
6.743259122646424,8.159058623598288,3.8255505382337094,3.4568574797057128
3.885069019248321,6.5958344748585755,4.419244625269124,1.0173763365740527
1.8416811123811856,3.834462751131246,1.0916234663887354,4.496412340940663
4.844012017774007,2.4743229723488382,3.2635878534200016,1.111976123380541
2.158789936312499,1.3613299302586634,1.1442390482490685,3.244416907797482
9.528612926686003,2.5007101176334294,1.3409969800462012,15.258777227008643
5.276537794203654,5.079561817038924,3.8203361384564363,2.20757320734665
3.855332569211808,3.2245927210954552,3.9424324260084664,0.9273873269836255
7.896736640070101,3.3308395968877003,4.255922692691195,1.2495781216202624
5.481537333240375,8.880187300009428,2.8969660470812197,6.16070295932829
3.7903062161120507,5.636239061149905,4.439229928064753,1.3220383833511793
8.307709681517215,7.563267758155732,1.6673531665664973,26.34573235437117
8.804369359010098,1.3213985412532878,1.9988656545400105,3.0251218742819708
7.057073496598093,4.286470201102258,1.5380085904078853,14.118210679883452
1.4226798016690057,5.312524126558976,4.190149042327507,0.6425179159795107
6.096905921498789,2.6777516968916624,1.9147004735464757,5.200912447003046
7.869654207975534,2.081723873009848,1.6220449710331826,5.834152934280156
2.22852710875224,8.832734006498583,3.492442750352225,1.5899212818113302
3.0580367624614304,9.454884643898168,1.3083281054426976,13.330179827764317
8.942455945613228,1.7092602824086667,1.1796011088806901,16.14123746057307
1.1810954966776663,4.141168412881988,1.4268705942098356,3.1729791890611674
7.774544240433784,9.624570653300264,1.0009635359486704,75.9255763591121
5.263959632629806,1.748455598192184,3.78796061688717,0.9212134950135693
5.020949429556461,6.792772355908536,3.2489412868579146,3.6397593511398996
1.0638687924539845,9.74999233870305,1.8395004361508955,2.8012915128995086
8.374584078698435,9.804013017232371,1.9320197919103834,25.98368236008136
4.238424105729099,5.24100997813369,4.243874393880159,1.3317079655658135
5.866890681704886,2.4647419700414255,3.0072804634412016,1.866874064574167
7.095706177020935,2.8187588347969497,3.7941134283269586,1.0089698311365034
7.323666187941242,9.006412556119551,2.8110218050996623,6.994608379152901
9.60382052943465,9.205147038967624,1.9508721040831691,30.143211482534436
5.7820595791294815,6.470916794861993,4.881611202731627,2.101753339506691
4.597475958769849,7.895587595229202,3.26259025350159,4.37535344950972
9.583332638425372,7.659381263233674,1.5239276150716496,45.631775547225764
6.77899211522969,6.956394381901963,2.624360168735627,7.637685454132309
3.6833532064890004,8.445492593847451,2.3173496477876028,6.380237799720308
2.1381782086321404,7.16865960736289,1.8563498743540854,3.6355894896659064
8.582990513186632,5.806020751727494,4.733759956961038,1.9656436931632906
4.259634425147365,3.132607263293411,4.52367998183901,0.3927732210239778
6.944227492279881,7.694993297067572,1.7965884660804656,15.490766197563595
5.237347774293083,5.26094081054447,2.408591556222067,2.794110043286209
2.790368018155345,3.653125156067584,4.0492615666832865,0.7560960290798062
6.415179477584186,8.217516481675979,1.8340241925608627,16.889974994951366
1.5461476205561409,7.270422403177255,3.366259450416978,0.5900131249802001
4.720082138840731,9.4360560681223,3.7991757684992664,2.968579437621654
5.9195344569730395,2.4889747601698997,3.6158893028430654,1.5703427928118812
4.924422767067211,6.842703561728438,3.825634561102002,2.2445090400185683
7.738049577258917,3.198155212793584,3.826798356115052,1.3524671054874466
8.451324590907813,9.132246867714775,4.859223679395713,2.101414682726749
7.941187666298602,1.8954947283095411,2.3859955580812784,1.7156430191431717
1.349316530306219,6.905456258003895,4.514361697503358,0.5061819321822792
2.7471589340137497,8.11977149375227,1.0872282500604271,17.23312962421605
5.829467583373969,4.194260563282365,2.152811853293133,4.9052623036321545
9.413398363994212,9.587242714454284,1.1946231279965263,57.802762321813084
8.51461097546905,8.656576161274335,3.604815839823361,5.513020678414727
8.582810575166215,3.6515646971641305,1.4031614829264782,12.011334351165932
3.728873743837074,1.067869834443988,4.382827454608185,0.2203995968861921
4.865031073708323,3.6699145850625476,3.586366735161039,0.9931544202694854
5.236353525843437,3.531794234236683,1.1152616042144228,12.620958640827828
2.416344250149194,9.00968146750818,3.859109461738492,1.757350236483316
1.279613172200107,9.704090604292727,4.448139789027844,0.674811548968097
9.522126095144651,1.6339598737323433,3.6444840306485977,1.3320353855111238
3.1664132709715607,5.241653456799851,1.1220968637401287,18.851019077073406
3.1595401335126816,5.934987986768162,4.431678193841626,0.9433973416709256
1.7504114839188358,1.8362049519673298,3.92985565173614,0.20901051573274387
9.356569767494006,4.397479382237703,2.513805249935937,6.166936419362054
6.217634034457948,3.8537417565365555,2.3145210332620105,4.076195961998096
7.003331714128185,5.824507188943786,2.9192807256297604,3.819009517432139
9.204191985367473,6.950718097587442,4.468407003751484,3.257999175659524
4.110581520107106,7.331365994469099,2.00823740747823,8.002975257818635
6.593565800242757,2.230795212520488,1.4038552449648045,8.076523979470306
1.3491950925599872,8.316529317501592,4.4585454918442,0.5717226064814817
2.680952754080164,7.10687826811683,1.1051593955228918,18.489380371423785
8.481212245809482,9.001674250720477,4.643988088976258,3.5608064797539227
7.9009152070450215,5.044024534918907,2.2229807772056027,7.404434686992246
4.155784223114322,9.045007864499723,3.0328908067530707,3.328848691690044
4.391295649967912,8.79196710120468,1.5291820990089122,11.39563146020693
5.801989901982215,4.945683991233427,4.609019877506741,1.7453261434536214
1.0021690421662108,4.430289837636808,3.999344893537619,0.238775260916157
3.1711990243422505,9.39530813473231,4.696622346432137,1.1006512949741598
2.87408627747393,7.436482610845939,3.73291620447265,1.4057229393459243
3.254346520747871,9.354208117942681,1.7387751069693045,9.508329291872968
8.253152582800972,8.172773010062318,2.2330680119449973,17.9591666007391
3.5170647089179887,6.483676953622729,2.9473943004138934,2.452699844576115
2.7236918984513334,2.042674993033881,3.4290328214408277,0.7223722402902175
5.538371147137283,3.6233260532118865,4.705837749345095,0.917726554442608
8.790805327354587,9.719581663885524,2.535805863156556,18.754093807054797
3.172147334537499,3.87479888842784,3.8122880876285836,0.996933085257555
1.7068261851351882,1.839293828068337,4.844035395643287,0.1434513464472843
4.207642622646983,7.367980203273878,1.609496253661812,15.74422160317446
7.7288664210848,7.606038290893158,4.450838355118193,3.6335428586110083
5.956214902253151,3.569119482584357,2.6828242815727945,3.328481681653141
8.351140326169126,3.6790478141167338,3.929687103717347,2.911813642025659
9.636329328483106,5.220036869579055,2.1741533549483347,9.580815066969912
8.133962290764554,1.1961005478602997,2.335936873064006,1.428201604163058
6.434227709593781,8.103907093250474,1.1085328994722645,36.693252678364885
5.440074292471424,3.8537990854671302,4.885616612667839,1.1861377645757236
1.3606217771344,8.683867918017798,4.253810300923138,0.8424328065561617
9.858897809326372,8.223673794400304,1.375671831704882,38.34088807115474
4.4513301031753825,6.952618298069048,4.998035182655098,0.6554695121625426
2.3700539252518014,3.9238738038935983,3.4200983888117658,0.7623214195403357
7.000379698568111,5.64684905495053,4.414914551857532,1.617076666020958
3.558594601859134,5.003463318381631,1.2666430531114758,10.001568156577573
6.272004438379429,4.049936976238068,2.5578047139676947,3.0638105674271983
6.280911170601321,8.633226603728604,3.6786044892144396,2.717180352938505
5.011568388125823,5.351563671198988,1.4257348747988061,18.163413585995777
8.525067539905383,8.494507880174318,2.9556113546160026,7.156261739080023
3.384703553998987,1.9469662672764185,2.770711498176566,1.1009438983408617
5.037693324559608,2.269223097403022,1.864160897894319,3.1439487014527816
5.839229157318743,9.79588274601679,2.201079343407209,9.1364694003415
6.9726224869056965,6.289916163454807,4.86847341797993,2.03874806725094
8.055746654550305,5.587927061491441,2.154593944039744,8.93834276643676
4.5532655459043045,5.708404568297005,1.8537045358736441,7.250783907350603
6.814422496869364,2.9374189662957386,3.1448366842733337,2.082601572602986
2.355498577616672,7.468335545517757,3.6838321362811914,1.0857294079337276
9.393832904882307,1.7630256135677893,3.9003724442782595,0.7356817038404855
4.447529257789032,6.159913417927209,4.016988737987665,1.6804128054870782
7.565692797787946,6.136919169273113,1.1473299660590124,42.07111966270471
1.1830697369395988,9.2276958172016,2.575041601518253,1.349523278992713
2.846684286143263,5.735645290943743,4.095832319132361,1.003248415760232
5.383742898912202,2.2335642637676156,4.619408407200518,0.7331978750797841
8.90427220959112,6.1547793332334635,3.408800493331133,4.63169582213661
5.745296349556094,1.8219487992879912,1.2092274140387427,7.281939130174974
9.368834340644911,2.834144517699295,2.586583223420525,4.012583086362629
5.354172069245167,1.2799772576867452,1.2969084634738186,3.518470542359535
5.414041870623549,5.619642242135485,3.994151450738338,1.5282420099501994
2.0777210965047868,1.7607935376421513,1.254021877126661,1.866120601554269
8.223906197369978,5.224549406781962,1.742924266940709,15.18543647062406
3.2226887122035626,9.396505317917297,2.667833695859097,4.899584405736142
9.096512404350836,7.477852717173988,2.850593468459488,9.718956179980948
9.197417982973565,1.6967050680276374,2.625926801260049,2.0917798501077893
9.489791006867348,3.017888309879589,2.853586586424,4.286085856880685
5.68207440192781,7.062961779040908,3.8529566080807993,2.8695539308411653
7.093844063052799,9.052316749217653,2.477075291822166,10.613643438856686
8.00664292055497,1.296267280875584,3.1910018366024766,0.3385300880716481
2.1791315678541903,8.312060185485347,2.213477030114929,3.09255493483224
6.408614754977475,6.056324923044778,2.4145099803619305,4.6322023810089075
1.308681111729805,5.914821927667534,3.4551958361683233,0.7296973301535162
5.478094750498533,9.620318644780221,2.96197860654808,6.121138229657146
2.3935841345820466,7.728801513370957,3.8921451794371245,0.9593691941712328
2.6463063336587624,8.651069812505007,3.242154352206999,2.310498845035884
4.285428100233414,4.1859601259020005,4.2142963415354915,0.7224841266328261
4.891934500448527,5.989276367455688,2.773632851978866,3.0134870321604117
6.608551820789685,6.538651096849937,2.964134479467206,4.219524748305842
1.6698557659466409,3.8942554632621857,3.6798853956037583,0.532090197728176
5.533225851137002,6.1322331245265955,1.8849757776481955,12.222430814758678
2.64362617227791,3.1298984153174243,2.5437181477250435,1.1288956549667464
6.165776575285677,2.290381039614156,3.4993649760468313,1.4582535233987555
6.736641510350651,4.365732333495994,1.1155050770629455,23.85917729205636
6.010383308975685,7.653606658717933,2.7478857345357666,6.379873426677108
7.644659594304769,9.245684332664988,3.3953997452244673,6.052540890484916
4.020483198168112,5.119426463484093,4.869502127912791,0.8337669040151134
7.885959324698178,6.785413194478885,4.508066246470685,2.8643314004820697
4.8949037353737435,1.9273341787759044,2.1229678117706325,2.403148166229897
5.357660484903371,9.140173826970958,3.028840416115699,4.393571683638637
6.832919145349643,6.11743792212941,1.2256574906403652,26.77169281245094
1.1652254559930157,8.023044228626414,1.9630176592712285,3.2360063455401153
6.885947992782235,8.149970808292544,4.099423472272361,3.4577867916104505
6.567266341649038,3.308324737312953,1.4932560491013782,10.302398726627237
3.7886240507795192,5.762570078636646,2.0307620993358264,6.529839214745881
1.7721485640954053,9.644317764048797,4.776170006943232,0.6741157446995673
1.8184190492173702,1.80671090338745,4.295423201969832,0.1768523662902806
9.309013722867057,7.14744908226607,4.127310850595649,4.5439951754469
7.203513891032534,9.660376702316547,4.458229961208627,4.368694774111102
2.1439235239366634,3.7051939724861995,3.9984227463294157,0.26183627680407473
4.210508523780157,8.753031292639132,1.4823448644729398,14.30123670217721
6.3323469451143675,9.402917908674445,3.0662453059409254,5.068517948289035
8.520145345815838,7.723775884553426,2.776975683209288,8.322269653941644
1.3929483584170768,3.0819548107626247,2.2446063130815204,0.6948426771031155
3.12969818323008,4.006006469439345,4.336161638878422,0.7553783054121013
9.00774091265842,1.3222836497595765,2.8565568094969347,1.5100027911707705
1.0824899516543485,8.483079108208198,1.2411904054301988,7.02079262304589
2.8125919251449867,8.646500678599718,2.099862334881073,6.566469279540151
9.631217583756694,6.694392789695734,1.9144842321177804,19.980080787852497
6.52061661869954,4.172750661374662,4.549915539245134,1.2260621106663785
3.355042299737558,1.6912992487592848,3.5897524025559995,0.44952488909916827
1.6029198495626285,7.777518489234185,3.2415050635283005,1.0771140565366293
1.2537220640249993,7.538735742489306,3.0265969667148203,0.7501647232287475
3.2027057167323454,9.21342269565011,3.600452110165862,2.710486850810381
8.933372376300195,7.57478818904826,4.019502187108499,4.1179166563468685
4.743222888677585,8.458254480196016,3.2175388233260396,2.710694062296499
7.483000322493937,7.7135915611359955,4.753141660610442,2.8292508216617747
9.26456531841962,6.676184694810848,4.907336682601539,2.4533563782047167
4.672364154425349,4.842697547719084,4.981369266435292,0.5362074423506262
2.7214963393365736,9.1190557777805,3.677564440354579,1.3308443453632846
5.654061377712275,6.858717147167228,4.730481867023514,1.4901478759635527
9.17275318353869,4.585197897693181,2.6179187812318188,6.395225400450348
8.239369727239305,1.751223656637615,4.438369564989541,0.8479079393946427
1.5924685902683842,3.6163437031394388,4.636697194958724,0.3082517266649113
7.233155200698237,5.893540613471483,4.616561889329102,2.241334808277761
6.147077702130584,3.4807183301457507,4.323385131633526,1.1368279769539857
9.16716858711783,2.991118131261119,2.6263966465650017,5.344310297219723
2.102332751652675,5.746541626790624,1.6356299279229374,5.1479338449941405
5.8063250188419095,2.5283831130616115,2.3358254253777835,2.810212019732521
8.91516424160703,8.203690569925932,4.069154277192371,4.917556865346791
4.690214080675688,5.359313362083922,1.931542045319901,6.199724770238418
5.337954259595803,6.164764965663852,2.9130882593038896,3.8333924978374925
1.6341460990026246,2.3264494083761367,3.261598071938688,0.2085670672532611
3.5032927640401974,3.9211870206643065,3.415434249751501,1.0865240311745972
3.920559842520526,4.690807149350376,4.742902193515194,1.1052914868179067
9.506102038703983,8.273915474648526,3.6459720816572703,6.092381150751644
3.5440062448704315,7.931435707775373,4.1451952643092085,1.6708213799738212
5.147818617426868,3.0067972730891324,3.3275133915665336,1.6771347413154811
7.041739812078518,6.54561173446307,4.334321275447853,2.6290967557918035
2.4596503516708967,3.191107219947978,2.0546544522790513,1.566793811876897
5.37798148427687,9.894224401212208,1.839510686675157,15.799612934610897
7.646851355283168,9.569114903177836,4.705280195031879,2.5546905881294
8.801696917243595,6.069382484685584,3.7739235054295137,3.888545876924515
6.636333471961841,7.290123147047287,3.6861023082328845,2.964056366891024
7.021481637852531,8.212873439877805,2.8691809545137996,8.305538390445944
2.1365512532611204,7.488985780404135,2.506789037174042,2.2864084152341566
9.511988475217125,7.2984582197417875,3.222764777914555,5.581648698986943
2.193166697360341,9.626986071545753,1.4822653976866684,9.392848344447264
7.972056434636185,6.368104956765549,2.818850244332431,6.8559557776618725
3.3833468960048694,6.726724046371501,2.8214708178619237,2.1685719607230722
9.402338293311264,8.643418753943632,3.153346051777061,7.320881341544268
7.479635854325316,7.029017810725661,3.538742457468809,4.2866372613369395
7.784323416805321,7.596393598157703,4.8292734639414485,3.2141949686165523
2.97153255753895,3.107518175769782,3.6086765083670276,0.35047008993732437
4.9873597897164474,4.341402317035638,4.534900607813646,1.1823813376625139
6.560318751303578,2.325712111407037,3.225215445876655,1.3542539200245753
7.929762563859408,5.551888981013249,3.507711530509959,3.2241524528057415
1.9356343832115062,5.101546606122216,1.2793478124382784,5.211327394462671
9.661287848090755,9.974465328515112,1.5330548915376623,38.018277888270966
9.011986034991004,6.500877875339882,3.3186817407901583,5.979856510111377
3.433137314460259,8.07800340874981,2.582851479832117,3.7108551205122104
8.404842187290988,4.006132036818888,4.195242079462007,2.54772865316423
5.664915307358411,8.483907982085169,3.172711499496704,5.370234197713366
5.156258334058168,6.53576469838915,4.5291641558053515,1.7078860638739124
3.8299069523026485,7.272930984385946,4.889326713849165,1.1264999378717817
6.228717279684332,3.6498770015450894,1.59054074048594,11.124939760487393
7.56900205933238,5.937745525260194,2.5793110066225062,8.560503226654363
4.698396144664825,6.706332760722478,3.6599241009521233,1.8059072706178427
6.662972737074629,6.301852082349229,2.221955021601399,7.310926492820402
7.293816290397734,9.236743402821098,2.0681293508859806,17.75062781495145
7.400096353137573,9.084453980432981,4.254954242515346,4.408797182622023
1.4676948831806222,9.738856520891835,4.921513876234972,0.5546802525243527
8.737730251165601,7.006852054062905,4.095213324989926,3.1085567372854666
5.124279832885431,9.747227171131161,3.094706491216454,5.297245224491094
3.3617447352659298,8.492302000287179,2.770044927781259,4.819476573581952
3.1758805673171344,3.4374892630596334,3.1585908821214597,1.103235942111209
5.347127015595554,4.846921025961674,2.8513588087509434,2.38191604321646
8.981483855220633,3.1455319797010883,3.0115522271426722,3.1832948982660128
4.405128235143822,1.037774447475087,1.8138122021169107,1.607093550446254
7.74753172105189,2.6924387783221775,4.614967797237311,0.9595681744686898
1.8713685788849674,1.036545276581881,4.0181400060930725,0.15037464356394345
5.284510319359556,7.47854615215441,3.72390969077288,3.34337064703786
9.925175263534621,4.829808679490796,4.799699883897892,2.0551438707844376
7.933940225131033,3.8131725437007242,2.137577327651352,6.678256244327452
2.894756395965517,7.855488019856692,1.324637643574457,8.185895069508776
5.5129732632811965,8.492380971576805,4.304554641421326,3.1383137251385813
3.102622872837099,9.77769584784892,4.993667854597019,1.1363653091283539
4.686048345362583,6.77812226207717,3.3137297520807976,2.661177853819147
8.020756213614682,5.153760626860466,1.2352375516507275,24.11253558033551
7.9410233376136325,3.7473787144669233,4.121872160619764,1.9115026357302765
3.0529034011214664,3.0008638829280367,1.2949961953833662,4.229704066005267
9.300009863393742,2.916333554343411,3.160055945037125,2.1814038524106003
6.333113644883442,4.682704372478189,2.1101298968421083,6.590361474138591
4.419318618658131,9.926077197591368,4.660107122369581,1.7668470883196337
5.5174202270277455,1.0076832769366293,2.80532485303794,0.7538366158093839
6.445641280939693,2.7748530750790072,4.593853393914213,0.7475346896724681
6.039014786612069,2.6955368416321646,2.1963243410182702,4.451082041191827
5.377645319825604,7.454075369790631,2.549450335285405,7.022615681603354
5.544395236804601,4.172362548382557,4.788476752988322,1.1462716189678983
2.5877071938509757,5.115347241326385,1.8052578037265414,3.5702978256631654
8.314596138742115,2.3376171742291447,3.3140046066045805,2.621218665298218
5.875842879469138,4.644973349892529,2.5540413142404454,3.816687333983322
2.1797187553423276,1.9287983071525243,4.096667540274909,0.2147470576236874
7.895413914245001,5.797389590997248,1.5171854846854296,22.695947113285353
9.391995805396157,1.8814452884457036,2.748859876018674,2.4298468317410147
9.52576209313266,8.114575430558407,3.7957305073810526,4.486925967964688
4.321159591700555,6.0994154578644055,2.628064940024639,5.491971355004592
2.219651862046786,7.515710863961652,1.2341269571015068,13.090213439581694
5.665596639697586,4.766647479874155,3.8204490453413755,1.8517298172008818
2.013483064142986,4.433421639180046,3.0127933107399323,1.4557111324613825
9.405886766613555,1.8838800014397723,1.0452347467204022,18.849062064299382
2.652216646196314,5.7147004633854035,3.450623580913492,1.2699082927197953
3.2748927395604768,5.630519483713828,4.679524090115146,1.2262790302150528
4.659728741964734,5.212918400046448,1.444103792846756,13.18296998347408
4.448480217032132,7.664665282142043,3.362684940036676,3.3863451837388903
8.151966031581,8.49253960029119,3.9146755270505214,4.168533196682721
5.106851384958661,7.757107074536573,1.2830946805612218,24.30001424058203
2.536914340030032,2.2947916852615946,1.0904618326567452,4.493712037382352
3.404889059374667,6.598535583538973,2.856783466579789,3.5456341663706565
5.582020466687698,1.7229079512058005,4.164746748937455,0.3759941135781722
2.327085256835214,7.2516005869642886,1.6428776403973133,7.9601916334115375
6.504901080814127,4.43655186905014,4.346549088859692,1.2595178631710022
6.0917257589603135,2.1924906063965794,3.6263090216943845,1.0038946168657918
7.4323208474403195,8.75845771278515,2.3286931511539426,11.295285289591199
9.43934153841431,6.526075051350436,3.063303193969798,5.881756267991581
9.210291049910401,4.1925247115277475,4.862299918906954,1.8586229038734976
9.514680562619482,1.2765446168544958,1.8657478825293552,3.4855661763973247
3.2024403732133084,5.835792331032494,2.998141590976161,1.8014625813796052
2.1840877597541914,9.309032906376093,3.497946224430483,1.7128622047147035
3.7204903044680364,6.367418494321291,1.552058421902665,8.465272625890236
9.055766554896831,9.744855441575439,1.1740883544932386,57.132137250408874
9.748481271611395,2.2280600644341266,1.0538398117258851,13.700996904479666
8.733924559634284,6.114745941353531,2.298771426400065,9.19619499454529
1.9901594901478923,8.183125432057865,1.2957891779394615,10.657938528214515
9.526851982538139,5.7298665801314455,4.215079810164458,3.0952450649977905
4.810222246157074,1.8195972038872532,4.9892781086469835,0.47925305615831637
1.0837926168611831,6.245974013924959,1.245215286937856,6.647110319888846
4.981543666733742,6.505641152582245,2.7309051037337584,3.9420575339094874
1.4146225270792083,7.558383236278173,1.102928491930299,7.324789416865103
5.894901290450058,7.8509036364892655,1.535963563029053,24.049820004190984
4.046986246933462,7.936954193895465,2.2916902436426962,6.52612130034122
5.2609144023464385,6.970999542750694,2.5747928522305994,6.788567620400475
6.518533246688054,2.9423006777679235,4.75913178571456,0.9143472889978952
8.819209862360383,4.638121802555315,2.5833472350275835,5.890981802031515
6.957114188247357,7.985169753529588,2.9851106362296087,5.999101412089788
4.906439816303626,9.580842850607318,1.9823334730954656,12.99776320795194
8.374850683033285,1.710522683529598,1.000500555026302,13.706789604510169
9.15023923815819,5.819830100174753,4.597337826932541,3.134118937272622
2.077839697889775,3.812700441918758,1.3268590281452193,3.32776348271556
5.7873967979751235,3.028545048851468,4.856995364144916,0.9234070861726679
3.560607637681997,5.552296151677435,1.523376416401041,5.327022133550208
1.4235507808925267,6.4548040650088305,3.419513923001761,0.8086326705121932
7.016920256025868,1.0879500827753312,4.997642351426547,0.28541385988140344
8.76493699713303,8.02185914981072,1.5538583842787035,20.289192367385862
2.4661238902965463,8.378939181335028,2.695772339759297,1.6719064013267233
8.311722918615104,9.689597421111397,4.121694675885906,3.700125298010056
8.680561601832474,2.6257935990222547,1.128760599399873,18.05322511483859
9.229063983998351,6.350973061248532,3.759131004560178,3.6482958017205505
3.3875658017744716,4.83962836128755,1.321493351563198,7.433457980126583
9.135577586709003,4.013450663998156,1.9460805690929055,12.29962891854734
3.88596479262789,6.0907010629375415,1.6403046499734417,6.628827496617075
5.971042121099526,8.041447839011951,4.629345726587745,2.544813673121603
1.4545672374905392,1.207475051006891,1.7218268671267234,0.48709177425558714
1.3949297953186925,9.72460101309568,1.1617363820606288,7.793929930910117
7.483358914589826,8.288934271351398,3.3505027137910486,4.858239767798337
5.000319801800119,7.760383332810206,2.384723701638808,7.669457455070187
3.306631378322958,7.843486439624532,2.6228248825654656,2.7360092674151866
2.713721464224192,4.501546386567873,1.476250979450188,5.927660244286215
7.029581417732962,7.764584957603324,3.992937965732778,2.765618297549268
1.003613896228059,4.4809318774266185,3.406214598574072,0.3270803952223406
8.253020522771688,9.088361466173138,2.45686817899312,13.421781301587755
1.7132464551693594,2.595001449758227,1.686299775052544,2.2430964155273694
2.723406534173075,3.631126817936363,3.3738069566822415,0.7104912520625917
4.4761275576918065,5.962037884291685,4.114389118029509,1.8034471417414848
5.363728657444932,3.8728993229854525,2.2495891354687796,3.848116348406955
4.194956042325476,4.818135207657461,1.1034415341543884,15.02383980857519
3.8864094848586452,5.431804204587352,1.857375939011936,7.430365198933964
9.675244108658696,8.707180139321578,3.729591275571317,5.03468585289143
6.774217131190548,5.7087302824782356,4.95638550982769,1.2108628913467776
1.2108965983064939,4.262138637531044,1.053504957635106,5.078063006428646
4.871583175998818,3.229625476316042,2.224614248528403,4.1931791054381815
8.875078297695733,4.678083809129775,1.2480834817953554,30.651403189567855
3.713105677696012,5.641624939729329,2.2653971510521287,2.9331747126988614
1.8510071029694941,7.7150337148291275,2.623657372509685,1.8192747096037898
7.82546294430926,2.0894389855510482,4.6834483677850205,0.8914772416154902
6.454124487424732,2.994482694152358,1.322243197619915,14.550088082011463
6.132812570438535,4.416886142818059,4.10853621226308,1.6781327730307583
1.4821890364666714,4.243585646075632,2.5821375842518535,0.834087036778558
2.264491088159656,4.525732788446906,4.2450513986677105,0.7559362675781073
6.602944565918024,8.141691381762922,3.0536087413024853,5.679336146063613
2.8704145731295223,3.917389626659558,1.1571281553736403,7.380528153501805
5.536630717735819,5.517083623623982,4.784823538859355,1.127423066912099
5.903935174264541,6.615163295721069,1.3309362537380873,16.778386793143813
3.551564712438455,3.089606951652446,3.3907340101350245,1.4952913587531125
9.535826399873436,7.46825848432785,4.510671051734063,4.494953254108929
8.582176961520176,5.924001877644529,1.3190791910007755,25.384078439843464
7.501361568695186,5.021030467282403,3.2155735536640515,4.904321501078799
1.7019447976846818,8.288056240644824,4.297159502097809,0.8453753771326287
1.955170173781175,3.191457332666638,4.945298834583183,0.27933919851090766
5.435032112784601,8.948583735528908,3.897309603256085,2.7422792603412294
2.446420142718871,6.049438618300334,2.1133375018531746,2.972934570505354
9.804389171765267,6.482573914416924,3.798281319381638,4.368105681749828
2.426682106246685,8.875530677520485,3.8230670772305575,0.8943211604916632
5.387210519175766,8.358244190644024,3.7998640484184696,2.8148517163190285
4.277089511573549,6.414058619397103,4.417041748372423,1.4073692096587886
6.754477793086882,7.778689334633567,1.3495202500779637,36.405385607077854
2.161327680004824,4.899875412096072,1.4336793816617335,4.516976902786613
4.872847852381518,5.926399781497716,3.562468496902232,2.6450729383958307
3.472345295264293,1.5586312303766001,4.815524384392751,0.13720927831983215
8.989763722045193,1.8087212620004216,2.8633545556769837,2.446108598881676
1.3652714092122558,8.464828637676987,4.842250806502701,0.40412870953141117
9.223547446058133,1.5370449011424698,4.752341038064616,0.644079997354095
8.496947246977005,2.5245921306934656,4.6116389529372785,1.0906292706525407
3.678136447967339,8.162493930553975,4.639403899456341,1.453479890322835
8.103615892093941,1.0103135556543066,4.593275173311945,0.3797649321357927
1.280922043048728,3.541638959612779,4.279557534156728,0.18619667250706473
9.701789952640542,6.256347920439596,3.7799158344213213,3.4924389689158186
5.739354483308104,6.359049383223669,1.097632714370433,36.329888630724405
3.729529234589007,7.994376174065263,1.52901436862421,11.229409284161749
4.263248913352093,5.553336290429534,1.5369282181258686,9.815702315142694
1.5976481811444763,5.584616825778733,1.0941611371183595,5.228665520611187
9.904145626378353,7.527795179866304,1.4668070736945467,40.603239827842025
1.353627506356232,5.487620169396552,4.678985734268425,0.2497575303340249
6.894164108330731,6.476419779072551,3.655217147643144,3.954082017603572
4.984623349358125,9.07996661429546,2.2482920731816898,7.0507991890546045
9.540245963698435,4.6130590685113475,4.17344004894672,3.039417316764885
3.2139976627611566,4.466125638273,2.9534779478194038,1.648896787594976
5.788781415442102,1.0319409267829418,1.5685081476635063,2.1567654744604656
5.341205877244777,6.520836353691087,4.53800832490597,2.232607656720432
7.325797996450913,1.2679471666641877,2.35464778494589,1.6522735838977802
1.6120920875717846,5.537336407554847,3.7954369221195767,0.5748380601666697
2.7441021702101938,8.23810410129004,2.1623766419984296,5.713701171347653
2.9310833808356485,5.949289634676968,3.0002850026952,1.3635922393164437
7.643356793575207,3.426725486950084,4.265010846121662,0.7121118232918286
2.7022482669406607,8.075515793044342,1.6271093856974708,10.151501547953906
6.16142587501879,3.4274530367428495,4.909005580957114,0.7297513355550245
2.937194384508583,7.597286028513088,1.2808636914429048,15.953478418193281
8.754624550755807,6.492326096712081,3.1360356389620163,5.832665742571107
9.479669090406746,2.5299666707320108,4.664102077407792,0.8458272467233792
5.6664367744801645,9.146204873597672,4.7827755395301015,2.5408170782888653
4.170779957882605,2.805793146614761,1.928435851519104,2.8886113426158424
3.106519975157492,9.906283667266027,1.5759399248592345,9.721118105480747
1.448029013707394,1.065794397894467,3.897612001271564,0.08023022748006012
3.4165006857774585,3.3713503942861274,1.1678942731049484,5.517964619939654
6.888122019507861,2.7987426754677895,2.940955876121257,2.408539358390154
5.802552381782897,1.1259406915341637,4.185420907172728,0.30318243362873165
9.496371504528346,7.59131110132584,3.2410188980673356,6.815298982506972
4.5664953624253055,7.240832218896366,1.75205306309602,10.380034568886654
7.244770080955551,8.131158679194375,2.9481771978798528,5.501224372957896
5.4039047272760925,3.3102869181810872,4.685098865795572,0.5667388884046809
5.613185943317905,4.999016503746729,3.468851912177107,3.5136736502590855
3.4099688314370575,6.932021694593927,3.8859625102760793,1.550161819168717
5.094556991577997,4.957916534993292,2.3450555186500597,6.268001908539521
5.237064973114365,7.2759319328612415,1.7539351006704709,15.27243107348483
7.359782695740406,6.70576067596398,2.0225689195984144,11.289483689587131
9.465759992675025,2.0318302271995883,3.1327103750411798,2.030687233240189
3.9638914973425385,8.029388089692713,2.120880614442815,7.290721573961443
1.379804217231686,7.486087231832665,3.1678591497044044,1.4089427787301807
5.466656129505758,6.902509488556648,3.8311677095047076,2.9974545222111932
5.900151989342517,2.395842456439021,3.9375835046812058,0.7645193980705566
2.515964960187237,3.411968039158273,1.6587397586443737,3.339398157252474
7.8441814564846,4.538593284288404,4.0017233953354525,2.5808079329672826
9.864361975973425,3.5193665949079906,3.6907525583694363,1.9495252186318908
9.51197245307615,3.050292616085183,1.0480205334748267,29.027053945240606
2.7739543494128696,8.248219031455982,1.2354887003590034,19.022913256530313
8.878269159106846,6.744090217241821,3.5849980074415213,3.8598392779715285
7.340442727705162,6.089249183952253,2.5348155982548386,5.955745946344573
5.084619074262204,3.033574397679285,1.5844159983026636,7.570396984475077
5.8654989489225615,9.262689060417772,1.177586236678533,36.403548159698076
8.646401574842123,2.7206473518758463,1.6375933626897234,7.0491140054498
5.321214456745358,8.154558395422093,4.8300558572864665,2.1881751334725714
4.358866321946142,9.700054000347638,3.910262566283879,3.084289607755433
5.439227437233872,7.543834563018125,3.1108216837371754,4.320178165207084
6.212168236315442,9.935728976661668,4.766162000218367,3.328218569920511
2.7016988840051397,6.85946005280152,3.4764417507264156,1.900083986656579
9.108169572402916,2.957143092435055,3.902580753122669,1.7391838587749922
7.067682539466524,2.834375443448602,2.1306072740234883,6.1554507854784575
6.6994202560374,3.9210785582992873,3.3559273743567832,3.0711231670351857
1.8954660356257431,1.0641701819890546,1.573908977191361,0.4911184193069657
6.437565443553326,7.135286230745511,2.6179325807911016,5.321374170205035
2.088645960146431,3.418010061650448,1.1329612999464405,3.053051911990221
1.7082790767585916,8.336649090634776,1.866512350330722,3.822316924932524
5.7457980607815395,4.232553855033702,1.2994745176906988,10.913069134817036
4.6250698064184546,5.319608441169814,2.5511152780289255,3.1647104121106917
6.299292431406009,9.691200249043323,4.372140658553961,3.89017276592549
1.8029995125151475,3.179549107425494,2.5117364253802124,0.5897671689028579
4.878847565625326,7.491286876867656,4.326558503978573,2.0031501558495446
2.5730804354064216,7.796060103748754,3.6259932503155494,1.5634581140691473
9.883900773317048,2.9889834177127166,3.038117786523311,3.1479426360469462
6.05035191191657,5.50897152950976,1.947566773045322,9.017366631674552
7.1869317484678055,4.151817327816715,4.688624371376609,0.751350804264019
3.9287645261434703,7.947156190600802,1.216803235368133,17.673282823630657
1.8526502330140975,6.602349871261337,3.755652070795261,1.1348232892373191
9.78283776505183,5.283847493744924,3.4849595712374755,3.2373576393881955
3.576331318448649,8.014269385429465,2.7641660890261073,5.00159487040416
4.814273666562168,3.1164001300757533,1.9612838211704213,2.8029269162169532
6.8487752953231755,7.782596925259232,2.7227837473810674,4.993911645460571
1.2222756791750016,8.788368808835418,4.491090902213683,0.4311893066648368
8.292332174655582,8.907594371268152,4.347064441019817,4.791488636181994
5.829203710257582,8.053062337176435,4.765524999908116,1.8412688911137147
3.5039546836193995,4.672127502984418,2.231172826500992,3.5157461982076685
1.5544718676322233,9.836272204460442,2.5484166334754916,2.3890317643611083
2.462485739269973,4.416342794401959,1.0749046106394533,9.309796140568373
9.055304729680932,6.747628591921831,4.771799978880033,3.367227520445919
7.174218015423019,2.449667602625218,2.3175603672690754,3.7769363300980014
3.2491154947320084,9.824040087727534,2.616655286131973,3.5962740828739594
1.5904068845052657,7.335873296781969,4.631218445789578,0.5139831460242033
7.215537811479727,7.780397907217315,3.1063937206672527,7.846373866889543
6.151669533709886,1.5919903307003014,3.264698167021912,0.9775820204913965
4.640675720124115,7.870760327986046,1.7049313526036673,8.776220028474347
4.272503042710575,7.972510862985412,2.994640083274618,2.706632609395185
2.9513284833619746,7.0459545372600685,4.672834403635097,1.1218960242090228
7.026501308837659,3.6271865241130925,3.234872352431704,2.777699369381544
9.736012250144835,5.407210379447934,2.0204654585590323,10.51952898113446
2.5814372125314327,1.9939093417784481,1.1247234565390514,4.677289822958851
6.3740495801395305,5.244283598132373,2.345207093816272,8.021824176189032
4.817665501713786,3.1944146734036436,3.290363656257832,1.8359408257624508
5.020198495701984,4.141872878446739,1.1704531534833205,20.047717173027053
3.2873255211503296,2.4634036756332875,3.439170309164625,0.7607171389027041
8.426213880952773,3.070489309722073,3.093655308472451,2.607258310201623
5.36730043732517,1.689117776381046,4.133741876666283,0.4878459956839526
5.890652669784377,9.279112297932292,1.1155526890878473,43.77002898400027
3.7428482151759317,5.7736961917786305,4.12338937927495,1.0483194544724421
2.6362761910025476,4.570677741364657,3.0835081830324276,1.1762371939915393
1.7731934938253844,5.815262914919055,2.482117331118846,2.100549320532397
7.427072268324244,6.654639056333974,4.861531905435296,1.418223132628976
2.7661085351907007,9.296909140324141,1.6404781889442122,6.611331068797005
7.2106781876991795,2.60823657057682,3.165300476364426,2.188927019620108
4.513388014422585,3.659972487716958,2.2839258943699137,2.94498625981634
4.741973208906863,9.782104027097033,3.109945515181343,2.9489682816843086
5.222597464834945,4.34073687983672,3.2091018103216484,2.174316000080917
4.309376573147889,1.2030548568159487,1.357792993699383,2.697310297741676
1.9055797950033107,2.3287914337344295,3.644540587673399,0.3052918958783565
3.786686290025612,1.2370483157369683,3.5379259836760473,0.42556205823602256
6.973609246245446,9.909308281786556,4.077869098537856,3.0475590575730838
6.992059613219839,3.5098376409210075,1.362633974636684,13.251351078402655
3.576018765159949,9.311884812426033,2.189034187614751,6.655943438311668
5.140923639019192,9.962976481837442,3.600442398912405,3.980994853572582
2.741025052107437,6.398570990288028,1.546923303662434,4.790112765132703
2.893348733768522,1.298766835590056,3.710392843153769,0.24442371108057975
1.2074237956594667,1.7343246734823428,1.236106843281692,1.3759157947629355
9.070718949169702,5.3343014959709,2.339726211838511,9.79534746304238
2.896359985674156,4.655548116203374,4.386844489330077,0.9594247620868656
3.0478048924281698,6.455595752035909,4.097165161524641,1.3610049762640175
3.5164128938061863,4.949630287402275,3.5790428609083516,1.4840664264825634
2.146672645258861,9.40669164344336,4.481833666500405,1.2609298835867202
6.753365948632266,5.812657438721599,3.837078176688802,2.504195447591548
1.6762865785982792,7.24353455316198,3.077500420843212,1.6804834295745148
2.2078218369371525,9.06836745378247,4.918870001543146,1.0127266854613173
6.802810539310836,2.3218468824988663,3.779424319157278,1.0071758920499907
4.0569455843329845,3.0676118870667572,3.4054687072520125,1.4860384619746894
7.371530440310702,1.9658679442661355,2.6354822438142587,2.272867029260066
6.016822702031278,2.2567455930692106,4.609649994316202,0.9192890728593399
3.3041905575536177,5.6132557024080985,2.1828363824199712,4.12861221243068
6.857451554403952,3.8906133307071764,1.0368783768436107,22.0266951134902
2.046463122635926,4.808555555740794,1.7869620897294398,2.6086215963129105
5.827693447720273,9.842408486146557,1.4380699677694366,25.762277158576023
4.934332945405312,2.410339130163533,2.2759750966922883,2.0336599872368617
3.410862245356967,5.86730863718268,4.30351470983382,1.3553461772946134
6.436044979655501,1.8898403954828586,3.6061187414600298,0.9299083799683301
8.842002331062542,3.8664668193749074,1.67592235693485,8.242731721943175
9.99014229786769,5.747733313071388,4.155286884369354,3.4672434571647996
6.469864918690821,9.51968571368804,3.016879464397611,6.9369608744188005
4.642352868962531,4.521053991551347,3.0508584964731877,2.04359757097074
3.0268639019458146,1.5841602659320284,2.448448723923493,0.8426594787209603
3.3138648045560055,4.4934530316428525,4.458465459288094,0.7424990185104995
5.3150948033478915,2.3116705828657995,2.2733092154231707,2.678851800143477
4.305499311526383,3.0699065196230078,1.3765590426787546,7.777360224139411
9.224330703624497,6.562815608484914,2.2109159758877803,13.288392557310662
4.314659208901386,1.6068147958331351,3.861414185071543,0.3441799246321313
4.361001320308919,5.182513806250336,3.6303275472133154,2.4416593489880865
4.451810611905793,6.48515427409688,1.7520686142143114,6.4781308160905695
8.529581893308922,4.796725531307472,1.4471371964197681,19.033876761359455
6.857094887622116,1.1721371556135733,3.6434630336069853,0.47293766857488306
6.527519652870034,9.869674212125789,3.705507342619649,5.063896277822362
4.007287201454759,4.304041906064818,2.464598548842283,2.9180516329366273
8.361137591491955,8.007194682399403,4.371205534116319,3.3855666201570034
1.3452747522013102,3.930818429687079,4.912820815199668,0.2856020617955319
8.837174551043018,5.27515081294077,1.8225808937975816,17.1450584761423
5.614749098145366,4.496172783498968,3.3082748628241134,2.1556846698860435
4.584252113770715,4.08285306558647,1.0213853160157567,20.826701808384133
5.474505526459171,1.1966623948700086,3.8522175841051496,0.5796135064670629
7.00673977480448,4.240188440690531,2.657128454253271,5.134895706922136
1.1148888386610762,9.00540991359577,1.7730769076126593,3.106590079445135
8.84396670812423,7.2135400473431535,4.008887687057505,2.7070346716572122
5.020655727802535,2.3088057318589588,4.242595190224323,0.6858127178244425
4.086698677300704,6.320395041604653,1.4446660047037492,14.030997083910535
2.244210090706514,9.030077739539843,1.163983047352136,12.655269082313069
4.955188369225979,7.300306368683699,2.336313766676469,6.657217929495767
5.4669049415594095,2.3381595312102705,3.5039618630441423,1.0238516481198674
4.6328202504413,8.81049247061047,4.173678108754532,2.9935254983070054
7.107940844442074,3.7138961195997884,3.1842499865218308,3.56879575224543
4.788068758833035,5.0866852988110764,3.3229951052279225,2.724067634615368
9.65275820061916,5.735284837202317,4.1994328870115645,3.0855283652817813
6.393497660412327,8.654559439403757,3.1153734968750375,7.0098228606947774
8.267301420867181,9.384467456328949,3.444617960905202,7.387144060544396
1.9842031279853096,9.366875900115005,3.064869359906237,1.948956057682324
4.5756216365131515,1.0715876315068658,4.521832933470816,0.34015071969646826
4.031629313024374,9.296996370269115,1.9420664743403555,8.471038105264025
6.125341493229326,1.489482694014151,2.0559743381620375,2.419086825992655
8.75002168055283,3.3919629113569183,1.511845846407303,15.165452410860834
1.70504395985806,5.6348906925504965,4.277867005977686,0.49482084297988965
1.653173182402397,5.319331201039546,2.6471091622494294,1.395304987100327
8.65285937341839,6.442388144986528,2.3915757635249753,11.589279144463362
2.9156507743452167,5.315016058633052,4.925394868348625,0.6700438032348468
7.0187792900483235,9.409381116763788,4.707213465759142,3.262197664416286
5.885903191247246,3.164939633931283,4.887950728499046,0.7961361126828492
8.496042353985064,3.4662222463463728,1.5691959870347714,13.867269502856402
2.1258001885276316,9.286641421237505,4.565007252592665,0.9039398408593884
2.1680466915035015,1.690655623707306,2.314838397549806,0.6413849436089296
6.011365242504768,6.486047397143289,1.05062708084745,35.46812436771087
9.517407880225338,7.135623568590497,2.565193343932275,12.763995015049236
4.734979825336788,5.549875510867655,3.0367854125522387,1.8536969659600344
3.9424789022922546,7.248086909408235,1.4328816942696214,11.386555533679505
6.460203908780972,2.554791814107703,3.150710467497025,2.4193222017039946
9.37403740490528,8.673690094943858,4.277854336706926,4.687557089123943
8.532350495601612,2.2602312052289704,2.510603803356776,2.8105299760441196
9.95935249659898,4.607311998841747,2.4105792261372088,9.15183622136508
1.203117248821394,1.6773184117738522,2.3552416809227097,0.3066742438471305
2.01572330241486,5.906899709356601,4.692377783534768,0.31333918398678295
6.485209870299598,7.027712266830752,1.1950323951607964,34.17841324241226
8.385187954004648,9.470994715857614,2.7803045679718212,8.77206397881218
3.567199080760899,7.654025763064007,2.0583978165988674,6.574718232491532
3.1528997923079687,5.86992624808736,4.5752281015499765,0.942379191808923
8.08278219443081,9.393553154533004,1.3842090543352157,40.75297156412932
1.5074366846790843,5.3059315423678886,2.645771066721643,0.7520637918464113
4.3244438282432665,6.0508508778898245,2.6272646081243427,3.8107970995258014
5.552283003330968,6.364886749030862,4.553577670188091,1.8558928850046406
6.043138069152911,4.689817532979101,1.8619737801638778,5.885680561951258
7.557536411134992,8.546344215092418,3.5795816412064445,3.509202658831366
4.1936115108759235,2.666583449605532,1.5376245075511563,3.7185456157494317
6.514159102071464,5.993579713344472,4.815902856322171,1.934829165619883
6.268378805118607,7.5000993056847465,3.3720598370891435,2.482142465608966
5.928544905883724,9.135785546889196,3.5050269212826812,5.140353635414466
6.76434963827991,8.955265567908505,2.7350936066418887,8.732618698585483
3.3350425396126866,5.578662604871277,2.369130850665289,3.144057894255833
1.7618387822616608,6.788453060470075,1.8507057179795052,2.4578604224873732
2.0734450483576907,4.548139625163709,3.4159510153290356,0.6794342735352739
3.02124144388511,5.213599865921803,4.818246981392952,0.7845956400999801
5.501781419705067,9.156392133157446,2.439163816369612,10.595534129852954
8.56398475491418,9.376335938732266,4.532627554648217,3.1022755351083444
7.311640078795457,9.058726522603177,1.5951052513889987,31.976683658221233
8.101365437818425,2.245337756322744,4.744504083527203,0.9189366520413065
4.158780615334822,8.650756191975725,2.4019451355923063,6.227297859396334
4.641883674836952,9.535273579193323,2.5189088463733826,5.946490242325792
4.543136973915516,4.251247251162442,2.851369028137313,2.0993314102455143
2.7268586596405138,5.667816604795023,3.872977079790601,1.406011926855885
1.5509499232921482,8.011857302316962,3.878613734756141,0.8554743956055929
6.318244835445041,6.058703238090839,2.918354338878661,5.690163705930477
9.902950150785275,9.941351695356245,3.0926115972557437,10.79070104942616
2.5014673445523656,5.1014202864114555,1.1200419510965647,9.251265917505892
1.4201633790934638,7.425484400866399,2.2171868062333027,2.3957469695450135
8.015785136415396,8.133320261768898,2.384068296922438,16.420570391626065
3.273274060162518,5.446903741825955,3.2349090749030376,1.4842742333868582
8.466794248176356,8.712854251402382,3.233199069485218,8.34672785792621
7.3354300033106385,5.915391320864768,3.8395991909114926,3.0554643205263106
9.51106183345724,4.704857171214683,3.8681091848723237,2.123710474240368
4.680345121810048,1.970413064667523,1.940842896848332,1.7275415182748834
6.9577285550557075,4.5407221871538175,4.080748604419298,1.7256977587282774
5.183693027319436,7.605428092599557,1.0784142721851282,36.255303727660205
6.675298275776892,9.291577705120966,3.864647538426882,4.882334035281561
5.046390154069636,3.2651146347427926,1.4082444140776924,5.698121114010565
2.6976902178166737,4.197119655974523,3.918592833684876,0.8336214680416418
5.571076744030428,2.3856489469398356,3.1084723622736172,1.3429059548594806
5.757257812936981,7.21650604806072,2.7490180027323685,5.5014253703970795
8.29543463434145,9.641695870089327,3.762665559045716,6.314446386269287
7.619686352142231,6.76856997863358,1.1454833349889308,53.03219226379752
6.974124615472997,6.553688770056037,1.8938813027023134,13.516809213522912
2.0204838599731527,5.981409374503905,3.465760569870616,0.7331322440397817
7.485546615973435,1.7961016661698288,4.388861626523272,0.6718745141141743
5.502746407190633,7.565534437864453,2.524430547780468,7.646039141532043
9.046895824955433,6.418445891944157,2.0350458905342284,16.50291736805873
9.278838407174884,6.953290919706584,3.0749457431559772,7.732184379055228
1.4964093154160691,9.089299837246795,3.4892610095473655,1.0031993484451738
8.38577404319031,8.055647083549161,2.680412125622986,6.830258882532014
1.3392765138040357,8.028237269390734,4.50684273063902,0.5917649034101009
4.304526631255204,9.344653919914128,3.0937548354400537,3.182000656603989
5.880699780589712,9.909414563166996,1.14329435028234,50.76132049834657
2.332907187644147,6.231544587649537,1.8922158188247615,4.623225566764119
7.716824313121691,1.9799345442804919,2.802588123671258,1.7632756594455359
1.0751923375492471,5.132169169978927,3.7909020760677334,0.37533755430150945
2.5173914359063314,8.0884103181548,1.8790089751703554,5.996241543818007
6.227171468681282,1.2495279228566427,4.905029758869684,0.28364259158281974
7.4294880583356315,1.5119869452053416,2.274233032752334,1.571715615752216
9.249787924245245,1.604420041445392,3.1299208274423536,1.5030145198558134
7.349469867411615,7.579321824954797,1.0758655389241647,48.75089683158736
7.046013432293794,5.510499657068548,4.5395628857232175,2.3969832437160274
4.549070317155978,4.320081491685342,4.155338614100733,0.9601501123004628
1.0115598297412127,1.9505534073556239,1.7818320171823707,0.7542702561205091
2.0814333286205975,7.590162251853002,4.7329467649593715,0.5434648972906337
5.8109909028043525,3.8891782949580973,2.2633590551896186,3.2252677980230575
7.076168972599778,3.3879166305820045,3.7687451535204683,1.5863007201687982
4.757034555068163,6.870872813981959,4.2759052720663995,1.4512787866986214
7.576111103755512,6.031098033371576,3.9636578449487234,2.1181021714400146
5.696760657989609,4.261695776319715,4.670331136119365,1.5458787797081797
1.66758576034881,6.773387237250293,4.457099041362834,0.5172179776158912
2.7281462587115395,3.4409936834570636,4.97844605636644,0.5538456214655085
8.559984009195485,8.153472354438941,1.7304456503045822,18.67071762365649
7.524214719619955,3.0638705527688854,2.2190472049068,3.081883532137384
9.052857883112456,2.429539258438141,3.54490346972652,2.2022695683590534
2.058015242088429,8.041954685489873,3.9321887435663347,0.9148276517359071
9.912002811535665,7.371028276281399,3.1384202182228367,7.623678614251886
2.884660425549402,2.643750781316186,1.2957134595464597,3.3109247675206572
1.1060188865797782,2.046211774209442,4.366380907201528,0.11780039228891817
9.976806451481988,8.54559179638023,4.843497424085088,2.637288117919153
3.529664969006018,7.989386339770192,2.622067375305579,4.041027266549522
7.012175072613039,3.9453163632969783,1.8992499267953842,6.942587564537741
2.5901408275867466,6.9237766739203,1.0772550198483501,16.165282249555137
6.222056789792275,2.117441678930297,1.949196144374341,3.9015775100218026
9.136314878091033,5.563428931429103,3.799675099353689,3.690383181860528
3.8816305068559473,1.168572628543779,4.646357550690922,0.22906278355437773
7.032285784399233,4.5244169282939986,1.3740522657270633,16.48456085924507
2.6911322991857487,1.6735853932426457,3.2130367486477196,0.39828320799867534
6.623158588468527,5.276324621411943,3.7821249940473294,2.6727088461011776
4.028053166357592,4.795134821676049,2.1055232844250744,4.259770197408034
2.900874327291565,4.999465239742504,3.279588156681208,1.3286148430003821
3.8186384563327165,1.4079817184319467,3.8609937040230915,0.3893585604469652
2.609569616570194,4.254547071536491,4.350876972541507,0.46530445043281415
9.117244970540945,7.808354641899249,2.8099994032799236,11.593789180628368
4.574681976854159,4.320229360182581,3.9914288756758425,1.178673045152131
3.2075137447693063,7.436547573486226,2.2071318869593988,5.018082834286584
5.035670569143396,4.325308512703599,1.8521869870886345,6.292460752808028
3.88482550125846,4.809154973411678,1.7492549843626697,6.902768306612734
7.699773284319933,6.075029015463395,2.435490927302905,8.42088926228138
9.740979206969449,9.556137431263743,1.1435187271553962,70.47584758935494
4.942302910278821,1.9797440198198966,2.131967350660999,2.7764068928140744
8.749300599750164,1.296223917950563,3.608891297772913,0.312896211916158
6.092767662036575,6.4716146542904065,3.591676188640547,3.8162216794007358
2.4151209858481013,9.541873800355837,1.294215225965965,16.290223945504874
7.215604678732074,9.907508192992434,2.1496624683224805,9.7901255782159
5.620910474132381,5.357478226528016,3.2782306587116867,3.3229228542344824
6.855458709268931,5.212734589765886,2.2742085500124114,8.372098529789099
9.007186713144984,6.804673936706766,2.671952096755494,9.549522628935218
4.963911135904414,6.000712814844729,3.851243028463056,1.3820654877455352
9.1105986089562,6.706792518527063,1.0370673178265202,64.56973435358519
7.756021128534894,8.865994829841048,2.105574176353722,18.63490682834472
5.397444332901863,7.716755525388484,1.5694889751400667,14.973513873996438
6.428999220921673,5.47189652518116,1.510436731057967,16.78013993877207
3.930230192671103,5.156780131001526,4.8361608657889885,0.8053383194131003
9.852375697648968,6.756415736618044,2.506241326249671,12.474290047465065
7.006160467453564,5.101356559782677,3.1083543396385593,3.4672305113607087
1.3946216724696692,5.120014161390759,3.9352875482785303,0.40758233462202953
3.939597151732079,1.1467531160785434,1.1897898994402007,3.166317420419143
6.609829903831518,2.5665772366657755,1.9640905542307934,3.2176337182818404
1.5069995001931582,5.396622759961778,4.32859114937485,0.42202190790746813
1.214957721872285,8.403881131453321,4.447962452711524,0.5534560739235742
5.0502181557502235,3.5085430605441172,2.491803682563208,3.350228174967318
3.99421161723403,5.703790898180341,2.499446398607073,3.828335584084085
4.944687472298493,4.10465876283309,4.027587508435527,0.8927041207581046
3.3642397889200466,1.9432359058563011,2.1802809069994766,1.7472159631382387
2.482459722486828,9.624686347641706,1.4683763245599923,14.264310246703927
7.202290212823039,8.692064832252715,2.0301418009623338,15.531373252961403
5.631140046410205,1.7064318202021576,2.5493789265430995,1.2561368556860297
2.8013879012443015,7.4780853622145615,1.208818838380393,12.812135513356091
3.876304836339985,4.128219139217501,2.914721016800699,1.806920718217566
6.326271168969933,9.953648263556133,3.9600300510911137,4.239235187779614
1.6500641344523006,3.7215866784607994,3.0549805779218464,0.6179100486250093
2.327077083395616,3.148646008263399,1.2875813620580279,3.660873296550334
1.659210436966511,6.111014934748646,2.760598525383834,1.6026986983827853
8.310855994427069,8.516135470088837,3.835618432171331,5.0583527789624965
7.771683098908083,2.7326698463781818,1.2323866159607597,11.040138344620942
7.779816386913314,7.384624927473981,1.239388758907554,39.58001211054501
7.446928091284253,1.5526592482700952,2.4824056127239307,1.937068388706815
7.024468813028823,9.270412687994476,1.7798558564948364,17.604114507861496
5.292927238403575,1.729674245325689,4.739123165233682,0.5050554314027874
6.780503471564034,9.228082387097462,3.3253744149589726,5.811033469582604
1.345253993091772,5.417265245074326,2.1493015976235847,1.5092264129017838
6.593179803911061,5.032820015163279,3.8191069164598033,2.237022421600771
8.000899349831894,9.75976371550339,2.4997162054373154,13.60624145704925
5.503225243459512,9.913457599283971,1.52846257751604,23.01533774656297
4.217619955845132,6.851603133649108,1.9489289193743216,7.48539543381686
3.4968406132088123,2.1440736267134364,3.5709891378375027,0.7132936777415783
6.785218451458742,5.555530770896823,1.2075044239879666,18.51904056461972
7.235210787669178,5.762467908600962,2.090756160192255,7.150465112146977
8.838708398762883,5.630017853217788,1.8332459105686985,17.10750742464596
4.081006742148917,6.125426546680088,1.804540442706128,11.385741753127956
7.9279507664702695,1.168522424149516,3.7310496479038844,0.7821397156886394
6.052202417704041,7.401045533234521,4.303267667017458,3.320704885327033
8.94552841610271,7.411548717576892,3.863466432257035,4.055937332805498
5.750308974660586,2.0392279766009915,3.582911263202049,0.7970617804222029
5.658668455581705,6.1321549820122065,4.665807087271456,1.7394846883459598
6.200893732968182,6.115250641921971,1.2335695216971874,29.672525334319026
7.74383819628191,7.142053781713601,1.669932343904963,14.630373845187354
9.682214309456148,1.7685792292157299,2.6576274226821286,2.321050714243785
1.6620701879418909,6.638529765394868,2.489806574015471,1.7702597851558712
1.4809114215191546,3.5267675567170707,2.67220641185209,0.6321108170379274
9.437953036666046,5.5630269144655475,1.825819620170824,13.978765491402946
5.768880629663855,7.95991197433669,1.5980132623209133,21.014065999382893
6.534127131102425,7.35081342726712,3.036772989831712,5.6975821335028
5.341812414352559,2.0701271591019403,4.712210096275175,0.5775351002787477
1.8429170734672704,6.320663084044659,2.567877849399668,1.8855441858388189
7.912804405767999,9.722048778466647,1.1734128564781123,46.11306557373072
7.725021805797282,2.4109249360150202,3.824669371558098,1.380935708176082
3.805329893435308,8.676163789528733,2.1644196221086998,5.705551924930914
3.7561532070556036,7.322932724983993,1.9803800292195683,6.576150061492558
8.540572428149666,7.966029816187837,2.2970320027918483,10.221890253886118
1.6512153196719397,3.537624944283809,3.895262095631505,0.3379471642305397
8.929946335209092,3.591000364418582,4.275277547481217,1.7861762192269741
3.30995520906323,9.154175101988393,3.3522242693558546,2.4496330356897085
6.336862729799446,4.238488288833028,2.2899150148782064,4.217356240467156
9.423947611015999,1.5671385162352944,2.2419129324691127,3.6069931115806315
7.103102513829818,6.405370332215051,1.497233399621852,19.8106837198125
4.72986831220333,2.123359021376584,4.733204192940779,0.400959749622841
7.205807880148736,8.169366172671173,3.552557595875278,3.6545926086399954
4.095816726847332,6.775717982509517,1.107898479423456,14.144687417415982
3.495325747142675,8.872538546990874,3.6494683807467228,2.2250932085461765
9.970149501412116,8.063535248043717,2.7886136967740316,7.488635015601022
7.757112080618089,2.0090228350437656,4.890231852187678,0.744469664548258
6.802479796436359,4.429636087909801,4.276275299225627,1.6575172007007428
4.197606788973869,7.971042249231285,1.6852630153311927,15.45278578790655
1.4424474623954335,4.756073259396931,3.880444475499466,0.4759285847280402
1.2795118843164004,9.751289363019804,2.9422640153410535,1.2318015749939792
5.987631299039189,7.621664049041043,1.7481806546797127,9.317851036002795
7.85829448935146,1.1394992502128893,3.7949596293197962,0.7220640617378657
5.8364127139946955,8.919871224047528,3.1895503147769815,3.787920159355292
8.567065647452031,1.9072430638170184,1.121495515086282,11.930571918898188
1.3008387978389946,2.2647135176207724,3.5863518021153036,0.305740460570924
4.300768687833461,7.610431605499459,3.5399483594497627,2.931099050693036
3.1336335205676025,8.784717034874323,1.5763406442058505,11.942183881716243
5.025456713414099,5.827146651096004,2.3959509079867716,6.064681653914615
1.6513875387471022,3.6014475965120125,3.3435958830041597,0.6284911529771033
9.587184774139653,4.16183990727858,1.5551320564269195,21.71502190791614
3.009298609624248,4.086003966364504,4.410893511339026,0.5558766505299612
9.300769979352262,3.94010293428561,1.1099441851508152,27.504753072589324
4.833038395330136,3.1861870463948483,1.4113496598774198,6.3046142677964045
9.869717199296963,6.479803851663098,1.4644276794195363,29.626565136127414
5.986525451141897,9.103647867085606,3.1124285039002206,5.477108167977662
9.377495777582267,3.7637417177500705,3.480456048674501,1.8909736253269254
1.0481408982480056,2.6802486771527088,2.614963186005946,0.3571027825763883
7.734149255628101,8.547198997342823,2.154667310672665,18.337165271245574
9.127455877922639,7.676049978007329,4.23726950250223,4.09284516287084
2.2574851028105867,9.377533284039194,1.2731439349056806,14.929147798604049
1.8651326655893634,2.4896776204441866,2.121167444531167,1.007173476259628
4.8211534646736,2.298261827049324,1.156462315215883,5.158026364697273
9.403110155196416,5.87286454874497,1.055560539865072,48.287619954863864
5.881479041713948,6.529902893515858,2.413519547728805,7.966738098676168
5.747108173495589,5.321560976736306,1.779294649779728,7.3695226475190445
2.2701350646938967,6.390699726914879,2.073463419352985,3.8786580047702977
1.007105599838969,2.623417919875642,4.283788629819872,0.09497061205461037
8.291260816709151,5.316523787476751,1.6519203849968855,16.218861692322143
1.788171066876144,6.922833048457011,4.120933468607204,0.8083427443904023
6.7046483686179155,4.894358043238333,3.700202492585454,2.2471286357828344
9.231548090636723,7.115026022349381,2.3057821005633308,18.463276244133308
2.8778672184258793,5.060721524984556,3.1862245807051512,1.2930926039484802
6.987455526132197,4.002396227580496,2.777742439098155,3.2052583579464002
1.7082871903675851,3.7324454237838314,1.5135812619906615,2.8970181080918387
6.433796294538517,4.6981185308972915,4.628741286936703,1.1977768068471937
2.4753854885788247,1.2078066041398074,3.2784718703430404,0.19797671020625215
7.623582044636602,7.016726246015024,4.52096018318182,2.0426137951992787
3.7110816531451736,8.605950768822357,4.2953060472531615,1.993479610652694
5.170519079241816,4.191643849988067,1.319103701237693,11.695850956014567
6.394874878248595,1.414298225275467,1.8290826640738098,3.62361590811522
2.541460695996156,9.880980376470019,1.5810444574993232,9.159512353040263
7.674740367558588,3.373284299059603,4.323118131147675,1.582076029255409
3.723763065731331,2.139590095216957,4.449786505820809,0.44348835748198184
6.961346739214782,4.327772571757252,3.1118860392334637,2.8272501284444327
2.4245474562943627,7.64701336570201,1.4167122900320277,7.613984025871597
7.193058932857152,3.6452493720150914,1.5424664741720648,7.203565765449747
2.1536926552941558,6.1723288352753904,4.254195249753069,0.8157649861065551
4.828208466429853,4.74003994993428,4.716760546117321,1.2752053427664094
3.224854663649891,2.059875930489566,1.7979027404426269,1.4015610673096357
7.735377244853643,3.972583112428992,1.0445503058886922,26.07744386402668
3.358315040561871,7.523834551426599,2.3238116206031116,4.054951867205804
8.935455757558566,6.5080350759830115,1.1219975585915254,51.287658633460076
9.026381902659516,2.078005418952049,4.311899664312152,0.9425301270384899
2.7679718370050725,2.469901687428777,2.9660490289050063,0.9827352304517459
6.524613505069518,6.766600233767009,3.5674431150520793,3.2023588583018086
1.789458775479679,8.32073872888782,2.6459395045461687,1.6008812808612207
4.523833896414663,4.145270463623524,2.3820301880499275,2.9950751031136353
7.4198955655114505,6.3577967665910515,1.8888016523043394,12.274656664337659
6.934809221649246,2.5357922987689476,4.082130188152583,1.1663347765320682
6.622306024659472,3.8023870321479145,3.7821903376621173,1.6287693120105424
3.5428677729619924,1.1824318510574734,2.4429159379843446,0.7637489357486644
4.402224544909618,7.914483530195703,2.284464537196732,5.620669657892329
1.9265153023025756,4.609088377956701,1.004971514594716,8.273694120300185
7.471205383902409,8.345130162885585,1.2542085201818898,33.41245137585913
5.534999171121462,7.375356964204537,3.493022099570539,2.7792482686730615
7.378890691110891,8.458698391556293,3.0584292409418468,8.373941995828432
3.240491723171855,3.570928026245945,2.73921281794009,1.3216247170998887
3.919944057715596,2.6659785738506074,4.310008963206634,0.5234639446359646
4.007938035341032,9.747151143865034,3.0155928176113864,5.193392918157838
1.231681687724946,7.455950083367826,2.5379743256292797,1.6395511618866103
4.069430855475612,8.506380411340032,1.6450253900999399,16.990661607367443
8.229741161662302,1.1182003633894035,4.282752032858477,0.5501644104244084
9.075686461747647,4.190154582662979,3.304993000484751,3.063456305187601
5.663964840723347,7.685350215195985,1.3698398636910292,32.74188097922711
5.099515256972982,1.7018454969098498,3.5955935919883033,0.7494349449718696
1.2774215682943324,6.106059366120421,2.70028298195364,1.036639596606608
8.912839038268444,4.861654907095029,4.245544894351983,2.431623014290255
1.1170919208328545,1.1585485642699656,4.675658387983985,0.0613221151031971
9.502750721891907,3.1237801940750627,3.401863252704984,2.443564630230495
5.402946238192816,3.563127901600428,3.9264512772534657,0.9051011599078693
4.077410442172539,2.0067395171169022,1.2263633904086628,7.210506359609431
9.31796591358394,6.683832187683944,3.241021820004629,5.903126750423645
1.2195189379908706,3.1815808862670014,4.021359913421897,0.24873587936058292
6.232824053821784,3.498575496574495,2.987048597912415,3.4597198532248177
5.940392720494039,9.084147383801326,3.3742003580173487,4.092050080857251
2.9738836109024387,5.204107834238255,4.595792742324177,0.8287990794193778
4.859986882151896,4.529153322723451,1.7923982881247977,5.765778820096145
6.870376053493932,7.514839344832455,1.3929860302076476,28.315984719307878
7.544180771937348,9.186524171946209,3.762574452558004,5.092747942274317
1.006451728359218,1.2253270261369944,4.291395622089777,0.07755351723144316
9.431680870819138,5.034149618998568,4.401960754330254,3.0424005491865302
2.4807283515353116,6.497032204701525,3.566577988364881,1.1201858906163722
3.102223908001233,3.8670678831339065,4.332853672683214,0.820062436887738
3.371261011244634,7.951669499109175,3.802656822893161,2.405373500991943
1.340381228968318,9.743293632432465,1.349507663627163,6.812528928532993
2.1074691123129243,9.490846296252549,4.048174031539952,1.2189213292625245
9.877149306497458,3.3938428544194768,1.7174387582013186,10.241139113289867
3.8369506363955743,3.037044505937374,1.946437370363891,2.8878941913926655
2.037709813051444,9.61741477919099,2.5786025079946593,2.237938083616033
1.9629213505716099,5.127656386883193,2.2582682653053476,2.2805699060485383
7.475139709029747,2.8746795077622256,2.286606953211648,2.424568455775593
8.691117976293768,7.362972672673764,1.677038096816183,19.580994499861358
3.3125706955762286,3.5597829151341243,2.1754841884381775,2.468587917689288
1.1881856110171147,3.405222775639471,1.078650359903527,4.381522099586688
3.0078101660082024,8.913241387700062,2.891643786753304,2.856606156291519
1.508641217170816,2.462312380392131,4.074363835079227,0.24292234653601774
1.9305544296703736,1.5795365181961274,4.448989476899358,0.15156439326523288
4.883573078628782,3.422677961545185,4.281714235837754,1.0840739589893025
3.0692653377546932,6.4625087155438345,2.6658308759804528,3.0007248771640422
5.643512906728811,2.107790680629435,3.921705924655425,0.9018641053351449
3.2814437793147135,5.244352050491144,2.15156309638085,3.3080850811890503
9.464835709926529,6.646033993827878,1.2222498908704718,33.56759305969125
9.153495711336381,8.638632933338565,3.7038861015650664,6.18712273092165
6.101254945094194,3.068826320820289,3.595184658945624,1.307297239558657
4.1898159278864755,8.356116910445106,4.206517581851502,1.9905815629777182
4.43032193831262,3.114156350181147,3.4644248268115194,1.2224540046462222
4.7066705483004725,7.090898871156765,1.6275664998956656,15.728414056981213
7.548213899214496,4.8760621433420965,4.412649568200793,2.1875893840508036
5.064750959669541,2.0321311814080314,3.509011152074803,0.7220255488670119
8.710569518553076,7.428371165396639,4.230438796140016,2.7875405065140457
9.49685307337328,2.95986356694116,4.096428481504163,2.2471064004609493
4.023515380410405,2.589610834221323,2.1914579489003536,1.482832559229848
6.046250332381121,4.224906357304449,1.2982118994082095,13.785244461423408
1.8555088314930799,6.879612202835352,1.7060176363583395,4.951909825722901
2.8042214298972308,3.1059683091156502,1.371449337253003,6.148466795898925
4.721191900391441,2.6529538490369715,1.9736497283205456,3.093476505261143
2.85582444311601,1.089582631420279,2.838129092103972,0.3884149158441319
8.889044417098457,5.244787873915512,4.627242419925132,1.7963442173667887
2.4245763045318824,4.857810123836645,4.488075023682539,0.5995383518891904
5.100947393977828,3.1048096927363864,3.874399260382912,0.812363569736281
6.451293164138881,1.4828694760872168,1.096449438191304,6.763356672122045
7.226775173447599,4.863302871362532,2.365556805282214,7.240270957486056
4.447624327538561,8.093845999644682,3.729393705938079,2.3638108341468214
8.821891618522557,7.437539181944593,1.5161155873562735,33.781287200535644
6.11487235970133,8.747154008741532,4.204351400063635,2.9330112503699977
4.955570024027966,1.0862441894184007,4.658294719950375,0.1801534278291433
1.6051657064683296,9.697773851241386,2.416417786551302,3.288879461601355
5.182205216006485,4.072710273647035,3.8233722474553336,1.0639813411749528
8.386622567341572,9.913580164827684,1.5928165306748534,28.826526597433343
6.530869163991839,3.273575145415972,3.763265796452108,1.4493122740005617
8.489462083562065,5.243827488204203,1.0858216491481731,45.35388629376533
5.44610503539375,4.185349089177733,1.6030860272444039,7.935658193753431
2.0661553458503366,4.201846434948724,3.83952578643468,0.4797583399448033
1.1227586125229296,8.580538888733942,3.8474008915052247,0.6720022021755159
3.7289759204673207,7.717770457636049,3.5646508233807084,2.167969895388154
7.2819142434801325,9.929362917070433,2.909456097536813,7.743220361160661
8.112339135475244,6.521632144457612,3.6996323646877802,4.032675203081843
3.661775511582965,5.169309439550524,4.095203193155153,0.8569899504350387
5.460885287949224,1.8106647665220201,4.865926636146975,0.27379786783218624
4.790070139906735,9.96905277562471,4.554564126194419,3.2866471723053725
4.6947050591628505,5.963775876390546,4.1781368102644985,1.6372719055849763
3.0821384188013545,7.3042972272112765,3.7790300668574917,1.6313287280937103
2.2273399452651255,4.6606814847218025,3.296622181729469,0.8058148028010353
2.770197024080918,5.929441373613123,1.482435293407665,8.816283228267334
1.497991484470115,9.483199587035985,1.6622273683935718,4.592848769343791
2.7831766764121935,2.497774941384425,4.281118242683598,0.16794159579055226
1.082808078628415,3.6313532589722914,4.213251648828882,0.19638560381144596
6.645325605723804,2.368537550002291,3.4578357038934517,1.2423094426872248
3.847378666489146,8.129943134242971,2.7553605308646136,3.9798360649973454
9.758302402842178,1.558407343796466,1.1041305992944226,11.977743635781147
2.7434534569866806,1.7346848486620448,2.3087077701141756,0.7776907302322091
4.112457132786345,3.6864470150863182,2.6825586302612714,1.794301558207951
4.220570427773799,5.6276936282891015,2.943265144693682,2.578442281554713
1.0760634645621447,4.656473205036279,4.717298394244837,0.15106685399065095
8.55287157735513,1.4033467960372654,1.4348375992005713,3.547466462822597
1.2879501412989225,9.617424020838564,3.0754676791190816,1.3352728986906943
9.461618512563172,9.575825683222753,2.471689187833119,15.170750708863656
9.028669159842586,3.514206909166839,4.9603924768642065,1.5162891727325227
5.819697244773672,7.5837305374172335,4.447456065131622,2.1172611117631495
5.892360174201628,6.2071787024490135,2.7551434169556837,3.668059977971083
6.884001306605407,3.1372902550506168,4.998782437419042,0.52901589284378
4.483450107413983,3.359543965674539,3.0562529858859855,1.3254555464901927
6.825000550580699,5.420378568794054,1.6684711863656028,14.412058817972731
1.4029154981963818,4.773132473476242,3.2234987673068582,0.8302206775170213
1.4864286461475391,3.6210639540813783,1.9048230632145864,1.4994899275478135
5.115073776575899,8.26760436674634,3.545251360305008,2.5479750443615767
5.946600709954314,5.3331662587364645,4.7497606995357025,1.1583665893357937
8.990358763022371,6.893632561502151,4.1447943073401134,2.99524728931582
1.9419457051710665,2.7034615015108794,2.0926547616762208,1.101499146170514
8.403831344745004,5.80156896264838,2.1874344998640285,12.47376699904487
2.8904260356286264,3.8617844450195937,1.2771528123612481,8.484171707895598
4.5467528365902865,5.737722493553904,2.1434713425851095,5.4825141458840125
3.849421913446716,8.027432500698353,1.370499198711269,17.054213043780432
4.601397455788591,7.920218890821355,2.9977948773025713,3.40843362493264
2.35445948265327,4.187986102308484,3.8333883179930304,0.44153872793368254
5.532130669631995,7.248494053716752,4.0047246459966335,3.394598164721031
8.214783308482305,9.471609553548493,1.2381169289927163,27.18054439065944
4.973806093410072,6.631023969324158,2.359823592952808,3.7479928901869775
5.415522183083792,2.3356911104437343,2.152687066189735,3.7102506087833254
8.638908267531828,7.117377663511856,1.4172012919493384,30.7154298480858
7.354523031742278,1.9441394771438019,2.4498852437280227,1.8458210692842862
5.414089676678063,8.848993679137244,2.1972804365569445,11.278032830084982
3.319260833702617,5.649944462217462,3.537996917357107,1.729841146573094
8.9643407216047,4.466266626804216,4.533210654934852,1.42899047305441
6.193183615215025,1.5130593518472315,2.8193668834928634,1.0532408933282185
2.9903284909962404,4.427053611328987,3.986660691067274,0.9789152319565875
3.4220777737420933,9.128860011242105,1.584041468442697,10.41600009728648
8.228197800426212,1.1888469665767287,4.5798655145754585,0.49268243791836475
1.3973100587870992,5.271833420036244,1.6103789528603691,3.6499652103257683
9.92882968325938,9.380422819995601,1.7684047223975572,15.53152080190242
2.173165117433126,4.55356899788519,1.425855214350706,4.535167676853226
8.164616728572437,4.853581187159353,2.238718006082146,8.32051316812298
4.552977850945146,6.207040496792079,3.2096417868621043,1.7600485786335596
5.429945649587202,5.166436002194652,4.9519764456253075,1.0228328546539607
8.9258551971812,2.5174152211379717,4.173472138630176,1.5595522652611795
4.716200706302919,1.1669998516287436,2.521743211567928,0.7435732659048157
5.83744378305911,6.488304921808314,3.303384231614282,2.440474751928191
1.4436969616825295,9.28725928307031,3.493232123756831,1.3472808009354869
1.0211272648070784,1.9572771972444907,4.290908884989388,0.11820116484402635
3.203198857015533,2.8985744732747802,3.945807141679202,0.588131323187588
7.125247836268906,4.332065372424761,3.2771645078845615,2.817520458575265
2.0913840402322306,8.278680061190077,3.676732108158627,1.54416783901806
2.0238576292409447,3.423342848238798,3.9836704438515986,0.46229672735081484
4.698645472323129,8.938489638508916,1.5325762365336173,20.189877238415466
6.830533347474039,1.4946208718505978,1.8018218452215198,2.7090096391408447
7.408647930231375,9.468609591330413,3.754337155630067,3.068401118008498
2.606056066885373,6.046723700863884,4.401702247950528,0.9144852956425844
1.716293326348382,6.928999106389341,2.6370491307990713,2.0866589214621474
9.463573305509899,4.309205702827178,4.9195612898848236,1.6093215798892886
3.3459974430589154,8.037948569599543,1.8642869306934915,9.112240218496671
8.680118478478516,2.4990962507596546,2.6667971281737555,2.845709158108948
8.771423054165364,1.4402064275063833,2.5140921738530126,1.9623752254411924
7.9527033258629,4.559652487968014,4.721183762905716,2.197023612977157
2.519502459873131,8.683261425829356,2.141514070290158,4.492276916899711
8.396213133287803,7.794341529739252,2.8831631121688623,7.3207272441847895
7.92325503317428,5.654403734400622,1.7489353584613179,9.168960635060559
6.370506910955954,6.149239724488181,3.0850649542497752,4.683975736709027
4.034818316520575,2.169035436688799,4.429616677854364,0.3827028412645106
3.3625774383988967,8.56613357755824,2.2161578475622568,6.037524503231587
2.0970029087232307,8.082637146677772,4.243168288651313,0.8820791760572897
5.587813602107842,6.908233544982485,4.645246328702504,1.6294243928535308
6.267347879588619,5.195719326960446,1.2918315588582545,19.053270725067698
4.234050914642085,9.680133414515613,4.025698145277004,2.5083725496357894
5.2782316091278165,8.91128774688824,2.0213737446019633,14.219309659143883
4.271630116323401,6.799874441631567,1.7013106501465165,13.086363962071891
6.769054515886311,4.346208979455591,3.404489568100144,2.8685868832708983
9.11133287016907,6.562200508133611,3.8224104649147987,5.132891223815902
2.475282358422504,6.178968338775988,2.579043942940855,2.6922593058195035
4.432679289128111,4.548177890514247,1.1566948283287624,16.558971463956826
2.2678174355577516,3.760065745192685,4.634818096787173,0.5124765521696373
6.624493933670488,4.663097130135902,3.92298766738998,1.4819349335240153
7.559834585397362,6.165202654300581,2.0866672267320587,9.238855615819151
9.387214593377102,4.853213602399849,2.9874554229789596,4.266540623173135
3.509847336348684,3.3721703938124548,1.111171159868312,9.008145724980109
9.551900852788872,7.848669859847279,2.3571311272237674,15.344319113964115
1.5693640463860732,5.783207463616717,3.090140942340473,0.7384912410298053
6.427124770281294,1.6090764690303998,3.0688944604650006,1.2084903007460877
1.5141944740899698,4.31484855063513,1.8327395120341645,1.7167365590030255
9.043967689857503,8.964221114907943,4.1069894647355625,4.472820344767083
5.768281513630487,7.797128780799567,2.1954486341065738,9.705158822666414
7.024135156865165,3.909221055496064,3.3216400927118905,3.325565747227354
8.484165333194074,9.443648368400583,2.086088902151899,15.788211175659125
2.3527956023557186,1.6894261752238915,2.7006714919470807,0.5362493177437827
1.3473240574432046,9.6511123350297,1.830058501000921,3.0453143831287623
8.90993031321567,3.2113458323620807,3.5320311701281533,1.9624039682341892
3.8343990471303924,1.0818476227217735,2.702337440565403,0.44451476724708916
2.1608101713444876,4.904272328664941,1.064469217951057,9.810308667035535
5.216151133783779,4.230733867183078,1.1126599760670643,19.34173357658604
6.38475468126417,5.851801046861144,2.8845372738856887,5.107383266833235
1.278735430802591,8.170955745128609,1.7329034676214174,2.9549533437956184
3.4740609243137897,8.581877219354023,3.3401681925789695,2.9437606396258937
1.2951988684920641,4.611069996505226,2.6327671270880852,0.881104799159944
4.783018502759491,4.868611693357152,3.617679342158891,1.7587396113585532
9.055900261596198,2.333599572965263,4.809580696255806,0.6867473672007536
9.843871703442122,1.4279284799304715,3.1149445391810144,1.4930806457097463
6.733427981532648,6.770934912115222,4.149514414360398,2.745778032788208
2.4547392440613263,1.5799386299742304,4.012163985263749,0.24583038825806486
9.152644509993753,7.6044710747931035,4.687164417295461,3.421551399206905
5.646230408800545,5.851811305200227,1.8560714689520248,10.923263465332958
2.383743808926263,2.7872468040347504,4.3093078831397635,0.27921234942395645
9.295540025064952,5.855706491613846,4.622081514018747,2.4374555002164735
7.8172214565079265,2.6469794494188896,2.5710519237903107,3.4531643214228516
7.585347454508364,4.948634867593708,2.2552647783958726,6.9840012609105555
7.382626334149642,8.19604284618006,4.808143638713151,3.1195682383337275
2.803058389867981,5.1572736406957365,3.510531288555472,1.1941795539798512
2.8990602253677347,2.338293864677934,2.5227059409658734,0.64871119624525
7.194636985845295,7.514458136406506,4.167310883726521,3.6357593253651515
2.977504750993572,2.6809157464300797,2.2178956064628603,1.5847507512534258
4.948045271227439,7.646948869330985,1.7056303442794483,8.402788256728403
8.038016430345472,5.314170602942499,3.175878543190822,4.021340093682639
8.055572662880568,5.083675831848714,3.2648481796424136,2.8673289069253993
5.079355952732737,8.662915340717273,4.302985929069353,2.7344321224819317
8.129709444477205,7.377431719066019,2.82810942008172,7.44497916647867
8.547596165782512,1.2961971725944532,4.258346158021366,0.4981090617491966
6.892981761558342,3.6655688314144212,2.245290717393354,5.824690609905961
3.0558326707757812,8.838285947649087,3.3014728087111678,2.705126139430733
3.4661060234699277,1.1649355169067879,1.8338911156028632,1.1439836862502053
3.833570398678618,5.907281016357733,2.5417838036663856,2.6319927653029747
2.051236969605568,7.550431022565495,4.4301587913314044,0.6561663950771055
3.4584365833295063,6.596704769361183,1.8639527737430202,5.440439444833422
2.8856730188127893,7.844789818939928,4.240957851597071,1.4465508800332039
5.09795874827742,7.531226640232712,2.131486631389625,5.609801523198239
9.175937930850385,7.22827625637802,1.1379588787178148,50.73525014773217
1.9403228507856227,8.393858748330869,1.439738280227385,7.4639058669699105
7.48241131552656,6.8112160160458455,3.9835181812831526,3.8768471822033828
7.185547039718149,4.6217664483128384,2.048283706008593,8.28412184993445
1.861787787970219,5.247181989231288,3.616582368965089,0.8268442359585663
9.3031516441522,7.450523044133055,3.7967956110289323,4.302991821661049
6.116249819411376,8.886754267001145,2.3804738577387394,7.230326287825958
4.273529690221158,3.449969207557981,2.899675948844561,1.639345162493626
7.80884725145776,4.078691163739637,2.6150683618232424,5.38128789893946
3.3162891256147065,9.376654567261713,4.789395985418135,1.5657144927366073
7.241588533416884,6.2066061316850085,2.2797954494063495,7.902902430341195
1.357400868150225,2.6106563542150094,1.733292168899843,0.9764872669170145
8.554672338483448,6.973256250211445,2.462371371502313,7.759326230965264
5.033537623191866,9.916859399854417,3.6780628304080487,3.5890275985210955
6.730236229221475,8.411082080233601,3.789450761445861,4.049778375812939
2.991140378260153,7.711670228962625,4.696229261440028,1.354051293922968
7.0936634139260315,2.872419888396423,4.527017939503237,1.018770737394832
7.950162483039489,8.885258062156066,2.153282081669102,17.105213480836767
5.258918681959589,5.732099591819918,2.8206529958703856,3.1974601588376914
6.559542316556149,9.0036101986476,3.989075952733736,3.742421451708416
5.106933314401587,3.968450464823914,4.6661491224081,0.9568936358707922
9.04682232332061,1.5584594737188948,2.3486600514275673,2.484105900369638
5.480822624628873,5.283783717937715,2.7777657367079835,3.7368033405295953
8.576278381259371,3.4285384433608987,4.597913081814435,1.4259801667756742
8.212168524432236,7.437063607986683,2.4339354926336907,11.301443966163491
4.694543392135209,9.613958975704291,2.922051944766943,6.521880457810417
3.0707604267172752,7.218767360364075,4.618016564872315,0.5684579458413357
4.654739193037939,8.982405367382832,4.208972871959393,2.8858418959638015
8.435956381976982,5.077216122410857,1.9737237000392112,7.232800220829839
3.048692822374531,7.944766634757715,2.2991802616477335,4.864879493889268
5.719927112719744,8.58739093004533,2.4118349098373564,12.422425045229875
8.254870731646728,7.397880648251881,4.650953893724239,2.7991277375456436
4.181297276155409,5.569995574626081,4.995734948418157,0.9667818278380856
6.779886733024276,6.632794986538312,4.09601720862176,2.514051994698206
3.210684166439331,7.304562961109923,2.9373052099740264,3.081037504677902
1.9835150083134394,3.277759628992842,1.0406952722699159,6.437824394873755
8.149458025835706,8.286213348234863,3.7899522263918297,4.065634217645131
1.8907176106783614,9.55292085070546,2.5574446579911387,2.698375813412867
3.442432555716261,5.187153836619424,3.5319458809144217,1.1112280060265003
8.695984797976962,7.3096046479888965,3.426775853849715,5.284273399786484
4.118223583708005,7.633233152113186,2.9233282262975493,3.369909909596555
9.75740814562745,6.960227927693323,4.777549590905291,3.0566680430084197
9.817609012964738,5.92403597495772,1.0925853814213666,41.80311577640434
3.4144841840820104,8.934831591173296,3.848529937890353,1.9714476684809197
1.368804000249014,5.04034038342005,2.639359473198184,0.9921226621082773
7.345569557848412,1.5499266083794323,3.855161801966445,0.7780541141562743
5.0588785238350935,8.601007381409442,3.7008785901585277,3.3510999311238217
1.9067755956361867,7.065831450848957,1.0409520103039815,12.000619517879278
7.367705370802385,8.64332763849682,2.141353980698685,11.70278775693687
1.2805741820072911,2.2469269820022486,1.7563660820151217,0.9480571890988814
8.831770214430179,1.276776464587447,1.6679454117699692,3.9082190571958044
2.2478727620197336,9.409370863442511,3.913906736484531,1.6636917728618923
2.145806908720525,2.3295547526551683,1.9582053963724984,1.603631381236991
2.5810506817172607,8.286870988634067,2.8989504599492033,1.8466864728783707
9.6423972264286,8.408889479625723,1.987955981142718,23.049234397621635
7.238524242284614,7.378346804941027,3.3209352937413197,5.634727070033144
8.21234381917273,2.1813598998358383,3.882295072239872,0.8686322641899202
4.578714871594777,7.006587621047268,2.324298954792706,6.626578471593933
4.0268145475446,9.00177924994179,3.412083393148488,3.671426710717189
3.1103560610485292,4.829784803207949,4.2994190976549564,0.6583263460057417
5.32583225481168,4.721651689407389,1.3768971406579666,12.637147028906321
5.966458601807517,4.985724786214772,3.8426823961650847,2.0896100650495923
6.685973592874799,1.740447016085858,2.292579777741521,2.4665927664375507
3.3140665359882506,9.028230121269761,1.490599826099777,10.804012127516792
9.537886728126916,8.822645775824594,3.182616830457395,10.230147955872651
2.5278264838642226,9.981183896112576,1.905049277070927,4.130462129796152
9.690878572897711,6.266648273485721,4.285447170676631,4.182255517734571
1.133705102567534,7.760724728062472,1.1715836381243045,7.115406118405871
5.330131226351611,2.8240471567657424,1.3946115850835898,6.776910136970346
4.000310543049065,7.0077593640175255,3.0839845039432676,3.4570250479303257
5.0421107253722575,6.847595638816516,3.355767136307827,2.4234600597299063
6.135981210827102,9.110878622574512,3.9195466580909875,3.7225694509627028
4.920302422114381,8.477134505551668,2.0370429130087753,10.531200058449707
4.733621652714355,9.446198163559869,4.367041632853168,2.4553688719519364
7.594510738719759,8.819501254314467,4.812569359095132,2.4062604629345663
7.172886475778181,8.818245054089669,2.9961572143794544,6.346990688019838
8.499441538322632,1.5735099401984645,4.042125459879205,0.8392899148881989
3.24963083115546,8.613657574263602,3.099393418175171,2.4903314278158803
6.485756587786573,6.467305550528064,1.2778681176488424,27.08147241561579
6.266753068535685,4.424000065893651,2.3044460513704843,4.579423050942194
4.327640297854199,1.5086316194925609,1.34994675850806,4.299147337378981
5.374517877124128,7.09906397291242,4.955516477020054,2.039267999290405
3.8240392897515587,3.953815754838557,1.9161036482935088,3.873137242853443
2.276599578552867,5.209986384874313,3.543601677662875,1.1184179459161954
2.9242108959645954,7.135555933496208,2.1373804077797494,4.373502415191918
1.94962281761081,9.205970923217286,3.6129848614237035,1.1174433808634414
7.1476261767111176,8.428932240444986,1.8416067634819298,16.25150350807182
6.946546537982364,5.055374161932399,4.141080263640298,2.0828815240412255
9.555457344218855,4.490048417017411,1.443246411346542,13.236341796669265
7.567105722825172,3.1580176495964274,4.5806016003611205,1.2814525813753963
1.468412548805183,4.351840760583714,4.361686770163178,0.34168055723554697
8.958206565360587,1.9994174856270848,3.7152293745535423,1.5573058389118306
8.764076466511533,9.739949575282791,1.2696585085713914,59.393328521770066
4.9898828869542875,6.16525699563621,1.8342761133157133,9.362841880763124
6.2727674547512935,2.150252585156916,4.437446382764303,0.6362386849655556
9.784704992252669,4.175254083393152,1.4878977372103805,24.07424338156973
5.790739274633497,5.9233522925859035,1.6237283852320803,18.655901868042548
9.147896455384808,5.795970729767827,3.176013295022083,4.899795761196729
1.7473488202916778,1.3195303184676912,2.096709758697375,0.6338028126453188
2.7194668183781454,9.557569308062002,1.888302799775718,6.2589885174518844
4.966794490971861,3.4783811332745014,3.3032537273927223,1.3972235645832325
6.262811275035743,1.1456620203870207,2.490306705832116,1.0675904836685801
8.346050666765201,1.6879960805525422,1.562239587078675,6.562863886207738
9.894359036288682,6.221754129231792,3.1394150701818577,4.9032302007652255
4.499663468267048,2.2400696860758718,2.548049613114491,2.0337367047664427
1.4267407252607645,1.3755231356815294,3.9380670970950775,0.15028221262157374
8.210543529657922,4.416638197714402,1.4110217692823568,20.623338855642086
6.439426471745273,6.604850731061697,3.4824529757838953,3.300948098341597
2.786885729813815,2.0065582435745113,2.745973307772991,0.8646466977261745
5.453456109592781,3.81995048936184,2.6242475002096164,1.2599797816481482
7.68079220980352,4.75984604462088,1.9291507520333648,10.68974726308583
7.933706083617794,2.4351408800809047,1.1217041128108445,15.846506947855293
5.496565707988858,5.554665086200391,4.3907567774585825,0.9862546889536605
3.7469307711597324,1.766926782115938,2.3056403441377036,1.346596424825327
9.763683238346442,1.418666467105618,3.7243641589193883,1.116608128115712
6.9702634986084355,5.6785183043962135,4.790349599106829,1.0853640025991016
4.674137674116688,3.231072754757881,3.2599611923285265,1.0837926775823263
3.5241690178418716,1.8583642710822477,2.588587610079465,1.3809134202703806
7.579926847032059,4.815213287388691,2.073094265394815,8.176108155783792
3.1796510103439095,9.236266655656552,4.7361751705899735,1.564709838152251
2.5453899007631935,7.5177320198873945,3.7283072722045714,1.686869931797565
5.7685050006586325,8.34054323812325,3.661125573026238,3.87225734231726
3.609886533797277,8.847225898827729,2.704633300581108,5.254257016578134
6.660146304312535,9.75364967256777,4.380194851469723,1.955048947576183
2.0614480738681014,7.869219161627557,3.8546887480379484,1.041419196983743
6.8944699411058945,6.475671297455317,2.1327330871240644,3.767978702366203
3.54966875197932,4.288832922720225,3.398314640100192,0.8578963611499792
1.0021864099106146,2.6347891290194445,2.7207758184050626,0.3177515288725797
2.1424245190675872,7.179938865849649,1.0263606513188521,12.659217758576611
9.402538400515846,9.954549875097477,4.2304937260071895,5.273108058099485
8.80619175203822,5.206228161570271,1.4913213956788032,20.529172439595236
3.1024812883261315,7.513114312835269,3.0398180240104566,2.589989880639723
8.005347140909421,5.455832049938405,2.3449047723392624,8.220660696344783
6.477144338565768,4.88740081027129,2.36835616480271,6.019532858281401
9.738142403048824,4.692750522039236,2.909459533655232,4.363078128924427
4.362450935806532,5.541622146385278,4.98809241607898,0.8307793549838083
7.133145512654542,4.302060956788376,2.633518722525903,4.392075166263134
1.5718215018152673,7.7389598963962705,1.7293169192662896,4.050222178150129
4.566226121347654,8.86844823932365,3.4544253521974757,2.659230012341121
9.674358950693625,8.945967759806656,1.945150832158085,27.82197182277789
5.850827870051085,3.0492884208324336,1.4221965468518016,10.099199523652292
3.5909155300136013,9.063182248583416,1.2006966882637164,18.693014071810154
2.0824386681574616,4.073961086695945,1.0915250960787355,6.8239412246187205
7.331755061633774,3.7837689893676787,2.724658593244255,5.238752366548165
6.803704390867541,7.540804516584123,2.7069031194935746,7.2267986490578595
4.365448422433971,3.742267060776605,1.7421816003118118,5.808359026563088
9.558472166792509,1.476697650487391,4.136076215084837,0.7246074670642404
1.199825316890653,4.362559950792772,1.517082511679515,2.1318448111407697
3.733514664686432,7.493190403225141,4.66126877055721,1.6767787964934509
9.289625376696232,3.9426257824315885,3.3503039105730896,3.336922695474669
3.8884189448749633,6.666031503956319,1.1104655044197185,20.721701167978427
3.2702755046965333,6.941074998368173,4.851890502970866,0.965722356979421
5.807983689381226,7.603624105537206,2.2317650381834144,13.380130830239853
8.41421574928484,9.074174196798428,2.7998998383114135,9.817020756347068
1.9283208479052494,4.893080493415883,2.1370747719782086,1.722980190426153
9.487186386811626,2.4978886899621138,3.91368519213511,1.3443843177996049
8.155655930630477,3.8703314388870047,2.9427208828781546,4.214281535726807
2.6312522999639674,4.889505296565873,1.5294918376100104,3.928402977542309
7.408071650783464,7.425023223953017,1.4168158094378152,29.870958163780838
4.464628503738014,1.1180991300547016,3.901501653298299,0.2804711991520093
4.6206521026868685,3.8420684509589105,1.948325619725086,2.9381575492554974
8.049610831949797,8.018583229173851,1.55117349855389,21.567510589258788
9.66506327182659,7.037719329976259,2.997710387991371,7.61101002613179
2.1399028556247455,7.5856597622704465,4.211061150145216,1.1708094903740842
4.785672131909374,8.306296924952752,2.115130983492522,10.508432229094364
5.328474472758732,8.04912146990166,2.105726446803231,9.104539254496098
4.386806352594979,7.139648495375003,4.335525041041508,1.9902392881126088
4.268702113446025,4.956953791335315,1.5913351782751306,7.759552318502834
1.4704180080543687,9.852384959903386,3.466910367146189,0.8517862508507767
7.169847585063609,6.121658760310663,4.820053931930342,1.8971559949746764
4.925929754080409,2.824922884319552,4.36521259830923,0.5103229641721502
2.7531442237953407,3.6353156959430595,1.2472609351189168,7.451962042948876
8.344301520718616,7.24206210373423,2.2796435062465017,13.502569388733649
8.22304673336465,9.322656086795172,1.5694978623704654,25.643738831117744
5.377524652800044,2.608481162853078,4.7969625507485585,0.6273404149207107
3.6860559503298447,1.7411184617120772,4.943766264888325,0.26973267421695024
6.742834532168072,8.933779432378055,1.9399720821601516,18.797500378975275
3.5933692219966273,9.237501810215509,3.67879617931501,1.8419463204289042
3.1240713729134084,3.487414107843095,4.366526928188474,0.6399270358588347
7.57463188623694,4.395571519341159,1.934721137657906,6.5523796479088645
1.3629271574885564,6.941691977480725,1.75072253728391,3.566562925678652
1.8529162393113456,3.9693701875822733,1.0448440929891212,8.169026326754896
1.061093566212308,8.894428374430476,2.6478498277661036,1.1658532700995237
2.3764886782788355,1.9682083244247646,4.597749849578866,0.27521727331127444
1.620910078394135,1.341839988641757,4.6119185962253955,0.07006636102155532
9.962221310019267,2.8763758606851058,1.5109725100360651,15.311539790555038
3.5992897295868063,3.574790003844721,1.8174099221135798,5.016182126203889
2.3434121140232254,2.0163393215998755,2.6321893237381344,0.7291585629904603
3.1689663219632616,1.5912138640658204,4.122498180654808,0.28510254591653394
9.425130143861212,7.800469421516184,3.4474059341269143,6.572727524094881
5.6814420072195615,2.4784890931203165,3.0553989740808656,1.326237438294355
4.283362866770712,9.225299791596736,3.3677275368904125,5.313002736250953
8.860523121182975,4.311996953032864,1.3847987752091866,17.58630150361815
4.554912434941292,7.035452287492109,2.910654569019628,4.7792436537898615
4.015077129619263,3.028619032919202,4.9682531581565135,0.41960973019340364
2.86554270294762,3.1629049164268017,1.3537845877563512,6.524657937322369
4.400171415184703,6.172382825808178,3.0769867105395456,4.023124403972651
3.8501592041523343,6.045786326313875,2.1825970466294984,5.2635646236893
7.095735633683269,7.918563052108732,3.159653187447836,5.950810573091645
3.606244342036544,7.820319751248394,3.2952750401349866,2.1002707171720503
6.194797717803053,7.03618988197295,3.3098915924779035,3.1227191160277106
1.5930294852877545,5.042175093041418,4.4088351412435465,0.43785364273852423
2.721602410268629,9.015763476525555,2.5589896586946437,4.839841163778358
4.666647444502139,6.603206411991689,3.0654166506659837,2.919753846012979
9.432543285178259,9.911786414161215,1.0437135958709942,123.72531524835821
4.395267871441259,8.374328361409226,4.158202406319067,1.8689778808756128
6.976667090798507,1.398788301144936,2.0379508295034117,2.4575014205442716
3.2957850017925834,3.8853451637228598,4.2662200961620655,0.7362088994980208
2.1433021837590855,6.146881448238565,2.0625546655212688,3.034012518410376
1.5268294007204513,7.493225840843384,1.043153985049969,6.216161070864067
3.748721486884762,5.9530284798574735,1.619325272773787,7.456739134944688
2.4189492411721716,8.075173802159636,4.942731610288671,0.8314723054942548
2.5660940321451178,3.5439008748161016,2.279204983791954,1.7169954245240708
7.84683377548255,2.6552084610954254,1.4352956080509887,11.400580366634898
1.142542638503868,1.485250154107931,1.4750352145030021,0.8980098323910992
6.02029113161891,6.159823701143699,2.241370856228895,7.027294015606148
4.415152425341184,7.1973956860794575,1.1505801644670521,19.383729283015473
5.5589499991769245,3.9353474540742543,3.045954352487815,3.0880818771447163
6.065472134931426,6.52225766370289,1.8549636619572807,8.380389228365054
3.820309250115504,1.469415077679963,3.077242565587489,0.5222340292088303
3.6559797416585678,1.8936401166712327,1.5630568747968807,2.3519817660493483
7.600616644014151,7.315792950326485,2.7194289160699694,8.641418049443276
8.841492893090415,4.312627346955689,3.391667433604978,4.1877755328790025
2.733234692126751,7.04200627992705,1.247999753352432,11.92859350230181
1.8785688448163405,8.485490082519263,2.5949972370042342,2.4759586798658786
9.080162257528233,8.673601937285053,2.210095283958751,17.506635281758026
4.149059172826588,2.5495088091800584,1.961439265954536,3.7415450391407923
5.961856515965327,5.3765701511621184,3.418138504337986,1.7703506825951334
4.235888300680031,7.605340512692378,3.354167943061629,3.2896883659172116
2.1322210271144617,7.965825366402194,3.522799226710774,1.4716985542826195
6.303984804529552,8.062083826559899,1.6355306817300854,17.590464499517637
5.726267665926667,3.05350600942526,2.142836979449311,4.0564096257287146
2.826942032720775,2.73281335951396,1.838715111980315,2.6236300056283426
5.0668214018705005,6.310112214463263,3.1620144199913676,3.570715650165811
8.172527536140812,7.669772179643977,2.8442627568384653,11.09306324447823
6.313834927971022,3.8722556398077397,2.321174950371,4.653455864984931
1.8722559436029536,1.942346411761794,4.1440592354737324,0.2128975608147645
5.932193475062215,7.450717446190698,1.3758949776335312,22.501052047609377
7.324644693606282,3.6972804824200405,4.899586755022568,1.2528701752782099
8.134330652026762,2.4972645188054967,1.466176311261275,9.389024269171317
6.662058207708401,2.3295117555741847,4.092283250273478,0.9291541607978445
2.3739234808670537,3.834185927740447,2.4729207566433273,1.4937069873238893
7.391559399311446,6.33410259322371,4.461048916527222,2.289259237662207
7.096076614733647,4.225620148244349,1.2966797951366482,15.662787516789834
1.2198419464656989,1.1859566643408843,2.498886840769351,0.2510479845995952
4.705729008312188,1.8721759121002997,2.341773626000945,1.5149247375270698
3.99655222266136,3.6145292247875718,4.972628152902141,0.655907918145148
7.024708578282791,6.937340339323827,4.942195979558502,2.0393770050233644
2.9452223107982864,1.8866356612168045,1.759215834665552,1.656614056509689
6.317847306768327,6.045911681506136,3.5197878427933555,4.048102094655476
9.218853656327552,2.078972837416038,3.142077679643761,1.9015728150430575
8.18022134987747,2.9045379461444334,1.617493964962955,10.212714275181334
9.293119625948773,2.549696748001865,1.6711188244176922,7.296852587911816
9.80655370239421,1.6050577201372944,4.957006913918219,0.3810713011140798
1.0960311430554648,7.0419683564793125,2.8109199744837308,0.8660596576481697
6.604671487397298,5.170631926474311,1.503205168000294,8.65249978388193
4.715554579830158,8.479480968076043,1.8591601549570171,11.02025186604182
8.738690413016096,1.8900175598408526,2.0733922689941986,4.970415464252265
3.2663323180821853,2.30259640004265,3.0436690532744772,0.664870409531413
9.829265402035686,3.7581195821540554,2.342192518025237,3.897341113784805
6.523371725893726,7.892793882449273,2.820047143559684,8.416871055294443
8.141836620059479,3.751829408401289,1.6659982044054509,9.959348679437856
1.7703959754049148,4.675768367488233,2.306914762350025,1.5505691225755633
2.6511209628297854,3.7144320966744813,1.2812663708710161,6.9442066598408045
7.8256330573078285,1.7220186262092696,4.5588410939033945,0.7162539660713615
1.1978786983539125,9.454902606065687,1.795009908674313,4.04271143074892
8.351901873044046,5.936850928640699,4.027600541714955,3.6071344467328346
1.125541168227203,8.09049869366947,2.398207152813384,1.0303755230444793
6.91406955155146,6.925213829667665,2.8975892757591732,4.089699939040738
4.285845282086253,5.628288511557775,2.1650441578449073,6.351507362194281
6.503453674472792,1.807104309934421,3.7857650844294795,0.6918044932064277
7.264282662902024,6.784601907432739,4.37818567709883,2.2252621890987188
4.082276972676738,2.398333203431489,2.1450807389583524,1.590362383995771
1.97166203299752,4.729448524206489,1.9688705746543698,2.2106962592122326
1.6268128097343908,6.662018291323873,3.7257610618555876,0.7262066580420069
6.3004242030629305,8.040061004249111,1.7806122422708834,12.981294345616298
5.685898183607004,7.165406581377576,3.559359062439089,2.538541876242556
7.679809082090193,7.043801761491659,1.3777123187745421,30.316072845317393
5.587619590035434,2.3413798825768675,3.4805486398427488,0.9055007861922688
4.8020121102779125,4.115156860644291,3.0536269360417325,1.8622452436491415
4.582784604126077,1.3862104539417475,1.4556228623052334,1.6872211365105316
1.2380221233790072,7.475292038588181,3.596414539458399,0.9928734682058652
4.020014815269914,9.573273831856772,2.7862286281363033,5.891208808303596
9.784181417720449,3.376993511611682,1.8684602032683428,8.527672363435407
8.8620001860438,1.7892703824607838,2.413536622808709,2.232601105700351
3.964402603307959,5.280130690782882,2.9684084225557186,2.3807833405369574
6.29015864559735,8.710284008148118,1.366216909057528,29.256079921786743
8.625670709819445,5.967767757446017,4.8304379325134175,1.6431429310451424
4.971469030750618,1.4209943517110197,3.662248624848485,0.2580372809355463
1.1616207737513586,9.768450164751513,1.410139925150784,5.106040138722144
1.6705941563677607,8.457849189663406,4.2914487373138375,0.5273333483384133
5.593534492138359,2.1843466934635916,2.2902197237845816,2.4092952895546214
9.724954381082906,9.29617980853158,3.3871981468527355,8.160368390218336
7.23888587996981,5.056194597446698,2.108571366318293,6.629909300163649
1.6382457229471257,4.347081915174471,3.933623779658429,0.4110390840766061
2.704247882126765,5.149479974744694,3.892035900000409,1.243449801038102
7.94190828895165,8.511147611838524,3.208173827489672,7.585581118750758
8.572957839606204,6.935317104581072,1.9637023698863123,14.024003007560998
6.559251275697318,1.533236071597548,2.014815230048582,3.612992663552636
6.7998085266683495,9.618439340045539,2.5314511867797718,7.7629296005186035
1.2550370534504618,2.33005720130486,1.5800486695851412,0.9809498872945959
8.456772336233577,7.71011156561816,2.3506228527636943,11.53964851455958
8.094476873537467,6.725228773853179,3.73741840499325,2.7038700800794464
3.331316296930124,2.6877524315190477,4.323381120237685,0.6505454345030258
7.378090479689563,2.536588685017447,2.3303291619734456,3.5725920840340213
2.933691457824983,8.832948343342228,1.9343610330174559,5.831260248609835
1.362971449463617,4.777254311496375,4.330570313340537,0.37829015736812743
2.8102288833133953,6.891188627567247,4.562816109543685,0.9573580407228075
2.6076598907886956,5.536639034710059,2.6400860932482573,1.945175741167745
4.039731970613625,7.546181653683636,1.1076166153985354,18.842572784881433
4.766045474579123,5.313181375353975,3.7798464835766077,1.2632996219351735
5.576850023479372,3.5864192373001154,4.136132944732518,1.6804541080626778
5.290784879574954,4.270450338968468,1.072097012657761,14.339134427096017
3.436071453687604,8.731699250053083,3.3801234133660527,3.5177805530088824
1.2625360171666702,5.212312236304543,3.3534750329767,0.4863066889017982
6.445914600134357,2.9210439902014835,2.514831634991656,3.4475916266868287
4.56170346862619,9.411448492695278,3.999069303403351,2.9344062372069972
3.6880494164879476,8.169404108485391,2.7127161524574426,4.639171329073695
8.80246938547461,1.5009953145057922,3.7071038071654563,1.1021777099701164
7.720689770183438,9.99048665782466,3.0684692185406077,5.551729265209081
8.71988993535198,7.254340267960921,1.9938584188113757,13.75945466332568
5.454845152412149,2.4423993913652824,3.426003452040527,0.824505615962069
2.1783812691409974,3.134509131687368,3.9476339793833666,0.4547456353473859
7.265992925091451,7.232009331173923,4.895622693748015,1.612207822604749
2.854664019434577,8.017849497512099,2.520435787209654,2.1754442001182195
4.971067021825451,3.1513234883482553,1.2578901786654044,9.430271654755325
1.5850071005399964,3.3127196850934375,4.951884884885407,0.11952323828154726
8.427775621806841,3.7640862538485473,3.495226637702145,2.73107353586318
2.133465769427505,6.382165283529731,4.785801832643077,0.44496010816909104
9.127877563443787,2.5463456047114925,1.4153083440444774,9.65267797499303
8.778075420354014,1.9381887899629975,2.3681353594818306,1.6501173011262915
5.181244879953215,7.1097768017696215,1.5357467954908972,20.7734757079332
7.6993138387359155,8.01188145813853,4.342040618328237,2.3145911062871813
6.575005664363379,5.5083646397485495,4.5213709657172645,1.6426757203433997
8.227680781039703,4.274494392415468,3.005246799500082,2.4986282240910596
4.886245907073208,4.888384421738287,1.7464248706481218,6.522531992535948
8.07227635819915,4.495670504847567,1.5084758761588342,21.535984142780986
5.162111353586331,9.639864174139078,3.352656440320827,4.690501005259593
9.468692090585144,7.912809146972262,3.0255052983412023,7.000515443409265
5.377348907426328,2.8727849336509923,3.77915640947067,1.074244495187978
5.163573447403566,4.457702368485821,2.220829050479965,4.143710885017285
8.065646754071615,5.896110622267988,2.609471980097449,6.854832974865214
8.394199225847542,6.516872758573196,1.0854442954046295,53.33814819998353
5.990402028890537,5.213655064258904,3.440572180302116,2.46366510709663
2.6181803214556787,8.291139715107633,2.6925740853859113,3.1259228416830838
5.209824078618215,7.908454175124085,4.679058535253791,1.9709174501732791
9.712652526187105,5.546421267653501,3.5671451908192195,3.9574396611429563
7.7768757373526665,8.689864481035574,2.5947779657987753,8.55997488118447
8.300463434912189,7.759805773981473,2.0543567234934015,13.658616670912696
1.295429489373161,8.00723663848579,4.621139770430555,0.5536572656246773
5.210735163707439,9.607607014900749,1.065060296469773,51.039360223620626
6.819590202917999,3.398202470882824,2.307649869009569,3.361499808742715
8.470294152652672,3.4088334613016427,4.774022335152139,1.2007513003134043
1.4434628822449431,9.000570301215761,3.6161320279262963,0.8439317738135548
8.671949970776858,7.950037360471115,3.1308762851331964,8.158466722641915
5.935608430677205,9.338909872920647,1.8141388716817097,15.255737770542344
2.7758257351845392,1.5681714429200775,4.333499097017548,0.3338308974173182
3.8552969480473003,6.64981369535437,1.8167962503711044,8.105510876557007
3.537365965764047,2.301655043111027,1.9930141260849998,2.5343011547439995
5.777731308596282,5.5350747846332435,1.767404571487421,8.160365641737119
1.4651711192001864,2.4017223866809982,1.6325978422780878,1.3233347000239348
2.426825426499312,2.1527065808639136,4.813249983915211,0.25328940246053
8.314237390382042,1.1095151084382984,3.4081263845652336,0.6300624293012309
2.1934359167213,6.672149311446139,3.551348528040376,1.1651114656866808
3.1005664251231426,4.2312035502107745,4.817301862715134,0.6842519366426075
5.080335450437416,1.9466945639107451,1.9223002205022506,2.5011038587138077
5.654087993019974,3.9055399995817885,1.0236701543907682,17.483091303270513
7.872494316527428,2.5204968230642644,3.3955345982811647,2.3415857606013977
5.02599183999569,9.475253483514935,3.0313794128966345,3.967919405886475
8.10878158931985,3.880043971852133,2.9106015095931763,3.829661964557089
6.565116763409117,4.005581709604509,1.2475208449847965,14.503545243358026
2.0178976548144023,8.558722030596272,2.817739466299138,1.7676689087725204
2.4069829455355474,6.829801851574038,2.1502382603627956,4.082960639298759
4.9333035290479375,7.391544466627012,2.0982587088972524,7.94191121799767
4.572004537801356,6.7240162359006455,1.8895263207163713,9.309501588873848
7.691898426735651,9.515766555537088,2.330113439018283,7.400694541070506
6.2266342581761664,2.8630074840224067,2.4125323005736496,3.3710758798765634
4.493197729020244,9.90135317580216,2.23510310544799,7.621987838951218
2.5368425510534705,8.478605598008619,4.915010862878036,0.5557933526517214
3.0415339209294565,6.30075329988708,4.730924342037948,1.17899142340698
6.179509166221531,6.9613446195662405,3.298040398099449,4.430286269674777
4.810949244098133,6.839432888505526,4.92421935364124,1.4186708021130332
5.6343475797460485,1.5255660165323852,4.964792041276761,0.43585511319919024
2.536096917720103,2.9621484867874477,2.42375884006921,1.3420912221853212
6.9661562711010925,9.653237960722743,2.780750182958978,7.307433206602753
8.672848667703704,5.8092798597344135,4.836247107938663,2.0787263922784103
3.3214555610821055,4.405182429357208,3.434504797194746,1.0721166675432783
5.423628032486439,7.858346170501675,1.85171633134909,11.186148735863547
9.779745961188116,5.720670483902286,3.7575226733460014,2.96578358105909
3.9991756649565486,1.1184649428870783,1.82298472818435,1.084824839526334
6.355417104313851,7.6261383704360615,2.357430974687383,10.281442189816255
1.8117613018021994,7.589958040475752,1.9102406523814062,4.018745173482827
6.454135022314989,2.4863384089897695,1.979920863735369,3.681749565142138
1.8066859597415612,9.60994079581792,1.018622326267129,13.292686166192102
9.633118917914398,3.015173183870029,4.522835328797807,1.304774983137376
7.440963868650803,5.119744306439793,2.183961981103175,5.29726266682704
8.093438093221359,2.0326236513482323,1.345497518091178,9.317217695794024
7.336939246944731,6.429540875055296,1.3479496227243541,30.871935454599384
6.307561324688192,4.379060080514913,3.2240731058438086,3.9151794941226017
5.049215029769548,4.17856115988735,4.9716822021357485,0.6652355916242838
8.725360417849561,8.442791894988526,1.5800898690807665,34.83916158966149
9.611521007887568,1.0860554156543043,1.3984871237986378,4.582438593815396
5.491325556136732,8.181520938031802,2.7532155216083627,4.5892845057207445
9.383815442397358,6.143037091732708,3.2533250153631816,4.216695942696461
6.249996189896658,9.874886621321792,2.177521435511762,13.382654526368961
5.845457682067899,6.304988985438241,2.2100883700554657,6.140776436393065
5.09034459659821,1.4984122073316213,2.697906007395798,0.9207278956739694
2.8835898537710785,1.455807937993537,2.256582460602424,0.7517817336143539
1.0334769473625327,8.948376877346487,4.661326334274067,0.36263433120755795
3.1735560417045514,8.570927309599478,1.1678182851625158,16.703192579126917
5.587508544432087,4.113010680238209,1.9382806394810985,3.1452111467736534
4.419639570337773,6.562292357630235,4.234211184909685,1.6458306411458037
5.036367052023704,5.4063222135004025,4.335832498659827,1.4679550495878706
9.825833976076446,9.70447649622447,1.4462203158568046,38.320076661111436
4.152451336023948,9.549648107892024,4.895053800050867,1.7742013332089464
5.069646454240971,9.85455107686697,3.7734193995964356,4.488946520181679
2.201639962175376,8.798039025708377,2.0903722239343825,4.453774614103555
1.431619591932889,9.185964316975912,2.824151459257818,2.0875063730593117
7.978685631332452,2.9555090089042277,2.1885544782718687,7.126977827857461
6.136148575647808,8.47906110090797,1.6000889994176775,30.6062826758031
7.846343254395055,7.379714018838472,2.1647122589956607,9.420250947723796
2.3487651899789648,9.665078579452631,3.3203677499584736,1.5718735417913687
6.1464589406442185,6.1413564559835745,4.303878779341875,1.8567009046536935
3.28278226907238,1.766504500395007,2.454116299558309,0.9876546808209764
3.0525563521001793,6.376590020684376,2.391606162191367,4.482987953356611
1.1037341264768674,7.17922835219159,2.8720028043252905,1.081180108018199
2.173066512121647,2.9828892584118547,3.578222399857385,0.38442643073793814
3.783413003497258,4.547020451614555,4.006465049729237,0.9406292148514914
2.0519088453184513,6.38653072646512,2.3071980191978954,2.441123935835934
9.872725963698437,4.36695163584855,3.345409871300556,2.704941223738214
3.777693836715556,4.374529455147975,2.5574433651235298,2.53356272046586
2.1729155203209536,2.1977797525551765,3.8655994014535437,0.2436276510383487
2.79174081545162,9.466720507698994,1.6586996820680833,6.434583386424161
6.2893290550732885,7.754449460455869,2.0276994602051843,9.615155072658137
1.5763917147830966,1.011190949794918,2.704241679370999,0.235893260328787
8.761907171270412,7.890519556199487,4.557659159685471,3.5972878911069706
9.653497113134325,7.658154933920729,3.293303157402761,6.9480116554790605
3.220726786006428,1.0875786413997068,4.861584475925646,0.1775957956025377
5.050857417317734,4.326438678523881,1.4131107411243353,12.881391147677213
1.1992100592654737,6.460729212929776,2.8407016546037394,0.9993662075976444
6.766392022544993,5.074755866722323,2.676314120181537,4.8576481430653216
4.7253345224733,8.001875068484566,3.4008247056238736,3.354013574128553
3.4305261949140013,4.829124993709906,4.247858434830313,0.8909876055122185
2.8615339955494763,2.3847667250845332,4.365792102332241,0.20233368522780654
6.886207698928844,9.787740618464458,3.680778434822033,6.104668718475121
4.7459532792908306,3.178359934984419,3.5661454569822144,1.2804213682346464
2.616933601269208,7.459230794871991,4.79611816817923,0.6421707779564815
7.201981733381416,2.2884068049766473,2.5347496065536985,3.2976806147178666
6.085650547330243,3.961113524055394,4.331133256753953,1.1334223587180734
8.728048494365465,4.978248475873814,4.6860149083691764,1.93608017902031
2.0572830898884362,2.730088040743575,2.9661569770607876,0.7690716580498406
8.070999417500104,5.0496361873174855,3.916410314413201,2.7741064811635003
7.061651081355331,2.41446540692575,2.5080794266836244,3.434369755718636
2.03509843145288,6.031058850873011,1.6355160567816163,4.265362954352263
7.253386568845486,6.973419272681745,3.346015525889701,6.045927930295621
4.9739255999184735,1.561908556252097,1.7858866033981275,2.0569116059253583
9.504863070002587,8.840189089739512,2.830396523215476,13.252460264274632
2.274502155561094,2.66626796537832,4.491517253313333,0.1644273228859156
6.785500517341642,3.0282618278829143,1.344072750254722,8.871620858441059
4.437820409166513,6.952148560747567,1.1217141426585986,25.981459868517653
9.6113320353179,5.2187595439097265,3.4259113895275504,3.9313742424312768
3.9697740576124882,5.494560392539591,2.3242453063795803,3.977344527976598
9.659673185426202,2.153394861068194,2.671750827703661,2.938305636138222
9.11337265990674,8.251622396887674,2.622842354633326,8.327721096321877
3.433449117795907,6.55348821493789,1.3464809160382543,9.640949780835115
8.23187599143785,2.218438389785104,1.0142657307183782,18.5759292819399
9.960437816231554,4.365994303230364,4.593692971457058,1.7861716864561328
3.273967019541541,8.29368939461527,1.8711942436149855,9.835000563864952
4.930994523909877,6.1151954138795865,2.7043159674571533,3.964872471698216
5.681626629100837,1.9778390121963743,4.887703186684314,0.5380035993738829
3.6543802222347788,4.35499341210358,4.3070503279346095,0.9338945386919975
1.1373835568142678,3.184249586101611,1.4317234210508087,1.5544037820299577
2.98116319777774,5.657189982883537,3.034076126450343,1.1064281659911286
3.537431959075826,8.590250159847905,3.920316105980064,2.4457795838891228
4.992397311863685,4.9264042132397785,3.7935711399968497,1.374410952130626
2.5399223057206166,4.900078273314907,4.043367409617881,0.6997935163688603
8.859289210225054,9.148158120943332,2.829818619552141,9.815482054489646
7.344200194582025,6.185668712565452,1.7036917173211283,15.491574990063512
1.7668042980369578,6.0957197865766615,2.8594897756774906,1.5705627830420368
6.850832060259383,3.3571890268785043,3.591548996693168,1.785094048835682
6.882908287650584,6.469504730534137,3.434368346420672,3.6791214173462117
9.605990562792648,6.183194206756568,1.2820882151544297,43.494496621716486
1.0271878422054512,4.571663233076776,1.259809736328767,3.3142311393083235
3.231392048252265,9.916260093092625,4.861031324620848,1.1565693049666215
9.35012331437784,8.93701868453278,1.6072218201590842,24.926990922270406
9.389205238584548,7.74627661069134,2.1778498560468877,12.808187290748702
7.485277774335737,5.836110295717004,4.0705379286246615,2.6105465767236415
7.89186988942786,5.158538217051673,2.6387083032926997,4.389770789898417
1.8233466213668241,2.6640765570087943,1.7258594130401308,1.6604168498654581
5.624882513004103,3.7516372661316133,2.868929529239126,2.4976120409776823
3.0842469216009945,7.965647198408892,3.2757998830534634,1.1252671481418128
2.630962392522555,5.083740585437963,2.8110664371123026,1.2165856799572066
8.292729692109994,8.940425649125512,4.675784301888436,1.4339468458967948
2.215343230124927,2.331200227109759,2.1387971803980173,1.0513163114440411
5.217864732967467,5.5751238641227285,3.6453286427986837,2.6593758455917933
9.447204156274298,6.8226911561917785,1.4491788856395909,19.085938172397015
2.672488500088083,5.651636106771334,2.5691418306561062,1.6831457595733397
9.801940813644112,9.003042024264884,3.9639730063398946,5.432250696711079
9.948591871849532,9.906069536462258,1.8992677623578618,21.508143668926262
6.000554392141626,2.042511925072328,3.3590841826176505,0.854050187239653
2.5312846615944213,2.169594136692289,1.6137481168362413,2.337290519405424
3.8449439914680608,2.17291702204109,1.4108067654454843,3.782099612044879
4.820435494088816,7.130593864634748,3.0929309957001707,2.5247226134648746
3.7839180192240063,4.354084859462541,3.7000439843441146,0.7009524698186601
3.525720218888642,7.5998319513931545,1.4534682649379338,18.285635968508632
9.750067382947218,4.6492432559828085,4.67110500949166,2.546368658706894
2.3802834467417107,6.648460491988573,1.9030890507898675,3.97481582361129
7.599951178451761,7.928722051110041,1.4799012326372,27.997129788020608
1.0036926049525738,5.933943195894285,1.8107956334008422,1.6389028069412583
6.365644024621392,5.855532314050055,1.6782898261273678,14.584528689902708
9.24348703558647,1.79410892757071,1.362698602451796,7.404945397088789
3.591406846838971,4.697035686184913,4.191356939114829,0.855923445181991
2.6697337773194727,5.9119943790244385,2.982151098976444,1.9364190289877292
6.865118153905843,5.15782743099769,2.554077761514731,7.006418394747509
7.413412665685539,9.107038001695829,4.8025117079365325,3.3613009816149804
7.192274670567832,9.158775689075405,2.484033548259163,13.310046331334728
3.8738519201923665,8.397256425298856,1.6678909041887575,10.962865486106974
3.2698216194339778,4.37768267835808,2.096171567706385,2.8518074335289327
9.603269199658397,7.455692365187809,1.9558661343543857,11.460668468646492
9.309695574429366,4.557596149626488,2.9949651182532193,4.798594002724562
5.115849489035383,3.0933423907818316,2.166020495818296,3.6287409487264477
8.615744795389361,4.0861237919579345,3.0642446887454473,3.5243969530805686
5.070911298708665,1.6386816995698195,3.6771736997871556,0.5190797881185695
4.819501162652593,3.9859975810418247,4.109195142853031,1.4206169200904326
2.410866528393652,5.146679955350544,3.8406311250689233,0.9474857448879342
4.837654508427756,9.59932805302747,1.8223628658254438,17.654675735972013
5.836752447398263,3.8206952759766244,1.463598876971015,8.425013233305172
1.2025389468581782,9.122081852849686,3.1698006364050038,0.9371200652964397
4.997017046578658,3.0597244824114735,1.7956471648325807,5.882952343871988
8.032205965556802,2.7187200798332447,1.339734887086053,12.051177615880976
7.120414507368428,5.670959107889485,3.1083773719176686,3.7035299051895887
6.716412899775415,7.052602323676654,2.307176740431182,8.009665240348694
9.185998855934823,1.3989902572205328,4.024596047754015,0.7916495586340935
1.16228808842707,2.9895927854249504,2.256766522193672,0.8191197840244036
6.013428275730107,5.101152998511848,4.9148685482232555,1.2291248743234087
8.086139635687363,3.979039023848633,4.034092765042832,2.289687417782812
5.872018444311405,7.413589714134897,1.2307728859554485,31.42455939074076
3.9150599732234124,5.6004453643718515,3.0354909614251047,1.961576980129586
2.226255085827801,2.443231950435102,3.2504820048564413,0.42429026563058964
8.988067646345723,9.050188413835814,3.7812108427263906,5.176999339163881
5.236861531488427,3.636151079350236,2.991187188135033,1.5592364848789582
8.903036772871314,7.580179980679811,2.9337743936582927,7.034610876774407
6.272669101898515,8.01924201194869,2.471754446710451,10.72543767714119
7.067729049535007,9.668419302304919,2.085845535596695,15.607593871019052
8.238350389406051,5.486567198716912,4.784800847906938,1.6716588224698696
6.932399901401209,6.54251963917989,2.2703866785374878,12.170205954675822
4.58249356611044,4.013886641315803,1.2536852983213227,9.524636912799743
5.622700455357859,7.103613640708598,1.669138957173649,11.578390428834483
8.227409722082918,5.170451372796878,4.429106544165158,2.7017273303411615
4.362852667356858,4.9388712825198,3.3465338364935358,2.178488964773126
4.493093110916474,8.69920776204495,4.115122197508263,2.2480882634312365
1.8612110445220105,1.451519591488198,4.235126184558777,0.1756817062725119
9.231259916995729,8.937661850486815,4.2929457568442935,4.746015197918653
1.8193268345089755,8.668628540457012,3.202454830978435,1.172961794227001
6.833882597037003,5.557296282056102,1.7084823827964195,6.771995381490383
4.718750309225179,5.411825687850654,1.592931008944567,8.922175788718597
4.650574512298981,4.256266312319411,3.2959376815004497,2.217494908005056
7.115966529154155,9.94756412513561,2.4660574147427057,10.642308355212425
1.6038435936689086,2.000523994784571,3.2321929649830694,0.3353834182408449
6.343352046562911,6.311937120657463,2.993911376951459,4.631687532108617
7.948286073751193,7.135134311011753,3.408792318790194,3.2275504635408816
8.453914820979348,9.4089700739525,1.1284471629462614,57.38799804713031
2.5347735045439777,8.021831471710854,1.1313467225204934,17.026493623004548
9.076771450703562,6.794624825303922,3.886380683394035,3.4404288585403404
6.90531482662698,2.051310851309104,1.7725089752908794,4.181657126554436
8.936693207386146,4.363601651483206,3.6087938487682254,3.2289201654614974
5.367526453991784,2.2495747829318673,3.186303643165818,1.206600468953693
5.8783001058748185,8.930914592189623,4.927177885618494,2.6152588996880715
9.27134449325804,7.746590400072787,4.341623515532249,4.102584081827056
9.099185890192047,7.817831081175063,2.6525380853253977,8.177542590785531
5.033447860321018,6.870308659961897,3.46565128037266,2.604211102740967
3.469713684721136,5.563391832430387,1.469157828901888,8.97957380828713
4.538533911078377,2.3497395351714747,2.545544171849524,2.0863381779007066
4.489878956767748,3.9672539803454656,3.9355509643594973,1.0411267791145904
3.5818018748451457,2.232242132292015,3.4906863365146146,0.4288028422318919
3.4172164389966992,7.524218285671089,2.9378852975094314,3.2414427280547855
8.749566428317475,2.442058984198045,1.7061164162106763,6.23120213205968
1.6287572861619553,7.31902195154517,4.212583704630179,0.4990751218833153
7.098500638896347,7.230298506363143,2.0926664176463077,11.763945104679342
2.5553804631080705,5.1337403109216,4.281916326647638,0.8547241992188606
4.100553040546569,2.2170578870624706,3.446436251179974,0.6775355602329317
1.5538873072135317,3.8332074352063303,2.4909257117951498,1.0553155949467232
3.4297627316991584,3.8808379816799627,1.162420887839966,11.19405417393032
7.915789640055179,7.303466198289641,1.9296753773775075,17.984486690162232
8.965137920925327,2.023687174723519,4.556283701952656,0.7459428143928291
2.9937443671213035,8.461617815944816,4.27189737558287,1.0768794395990517
5.171930553330297,7.849065611673225,3.2994132517363917,2.994604452772988
5.232916431434857,2.6767622635684654,2.865289855848508,1.9760509446079892
8.862177751837608,7.472479436010005,3.5885707173204366,5.828751015479579
7.8651914758822485,7.016618633210396,2.864992511373206,5.436354254883686
5.617694965312449,7.7330872009983365,3.577219362876561,4.842843794647289
7.03672480424596,2.70035699903825,2.2296163986406317,2.9995089385585647
8.6261954851843,2.4183128994082175,4.3539888716459005,1.3203820520434792
1.0858505862299044,3.128355873304788,3.8076715738610667,0.30550798361655535
4.626010279450437,4.292845328340781,2.319902513710767,3.770879530414748
9.165188505493708,8.142984829322211,4.322664459293765,3.3792528743699255
7.662817277595563,7.64131543730965,2.9493701234127156,5.72444983644362
5.885572369006672,9.329064330506798,1.698555458949846,18.03366979041831
5.7668007433162005,1.527666031887539,1.3108498480141066,6.235240967405236
4.12993087843994,1.1040065291276704,3.7984229905488816,0.24017929085677459
5.6846848027736305,7.292249467307192,4.460483216832042,1.3173182942615345
6.898448795171079,3.513587462147491,4.2297679543781745,1.45288214908096
4.7652673458591375,4.006710059804358,3.6226041208886075,1.6241387621760346
7.427378317529566,5.92121823323061,1.5655002224190722,25.007862876786675
8.751090045343473,1.9217181081411865,1.3761763039066142,6.424864185131073
2.3921636336637504,6.784249748932448,2.3801184920469014,2.787569200996181
5.0639232053568195,3.926327016080352,4.419643561595075,1.2544094587077237
4.67218082156573,6.694436118708925,4.846945081226657,1.3635483068814487
7.187183236447553,8.506062217660473,1.965443419388285,15.207221461733274
3.248807187321364,2.540002000036867,4.04838268232688,0.5830373135903558
6.762258234570487,9.377857836230682,3.295476867628823,5.139274801529664
8.897403175583392,5.776193269561994,1.127229468311771,47.333749392663805
4.763184398142604,9.306349886565716,3.171665399731759,3.301797616544699
9.19914129981298,2.869570739816003,4.223761611957421,1.0300198238125384
9.938473650401306,6.4410639814381385,2.104491133376106,13.662956113924952
1.9548284495315686,4.634984055912442,4.589446495881844,0.20963806976783697
3.097478691863728,7.967999720404119,1.9450416274985476,6.634300451012973
9.553417763338839,6.453180488919667,1.3058925305762172,23.624093048037096
9.62494917833248,5.450639112624866,1.639757237758256,20.61340458271126
1.8793654784808265,9.216868657879077,4.348011474883673,0.9502338954183834
1.1349865033942301,4.394053577545122,2.669223676158113,0.6904662961282283
2.4499002093078004,2.9798218440836335,4.187782254486631,0.45259796992364565
9.964115050440235,6.472910681668825,3.1249322439583804,6.874496577737292
2.619996549496182,6.616255934555324,2.9222364991777257,1.9109812790185121
5.522928460498209,4.951851594146879,4.227652605969862,2.090514462534328
8.635759537874598,5.379490393204441,2.6939504468495037,6.904749169505948
1.183614496193857,9.6359807286991,4.208130924265474,0.7434933941176287
6.440400840326135,7.5941712225712115,1.4026486598537824,30.194960093984758
3.493229039826619,1.995415763343193,3.545243262157026,0.6286945025833336
8.761014247957585,2.9091706378354987,3.810348226207939,2.479723029816939
3.5511503433767126,9.78018970992003,4.596389584566971,1.6985082114569001
7.18080148253718,7.538189984141781,1.8972956748647798,15.016367549575845
7.067976692026572,9.23540613530188,3.416879520371406,4.864674069842975
2.99344193973676,3.7347531758984984,2.733026254756892,1.4200208930414948
1.313192798815151,7.6768017407793305,2.531086622176116,1.3434704066653904
4.683246164068576,7.426024376711603,1.4268542208478299,19.395869306610106
3.6027383676928273,3.6522098689543756,1.536933322379769,4.5539229832206765
8.280799746523378,5.9573469290563486,4.347953845790585,2.6480000768242697
8.203277696098109,6.646736001432657,3.999013729302248,3.791049450176604
5.1132155697336295,5.330186297447185,2.529364521164402,4.388116842512606
6.45861002790897,8.444608359922114,4.313946325558524,2.4055559175367387
6.4383356438823265,8.495821376181905,1.3230647392943138,35.615680819038474
8.44442333584861,8.65540493471401,3.4990956681326746,5.867718282024596
4.825021727108778,8.230812121883465,4.472704210857153,0.8446131657592637
3.4790201181145815,5.3927512947743015,4.355456924124997,0.7944996114617012
3.3853142632649273,4.432944683341065,2.4911310397674393,3.095885937566285
5.825730513539837,8.482386553429336,3.9809354122279563,4.0438286617181225
5.042333824589913,5.411813127006401,2.70987258207951,4.107014732789339
4.961086938864426,3.217342587651837,4.360552657559797,0.9710789361230654
1.820236051807365,5.5660917908999465,3.123047800620092,0.8770791684481587
7.46743366621176,2.276648397273179,4.059428196420164,0.9779861723974633
2.923630191837196,7.22466541538919,1.3142863291666869,15.249379910426299
2.7725826718784923,4.023291534615157,3.3601038864354513,1.0721698717530437
4.714824882496541,3.3459291860270888,3.2011367098773547,1.559476691467704
3.0500050745602127,9.608578716112705,3.4399068869406406,2.3841274773727315
6.254724405772138,7.991928961824769,3.7825664316623606,4.314361051616794
4.343170054010244,8.083625524515384,4.672435880136568,1.969028136765873
5.040205503335111,6.613497723512651,4.142728327104124,2.1946221398105803
5.83452389443626,8.552555294592674,1.8785519657396188,14.327606588028011
2.8318197023362437,7.832462330470431,4.303585077168384,1.1121275119087253
2.401764605789768,6.388963337202549,1.4883187104603826,7.887532821050991
8.923797125862443,9.650119616665457,3.4887943427002783,5.515863638275248
4.903513325482789,2.724354547159807,4.531015232983773,0.5342796153485476
4.708842486692852,9.49041747095276,1.4044882168596158,16.08007593139542
1.3205093524555733,4.612943457989784,4.398770613241043,0.3925901879184173
5.481786723286539,5.7555908506133795,4.194482936920982,1.5348336096419448
5.987527494499001,2.1046538758987805,3.015101735356283,1.4982014899863554
6.029567838591999,5.860966950296119,2.2355904091816163,6.893280135816343
7.363280523905959,6.500860766723741,2.6217529122861754,10.999690540778445
2.597336514919106,9.979313876276716,4.874632542800847,1.1872061142330035
3.2700082080755695,9.776731699643738,1.8067902246073855,6.145971317201363
8.296574187073714,9.697575626868586,3.318417151319581,9.023969548310202
9.524535551590546,4.135492540918516,1.3329629915147354,20.451920830446348
2.2233947263058855,9.92139848870539,1.8715722567566888,6.044544038993939
5.478845990546963,5.099303364355998,4.0532655522980825,1.4718232808255634
2.9275862746562815,8.666526328857104,2.210396161442109,5.396116010067949
1.540658515194842,2.946879721170748,4.943064282250939,0.19259574567805166
3.9295300431352187,5.552498616909421,3.00326817237536,2.106742284345395
2.2931886266579147,9.694108865148449,3.0661573012309713,2.1242937893017118
7.389397660908217,9.523282572310848,1.145258957342941,54.73914313125711
5.803528723043,7.15361390039284,4.826106998309064,0.9473035813552677
2.294510238912798,8.18032890297754,1.6969337635376718,4.6390415082039915
1.0831742956496293,2.5878402694216125,3.1533623952417704,0.37604806519769873
8.273413441217915,7.494926945357417,2.5826984398349264,9.905681221193497
2.585749655478228,6.5624572750183505,2.662338802978423,2.1426843052926845
6.455949779986894,1.8239656217612148,3.5732006641444336,0.6094262070282973
4.03229721769071,2.0184310593070864,3.6483547083699097,0.6045789602141503
6.26937344483532,1.975992559761357,1.6171544594323874,5.670410874207084
3.840882642840916,7.519212413468521,2.998346612487569,4.908151294728867
1.7824560462302874,2.275436874228152,4.161909796567428,0.3227580734676597
3.0065500770197824,5.209590440030234,2.773145934208918,1.6754127816525393
2.6925270983116802,4.2128362528998196,1.6632178833063205,3.693891008121396
4.852174171956794,5.95453726693196,2.2528677726267627,4.017290212568559
6.924554050835416,7.3582883849746255,1.8495182564202808,12.388019372802953
3.3742546745172177,7.162502834991988,1.5032698716593482,10.239444818171892
1.1086294177055616,5.63967924322939,2.510324509741415,0.9193069081433067
5.670436278382812,5.17901386249347,3.1637449727923004,4.139624882831598
6.451835404230748,4.580340356100328,1.291006101106527,13.066216780529416
9.665834446016287,8.757189534739414,3.4152934889127335,7.191399533620358
6.305237227839221,3.977666243853805,4.97209776067843,0.595821820886913
5.240553034403277,3.3342923905074535,4.856499728080335,0.789884959992095
6.1606146330793345,7.6898394428974415,4.316693927996635,1.8601479209413916
9.351105668758244,4.237871155270538,2.065364451209612,11.338721553675885
8.455403310414816,8.622987397815416,1.0896303859174692,57.83489690844114
3.906808600274272,3.9509984677343026,4.334166811531404,0.59130398437601
3.1352892729142354,7.317503421171294,1.222880927914853,8.889869922667788
3.3637025112946626,1.4059810565680249,1.8225123258830815,1.1451419407478345
5.539789357436917,4.47006592099288,3.1778128617871375,2.5695703358859032
7.6964450610572,4.089071574707964,1.7135121565745743,11.622272592422028
5.528972864646659,8.35010865348331,4.335153325194568,2.2116728892017576
1.6101675624530132,9.70349862905479,4.108638785039316,1.0969334188126305
7.512226303959828,5.147931490236653,4.023078022948999,1.8466326946651885
8.253731158038585,8.423526494383822,4.264510463590306,1.5849758775281275
3.605480786077477,7.297252308616286,1.8788071210584483,7.87466459820293
6.9771316535501535,9.706473888973239,3.9155695045989973,5.5569410548289815
4.83932710948954,8.299976629085423,2.421126010367059,8.632799821767332
9.002074201546986,1.6973025936735748,3.667379038273598,0.8407064443187484
8.607030023446658,7.419535501440126,1.488086914524699,25.696918799756578
5.72888798478678,5.8194974388013625,3.8223463202580596,2.6122317879932195
7.22354991232235,1.1479245213909444,4.888430911603118,0.303475742608211
8.950147309198936,3.261816628528993,1.174401461274865,21.61299941557008
5.461453090704479,9.295797205242037,1.375315604668339,22.994552805416404
3.8192566643993975,9.334552355080776,1.4945470693520555,12.483253404513995
7.7829952411862315,8.189654141805711,2.722255619765205,7.05914862279956
2.980596293062226,9.836016429501905,2.1631207397322147,7.463207663587138
4.496780332054378,8.258907021617844,4.227680614162775,2.083605126828617
8.791545133961144,1.0918376855672067,2.895148956803846,1.4365121815791655
7.519801062423836,3.590509062713606,2.9381493707542097,3.4531608456678127
4.634299047227493,1.2756176401398658,3.868152405301415,0.5220313283152886
2.9327005216752164,1.846971718638035,2.447875930142983,1.0518600503450957
4.203715517490129,2.9695673525569846,2.412828989681854,2.469881910565291
3.556937343046897,5.532026916929702,4.027705550509921,1.1837267653707748
2.584803591494685,8.62778803115816,4.120166983347059,2.1043446538605797
7.68999622209091,8.757700805413972,1.057595090131278,61.5683526058078
3.2686289816515437,6.545816727015668,1.575161903362932,5.219882652636349
5.087507231509875,9.353583451596116,1.8523927245939191,14.611522078070822
4.472735021524981,5.500560939311873,2.4064018750315053,3.41391084343684
9.838696407720677,9.001324397198815,2.165792333727812,22.72071057627594
4.5198301973339845,5.086587306988109,3.674080193553106,1.9503780508402238
1.7198423451707932,3.4950250667969405,4.312540935211833,0.3108213589499324
1.8084317731487562,9.247716262903849,1.7683479294240967,4.398408782025853
6.316783492177583,4.491415681109824,3.2519202424077935,2.7614372371646843
6.394271965644391,5.530636979600155,2.471265004324144,5.048021410834464
4.768830914343894,3.959745692776095,3.0231115001842475,2.391744033484373
4.886593230808267,6.965538402616568,3.4830313671335755,3.1177376662456977
1.485393245567841,9.955281025054319,4.574399274728044,1.1216481829960219
5.64891859350336,1.2296219397829269,1.7691706713091229,2.0216450816550147
5.542655278423165,9.098632054063913,1.3480263482242414,26.06804182838798
2.345943867012501,1.0353345129033886,3.50884767618141,0.19116710430018236
1.934554474998348,4.278050930315899,2.576523395090506,1.2190178120203974
2.1121524153954145,2.5174612566056287,1.6516107731719543,2.349684277417515
1.9092542184213266,7.816076026052961,1.4683486694193788,6.538863220243522
6.487373759830838,1.4554975668145613,3.2356391474961193,1.257683583566575
2.768343871626268,5.981364582258951,2.2018823781127823,3.8130571112621436
3.262871369687171,3.654335204607814,4.989705518343912,0.43238980857402337
2.5621492973629576,2.203032239782319,2.623603277322856,0.6984599977562447
9.620517740036528,7.946363908923767,1.8491464350607307,27.011825081145496
8.691557168366518,2.9567515082973106,3.515396180469111,2.0913853217229876
3.0744535361636878,3.01307690849445,1.9770195587620276,2.3743375101556623
3.9480966452991337,3.475691066241307,2.9763441729246445,1.3636260711065173
2.8890355807449746,6.2809008744522465,2.9303047348840296,2.0872721904389655
5.426883635147414,6.936993385216734,2.814230518862949,4.145940179255874
1.1764947922682825,1.1584227133121048,4.1843427850783,0.09903906370985
7.042312080071161,3.176826725024113,1.8664520058647356,7.343073884481258
5.7084233483587745,4.878737582547545,4.61722922028188,1.260691664273462
9.087750354709929,3.987792569451098,4.165362012854137,2.009585738787222
2.4795341589557274,8.957535926597973,2.332489456973295,4.157693980610083
8.236983214550186,8.089378577977769,1.722410025120554,22.43513910077639
8.127649130200442,6.633011939849448,2.118140098026965,9.716435113390373
2.144630702951982,4.042381743973358,2.3305449876363133,0.9893685159898057
4.5870330172971485,7.306051103615438,3.2277326752281867,2.703562627460584
2.531373770300652,8.59274211561215,1.1854726752546005,15.079818026014284
3.2924845041179402,6.35347339623088,4.657436519408213,0.8220561916237712
3.369215573474899,8.060153202040413,1.394699426644444,16.24854329829316
6.006127546231955,7.741944652597731,2.1170935764001393,9.898969276449012
4.702698385844189,6.1456358004429,1.4371497518118663,19.23634149188507
9.529595236056748,3.8096489513935987,2.0266913061026406,7.846048453410001
2.137331277523046,7.712039422011446,4.350695274435234,0.8953182248046465
9.763229213651789,2.861167297218458,3.460703245532969,2.1976769920967913
3.0757477619283753,8.015395118243804,1.9092929003579227,7.357693859524208
7.955865427436677,8.240920229282796,4.48703411919735,3.9505628762698177
4.050729335555393,8.399303916133357,4.202848236873939,2.160473098046202
2.2877325587558253,5.256243738806118,4.014597129286322,0.44306434546979107
8.721002667216158,2.732326909933795,4.390530793542851,1.3597115328027072
3.779748093128169,1.8975124005946187,3.4785987260732605,0.4728747351037675
6.92969863804158,7.690251254391318,3.0057494408449292,5.533163958700176
6.09799316577964,8.976352460768318,2.4957401046855576,9.999520457018328
5.245806784517869,6.85754522953216,1.8950560816307935,7.77365602645143
5.462375253836852,2.2974405434953264,3.2296466305875793,1.4812922063501
7.590141226830588,9.414068036658167,4.557969382856353,3.196325384633804
1.7899562271109652,9.901918130853876,3.3759271559693,2.230393716742984
7.013625957621146,4.900407489414297,4.678427446882547,1.591840981915094
9.06230891258721,6.353427603463941,2.4276694783726542,13.101433251652486
1.5200937731787774,7.99505668001492,3.7805518901099906,1.0539999989792395
2.265880053103001,7.627508110450402,3.5946618898505647,1.1740556371475566
7.449687430318282,9.710084727401043,3.6817353762509675,3.9472001782381962
4.935534834201558,2.0339478197091,3.5801680489631704,0.8009884917786837
4.631937587323195,6.226523795285251,1.886618699748467,7.158673659846592
2.232699710898123,7.227382777057829,1.5743635931325959,8.567194443814063
5.560930366460092,9.010885817689031,4.914513024928235,1.9722621502122437
2.138907800767395,8.866986649463357,1.1811805153700048,12.776917641389204
5.289584106794863,9.801998142051609,2.8709459481130812,4.534330003868649
7.8725376906549105,5.6087060854391115,2.7003212685674476,6.563161558242914
3.3243792209844716,8.476847801319039,2.440075832860305,3.6214961400447088
5.327075513617546,4.84553537314595,4.1279354143068385,1.6488768980463322
9.928143724571521,4.80082490070429,3.9814011532500637,3.355701946116631
7.179853810186335,3.280135280255731,4.620899694119761,0.9375758190629615
8.572210941746787,8.364135583173068,2.5819501047476887,12.812833786811993
4.733628459044912,9.87233595232164,3.2567181117178388,4.163868557776437
7.910748308132698,3.307075555125321,4.5692281893684825,0.884357069554296
1.3645825564718965,1.505184292189651,4.975392251421537,0.10861593736217683
2.106200642880205,8.339881936771066,4.87717744946142,0.6020646196862571
2.8276353362805593,6.582070472812806,3.8713754850749367,1.3677476336748868
4.617567321536976,9.637289204959039,1.5729102312407184,19.51882128404543
8.611703904931868,3.2701529716925704,1.0927440471721064,25.419869744825693
4.116394457091374,1.6392489220115296,4.300873425611767,0.3919253950167326
6.891590741639166,5.431980347798514,4.363768097967302,1.584415796281398
7.383828653231351,1.7691942066863273,3.9854436330538783,1.1006455774152082
6.275641186795073,3.3561100099243673,2.1196939439968805,5.584069646916549
4.215177713531226,2.1338007473725145,3.5592714383941066,0.7774386943727497
6.193480075421898,3.0171896169407084,2.264993767261097,2.671449979853687
4.080390335107716,1.9553018753925266,2.8025929844036988,0.8170108103583327
1.7548636469681087,9.585153994845568,2.529740339922042,2.9740057812051472
9.93523580367413,3.5070644210476196,4.654560347160222,0.9637894870201984
2.1446420826925983,4.995078273933089,1.9366293229755023,3.0497900396433923
1.6511354545245163,9.087506268708001,3.310443618295001,1.0046431210603433
8.906776742864404,7.095894291653269,2.4439261161354366,8.744571385178721
3.716511948036056,6.562337325055969,3.652284447656903,1.312381709600391
6.852672766661568,7.350068713247534,3.2582525647099,4.977932378571458
3.9610515669600956,8.459400313948436,4.6959107254637615,1.8588037832783435
4.523088437150241,8.899023410665848,1.4064486068048527,21.764691290451193
3.3590167481511686,6.783757035985238,1.8825633590270536,7.018325293154264
4.087396052137092,9.01006547224652,4.065391855324224,2.303132314915132
4.696303605278888,5.818577746829292,2.4751473595793736,5.069383139290585
7.483744621831086,3.495617706415811,1.6631351449148957,10.34126525801386
5.603825748113126,8.9206903799546,3.013285036981551,2.5159395084868073
9.492086954412793,5.873255446717784,3.608568246445545,5.057277040209895
1.3769235445489796,9.155238288105108,1.1793068566139944,10.51647198098928
5.527614903688254,1.361510325555231,2.166487557469779,1.4872287291033495
6.258023099485463,4.57764176387112,4.2376901507841715,0.9653611456952896
9.281772874668466,9.530245165262214,3.080978266440777,9.77066275777093
1.4424267125928483,3.2468508348247247,1.14151686069328,3.828921567771634
6.161496264416944,9.473826214346433,2.1278040210988034,11.757016882465464
8.682669356751614,9.585122150163249,3.5565626239176855,6.825132643469743
3.177349553073129,8.93928082803275,1.797437878312099,10.676038486006355
8.886631136715437,6.073012405839688,4.309565624877657,4.299228914946454
1.1713906834686263,6.822455041725746,3.706303628334657,0.5988754282616532
7.5920916622035675,8.826552986048823,2.8855162437911726,8.5858146243147
9.398018990517878,7.983073741502659,4.6624951242671395,2.882584980980589
6.91477895476056,6.670844645098704,2.567203083698647,6.297190319208503
4.951263195824032,9.840334670836324,1.940293642256341,12.589564762403239
1.4039291482544622,7.171089727003247,3.6456119701068035,0.9359389954156797
9.28102431990366,9.77933793202985,3.293180749880594,9.739786302141956
5.232666004224173,1.5164962714638166,2.3409916037249006,2.006722652200247
1.260970699023532,2.250643336679912,2.3746582452959086,0.3532796054331825
7.208389641958857,5.063129614004415,2.592841234536407,3.9915562917022003
5.336535282186324,4.463915147958836,2.164554269917477,6.205066776270276
2.119107856981697,8.044613572213251,3.84096562544369,1.4903572271183163
2.9284462837923364,2.4455262382228335,3.6054336202048214,0.5545779041197666
1.5804161241026164,9.784856612003397,2.7631106101855707,0.21648244386797466
6.168641857377162,3.835592877348226,2.5914187031169487,2.9993458060698748
6.598265313268083,4.860313369661435,2.4602050774388204,5.654002914164981
5.551680685198999,3.472705291960206,2.133873285569014,3.4724114737432124
8.353919197023535,6.214272555938925,1.3427866526282375,29.857666263401253
8.749079391772122,1.5276583038032556,2.072818742090002,4.291944367438251
6.54061957014814,2.347097550134039,2.28480539477226,3.779473388608819
1.114808317366875,7.712179330768517,3.190736025061373,0.9811126704964839
7.257066901729621,2.6785052506432354,4.0951540363121985,1.144138921420794
4.761992952283164,3.1196300640099657,2.5828085793361266,2.0066156477532897
6.090017349037483,8.136840121523539,4.779027623408368,2.4984929587051825
6.841725418169959,1.8397106052152825,4.309399853764649,0.6812111316774098
4.152129528943691,4.937264404937569,4.93920739153498,0.8503503577786267
9.253886546546148,1.2075704829750429,4.5048121641659264,0.37982130791938506
2.2057738007480308,4.121266593861135,3.4669037972375167,0.6482410326474605
7.043606265529337,7.29083262349679,3.3939171512668755,5.128709068041698
1.039236219609224,1.8109295174550548,1.5181045070168682,0.6367783194614793
9.321859948646628,8.99501164100884,3.889596995566271,5.836893715010622
2.0125371991428236,9.185491386466444,3.4008274303706854,1.7302358825619684
1.8539580713281718,1.9449133761262158,3.027728413583939,0.43038204348391057
3.997068697470198,9.91659192738199,3.7731474902291544,3.096149450386342
4.3620965743517255,3.6777659805594003,2.776191371351975,2.342844755740353
2.9287006509059075,1.7569150401844544,3.0954386496331447,0.47001225914683215
6.266094948344122,1.0456040304753604,2.5934092192130254,0.6882009734109737
4.986226882377672,4.676706061874763,3.8694835734827593,1.2853287263945095
1.3075803013697866,6.668289871355059,4.506443882191553,0.49203222821251624
3.8768685602977055,3.9896132491298193,4.36337975653041,0.617280667638454
8.293896222158534,8.530456289271605,4.144101088197875,3.2623336847745357
7.207313813756818,7.449456480085451,1.0551508181782037,38.13465161200463
7.523837682218924,4.151453787712294,4.647521855509837,0.9122039449803454
7.283052316751712,7.6087869994774415,2.099502882893576,9.687783353716503
3.7987571924472996,9.464389632723249,4.551895771853504,2.0823776931931377
1.896975298690983,1.8378639868871538,1.787872412357506,0.9343378252683066
3.452204656297864,3.7549356414185517,2.758583005698949,1.1075979557774902
8.486067701666434,5.169933452050239,3.997595177307655,2.464399579644621
9.82423718004764,5.481911149792917,3.56111578110869,4.680404268470238
5.444623132674052,5.879760803974663,2.6636877521177196,2.8598564236508404
1.0873031943073799,3.7056421588478368,3.7144954269611135,0.3476986484299078
2.260403309208061,7.005336813841142,3.195798040186558,1.1036125430817947
3.898725177846392,6.805760531768468,2.102945226542129,5.525319301373436
6.2072681373365475,6.200393556444525,3.585317781988559,2.749610980371978
1.6758428122478257,2.0238554953978896,1.8169883453780935,0.9119700550763097
9.490215688388934,5.292711019863501,3.775953137036662,3.4772480907851535
4.285753059559607,4.20604198740438,1.0124435104929712,20.323981685697657
9.213257961323407,5.4193462285431035,3.195090055047079,4.851046109338936
8.024696224813196,9.296797919635233,2.604270510224564,9.667453852349205
7.79893545264023,5.324782088425675,2.2124150952077892,9.260099174864887
6.460476218040088,1.1258271265556066,3.06283186893855,0.8074757629551924
6.641054353466601,4.949530642757178,3.5812465301435523,2.219730740845277
6.742029116946233,8.385833620444439,4.86124906485386,2.4126810848398685
6.658492483230239,8.020548308963514,4.332257959552391,2.4173016175741298
5.983554082585251,5.620510661753629,3.868599532335243,1.8580412933701025
9.877726166346001,3.2479211157338375,2.9158676467165856,4.381461483544943
7.590615106831265,5.185797966230906,2.568576478657417,6.499675092305788
7.992517495532691,6.0733199747637245,1.1301186183439889,43.86277264305654
8.852165335753067,9.998842944467205,2.4363876122361927,16.80506969465355
2.9407578645326424,6.797602811524396,4.393508554690467,0.8518392598897719
1.7542374318555471,7.248384370563521,2.53609832790516,2.372856303865719
5.346049929387388,5.423087292112467,2.846339996248586,3.365541594773121
5.6267262605734585,4.190405957042769,2.087337696099619,6.417322339842465
8.46263601954926,8.316576852824854,2.096531035253467,15.611401856132742
4.994052213541021,5.454390919053125,1.2474870435669936,18.59989080121793
6.137677229898815,9.952211169680726,3.455215702479203,5.467729173869013
5.743638446621125,5.114085168412397,2.7922776121813855,4.380091177892687
1.3438250538165195,1.6120025528281965,3.4238432299631785,0.12438108920909434
6.536934069372226,7.143203233810745,3.187547600115411,3.1467848969006087
8.45238957196827,1.4197730583322996,4.195378349188699,0.7733930227969595
2.4175049326822347,3.2545143719623297,4.004047649245891,0.5257206572839754
6.348985605339362,4.18364427501913,4.085815412551518,1.3442874694877864
6.342494900017729,7.655352270591949,2.9969560277667022,5.7997375304236325
2.4776646765072288,5.448123337668515,2.415525405415722,1.6620243237722905
2.111172163576624,1.2578133817923094,4.733746362131811,0.19586886715091512
9.820467486788363,6.551648661483299,1.2170790948662158,54.82929360720317
4.543472526877338,4.702926136839961,1.6104852314009213,9.26374920322871
3.0467955585117634,9.296510589703963,2.678396368706559,4.008054056211996
2.5419209000893748,5.496060800262119,3.4558306102720446,1.0250354220516988
7.008415422249115,7.380776313454051,1.0328014992268866,35.78677828068645
6.485007675945509,2.969816430965922,3.877291277244568,1.2519369796580972
6.791969106886757,7.848762080784879,3.234906171159659,4.218217172773261
1.7920542476030703,7.488597794353051,2.938811034707701,1.3047836391371415
9.041811251485932,9.136735376871775,2.693980155311473,8.157629928669358
4.503397571281434,1.304394775472793,3.077948126962498,0.6510107681346875
3.8203246578732215,5.027506278557061,1.6471429379269904,6.545529962954692
5.1612530252296525,7.112398624656671,1.43484695710793,19.738462209078705
4.510594591728655,1.8564751007219353,2.1585499150073537,1.9615100776183334
8.772193028252314,4.695436604340212,3.8380191679412987,2.924536915699192
9.363348776781029,9.479319427595758,3.3531515353419854,12.092860046031458
3.7310789480464557,4.923410418020154,2.9204920704760506,2.5085214427807703
8.775422267139593,9.868643051325684,3.2860838635838414,5.997966636766751
8.033708165797604,1.5115515497183765,3.2370320521573728,1.2652231722663352
9.377269051102857,7.460467985268021,2.2281677019597015,13.938921120995866
3.2117528096729906,6.229146126234426,1.3898237889789034,7.578453244246292
6.192632351088812,5.504857094189129,4.587129474652203,1.1594559127979547
3.4709012626640017,9.737626613365084,3.3996450504956583,3.1894065347347196
8.416850414359368,2.1668536044201576,3.7909919987234066,1.44607692761875
1.0479177151395782,9.06399056512822,2.8559888974678205,0.9208141982658132
6.083372465977565,7.221163700229493,4.02592231990625,3.236214469718015
4.052830881447262,3.3309646596966944,3.3379890559146688,1.280638761435825
3.9041533637003822,9.115022310690641,1.215204488388761,29.861898025561956
6.804156914784253,4.8636542607491196,4.560388141574764,1.9379993059134295
8.663360043825946,8.328045952657638,2.2221445871515475,14.148175561065132
6.482758522539936,4.4995286534266,1.551563109685342,16.080448323181432
8.678556807820502,8.65837744689917,1.352164030817263,31.85855128513545
3.3813740069292697,6.729662066005438,3.8817612553684433,2.232135556379848
5.67551669288483,2.2694197022535443,3.8158734672174393,0.7291006604059167
5.054828851603684,6.846968471225749,3.8006484992530827,2.373011068038431
1.104804095527866,2.7221028643168537,4.663011090726264,0.12262137747001474
6.011309288266661,4.707303651047464,2.395772087990606,4.558519421385425
6.953718917315574,2.5326602582683035,3.2445322254356928,2.6511840753350446
6.32722963977163,1.1981450410040673,3.477982331977398,0.5687137904024006
7.6265190890507935,2.9069788550496174,4.91792731426585,1.072684884126564
6.142055756077694,5.827348213517132,2.2493845748743673,6.740831575426079
1.6007522936568122,5.3340487099961145,4.825324799615762,0.4354037486511888
2.0480097167624027,5.513473859824574,1.5949373323295255,3.9557580078682157
6.368271197895572,3.229181906019412,4.056005824111368,1.3140539229982298
3.4748127277627616,7.166450805527676,3.531543600081651,2.247731073602902
1.7168061613128924,7.3383695813831125,4.26758414908795,0.5918975919938585
4.86642469103692,4.22171043003699,1.1147422945593886,25.651568047920925
5.988903382752898,8.930530796267568,1.3125241717562233,35.274448838692805
3.958713895146459,6.79620894971993,1.2787831182765834,15.70876714945211
7.4839033200320015,7.417353477327686,3.371837821989151,4.2016653627223555
6.793935472911202,3.496059261450455,3.411744270302152,2.077983183066424
3.9953652498250474,1.0055047164002833,4.624419557419905,0.14216984609344965
7.793852760177045,8.788380508918987,2.87041405807378,11.276612079125176
6.838255382797319,8.401819461218277,1.2721962200198558,38.56031300702472
6.737008408461119,2.108726992385472,1.8381176064900617,4.130764559407053
5.980849307083613,4.366946214606759,1.0322923792713716,29.63683404929887
1.1025070127969752,6.952053775497243,4.1068581005136195,0.38886165521171084
7.268564651292002,6.868997714968554,4.262397747523098,2.1127690334075506
4.3843761199824085,8.74315301327701,4.9917616651365435,1.4983569594586417
9.4834873914279,2.262413454718857,2.6487777962123773,3.1360888136406535
8.361862939694849,4.869457730066069,1.07719350160637,38.81480040144231
6.28925022578181,1.875019761337823,1.9389195259614889,2.210633762754768
3.269637836373425,4.506357235947654,3.3510754706531833,1.192325647178166
2.8334565394989992,1.1359670102893396,4.847771868210946,0.05249823757858603
4.063463539097942,9.084457585991142,1.4143142058831772,14.09060892788573
5.289111492220167,5.7433959714581295,1.4862920806429711,15.718433352464663
3.664589590350524,8.648220347221184,3.807035941115772,2.6069285846692676
5.634365458532345,1.5391423090302738,3.668828220086198,0.4971194347127572
2.488333829618673,3.0471229942562856,2.0020254212473323,1.7689183964172797
9.7994153154295,3.3344199569906254,4.252579164058076,1.8160763107355773
1.9713209946849448,4.480223451749092,1.5151150219098528,4.676967748929106
9.387497256889349,8.225797351577915,4.702967379107039,4.558971434443747
9.222202102624253,4.479020863583434,1.8041277213296856,13.079171424838169
5.728244336375482,2.841881766816943,1.32540949089202,8.78373492946979
7.52419244652476,1.5849123430489158,2.3580883458954185,1.5253663612404447
4.92443468175329,1.715425735174187,1.7513651541381798,2.8135955216012016
6.670311197881944,7.840424853648797,3.1077649001441316,7.661980823014946
4.065183436790068,5.003226919329697,3.7473861494869043,1.8220797812451124
3.7104311780690082,7.535630098000137,2.963686313913165,3.294639804230769
6.2040680755256234,7.140584095873278,3.6424293272439106,3.5416903440553336
5.483167067655823,2.21826215584232,2.4596820575999376,1.733577016396558
6.2158273223498295,2.2859914077304047,1.11169038895456,10.676325978609686
3.5799452315832068,7.798078138907205,4.896256496900596,1.1988652219003133
4.302620486352957,7.491414641368755,4.277654018159982,1.814580669579495
1.7550816456601837,4.4022769018687935,1.2936752963385123,5.549869437604162
1.4704873504498515,1.6968003699955607,2.7967055846253377,0.3803877761345525
3.2811141670571464,1.10888219528607,3.5400762802874985,0.3205495528718129
1.668221733974912,3.5934125451557035,1.7623770822905516,1.5443504569203401
1.9339723777126663,1.0830004622850424,3.311954445451086,0.15423018826082757
8.316355648545434,3.0706535899333307,3.134594472470748,2.137448777162513
1.3498632731502038,4.775506661902047,1.833060754138819,2.0088400609469605
6.930485145412685,2.0927418878075876,1.564841237109813,3.5225958021628943
3.453019739338605,1.9384998204839161,4.03584915847455,0.4104399122646595
8.843911126373138,9.067936921468629,2.290345784598535,19.595069414884804
5.364930561197496,6.269230261206003,1.9761621353689733,9.761196494929193
3.7501881339504317,9.410101180865032,3.9515134112239547,2.1015291323643237
5.6587504212049105,4.112435474071113,3.944274768091928,1.2869448322779997
4.437622171407419,7.094304435962468,2.1056066253449166,8.245013987667422
6.078709582028472,2.8422250715961135,4.490273845007415,0.9093393365562165
2.030795814937134,6.5650628555194706,3.7530006602893695,0.8999067964512701
9.97291452531296,2.16627157008986,2.3830568712861524,3.3560637083726084
4.830002899270458,1.0187257525865718,2.7099586007386356,0.6802424645432005
4.134075757366318,9.38378621268621,3.906838743722471,2.3875513473746737
7.391888634846384,5.994049385576884,1.846335331581968,15.036312751868827
4.275094658457992,9.342465965038356,2.8750431699008963,6.031349068487258
8.499468745258818,4.004483713318648,3.6142333690323984,1.893090857127444
5.088436519243827,3.950074622455811,3.157994192034853,1.521316798629858
7.476025719388915,4.605895015957286,3.433313383617973,3.70875962420136
1.967078947976979,7.354368855623514,3.1848499979071185,1.473528057416728
8.615072669996007,6.092277707675568,1.7969097751600804,12.575978315987324
7.621461881002989,9.32819416389206,2.6408213798904856,12.199023449536028
2.905451006157691,1.2289681101919543,3.127941981910183,0.38989266951764356
2.30757408771208,7.373763441752828,4.120250969383784,1.4439619257996967
3.8466311385306193,3.972949204298989,3.6156169486781704,1.1140229360829172
9.784635274287139,2.6221028663661508,2.706363780743739,4.2795795043071365
3.311484171103528,5.59356060268089,4.897599328636582,0.548460609166061
5.105144880519699,5.545574057619964,1.4311820867189007,17.68093057313087
1.2701820314560268,2.2330992581958555,1.8272194742198735,1.0099806478039821
4.575047766096093,2.817064505196009,2.365250440126656,3.0429727837845455
6.141880138897925,4.6734819841139945,1.9142883079516406,9.572815056717658
9.578121512571686,4.679302711530838,3.5017679872240453,3.582590547376183
5.650624404460579,3.8580232565771624,1.158202917345021,12.444944943616381
8.37196593559919,2.3369063635898284,1.7097471370936637,5.886877385571882
5.924148783120105,1.0393631119088158,2.1733889506344175,0.8443823088863245
1.367065120919663,9.732115561852185,3.733383100317266,0.7787280111679442
3.835074476707966,9.491493067335343,4.503459530324513,1.947666057841371
6.179945570479929,5.352853412585216,4.193967082212218,1.8627401240285058
9.555345693380119,9.955465779475052,1.7283237330010195,30.422113482468678
8.7321732377611,7.062888977040189,3.2616230337642764,4.8778571211024975
3.055200527609629,1.6197178384678739,1.120090581378749,2.5461420561525747
2.9809884701724716,2.0594637917436462,2.2421471014114447,1.2656703978797172
2.8105567040251067,9.244997594826739,4.223935179313306,1.5667840366556232
9.302490066722529,6.670469819346656,2.826662854973358,6.226050112333661
8.673995377915485,8.58865263991616,1.5997652891033383,26.00368087753431
7.973950890276539,9.084426846704599,2.7542135259532508,12.494683796990133
4.534616028018048,5.031478101541475,1.7921317018489131,8.751279846894327
5.5394263386889016,1.4367335641902375,2.5727658314558512,0.845409118813762
5.178985703156376,2.694523140075898,2.9513338909913736,1.5749819668666314
3.280582968034354,1.5991475257219159,2.3982324500441137,1.1775524672211692
5.5452524153389025,2.698658611286566,4.747875801735443,0.6351166744969704
1.2744689306747903,4.694796338102892,3.250121190225528,0.5359633070509059
2.1862933614771327,2.063771294634869,4.371570695787587,0.28769841116214667
8.979306365520518,2.5005992302480893,4.042914188222321,1.6449098928580248
7.7651179032828095,5.012396038645113,3.644665237071106,3.478172036418493
4.805815681531784,4.061538553496406,2.987554993210329,2.072298552670403
5.654353260554895,5.208923117692369,1.00869513512635,32.78528792143942
4.329989973639797,4.862548249831558,3.4538704022083353,2.292613647168629
7.667018804446052,6.800302233818951,2.423829812009991,8.786112777315404
8.057684613088716,9.43470593988269,1.4710486672052752,32.29612005804934
7.869566711828432,1.9707790459981824,2.7785050544483108,2.5031650190198613
7.5035055235100465,1.8933413437827542,3.942213289133219,1.2881041933128692
2.8405390482351622,8.675254999818119,4.846711178794816,1.4927735470914425
4.041729813164309,5.5575703418721325,2.496419564488328,3.334300152962996
5.2286089148530746,7.89764521211598,3.170893194819907,3.881866229125622
3.9771369228489006,2.938797132465533,4.40497753345434,0.47837104361682947
7.79446180142496,8.459763158507965,2.3359976798000592,12.368990065638473
3.964181718249592,9.314619617734262,1.5690289798832615,11.776707349855027
2.2440887810680343,6.719347139918394,2.1275273249307562,2.9804463055780595
4.5913640684347365,1.95291119326422,4.596491319233552,0.48390739797890114
9.819229895041422,9.05765332740705,1.637572433847351,35.75271486575865
3.032932716402183,8.132389546330643,2.3168842440271282,2.9308577771316764
6.509427930489061,7.757899988630409,2.8585612420013624,8.12094714863349
4.896757448557357,1.33055370015324,4.38845289396368,0.2647636719349597
1.6392211088439397,8.190662727312741,4.750853134611899,0.480534224717474
5.390889453982536,2.241559094215213,2.7032412385330193,1.2438938743942116
7.3194789578348125,3.0014755857719955,4.727816193414062,0.8528744403584532
5.618979782450369,6.194213513823318,1.6458363794310182,10.544411157808003
8.84895457371923,3.3848269562519473,1.6274091675854816,9.335960405848788
3.600433149918244,6.9521338568072775,4.797003278539192,0.5516523843171791
1.7762425417356842,6.472634029291735,3.0387205341133248,1.2774473574146306
9.429090504922055,1.9733463821193635,1.7436313414158158,6.404230210187763
4.403767145753971,6.904131216323557,2.9519614823022473,5.055275545601113
6.1876499630827,9.31559418842437,4.132844621516206,3.7029763304654564
8.128028135171764,2.449989146672498,4.307681462894095,0.9665710294038087
3.918822974880225,6.373558188485987,4.455877026596969,0.9558793474997616
7.4454808435985,4.076788347430247,3.278283612349674,2.7699622060562965
2.2187696483604524,5.136505045962435,4.467784057471521,0.6221860993853652
3.621643724849547,3.583001611710729,3.0401208352130187,1.262671130842139
2.302395725228679,4.187175727129257,3.4282396095643093,0.8302837332195078
8.30107502561222,1.2602064093990155,4.034879209086581,0.88639534209028
3.003843117041068,9.833965641254986,2.701741170842034,3.7359743520538733
7.456631998646893,6.623199298654734,1.294325948555099,18.355391224853857
9.489685575210872,5.506350314444967,2.4006654274307904,10.650705502031462
5.749949881619893,4.453438145502941,3.4957768671838414,2.227152170247135
5.860262730346189,5.8543710294162485,1.7693294785579075,7.213380402332366
5.149302112880308,4.4209539884422355,1.5935414539985602,9.731481492246168
3.933011290542785,4.23917134744306,2.1723221783657505,2.8280011336333164
5.280895278324254,5.175518875498118,1.1284458491112854,23.357935781636673
6.425267790400834,3.4838473030407173,3.973691592347679,1.9583848899062395
9.873924149535934,2.620449099701069,2.034862408753355,6.027614044508545
9.439881033864019,6.009453083622642,1.496953586546398,30.80008916071333
8.759376624638096,8.58488892535271,3.796517663853741,3.9353430716405837
9.002174821343726,2.3754535995330306,4.3717120501731515,0.7788837072815211
5.210642649628387,1.2946090654379678,1.0795023834471138,8.124321914821422
6.916998944597183,3.2213057063863255,1.9343990829648994,6.321254419660445
9.055600506425927,9.817485791084298,4.780929299478334,4.384756641117902
4.536556884922177,8.458822663690054,2.541016543731101,7.3125557964696695
9.655862305109219,6.362794481757369,4.7543682535277245,2.4311015478545146
4.742074558622647,9.363240237188224,2.0968501534827095,11.765065616960518
6.409743988538941,5.007512051535202,1.872270542287728,10.389865216646193
7.388242419451347,9.849525423176566,1.8564336469119835,15.647273222615059
9.555328117683445,3.6667184060735565,1.340914641699753,25.38230111197099
3.2015464664703943,3.162751745643452,4.585729154036502,0.6073671994266181
7.71517880414778,6.742433810323099,4.9193400905316045,1.5976724194333904
5.68734027529674,4.403385711553243,4.818035229086552,1.1220527156002214
3.4170142655857694,6.63728987778632,4.408112559309096,1.1132232883476905
7.989461558167515,3.7449596647241723,4.387551630603901,1.9951276600556
5.970000521564619,6.56126431154192,3.6443418686759506,2.117259462666342
6.948764385847082,3.4817163452653275,4.304854847802455,2.246127135952862
3.906109617201109,1.4587486193700094,1.833369457372191,1.6360577937034315
5.331465566448445,9.20922311730865,2.551650521548514,8.654688684358435
6.556188258892604,8.94884681686116,3.5633451731789916,5.90287379690511
4.6441973284285964,9.737183343454047,4.499085330246386,2.1464886940889927
2.7853528586293117,7.448744585992642,3.6418778494751347,1.528312916565481
9.654764430837735,7.144490599617726,4.356087833336824,3.2695569704964034
5.603207860383557,6.031027630673477,2.89579806339719,3.3162113065236998
7.605283332589305,2.133481747172704,3.869214950820177,1.1427531034423648
4.699424742004523,2.7031177985434303,4.919923225500346,0.510601460883525
4.196185876231447,3.605227198052826,1.613954228519031,5.216050546947562
4.664478686204125,9.01140726316055,4.70768276926356,1.7255626238116784
4.682769794070849,2.556725721427676,3.089455791367611,1.3989233591173198
5.897621043477582,9.305858570391015,3.572872122920232,3.6135121417360745
5.891228829832269,5.705071597462755,4.5114760276420505,1.56975079734593
5.474384342945845,7.440126719257649,2.638616690209268,6.901554326373816
2.213072064256943,1.9922003801250987,2.6747702995602025,0.6467185408747992
5.46467930650478,3.421301938983198,3.1087273453884015,1.5285032399386915
2.5219351037858635,9.626667473632837,1.0764083379874023,20.853424838597554
2.1352220766618863,3.3953495223675825,2.986664723773403,0.8837830129383109
9.393811456070509,3.668695483520315,2.1643490599769213,8.8125773697984
6.444550118329338,2.7783764635697152,4.711816729567126,0.6846614338304133
6.935410523121258,2.1616629877614657,1.3509411950121253,7.296994607276796
4.616143033000274,3.0993187730859817,2.8372818480792072,1.5301272729147537
9.180828027233778,6.7809420275571854,4.7898726815094435,2.363144184667177
6.741374406216989,5.098309601532072,4.60414100127391,1.7526834873457653
7.922528825712287,5.983802527041087,3.8053937694982007,3.6629610894409512
4.317062221249424,2.1012834588942186,3.3574442079842988,0.9738802595735284
9.640106927372129,8.219048024466101,2.1229237485313606,17.2600532726254
8.384151611424835,8.056852305218632,2.467828451009819,7.974151195792496
8.685536167130893,1.1943092002840785,1.360539459016509,6.354239748438797
2.5497484068317884,4.451635850592744,4.144433191032951,0.6818585531576002
3.4386688708409756,1.6189354177403303,2.295479071615247,1.069180672011304
3.5706393971521937,8.128952014734622,3.6711275961208294,1.6008734582060202
3.4381830092218406,7.63542714813134,2.4303791087944537,4.270336645171745
8.698673458938591,9.117892848638405,2.8573217655850507,7.395497299875714
1.286963156877329,3.1276356305780313,3.22000988950558,0.42563183975997676
1.6848999008269687,5.10666294815019,4.207409633562414,0.4442607764463037
3.4652338356691335,2.6603908944795798,1.8446255101627216,2.4278101433017447
2.798856771844993,4.341114410267076,2.5950615473194256,1.2495382903458938
3.0867365249456356,5.700189264101956,1.5203262875672703,9.17599825608184
8.181488703279701,1.4799771085473008,1.3030420196850372,6.762547399744504
6.068139345028422,7.433833696096467,3.4186974246751674,3.9267852248785466
1.051935951636712,5.889640243339677,1.7563641774356107,1.7129632584781396
4.863904891337757,8.46063115489606,1.2391973677043953,17.951763467691105
4.67096434165323,3.446024510720775,4.588391724825621,0.6832560566992627
2.0255074250008915,9.12988994742329,3.1372576791415834,1.7392635081447274
7.085276097413114,9.988248277273991,1.5385128296119386,31.648713568785816
7.31887469541542,9.27368594539907,1.2137045097901988,42.803910615355846
7.488038971468879,8.001032282498386,1.4794402136546245,23.440159074532566
7.556238510027328,8.311319225864027,2.8853489612824563,5.275485168876595
1.0004754423906712,6.163698182901278,3.673861020675591,0.4613077030614283
9.5852872346205,2.7113847662134942,3.5651202999441822,1.7190271399013122
8.327878903491968,7.093366166329456,1.577692345057994,30.001615250553584
9.135835269303568,7.414777018539384,3.5339558073508353,5.58693629130125
1.1407896577669072,9.86846626241115,2.6194624968703977,1.8251555195591993
9.404729162071654,5.871711846306896,2.8589751371978602,6.41984606178326
8.288096758192943,3.4423211352255074,4.205721624981269,1.6778974052235154
8.534972286628287,7.1530526956555605,2.3299974907185534,9.242274396209549
1.8395864624977167,9.814382376998092,1.587996188653415,5.472428303427987
7.649002260267379,2.594925174421846,4.493812534265362,0.9858526544487
9.639250206778819,3.933981266820424,1.848522303465352,12.363512671709639
7.106926072763446,5.87692858395413,2.1761194822185708,5.387565109827325
6.135052641621458,2.5319317139380435,3.8263602356104895,0.9550532696706484
9.510667099740973,1.199985755679445,3.734201268230429,1.1199856112925994
4.9864340956099245,4.032848101971256,4.201600085135315,1.248308288769235
6.393642096794308,8.788337213509521,1.7354665657917643,24.393489480032898
5.287044641449295,1.3912155939134334,2.409119573256813,1.1066236761556558
9.395615992242693,4.860361531152257,1.5035329558250443,18.350760434869414
1.6847625408895652,7.859806956334742,3.164156588674417,1.5783425513906713
5.5100773074281335,9.578643372197968,2.170282370154805,12.60281259592561
7.182571972468945,9.86927859103989,3.755742564034251,4.930571455899501
8.127158845800132,4.797724425478675,1.0013774719381643,29.06616760888589
6.247167826997227,9.553458649412057,1.238731993838317,47.89363489126032
9.180259697093085,1.3187707595277738,2.7302412020773734,2.439525541652898
9.477923021954846,7.713252441987007,4.832736623902274,2.1461112382353593
1.5788730087422516,6.784714311702516,4.563405549436732,0.6588038426461538
4.6213348558723695,3.245696718275371,4.976036112247932,0.5490341587551506
1.21113119549039,5.56586650611684,2.6673208994561795,0.8842959256921937
3.9647499163699864,2.1659836398444607,1.1862739450950062,6.431494275586349
5.831813961735419,8.84437435856405,2.2238245680790496,7.915012750313135
9.19715437458954,4.221082769910831,3.703083408695806,2.8100400630036164
8.618988902188626,6.634400234191449,1.540655239069661,16.32736570488757
2.1474975400478717,2.4289865765853604,2.199888715040004,1.1804737746069365
1.8372733726680615,2.855483601680864,1.2246646581794347,5.060703504092782
6.303406048810003,9.927607337228368,2.899868153560937,6.489728384640537
5.789061752129044,7.7777775499719635,1.8356827107803517,12.910961043032682
3.397398772870215,9.657746827966637,1.3649921075960094,17.189304946291955
9.095077760984516,3.662660486908397,2.644863237929916,5.701607847332279
9.346297685153981,2.4810658895783835,2.40490161749662,4.334659221587172
4.623502945061464,5.527616171309479,3.1500709477819693,3.049617925918903
9.012723014021683,5.452014540046091,3.9961546212545564,2.7654689239853933
4.455540048366753,2.574518623821891,1.450274945706021,5.9266718708140775
7.6313514864673015,7.598976126232692,4.164502360840034,1.0915211504193403
5.283479957929517,4.255997809948607,1.1051599195007205,20.86843420027552
2.103248408564647,2.6772870783746554,2.772407609983391,0.5541746677012888
9.351407811133194,3.9878505508895956,3.349721147543528,3.105768927375808
5.086869340397829,6.072928296715136,4.827994692559191,1.5228396604094
7.610383362901633,7.538238389623989,3.2956921074785988,3.6591461342626976
4.30456432988163,5.3370179745173605,1.6349967730855544,10.466486220577632
1.169927907186112,5.730354908455362,3.0701672213756366,0.6935585069800617
1.904773228226523,2.2505134234847355,2.5831357887656647,0.8291437780685813
5.465975315409319,9.23221832237409,2.9174222704009747,4.858336853109732
7.209679214137261,9.3585177819284,1.788388058636349,13.447466592527762
4.012617939213511,7.150839313762033,3.0033081692450874,3.162739690553375
7.259396132598853,1.1586826804062222,1.6001590571635074,3.6707371145844276
7.287720304887604,5.833667943129934,3.9761723227634795,3.049915585786456
7.335423165950478,6.662970748797522,3.3756250409023916,3.3151968415334734
5.432696686184576,9.95188800662299,1.3141107663671332,21.135278672691598
9.233975351093536,9.96460259675317,4.55845787171592,4.151455507581917
5.40276866182554,8.718501117930018,3.4655184184625534,4.327240027044783
5.052386741469744,1.5744789282350218,2.2644282205113258,1.6958951723963198
2.794427371095643,9.57948751700857,1.1825695981092412,25.160402343376347
3.7688957862070285,6.513951224367992,3.528906783086532,1.824168809286708
1.3810104326647301,8.207980934312616,2.4937610453933474,1.150183782358091
6.701817642545532,4.664735647172682,4.63047241951395,1.8069958483001718
3.236821695343836,3.877025241111308,1.1395113308566982,10.041809634531925
3.737397290369186,5.169197309354272,1.1564097413689733,15.262045209641906
7.937330694978891,2.3218706167194423,4.797197147627742,0.9236854677685631
3.944990648453085,4.213595248779755,4.8594957827180245,0.8818067279631208
3.1797630281182796,8.718557497914507,1.1109689070905544,22.357923979119754
2.5215197422033517,1.3415543763479334,3.86413293976531,0.27986114496738357
7.973725619637603,2.35790242142144,1.885979409315362,5.869530097140145
2.167356321910242,2.1260454368453696,3.80557106514429,0.2764551896525723
5.083783842253181,4.627679884302053,4.474931186631935,1.1200336853215807
5.56237104469475,9.972882108017755,1.4033259154491016,31.643038335041865
7.186509214171432,2.5602213719024443,1.955065667048168,4.131226939832281
6.699551340996959,2.3093438463933413,1.0963106733059793,15.154833283031376
8.296486056506573,9.23550156798539,1.1753193817777632,57.22287338276842
1.4027629053361435,8.938454652693691,1.1184714328710967,10.787971835865628
3.6679665230145746,1.29016332996899,4.202729425705658,0.345109675092961
3.5212070689784176,7.765353641613835,2.1931707137231067,6.090100437471346
2.314152150328974,6.899191313287866,2.9728457582879564,1.8323322287050403
3.602604284707988,7.909667288674381,4.151377054388066,1.626136385108564
3.7878878272861307,5.4505220931633,2.9797746508268723,2.262621103472755
5.696960157347305,9.92241296603466,2.7167842504983843,8.136970004520697
6.9733403103363045,1.3946231683986687,1.0462928259578352,11.305901661472015
4.429904622506326,3.1093442776342517,3.2721580101470247,1.129050612850888
7.4752320818204305,4.568913882762535,1.4989723125483456,13.110336866589458
4.02548804721622,5.048001474091328,4.058592963164105,1.5506902377911
3.612553095832843,9.292306624295668,2.0309508952600783,7.216892176227604
5.870692502713219,6.04003927669533,3.6967496432346203,2.706851893820869
1.2134472427521155,1.405998959683545,3.5848941112987176,0.1170428180314668
1.7181021127060032,4.6707666708309565,3.4667024117200804,0.4434447648988305
4.7617258922787435,4.748413711321629,2.0678080301487705,5.4976563895199435
9.486214402525809,9.689418445940063,2.0683591087022726,26.27708236132799
7.493606018590812,6.392773819189974,4.45219217376532,2.3867594368113556
1.7931391255050197,6.720859640430449,1.051229330521708,7.6738243081909285
8.616862115027864,7.419277281261437,1.7260905338158317,21.925802735156157
7.590706935473629,7.930353841139109,3.4406836705679402,4.316141185138856
6.498518731323879,6.7154596318224025,4.268185017612679,1.1405147282722345
8.382636645482595,3.1347491602054194,2.4333820346914345,4.365961741708436
4.6369886296866145,8.866413229070478,3.6137738344432004,3.474152647902454
2.9935094576846746,7.589078203695672,3.2286256784809453,2.692721666267644
5.608210501978834,7.676834365872603,1.2581604179281416,36.754373035024926
5.939575800341264,9.969010653112743,3.4870007877227125,5.503687388344176
5.844937348089209,8.222738813769844,4.2556138890899735,3.149327292606545
6.085664123320948,8.462362628396379,4.969793281197637,1.549396507986229
9.538344264152627,9.562649641391426,1.1185602906068914,96.54731259363591
9.120210607866083,2.360205998640045,3.640232690335472,2.036156410968911
8.881453329030455,5.4795463883026105,2.6581982125918486,6.381685429477345
8.212751298177643,6.225103212317088,1.0391515548248211,53.80005144736081
9.490852965387568,3.9634815630021185,3.4574437748340454,3.512522856133045
1.8864517751146292,8.55463009505055,1.489709194222542,9.410063502957595
3.3861093530116557,7.861776594811511,2.5142674007565464,4.083864048945828
5.455503510891264,7.487947670573116,2.045468369953609,8.30645725072015
8.618810438110646,9.9743449578235,2.4446536090843973,12.974891805285703
5.546491403704592,3.334432360675515,2.9707823260037984,2.471409383981695
7.732312654074298,7.619115265078792,2.436838129958058,6.111665427097745
2.250639147240246,5.962640274153106,3.210927482358157,0.5214089777038755
3.2717243167890415,3.8169026424448846,1.954598760931415,3.853284014903931
7.585984855339051,2.4452818365081326,3.5414470697135263,1.5603277266349183
2.4826060799895164,9.062954533607924,4.415052016499414,1.1585284892551506
4.162203411894341,6.359099344370608,1.8962681876608496,5.4387560255837
3.383796320322143,8.424404538767153,3.03150886342249,2.0411089521171912
4.148755248002306,5.908104856013904,3.5947591381995547,1.6561036386252277
7.374916441701733,2.979793725886176,3.2585045248536644,2.2194162315370374
4.31062463028521,4.037939317902927,2.462597784768904,2.5339578383950996
5.997369903471462,4.433849582261919,3.5687988320229933,2.463695545409558
1.899386893489687,9.75641331253332,1.112984824840305,12.105274597557688
8.24515923911165,1.0506995054324424,2.479624927985732,1.2626328439188539
4.328997630833124,9.870994207220564,3.1304488585640127,4.973747071459517
6.836807431300082,9.824154715988476,1.0824526353434587,53.002042893575954
7.528506414956494,9.96535711477123,3.0305953187371992,7.633769571093512
2.8869482990053035,5.289293610276712,3.6170178430625133,1.016960874381648
8.96207486458015,9.674280726588997,4.03683079085218,4.438359915552734
6.546018264462576,4.560392636648446,1.4534963256377216,15.131233058374413
4.858526275763333,1.2366499660154804,4.9622594995667795,0.2676064543252992
2.6410166522039757,3.019124677345881,3.4246708053403823,0.7107377011742761
9.48070844111086,9.507666204436461,2.45277517044932,13.13655797829599
7.795613837184626,1.1238822400185997,1.9963714178268552,2.109719258215849
2.87222106459924,5.913947218806776,3.2915874467336583,2.068192033939718
4.039396972518021,1.6804143000521115,4.526846588666283,0.23709529028725979
8.28706832279266,3.5775692058482065,3.082261584565459,4.2977399470235085
7.26109896893805,1.79283565640698,3.645888222419841,0.99887800965611
7.892058634441519,8.735757590017506,2.4307857581622407,11.247685302064225
4.970809919916391,6.319636386829353,2.5526091523558905,5.740425458414125
7.448286363779502,9.118958191464817,2.144700423087568,8.661058555362978
4.478443505775223,7.195178795862055,3.822549177472959,2.8140703829264906
2.901366252443768,9.739262181205897,2.43675021366626,6.527046407029767
6.69409331357224,5.588898892843659,1.762865616164957,14.658256080826742
9.784125330389148,6.748395235865871,2.4776022846649517,6.233686266222063
3.7954087425579663,6.186779379001509,4.415308831331025,1.3885694995086655
5.148726329912857,5.358343865019514,3.9530081743076937,2.3467412240156276
7.066012339628682,8.613634288807113,2.3385633778542556,14.56306450319817
5.873556539102391,6.8007262210332415,4.6272358593468095,1.3401971945552233
8.590850161381443,8.211810383699255,1.2993305404698678,50.28047200478079
7.855684358225643,8.077275429421718,1.199015165654573,59.986769836308774
1.5246748347612133,2.7194064458976577,1.509881419140965,1.8294372659607299
9.985791105313966,6.851471792658793,1.4658190234344124,22.59089350670769
7.771622083475205,2.796832172632007,1.351337260049362,13.875503252748377
8.775129846647019,6.249884304193937,3.6453704479919695,4.9969432312807385
6.860779408858117,7.096912160016704,3.4033695186216955,4.086595894963779
8.70656615242086,9.975115644288282,3.5904220423268587,5.132705408605394
2.011446774358385,1.2748778033476453,3.75346421664812,0.21776077952242365
4.12964052003384,1.8211815470234884,4.027519009922719,0.39235837888395936
8.887788492440436,1.6932402673410833,1.8287077099456415,4.857737253350835
2.81489690140203,4.58525157640066,3.4892140529391993,1.390537996354535
1.7041788872202046,8.394295253372324,3.320194637345493,0.8671716064184043
8.093070459506972,8.596506995084221,4.774640103213895,3.6058461514739855
8.519375400789666,7.632816361490365,1.9294708969585943,16.745240911134676
2.4638699637091053,9.071904176469529,1.2348917374973256,14.127868215786469
8.689113845044439,3.9057394975250728,3.6139802788581727,2.8656878618209527
7.180910160374527,1.7933917982706922,3.9606913609468473,0.6942900024423526
5.680744148949255,1.523377251908651,2.1327840232302027,1.4553860262023348
8.472251735032465,8.669194476574477,3.283393723758676,4.38178840936186
4.7732432438706915,7.573926649183221,1.2381442621366023,29.39226579739335
2.745945606010575,7.287537754100088,4.840179364673157,0.7906858075051126
3.563674089495523,4.057087046911019,1.4396998931966745,7.770498932613893
5.5464761646398335,4.419146697564036,1.2702821446079828,13.716390710595284
5.7819771340585815,9.623021760093874,1.1764406379784762,30.860990971005737
8.250227437971102,1.5742426968814152,2.7090876260134107,2.000541992842834
8.122174512871009,7.963585632440133,1.3886389738287601,35.74320005136116
6.232299014841174,3.7866999133755384,3.978592963822301,1.4202667615696831
8.027069350289288,1.3514915657130047,4.595496642505623,0.5447116375884803
2.725961124643039,7.683130996682104,2.040875729299428,4.0624127122907305
1.450580743839649,3.9782069711053714,3.5150924770055956,0.5661107120237846
8.8627044037123,7.4993276686851695,1.169353788047271,61.17059270453247
1.6799904438649262,7.368889448063081,2.5462578867711816,2.1993994889108768
3.220195867695976,5.813081878898036,2.1717684537109134,3.673553507305632
7.257870546619461,7.996358162894939,1.9144763857614353,16.022337410204813
4.685031438645782,6.229344917541191,3.5788939585147963,2.9934752466305787
8.886825729239579,3.579731675634346,1.5209117854341452,17.276643422774715
3.681818151960426,7.607037709579771,4.442842093187954,1.9847400920739366
1.1068421200242335,6.3022583428995125,3.6593436254749387,0.43960693940590095
3.705900765046697,1.114545535209285,3.842940714752232,0.2310053067432725
6.202675442663485,9.114797599932784,4.741377234630672,2.5824638349653797
4.38344537862964,5.910792564918821,4.769491486010059,1.231672242770174
5.813854801828797,8.817645389315786,3.206609295276943,4.843801873464632
8.88938306951517,8.944631550840203,2.981519269143922,8.247446092266092
9.212365488073317,5.0046999106157966,2.3415264329076404,10.540668299006763
3.393766581887009,5.568939968061079,3.862286440809873,1.2439767834403543
5.159264259429106,4.741789489080418,3.152835547919252,1.8629406802464985
5.94229613717306,5.04493097777241,4.7315003189604985,1.0445782926073055
9.542012111994223,9.05632443074555,1.9545037948504214,23.739156507420113
9.987555872479462,8.093296125711198,2.241010745001963,25.760882039995494
3.1186652395737395,2.1387310868402016,2.264361789679875,1.0469533852181951
7.5428188421123386,6.492770033860863,4.223993818226829,2.5719849014276885
4.402279560098757,9.96315976347708,1.3961613273686093,33.3232317166105
1.072973771975919,6.359956311092372,2.822596483955919,0.7735752687537207
1.0832727019231212,8.07284463033795,2.7103229478921893,1.298924018382879
5.145094068060302,7.921553260430539,1.2925584840550344,33.547756760801285
5.395014217039011,4.152857732850957,2.6431879941773886,2.596629382860052
1.203127269160984,4.34664372433563,3.0535119331359253,0.5261840847817822
7.182346750968723,7.516687796113629,1.260418770019653,30.691060331443943
3.646030497354578,5.499851784443516,3.0394485137786695,1.5116578850932527
6.039037913823544,6.135136382173492,4.836951618733604,2.0806639438321883
3.708271658488769,7.416152113283538,4.915657292646129,1.0048654265900332
2.504208833823765,7.998175243351453,3.1267191143592448,1.689687927519245
4.664563647389878,3.443649199597642,3.060387730411836,1.5626055855282823
3.0904602831145067,2.3211438349326663,2.1420326656655657,1.8538395253916924
5.813208792272513,3.626151820513527,4.988461886848406,0.8662142690399368
2.7894567725783195,5.5678449258286795,2.096916684100904,2.9729292999257764
5.575653789801644,4.079271855673352,2.8116052017598254,3.1126391824224657
2.416406633819808,6.1152648296283445,1.011736231210706,16.782270635449546
7.038772385372065,1.481191517130656,2.3969291636365475,1.8060453518455957
7.7854391599728165,5.587753704523905,1.2857612024352956,25.07924316115463
1.993548108249404,4.311864162439371,3.975299081540529,0.6544568861379654
5.210221708336053,5.812000794035941,3.244057812119729,2.7743109615669117
1.6378453058938622,4.802800193964791,3.288687509150626,0.9612465593092483
6.383642009878022,3.558032655737882,2.146045143598812,4.184453893078788
3.3796386813668082,9.136971149118722,4.259585161011895,1.4361054934193418
5.74862011154837,2.662884895792212,1.0130837013250007,12.219033000164847
5.657149084458621,7.132290180225037,2.3344047166567683,7.050444645736652
9.319189115744203,9.321802413241727,3.637989961835471,6.567082483121752
5.941749003118506,5.848029637168898,4.631690149667683,1.190301700439732
6.246986317464841,8.887676397215339,1.9384638277009323,15.061468991309349
4.614878131879422,2.1236633058995595,3.164400206909672,1.0893962996324253
9.541716428645351,5.444098932307673,3.151965682133284,3.6961413635027736
7.994673184956486,5.113227524328455,4.496697476174799,1.8109352720127825
3.568647612725574,1.0730692633329537,1.2020675582393694,2.95095628522957
8.597886271986088,4.98931607223401,2.697902244282829,4.6094758790638
4.891567241665809,4.32126780744338,1.7298626991677262,6.617360813965502
8.458004291802347,7.028188549971539,1.0861304011943922,61.3571388435956
8.40599261464152,9.444968007188667,1.5881237620819313,42.78109981598128
2.6998316808656897,1.7721197943583287,4.905882691392796,0.21628060398497398
7.310270182452192,3.9472874804316076,1.8593940380810716,8.063685484083674
3.61578672375878,4.996582636548267,4.7401230933432,0.723442812820628
3.677434029934014,5.09666840230945,1.8210173705237667,6.6815308792901895
3.6671326919252265,7.973287487580284,4.725180909537938,1.6064192677569566
7.530114228039534,4.990560992500967,3.6184837408012576,2.206286037407567
3.0684343761328248,1.2444517130828803,1.452874310007707,2.1383935715834754
1.008152517214812,7.390936851335482,3.327660620506311,0.5911998257172618
7.437131681343698,8.963467256311045,2.2740561501611145,10.67470972389371
2.5406626945161275,5.6251424129470555,2.532612623912281,2.1596744412993916
1.9403415577705119,6.229976695286548,2.7606838313398923,1.900662611707003
3.1376450853465414,2.466427950721415,2.690828090121338,1.134948673106482
4.419104700904336,2.9858135021106134,3.6564355619321156,1.0426457619716454
5.2831569472588065,3.116532152121506,4.073472274363052,1.062227479629743
1.4011303664136774,4.876677773931657,2.3167107568044853,1.3921637294249671
9.735159993646244,9.35330698806078,4.697455846742759,4.032300463790576
7.444567480776023,5.696062900433974,4.753865256075506,2.1135113080218018
3.9087465879190253,2.728878806812174,1.1627617486045736,6.848442550287093
3.868275315568576,3.3947896228205465,1.059635155532074,13.218233408798648
5.036882944316135,4.456135267544658,2.700265320604244,3.605881739041265
6.636203404867296,6.609330781235195,3.362581003950634,4.421511187023844
2.31735759930071,4.9602983770360485,2.1116189898082465,2.965140524971158
2.700368323884571,4.5320035975923245,2.0376550043430974,3.2215243957317234
8.734911245501959,6.082557403590953,3.7133353188367626,4.757445353088317
3.306294315001653,3.176514954590189,3.406817138622279,0.4937767198319915
4.421754981776598,1.7101294532612397,1.6685874999724386,3.1797249570019566
8.841446658551053,1.2197288333999992,4.538003853060635,0.7305662331360063
6.968330464598402,3.2613324712041436,3.7199042806442795,1.4380580073392364
4.075406914075195,1.8243283073002183,2.4503049966760333,1.056603465782853
7.153295911521587,4.027065746686901,3.7344987599646,2.596908715863234
1.1771489384327234,7.9564018632378,1.4506123470712637,3.6259147147247623
7.620783940102287,7.446648974381545,2.8730244982962243,5.958379881013502
5.383144364646156,6.498348605092259,1.6759376382382372,12.877736593075431
8.318639325560152,8.672502194915308,1.1657249845137465,44.605891638457614
9.591738868058215,3.5386086208984904,2.353305081153199,7.201336266162285
9.332096945451115,8.965483777269691,1.602941933923133,27.412379040303236
9.183385391098067,4.593152527022612,3.534071827815299,3.620837488880713
5.609529603404984,4.608039864399639,3.696271576070841,1.99961959183951
4.241279027250442,4.648164522629694,1.5947692249064134,10.33095176125064
5.185317922576055,1.882849296168833,1.098452022413705,9.977301700007114
7.209064029820247,9.779414484979501,4.171242246540642,3.6227997640597964
8.955979991840682,2.246561000426433,1.0082280829142491,14.787452728941073
2.862876727001076,4.0679715202226605,2.375652356735155,2.409386896724409
9.263738426155328,3.8737028829408144,2.9783331921826792,3.5167914468725394
8.336622087729001,1.6721148953503868,4.274568754153732,0.7116890009579259
9.809704136604111,2.3703411710068902,4.354234570984563,0.9664699074488847
8.922265959535185,1.4037250256684723,3.899757762441822,0.9353727675479623
3.51943596722716,3.6316404420446213,1.9887904901595914,2.8136305684974454
1.9536032020964291,8.799912316260158,3.880747737276683,1.1335207621989962
2.0101696479242976,4.05497985163646,1.9861567915077667,2.058244792306628
3.621009867204485,2.113226488606413,1.8584327669268066,2.2968901393337933
6.5276535158608535,6.811244815455262,3.1885118169221296,4.951988808862709
8.238882934874553,9.969408208494194,3.7154177753362503,5.661114620660744
9.093252762834082,3.090914105787348,1.2122070636467224,16.290957534931625
6.613780459323095,3.516139048335125,1.2400904044984338,9.497990761723106
1.0506818147324837,9.746623488527097,4.136682747267159,0.6107240424992966
2.6768509886668017,2.608986587954384,4.437989003861919,0.3434536607606552
1.8975358346803115,5.600926607132475,3.417763665367576,0.780558091051894
4.26992028012109,3.156869197144854,2.715312038827544,1.8511277719195982
5.512158942703714,9.391167081111195,4.3812659183967435,3.1584343294771586
1.3905746072070477,9.833689131186647,3.9152681311013207,1.0904183207480422
4.136301782160897,8.332280615080139,3.3183767937250743,2.168905950424725
2.6126170716279034,3.833054342315295,2.2790284877950535,1.7889103704445737
6.823631496329865,4.631387277524545,1.791980246627265,11.733057033122106
5.17845132391906,3.180751152997792,2.6746921570860627,3.037353413974374
5.457858822405179,9.016821703080923,2.147290303840846,8.928628218138272
4.84922609230115,9.231024499193422,2.3570343509378437,10.27843543633844
9.604177394379104,4.769835960214425,3.06252422124813,3.5654631810000303
2.932616126094069,6.908797629127017,1.6763758278064391,8.865410822787668
5.6499783385948685,2.4899786179722447,4.224706720295302,0.7438059203068241
7.624156315288023,4.914423103270681,1.5821178468590698,19.647503800535652
6.011599718211063,6.683491960061478,2.9239745576838096,4.263304566755762
9.36118797145121,4.468628066662176,3.9838853523217463,2.472318781400302
4.401715200771557,4.2183957311781395,2.940082830758385,2.0907708269341834
5.173082251958602,1.008990930402484,2.444088254354555,0.6051723479169153
1.7967008369325557,8.238641173994026,2.899565223291004,1.1400109749941758
6.480991999467356,9.004038508193034,4.394682795496562,3.32979509876544
3.5939077160329544,9.725171765912489,4.96172679313583,1.700371536492136
2.4427813556401197,7.47344246562294,3.524573157157742,1.6481529561270776
5.9007816361405725,5.939130811328961,4.173776170594802,1.5072133070139677
5.7907923704191955,3.4235606782783843,1.0579547446371547,19.4136570790555
1.6828447710164278,9.993695283671485,4.5214576380982905,0.6597288940044939
7.283939081450255,6.30777569078895,4.816199039711673,2.142261488940345
6.613949715857676,7.130386650974016,3.300677367030282,5.308237188948823
2.7011555447184747,7.141655457597859,4.015219448240879,1.2844857248797434
5.224913759386395,8.607266161814632,3.0509789718402995,6.250313268635303
7.48290624830704,1.0870528496222729,2.144814961822359,1.7151975907562655
5.764921664871489,2.9822224638823465,4.408991887932052,0.8460909795740001
4.559401685652132,6.989806001530126,3.387346847983767,2.8149108781026193
3.9010461227284927,9.05631163142111,3.317532335165628,2.348008647970758
6.493544799796482,7.168049037292206,3.6365288153648256,3.2360696760498504
9.451978284792165,4.721421623443121,4.424012663315393,2.1364366672730055
7.045703564297351,4.253999462832354,3.9276245030838575,1.832591523876011
1.6727131327268396,7.641532074549883,1.844496776862981,3.9586387433853947
5.146164761339204,7.671139274234741,2.867294177629278,3.3801120664461513
9.017417183595647,6.463521932551213,4.921193327944825,1.85522137280895
1.850161832209782,3.6232032168760333,3.2182428550510984,0.7937831107335236
9.89988140923789,9.326393365514893,4.7529814138831945,2.446313894663033
9.541624542808792,5.9669194790677516,4.253477945252223,3.5348412896380133
1.7044703265688828,8.114431206234975,3.6640937672350353,0.9532160125993524
9.400719884045994,2.928774359456485,2.397460810639021,4.9434938486301085
4.26819331233516,4.096367097532551,2.217277390101756,4.664561711745778
8.602382503682762,8.871215647486082,3.5736842611903517,5.818660164078302
4.765450039419443,1.4509632694597157,2.730244963385643,1.0436132602970045
4.967696014322643,5.610837801309959,4.1950144912669085,1.6024087040350723
6.708187818797883,5.335349318596081,4.041826958160783,2.142924625609779
7.970296773483851,7.761071700172739,2.248521946954057,11.664365061495962
1.3041023585342377,3.5370439353939918,3.810915132247048,0.3621421384411353
6.338403959744208,2.9716013967363955,2.978200760388736,1.812831524088529
2.6805969468763386,9.335195548959103,2.2931684032559883,3.6812634385611993
4.1135456607688266,6.145386867626183,2.65186637105856,3.6482399025522003
4.131717995396949,1.9422061145528904,4.581407468849047,0.3970620712246234
5.221543061990382,2.73732545992889,2.438070768490162,1.5272901355743342
4.00722770688556,9.989434535628234,2.149597093277832,8.644878845187362
1.9662500660560098,2.7604809662697316,2.4072288828405513,0.7068376978966114
2.310658646729063,6.494279602183108,1.8584737448347668,4.889322857416163
1.3009418700498792,4.781152710960563,3.1785399495853146,0.3935634386576348
5.232241767958789,8.970391853648518,1.589745745290129,25.721625126117164
9.590029253676896,7.79651733065795,4.269775145747666,3.823792803549638
2.041077012833049,6.3725625663563426,1.9023209889825043,2.972455806715325
9.516380437027738,1.0966508361818423,3.3922201101585827,0.8555995120053587
7.600253632588842,8.918156867441137,1.5001019956795743,33.47148798688144
6.737489226407469,5.002007237548447,4.913812592857305,1.6443155820060686
6.807499797912066,9.384198877167188,2.8183018355745886,7.601598677046549
8.440548835566538,5.459851115687811,4.288685363035258,1.7846080188001272
1.9622787794183925,7.24802040264453,4.074591342599935,0.648959951558953
5.5427889120898755,1.6236338451997794,3.8547721885827153,0.6403361311550254
7.273820244346827,7.706364881741072,4.309459484818439,3.614344221098566
6.281384005662073,4.0419642818073065,1.4018544346388233,15.806808536597146
8.49501163920965,4.162231128986027,3.7139887898878485,2.6495326414885074
1.6504453811021635,2.0679026023845095,2.0633089410951246,0.9567766156461021
7.216309355492493,2.3217143377618203,4.14348665626636,1.3491110626764395
5.80624957346246,2.6718315058558915,4.827475039391555,0.8241565831745279
4.412447775819491,3.9538555171428014,4.605958119370783,0.974005887875341
4.062474840106278,9.027729214980448,1.4598088898946644,14.433708198380625
6.587493694967736,4.314342144070724,2.478209682691284,5.518560364627444
9.018958371798384,7.519264359068966,2.457291028790399,12.267023746173908
5.465583334910037,1.7447275350088427,1.4891850654381225,4.85953661704351
8.42250847669228,6.319889193447933,1.3925042133873098,34.374703133135064
4.619407436595708,5.337021081433956,2.5395605398767267,4.0968113497794905
1.921550165138589,9.80162152259054,4.968286201986045,0.747371918863821
1.5535516281277468,8.615869928910666,3.2757706042651007,0.980472092433092
1.4620093419130982,5.093467951947848,3.487126514417025,0.5760735758407755
4.42135127761903,7.976284876408049,2.8840756400747294,4.42025982152651
4.035139757522579,2.7373486716439976,3.6493222092160913,0.8754519986269252
7.461433212603126,6.0610269465260025,4.826648322979079,2.0359147627241017
7.685393514263792,1.6715715001183735,3.3547918144575672,1.360505984222166
1.4576857195036586,4.132801290265148,1.260153838884773,4.450269448198049
2.9901093660011346,3.032759634599533,2.9715622766727945,1.0142119233977334
3.4683566514300974,7.470188337926898,4.971005093007805,0.8708260281052803
5.928507857285285,5.410816220929253,2.549610882377053,5.313046627043044
2.300637015162552,7.759634309632094,3.3755249488578887,2.2706765197709107
2.2054709746000034,5.6376589386830105,1.426547053715268,6.502360029465352
9.494100002871622,1.7783599793647467,1.5647219949462676,6.487889331447525
8.23782616568003,7.618308847592741,4.4987258126158505,3.4332495528118843
2.6258941188205327,8.49906337589025,2.201378513006446,5.154019584703094
4.659110271149419,9.131781033215134,2.221805093418372,9.626591988355981
4.20059799331809,6.1479275077603734,2.5488519840093127,5.066597171418482
8.119036666588666,7.782268230995456,4.86591469161809,2.8746538515646107
5.591916248303098,7.768399031943644,1.3375619841475057,30.71730995045684
2.150647632941203,2.401747838190499,4.275056410205339,0.2956406130393305
7.650928568406195,2.477986187136137,2.366231505863946,4.41038172272479
4.57199180402427,1.6379695522821351,4.3978721039419,0.48063931245388786
3.3663182286893236,3.879222716262713,4.96702259801817,0.6268899384871165
4.379487598186481,5.261577289669581,2.3946696408469914,4.652597870041308
5.479809072462067,9.981080674787952,1.517425464849421,34.68737166649338
4.088039647753085,4.8789400786135255,1.577501991931713,9.7407557348169
3.1771519533258203,7.536183296566338,4.034963563796744,1.220842855389363
4.586518259235823,7.2405732364528115,1.5796862093525461,13.962541367420604
1.1725561967490843,2.840337552255216,2.0416862741385464,0.7566613656287748
7.9524806148668254,1.5265643630449277,1.817593374648319,5.191994767667818
2.538504042108272,5.914060763802287,2.42271425612393,3.1979314147562943
1.3951415226757353,7.302750330830285,1.29746630059875,8.511740552135505
6.883288236145713,9.984266111676304,4.426969929629032,2.9736878087497893
7.9654251594130505,4.227499470530537,4.440585247203974,2.0839684718236784
8.324462184335589,9.06728105872987,2.651731593930759,7.804854636031786
5.4415826439454,4.4373921028226775,3.448350276093901,1.3840220360485787
2.8483136622098675,7.204705375874616,3.5678062836172186,1.4841459666298003
7.635049095248441,6.384276374653468,3.997032461383715,3.9739057983902937
7.2974176943890345,1.4768091397233722,3.0827603501762044,0.9088769872806647
3.2164366069285593,1.7054958427323266,3.041344181766744,0.5910603143449155
9.130669802765137,1.1868768075201488,3.5252151093128434,1.0793852701126685
1.939343122745461,4.337506761345905,3.81219358267951,0.6768063524851111
9.844194156321931,7.712209438894097,2.386761508117007,19.234401821125452
8.742230298797182,2.5547985459165043,2.3214818930752603,4.1470673722977764
7.191087809311677,6.452676715455063,2.0788736163836368,9.788540379889575
9.448748994518496,3.599450020279701,3.195386221250994,2.601791467095648
7.5008005149133705,8.17293361581165,2.4406227582230895,9.534168555312693
2.7141129732704132,8.18556534102692,3.1612530708305275,1.732414134568828
4.9794052430153055,7.978730634697812,2.6239390633076862,3.6971402675787233
1.643527218984718,5.723501624212391,4.346936730210643,0.6933027923435674
4.5069168005930385,3.561100390718665,1.292520958981843,9.700986922415376
7.674427177634878,8.284996394907711,3.2888423744186985,8.924992734480348
4.477990158377357,2.6749050574531736,3.302495002348791,0.9139128295392331
3.972647579213207,3.607836418257904,2.5348692421547994,2.0392719948494835
6.358201502592807,2.6555293554455943,2.6840835782525727,1.9802138789145152
8.849840760990055,7.067891443488829,4.200525443531714,3.0907171011970394
1.4282487329150118,7.176124253042363,2.1226948410413393,2.6721036982982294
4.469233912297619,6.872589935080777,4.485615165704651,1.6994483471860895
2.4241666763373644,4.74041320178201,4.585373216538773,0.6422401131915307
7.258188256586827,1.9015390648128991,3.602477217608784,1.3489809777633421
1.9515210438802137,9.20052626063519,4.091430854832394,1.3101428155594257
6.983269827222201,5.569578676110144,3.4517901134179536,2.605911427748423
3.575627837181166,4.662749754199823,3.1010364549863665,1.5520951848822715
2.7902513236350224,6.299424039234639,4.8667110170009185,0.7601490615331511
9.427173020424869,2.7351139223719523,2.1306198569098567,9.914741559605314
1.1667211907136028,2.1929390119438694,1.6166037865724485,1.130245744259343
4.939995447006121,4.649726993121492,2.149941452570061,5.075398248695669
1.194642932156144,3.0449862468991946,3.4585024335177805,0.345073089509679
5.3523374329389615,3.198612650834481,1.7407337524045747,4.968389454004694
5.5094264001497635,9.032603390006765,4.635256172905256,2.43774235076371
3.8949622425527233,5.776832594672424,2.644097602661571,3.832879745884542
2.1894559977252133,5.3512215789101605,4.399851513167374,0.6017100306167981
4.387487839610278,7.205316343557376,1.9969461781152669,6.727984943266264
7.050366459393095,9.563933023090657,2.25267342033099,13.080804817716157
8.041562277800132,2.0097870802350766,1.2368935886899863,9.888739576963747
5.776755421493281,8.501811103983314,2.0310707687422958,8.67399758518842
6.3085095499578,6.256172618810613,2.9612552758532056,3.9862572528929996
2.8055473401218745,2.3154881843065356,4.7845476708929695,0.20472792132573128
3.585972999048845,3.674343868200925,2.5556118955659928,1.5183954598621412
2.4570604904712257,5.341252748182655,3.5589755179333835,0.7996869305899501
3.243658150041502,7.220594301196806,2.710840469875152,3.7948874643543014
3.023981022029786,3.18346315258107,1.187167403071765,8.864898736065317
5.675039077521138,5.813909339208308,3.0141305035868107,2.5160015061870915
6.0641988021165645,7.162044646742755,1.2636545868156834,35.79494583323658
9.50452678739354,5.0386667576275554,4.5347996983901435,1.8040680467725303
2.7601358239137075,8.767233650081582,4.012147847803655,1.7278311898501921
6.7750813914534636,8.825131925563639,2.514605885009465,9.9447204443134
8.355333420887707,5.236220958764012,3.560874664765159,3.889178845776633
6.0421731740474725,9.756331393680096,1.4481126212533284,21.556896835664624
3.2950328725096814,1.6802658316490258,3.8102199478506034,0.2431292938676687
3.362952070180002,1.0302614049064296,4.2909296359658775,0.1579587778777338
1.3532774776389993,4.4260143742352716,4.2869825941529385,0.3537329691544036
3.7489980389363353,6.409873552352583,2.1371101907626233,7.320771676903528
7.701433111030421,6.662801417046948,2.0549847811073065,9.6485474189021
1.4276598148639934,5.288011626644457,3.085590751610714,0.7772658504865702
2.973657542543476,2.1239498191658157,4.871088647719393,0.2263060408192078
7.3560924867860376,2.5344776960910482,4.682091910424341,0.8475336584109296
8.04386406540589,8.669331854668084,2.438553927023927,7.1985144162404024
5.097865690557356,8.811200185653352,4.119318024732177,3.4402136298142443
7.28266904630784,7.065086840746481,4.6852710563658295,2.3551652325124457
4.491569517894028,6.977961750509941,2.04370586287042,8.880422998260768
2.4392192052171477,6.379139152250268,4.32118259841176,0.794612715195528
4.583345441706159,2.826332971317894,2.0715825076367063,3.133656236713329
6.2197103818282855,4.854256302339129,2.3731285035488425,6.571445888809016
9.532479536676012,7.263051863170408,1.7952827634030166,22.047125966458527
1.6187585687980959,5.835270448030048,3.028319196290854,1.064553742946247
5.5665468446046455,1.1672230064958926,4.373243577044965,0.28578387789517884
3.9602780038965193,9.582011260480884,3.112208549742049,3.4990688736002777
5.574805248490251,8.603344473149292,1.4937600387723902,17.140822256055635
1.215779026388785,3.3449051269876406,2.00710372890868,0.8604793736526057
3.817228192314232,6.548130416496665,3.2514474691253556,2.956020022225074
8.378813327743046,9.30915445355369,3.3327498222822407,9.562594344789701
5.985475604691738,1.8640991090228622,3.3076236141794793,0.7654419248057371
5.055242435345057,5.527265327170306,1.3080139700248639,17.6223088666083
3.5697256454380564,5.106187232616651,4.0147835705390165,1.0590033364853724
3.682382705122203,4.691845047551791,4.637712795956027,1.027706479999537
4.44791290231526,8.520297480036325,3.0420757909195997,4.205615784148619
8.520136389681044,4.425815320277116,3.8753171470874515,2.5071222865559166
9.704918861274415,1.5729699991690684,4.656061968146204,0.5992774689339092
4.947898432153371,1.5925396794787225,3.5704910197920636,0.42873780178647913
4.540175548729857,1.384701458721481,3.6973028977242044,0.5298854155101568
8.618956982378766,4.6823087968663355,3.8856176535358182,2.861673874252393
4.842147885726733,7.46565649928524,2.0420098058162606,9.323872153674081
5.968163550660861,2.8335021573746393,3.3307114988673097,1.3416502473951368
3.0784749813887,6.818216683883945,4.368700458177825,1.0677077028569262
7.691522822011677,7.183796248933337,2.1846509210430027,13.408837228356207
5.787894864437037,3.2968191161403815,4.588681998387441,1.0842374689120913
8.281310952163075,6.405018904545663,3.481527799062528,3.344620588462371
8.026594570258027,7.163815060241626,2.692699405732225,6.925936644868071
2.935042914430257,5.199522605219132,3.492731845601172,0.9032306374841834
7.440719955019862,4.030449375520856,2.6074396227563055,4.5885855827909925
8.200489671562343,6.572363964168946,4.352142407392698,3.348750767977567
4.1149651670415555,9.800623785952512,2.9292743202703884,4.438027188005376
2.553482016120471,4.841572684320803,4.604853439017347,0.5057331353078098
1.0236894002162935,4.525615866566089,3.039232323391306,0.46792003106979213
5.058132877838333,5.1784021218350205,3.641473558549549,2.886422971380648
4.171894583849574,1.685965541005434,4.990977684027403,0.34967667536963765
5.9941885044286805,5.97846951704251,1.5878633640341646,16.291247754268756
2.6923698332990718,3.9582764849553724,3.9469165949336227,0.7279006622257006
8.736989928998277,2.0927991009813622,1.5554889116637343,7.537848664276243
3.319796940652987,5.19631067005636,4.355465463057585,0.7444717942412513
3.0378664457888496,1.030455879165797,3.3858135246480465,0.2150858571630967
5.326426508359203,4.61606720646483,4.752638242425837,0.9648883127387801
5.489659213698468,1.9516174113380544,4.463826407779473,0.4351159224323529
2.9357670590658356,1.2186343305980225,1.2994881498752937,1.8610634347091535
3.446746540533242,8.420275416200518,1.5492101667154436,11.846034672991108
2.5273471523972044,9.246239229543713,3.404683714427301,2.005733516332787
7.4661416049085005,2.86907183523196,3.0732585597682993,1.9865785619723617
7.930801281286737,5.853684374508352,1.6742605224537783,18.201808883094508
5.160956477133544,3.5016234141788645,1.5174369130865992,7.551672071341922
7.426783204165157,5.44219694804964,3.2559631337664525,3.9762643880699646
7.62341852743701,4.929681888047442,1.195686191899998,22.372040498571426
2.2444797491002775,3.421459495724371,4.494941211813757,0.43275343053181003
9.69560222351083,7.30354221671768,4.228331679210482,3.537013094190078
8.389287523867878,2.138418633882288,4.141479886844357,1.3824300020317013
2.8403511507624115,1.477655039542304,1.0639885881629643,3.540587340978416
2.675485321714632,7.909078897335513,1.1905637736509518,14.646037207867632
2.1309503102162446,6.9933702809861185,3.1993564846029146,1.6287524717110797
2.2454070628772653,5.486735117317582,4.977702755576711,0.577957052506171
7.7334561912582656,5.210107934252874,2.369264803885407,8.497966950535965
5.226888312564612,5.476702415422836,2.377499265621376,6.862756168806101
8.046407554658805,4.933216684888055,1.5371118674479334,19.02446035029135
7.716294049151848,4.536030662480612,3.6973432149580057,2.526082427057288
6.441514421546994,5.497215425975083,3.5867067559760226,2.460996056261346
7.177299459208116,5.756636540437844,1.4052896655166363,20.361773291215133
1.165201519412276,7.227120826752588,2.8696491482734046,1.326120108360377
3.805998821245198,7.400864446606203,3.668299635287897,1.5125979298053545
6.7403996133346915,4.398661721261302,2.974064545287708,2.802946120910686
1.0841045813761978,4.721864704691399,3.697454327459022,0.3580379205832221
1.2967924931433408,4.363274527626007,4.265081589725959,0.25927054054060145
8.666991842233449,5.828821962631393,3.7432617324870705,3.3106071339926983
7.156223755228646,5.080181841227757,3.4644569433220953,4.123155735190873
3.3883275980830954,9.006368168225743,4.414361027777973,1.472663145560306
7.1916655610683815,7.267251402248253,4.602354271479152,2.6705404262421277
8.13211002225337,9.08790745379001,2.5555457487032167,7.563288752058232
3.7611485479909113,7.38223292403483,1.6929995508955438,7.551229226488725
1.324336397492687,9.738929336714326,4.271441616032202,0.8387678282690743
9.39501212218961,6.721631004297421,1.8550124291979326,24.47404777791092
4.106618544660675,9.671951243467491,4.715802678996343,1.8651125949148195
1.9583358695623574,2.423529013684835,1.0915117808876138,3.7398150379939272
5.426711842538326,1.4722991274646346,4.6850847304772145,0.4001173726785137
7.916210160977204,6.212126666834733,3.356731970448251,2.0971501086920257
2.9948258315580323,9.851438852197974,4.0989684660515255,1.8364571420436147
3.4254104512002703,4.7584472257215715,2.593970348257618,1.9155891713528657
3.1844348811872485,2.9083902597366365,4.96686516763552,0.4350465897645441
9.925057475485104,5.693873042741625,1.9102057102651617,8.696838360863199
2.776633603574883,6.839187621209997,2.057374650552699,3.9225557426169395
6.179681952695116,3.8366082596430005,1.2057297761498917,16.17483388009171
9.327381774912679,7.432924226493335,4.761893452245753,2.5916267695737685
2.3220691199000134,9.776030563411531,2.8241172143947044,2.6325007405339487
9.737687780809303,9.072668095395551,3.699409658877397,7.623147283520977
9.52729510956062,3.6242683616097575,3.7497629098513627,2.4437086253373033
8.961147883524363,3.9405131483013847,4.4980083691307104,1.420490494842515
2.9310086919700202,4.343871020046297,3.659701002585637,1.1294018837688344
6.70649550409885,4.550975005542808,3.2480847292167487,3.038196229501942
7.848023256651161,1.9028754927395148,3.8412740967641743,1.0712970125772026
9.874251353767868,7.8576655500036034,4.003883196012506,3.975953724676775
2.6238143987323337,4.288053372496304,1.7437117849939279,1.8149472587594666
7.894233095673668,8.91837979034907,1.438668155907012,27.850856745037227
4.049210529344016,9.342465608080978,1.2993954019422524,17.888916610831682
2.580638190112021,1.219881783769193,2.4962139780901467,0.44325074692556116
4.792392470924694,9.896527629353857,2.992000959350981,4.405967786635881
8.144523209337548,7.390204583501661,3.4625995931594433,5.133313146967782
5.183648233336469,5.683530033936661,4.83213807875844,1.4840452273374931
5.837707901827437,4.50574847535298,2.323151280828025,5.9226166225923125
9.95643469180109,5.666663193487416,4.043496208309097,4.028585833405085
4.591983696016834,3.921622515806,3.1254304783795397,1.51255715394362
6.538606792383159,6.604190323268934,1.8803597283476674,12.356887069132453
4.287197814538347,1.8368224880031212,3.4612217165150363,0.8630929474344726
4.535070816958345,6.590103426206292,4.868704713158815,0.8611998010506341
7.260766781008673,3.478103651245997,1.4972331970050896,14.303053519946165
9.44098278485395,1.1587134614711174,3.029119058196916,0.9547142992310107
5.881230554430893,5.974351895465898,1.206433416602113,25.559182890776956
7.9155993605390185,6.2060298026742675,2.284865195585449,10.18655369978802
1.8028590293526743,4.839121042403824,3.482410710375965,0.7467209764509235
2.9004223368873427,1.6505760929528517,4.364227744123019,0.36337791804058134
5.519184768275792,9.040086575237723,3.921313686904284,3.0495469863244704
1.1801055126589732,6.502877265051,2.8514271128618955,0.6343622183293318
3.275694808863029,2.0414196961207263,4.636891028416587,0.3331875515103606
5.656611608424695,5.598375189347329,2.2108586600950826,6.2584953497835
1.1346507843067064,5.4752888435362435,4.015933640900665,0.42795165835812154
3.3809165760343753,1.5436168191363429,2.89603608699065,0.7320286287676709
5.626277375282825,6.4617373324265275,4.594543018691103,1.710604633894788
6.158343231831211,8.27493759029408,4.189731286615041,3.1563890036627953
9.331765237497748,7.741072488236304,4.605878645228381,3.5034102783831784
6.80811060925547,2.82672472747765,1.8569913957682935,7.580726247543367
4.732622222769944,8.760632765987904,3.672601728464832,2.846085461447411
9.37316059419761,4.082879490934158,3.95385363232656,2.111610576447455
8.063946850490147,9.518575404627471,3.9696570611303748,5.728948716478271
2.800080290014728,1.6457316780314235,3.01600180186935,0.4124565786220381
2.177581252139378,5.375878196678584,1.0450020893918102,11.56064488116415
7.082304721684596,6.374119394597942,2.0457231354762997,10.421138211875629
6.038948490192855,3.2288508862714425,2.2932035000175244,3.6327300634943804
8.1070625241348,7.9424216984820495,4.408146469127046,4.9288998910033195
7.649245450708178,6.6420611182964535,4.363543268416882,3.326945814419035
6.626903804717635,1.1629849355916,1.418720416151133,4.611386685327648
9.87743954466003,6.475317316266122,4.79934352708503,3.0714376335388804
5.802307570993678,5.4233041097660175,1.729829946605964,9.061759906897658
2.0179518085154786,2.764262815331569,2.6574378052036844,0.8311931640511898
8.454462083343895,9.961734043535767,1.8606278644430216,27.165939686545148
3.266680261111381,9.074459753448535,4.44132987531743,1.562607630916164
7.9957193332952645,3.632569255261571,3.9976081274372475,1.85192718443757
9.613963864000462,5.869638287187547,2.414115227551216,8.913051387964044
7.271159625679071,3.8485192591926167,3.7275145041042217,2.1241451967436613
6.36427144854821,7.979461764724703,1.7374675366861694,15.054158278464818
5.143475581075365,9.372982898768095,2.5291883695040065,8.596818284137933
4.279688793958629,4.229457462229452,2.508430353352433,1.7169390136650517
4.177042758746526,8.250258242292647,1.9517467268855913,11.505112008551652
6.727354351386316,5.485667884418843,4.505248198331531,1.3412094993544126
7.761458052439713,4.569207051804196,3.7153829419165048,2.0207043107697853
7.106653625359729,9.445796668888928,2.119757242255197,16.160945111458485
2.7856909107420647,5.593642198471283,1.9684830425161493,4.4555308451298945
5.4458846212914205,5.206694502317184,1.0718138839969562,34.942130827248135
8.124760649647566,7.051909617661088,2.3863290151694185,10.657564597321436
5.281336703701506,3.35110780916456,3.107085133261273,1.8184350819494333
5.829609517619445,3.9231358370948417,2.1108437676335057,5.329257448354522
7.9402244335373995,9.388412526147604,3.80183310571908,6.79808201189376
6.951387756385824,7.106768608932482,2.646998116045065,10.469544394131828
4.684104287941533,8.43973432993905,2.2652713480426714,7.41923567508386
9.05871440074797,3.4400058574188668,4.756230635161325,1.5270630915121421
2.4631036179713073,5.894111709368849,2.0512035091525562,3.3991758534086576
9.959648037312922,9.742566402905483,2.5930304803866253,14.159114169858864
2.0696732062861347,3.8683350912539582,2.5291631540830877,1.721990192284465
1.1345497399381501,2.444288286853377,1.9647933826849933,0.5853583416745045
9.010170110338882,5.597974074021976,1.8699069592416668,7.690741363405107
3.204581575293605,4.490389798523886,2.2095200752536144,3.1346742773817904
7.567296647020488,2.436195095080422,4.456944679724724,1.1509872710154567
8.299138374388624,8.996962444330311,4.068331548917162,4.70964458732689
8.730877519289052,9.916515194984001,3.723998056640209,6.870126512884909
9.9243481209775,6.1172396262099795,2.8284119705699737,8.730733327235821
3.6463573903599915,7.972090915361086,3.031015938530414,3.2343227515640014
7.392190077345332,8.731345325916696,2.0685553819738414,16.76240242099785
2.038598724527454,7.308838054196443,1.2972636553436705,9.809184891799415
4.661283622211645,1.397404442005581,2.324162226881929,0.7334958348224387
8.631745239813313,2.4187080854513603,2.9823350239694646,2.400759345831754
4.308922414531975,1.6389027203624782,1.2292521860773298,3.203402366446986
6.319858424820526,1.088916459778509,1.3529332082284258,3.7309630062710477
5.533960993521706,3.753967678815129,2.052100931538269,4.4445407621932835
6.813563780008406,4.531203644334038,2.4683214943710463,6.115339436333233
9.756049504489255,3.1692675910233317,2.573267244474821,4.897675218863805
1.501619738512619,1.5814418327768884,1.4715442651520205,1.200431204969477
6.165653657514667,5.768767817530098,1.9032854181391552,9.442748260111445
8.767259013252563,3.4598738796142747,2.046589008254435,8.76606633937232
5.332444405735847,8.16433439377206,1.2705395048049848,18.353597227773804
1.7067446734741554,1.0724735946275308,2.304398802358789,0.2829631483143593
6.044854171750938,8.582743461588493,1.288886291022029,39.26524771325914
3.988665017414384,9.592783110513613,3.8138313724386803,2.4013656467155977
2.394476068041423,7.445215568382126,2.5441910662292417,1.5721640403215789
8.641310619551257,7.602796587363099,2.307009557513499,15.930217953641552
5.694395616920095,9.402060804424599,1.5060886860144276,28.68694251235977
9.3994877114116,2.8816415677031424,1.9060146217795833,8.515918924109812
8.254148541427622,9.95109011387719,1.9308208357564944,22.448252325367545
7.236746143963006,7.961330830406877,4.9408168594932125,3.1440137145385485
1.0452295302878074,7.539136374950143,4.341397518033974,0.5233384375046843
4.8504111097442495,4.249815210957634,1.0610491665337265,23.97765458374933
2.777376534868291,5.9119973686504945,3.467346363073919,1.5557378900247978
9.19718119943981,6.885260094460123,2.023640385687695,15.843293302559232
2.5712558620872423,6.583085751854943,1.417507715278337,7.751586731039967
3.5745404649335697,7.344861746298227,3.822399052479019,1.3408984944481723
5.651530909610493,1.7414356517056957,1.526422197873397,4.648131163018859
3.3702725709827135,4.200835895485271,2.7749631181189427,2.053843133640433
2.8887820955120906,4.906000149359294,3.528660659359697,1.0585854503684764
6.391893925924772,3.345663680874698,3.2179790246199547,2.318585689267148
1.8003657047952148,2.553645432423014,4.910516393210972,0.1779964313635031
1.5235098284883226,2.2503473192157655,4.14297045249009,0.23439529111205548
4.350207656674643,4.297450530309266,4.096773504509959,0.9173646243408488
7.485980090570761,5.440975305063093,2.422381576324125,5.4765245323281775
5.993260824465532,1.5667879613199465,1.0335819683365668,8.366960124443265
4.8058882162010095,9.518122851314946,3.9376437186827533,3.4392218865398534
6.091764078021241,7.887189905746825,4.99892833718269,1.4771007234141118
4.289063361879462,7.577665958669199,2.6235164309744623,5.713381764799318
9.425317018889016,2.5557447248985428,4.942073995828469,0.6622615922697701
1.494144018196969,6.4342069121097,1.5668324381373857,3.722745989076625
7.060523311268517,5.767524521278007,2.1860494065468696,6.113058470809096
9.021543983449755,9.842219612080244,1.6829077269698827,14.986475094601811
8.234962378617281,7.729045930721422,2.900703891707263,8.118914004748852
2.6563693133930206,6.18185695344608,4.187925606028882,0.9029915853064852
3.663337140822595,8.6573139982311,2.3626467661518156,4.093971348490727
7.453431448363943,2.3958484377463853,4.624915748607486,0.7485901215733152
1.7584350326268898,1.1369487672187948,3.1793216533191404,0.21526472665389704
8.306755298493258,7.212100000730709,2.861697654967509,6.7768859247514035
7.470162501443113,1.8848031421351372,4.148143368781105,0.7857403877734969
7.566459843118083,2.0389027598515828,1.4057739881671383,7.1844207757666
1.9021723324083224,7.702126537820774,4.095009884842699,0.7719276675527735
7.459844903346077,3.4348135972059017,1.9718080006913068,5.8055902077823935
7.11836312697973,6.657680940120036,2.1232501887329502,9.198962915179722
8.478302417396655,9.256662334834736,3.3978150932803195,5.773796714902443
1.3743636063082256,3.848270784740725,4.6077377001848205,0.19842662786770407
1.2079960162101298,2.954297420559269,3.3136277990834593,0.30033868902818794
4.357063898907047,1.9590659536694655,3.595797395177948,0.5756734904032412
2.339094554642376,2.174161252777535,4.106378358421097,0.23694982851379737
6.025460298131997,1.5600042584095846,2.037299035969947,2.61163326259094
9.25614011356074,1.7887814094676613,4.30893469121657,1.1116015069980298
4.523317573006142,4.888041299282385,2.671840596268599,3.097147799030891
8.604553395453436,3.8877854052157277,1.70262277396465,11.693094780646977
1.0021678706607982,7.359047328906982,2.4004723178444998,1.1025987598051816
2.516631791132658,8.832174924223017,1.9845244468729013,6.84826676002372
1.2738118568867707,8.06295882828146,1.9148544205425835,3.774860280355065
3.9533246246356177,5.7757353099908695,2.1302527948766645,4.86678627716959
9.173706361268525,1.9219790460938808,1.723723258968358,5.315280145782763
1.8725691123908899,7.387905555473981,3.6708070283305716,1.0967996386524306
6.457687990694203,4.265458522541862,3.3199670281404687,2.5634927633994944
5.0634634520749975,1.7708535452386918,3.593767571933714,0.62482422332822
9.446213911292313,8.58219766491363,2.3748988953126418,15.728173586095373
2.1026722828338444,4.04394865464255,4.078933610296177,0.6069678183168606
2.9082506545200606,2.964239492604142,1.518434963816659,3.151345173379587
1.2658777175034395,8.84306858156959,3.2845468378454408,1.5651728656786168
4.905417246682363,9.119204816023045,2.1018118889858957,7.021603761542645
3.5004960960818887,4.050737534724039,3.1104396027904455,1.2159655733618608
8.829153405012889,4.193212773532361,2.2945487009609566,7.3609262122895185
6.444467318779796,6.216656748248297,4.162047060365181,3.35205082098709
6.526816641781315,7.600973444295923,4.565087355352379,2.112671279342837
5.787196271931722,1.568342817161771,3.970324893486525,0.45305348309926086
1.826653035062809,6.340092914696245,1.7023348513969871,4.435323729247888
5.0051681535281975,9.575380556052234,2.0994675935534493,10.332572591560567
9.995546707376649,3.358845074619583,4.677432262073664,1.738725500325709
8.517063617614134,9.179444926872405,2.748880510632805,10.200060238071647
9.041131487504042,9.551515066867843,4.764721637397067,3.15171873986725
8.409037233218495,3.4223827687398076,2.569806755449067,6.405084100543226
1.927375240878844,7.7878167929681545,4.807098642362655,0.2657471652336119
3.0470342865831967,3.14897507487604,4.702955950933324,0.5917446166475624
1.0280948622076866,7.638500455589194,3.642107559946465,0.702520946603225
3.7315911239030033,8.176779741599432,1.0353081938460114,24.221802410135062
1.9774666211184333,3.224851333395845,2.6013387279037476,1.2952832274405177
5.255140107714247,7.442825892249115,4.644940518782383,1.3156144628607735
7.094147397165117,8.308940849776809,4.540441156432459,3.43571959870597
8.870547655342694,4.227209848962206,1.7495512003844547,7.147763699768089
7.742954485818084,2.5093249839075424,2.5967299838764104,2.221086454412081
9.447270362006547,1.8276811058576221,4.342039711517886,0.7054961730344721
1.4850846135440992,6.178435332489477,3.3115114130002175,0.7110972678990667
1.109618518748873,9.80288307384142,4.3891969337848025,0.5659292541444364
6.9520430245259135,8.406552880199946,4.306269537794252,2.630951733043105
3.6041716920002163,4.922556750410975,4.629928027809932,0.49056402884012684
3.2815091449519582,5.829588125694627,1.4688823527783268,9.68800811679042
3.9779837892441483,3.5157509687063704,1.5808605658140626,5.650997648447871
3.4281645210312774,2.467592806240572,1.33123611587621,5.163760748445236
5.602927656714286,5.33873042409046,4.741075364381727,1.3765148714938076
4.961336025017193,5.171514095504667,2.9006495375115726,3.631464669315628
5.611856962389907,5.697369575233842,1.2573011339297926,19.92030870106586
7.054422503503925,9.575241270075466,2.286119610056165,15.541748264287499
4.484174580740335,6.43505770130295,2.4056505645198674,4.212645984312321
3.261769184279411,6.451946529601364,4.238239293907029,1.0031865455195421
2.495804831278709,2.152222865749691,3.9419075686836917,0.44082475670863175
4.14526707579363,9.968399795591385,3.757548198250276,3.720146888576676
7.676258277215548,7.955604498112017,1.087454210365515,57.56754033665465
7.810344191003226,8.894830096846043,4.642783185705515,2.6498244086233416
7.002148480157892,4.728703706478947,1.8622210676629662,7.696363971578945
3.1062535777618714,5.519152862070624,3.516245618770711,1.7548975871447037
6.29277621269228,5.698754282460488,1.2472761720456766,28.91871907155489
6.136206954191632,2.7468508536064467,1.326104367488218,9.462847085268155
5.35839578298753,7.205402406942614,1.0383091845204886,52.58685598264823
5.949810877454778,9.12679051255711,3.2637105781813225,5.565870602495631
5.426115693613013,2.473352363245771,3.517518678467619,0.8444897330222607
6.089107294666974,1.7768644613754805,1.201849212932915,7.0775306499463015
7.439553591590159,7.64397014986308,2.1619395390561555,12.180179234530355
1.9866537496309578,3.458816485056839,4.405817656712067,0.36011155189894645
7.746631769341214,6.614762874555964,1.4052334672916564,32.43698354344171
2.2229753511483477,7.261825041929626,1.866188658213325,3.74868934344347
1.5996519856933724,3.897196872236396,2.6975648338897082,0.6285663607653207
9.784717175993208,8.33630137683206,4.369096410532464,4.78780683769013
9.612925919833973,5.9499008390279515,2.019396217900817,12.603470752570153
1.5439289044650764,8.820994671566226,4.988548061453368,0.8125228869632957
4.98928097327466,7.869641973030527,2.4210472525541133,7.9622944778942095
2.6762044446979725,8.817180688337084,2.5457946339344923,3.2582683757315665
5.3681040742097625,1.1814524390610468,1.4884248169231773,3.5571689327984766
8.471595186996286,3.1915563466473524,3.720791603426123,2.2382715278663095
9.555505972686012,1.8100714640134477,1.9738607311379264,5.001956243757865
6.708273881063836,4.978747154704143,3.5154703811801853,2.6364166378015086
4.185151004906354,9.009641094537864,1.8926309136117063,11.411747954836436
6.429930090801386,5.207862360401823,2.551489068905872,2.980321574389337
3.808011754976053,8.647417401223546,4.42668836781767,2.1231164879928106
9.188412767488543,3.944604142173861,3.95562364589628,0.7245417469618678
8.833604167952533,4.056130655247272,1.6183635997748937,12.470683435873859
6.024085752516949,9.060055572941899,3.4308326694964055,3.1570350773530707
3.9231902384232447,4.832354318605314,3.5145626066952373,1.3810707525755914
3.640507080246805,8.107889390151996,1.3622738940074441,15.66949106336582
1.3007619523455352,3.1297919309371123,2.863222617343743,0.377731286812632
8.342387659227658,9.53920746709872,2.0426735826704316,8.489199736994475
5.053448917351072,6.17120421877514,2.868520571053932,3.9469799124462996
3.9261963556023796,7.833912117205617,4.1082839652915,2.5827828771027157
5.239993194979785,1.8056412981539696,1.6330382392412788,3.29862436410588
8.368641914091867,5.433978032474759,1.4932168223521751,24.308301610902163
2.1215278693676907,9.10934647960621,2.0772659804230917,5.826234617737741
8.718903894176446,8.89334766138974,4.809101801386333,2.0786702295380364
9.077579515975186,1.421325615108048,3.9912968447398653,0.7358376672800482
9.520371235304994,3.7332862221605203,1.0778234512581863,22.78476790323098
4.57739193180365,4.989880058311721,2.6040193699335066,2.8252020895558116
2.954263636339047,2.550383329202094,2.029591916321541,2.451728854033817
