m1,m2,r,target
4.370861069626263,4.362767366200286,3.9199932439598815,1.2409618236652022
9.556428757689245,3.9962088660826294,1.7380479823948463,12.64213087005584
7.587945476302646,2.5853852125257406,2.3865587774795447,3.444333473097654
6.387926357773329,6.465400030913392,3.653122547431273,3.0947588903579213
2.4041677639819286,5.28961744457766,2.9283573780979197,1.4829990730485856
2.403950683025824,8.791308930916033,3.9542841545395753,1.3515849480375823
1.5227525095137953,1.2889862243385242,4.844831604891439,0.08362193767148274
8.795585311974417,6.794811347996137,1.46618675086079,27.80120162266725
6.41003510568888,7.86653990660405,3.8382708655922437,3.4227321888209814
7.372653200164409,7.835379122694763,1.921376622528458,15.647999234514403
1.185260448662222,8.974665703859726,2.657906909630277,1.50574885211519
9.72918866945795,7.561303685465447,1.1314509031805593,57.46479734927759
8.491983767203795,9.350290554829266,1.5436295291707958,33.3233079096079
2.9110519961044856,3.9939093983880234,2.2791091561955987,2.2382980669822783
2.636424704863906,5.528884750763888,2.36794322115194,2.599622819582822
2.650640588680904,1.126716969546016,4.5983408658483835,0.14124183661899906
3.7381801866358395,1.062618285729621,3.9672516370660604,0.2523817923599939
5.72280788469014,3.161139584063679,4.888731872748164,0.7569381644230141
4.887505167779041,1.9072647742517672,3.396286041340962,0.8081457568219576
3.6210622617823773,3.3419023114217827,1.9668549283652719,3.1281321103134423
6.506676052501415,2.5933896507555767,2.3106201196865714,3.160602339343264
2.2554447458683766,1.2566802235478343,2.2793436931678683,0.5455534938942392
3.629301836816963,9.183737317654444,2.3059773106530064,6.2680504310306535
4.297256589643226,1.0740081825000236,3.6918566924472627,0.33861735042900726
5.104629857953324,7.624739299033768,3.123231712361665,3.9900730254004415
8.066583652537123,2.369330982275649,2.5416967123465772,2.958475118004793
2.7970640394252375,9.2100665979964,1.5963590749148664,10.108902537824205
5.628109945722504,9.035163456308972,1.0885566517685836,42.91375473612387
6.331731119758382,6.885110317323316,1.8753387103507704,12.395782019776908
1.4180537144799796,7.050107348205446,1.429885615874725,4.889740560175136
6.467903667112945,1.048052277727197,4.1417801234089575,0.39515948423033254
2.5347171131856236,9.863844095022419,1.4499918312555415,11.891717543790703
1.5854643368675156,8.90049343218233,3.8969129492273447,0.9292426885391328
9.539969835279999,9.055956031570828,2.5426347591043306,13.363288587080403
9.690688297671034,6.933200833457848,1.293513558975104,40.155629106284294
8.275576133048151,4.103082357890829,4.250920197726343,1.8790683111125899
3.741523922560336,9.042837841814327,3.3185222809464534,3.072301222167645
1.8790490260574548,3.623652353360731,1.9430460514542922,1.8035095626166426
7.158097238609412,6.064403890079825,4.578724697330672,2.070602089692235
4.961372443656412,1.8975787510949416,1.1810332554822058,6.749589887672072
2.0983441136030097,9.297600671194752,1.8072784327910516,5.973068130390354
5.456592191001432,2.26693411994092,4.008187711223444,0.7699531355224065
1.3094966900369656,3.024071251573665,3.8375117212395566,0.26890383413181257
9.18388361870904,6.023207423153935,2.157086774897912,11.88827817354761
3.3290198344001523,7.876837001916834,1.2480995014111325,16.833321645833244
6.962700559185838,6.57416175342669,4.432312288899775,2.330007932109825
3.8053996848046987,3.0892052152014053,2.2547905522796103,2.312249128103174
5.680612190600297,1.008487382747413,1.7828536597130609,1.802329606576455
5.920392514089517,7.814355222766952,3.0642472894439083,4.92715278000636
2.6636900997297435,9.866865933199843,4.640908797129789,1.22027259016776
9.726261649881026,8.289218082754815,1.1741863113735014,58.47705437523272
7.976195410250031,5.141859563409538,4.0632163521235505,2.4841401884704744
9.455490474077703,9.13390535259196,3.2898929117548357,7.979525102210103
9.053446153848839,4.68862905806515,2.7017964662072678,5.815064538299618
6.381099809299767,5.724406758191208,3.97632177642024,2.310271285029789
9.296868115208051,5.2941679065611496,4.863297697766529,2.0810028322995398
1.7964325184672756,5.028614853989724,1.916824844650764,2.4586370521780805
2.763845761772307,7.976716923645151,1.5745894602884785,8.892078811068982
1.4070456001948426,5.740920165425428,4.651526980890788,0.3733349006556796
3.927972976869379,3.850454098226945,3.675812309829215,1.1193703166564994
4.498095607205338,3.3234235089263047,2.751944086247864,1.9739455027083297
3.442141285965063,1.3397258527069005,3.2930382810571324,0.42525660893701284
8.458637582367365,6.248756456947413,3.982455620704976,3.3326685755854153
4.210779940242304,3.069652738609308,4.092127594822869,0.7718865250603698
3.5284105871864266,2.3332052981474476,4.679576723275858,0.3759403369266737
5.884264748424236,6.8844696744490985,2.7073711555824906,5.526715393965251
2.2683180247728636,7.13088332039394,2.17364364007758,3.42350198944684
8.219772826786357,7.769394030318994,3.5586570671593676,5.042834144363502
1.6709557931179373,5.5321920670473235,2.6629115971181214,1.303613087304514
9.881982429404655,9.04649144683498,3.3783938157959117,7.832559585192729
7.9502029236699165,9.42708478058405,2.6799431938238008,10.435288246087605
2.7884411338075514,8.266338458132406,1.611983146712698,8.870613760973617
1.0496990541124216,6.720341338073685,2.8777070066358337,0.851849729104889
8.339152856093508,3.733488582320698,3.763671287764131,2.197927638295885
7.361716094628554,9.84650429458199,4.197135230670599,4.114861431581889
7.561064512368886,3.467225504727445,2.9733051071861873,2.9654190865789727
7.941433120173512,2.8239122979138793,1.6609515608416037,8.128981839717941
1.6664018656068134,4.979387024079244,2.6587508385977263,1.1738168692775008
4.226191556898454,1.5115651364114961,4.145175715366793,0.3717835365432448
2.0428215357261674,9.806450182046117,2.6514370824682914,2.849571785942542
8.767930832880342,6.295902007747824,3.7861231744168893,3.850929760943782
6.609683141448022,6.012568824977578,3.028854726712359,4.331953775681165
3.9780822236738427,6.902166519097479,1.9648925004375868,7.11183378643347
1.5720251525742128,5.47321282999486,4.184602032092297,0.49135287736264693
3.79884089544096,1.2885716538508742,1.3368538162827481,2.738998773451917
3.9266498982407234,6.510801599563571,3.0995611310206024,2.661069579955881
7.566455605042576,7.445564892607876,1.8355641369736198,16.72056750572582
6.738017242196918,4.750741545616478,1.2682625141655026,19.90101420059727
8.98491468318694,7.815660148640736,3.0117357483329954,7.741870389171813
5.249934326457543,3.0430116940457856,2.9982486237396944,1.77714230737896
2.0763482134447155,2.9914893195956562,3.8276036067028834,0.4239686408607586
7.419203085006955,2.4527528891881656,3.9790027722076196,1.1493771835652726
7.847065437552077,4.347952838102456,3.911165954771587,2.2303838468598434
6.051494778125466,8.623108318501751,2.63823493166702,7.497208202908056
7.938704619591049,8.451208559341579,3.52675914890625,5.394073492506817
5.444160367279517,4.445417871671534,3.307780970575841,2.2119230378416908
5.704595464437946,6.302068623822129,2.6862470244676784,4.982141814302978
4.847869165226946,7.487346848274241,3.388850776743973,3.160632133783231
1.2287721406968566,3.170860971652207,4.788991506825051,0.16988710790561012
1.97102284293974,2.513269773052724,1.7715749747255094,1.5783804458989528
1.2828626711806081,9.748863938910798,4.623088383142106,0.5851534700731491
6.727693701374023,6.558015818886567,1.2138220559327935,29.945296758481035
3.82920382968694,9.832741496502974,2.2335568516066426,7.547256043295004
5.577136220482325,4.039803884190062,2.152580994446113,4.862420700368397
9.168098265334837,7.327285299767183,3.505460431523623,5.4667878776272625
3.2436300623398746,3.0034327288711395,1.5248998071091613,4.189542562874815
4.693446307320667,3.3508015414652164,4.529390447359015,0.7665862776592651
7.799960246887438,5.607119091426616,4.3142056338601655,2.349797764731179
3.059183489424602,3.876563129572641,3.608263278741111,0.9108690600599214
1.6928191884591368,2.50859407456526,2.833655327168791,0.5288675471173208
3.6077630762239123,3.3659263179039343,4.731824168568314,0.5423572099305956
2.4509915852860398,1.3217355501927819,4.322986218882224,0.17334794170939283
9.367278871083158,7.3398125932973795,2.9972605923249795,7.653311915349001
8.273083416079754,5.429049913772754,3.807493417817245,3.0982247240630554
6.700633808593811,1.8481875976407305,3.2677198087187382,1.1597711848376357
8.84314531168946,2.545245938156421,3.351768953553058,2.003495478706859
8.23304869209203,1.9228108430137962,2.323904277749885,2.9313034266653513
2.6791305299743224,6.5133352744828885,2.848338418499587,2.1508698513083524
9.0330309864098,1.8478932725124442,1.3124857231589768,9.68994268900582
5.854080177240856,7.788540997316945,2.42939476665837,7.725357628760539
8.266961396476564,1.1845982738835206,3.783314061448608,0.6841829007712519
9.06482169931144,3.244382091963029,4.812864122024745,1.269650126360472
3.8620312747467747,9.016000083027164,4.852256451052082,1.4789115517473075
1.9904673207490908,7.4667818631002145,3.2228914764995666,1.430860029193102
3.051416462877475,1.6567149963311896,3.4264890072383283,0.43057677708369463
4.843970097636307,8.390134940366618,1.74288474200387,13.379289881449049
8.362132893302437,5.437316093861843,3.781232432374123,3.1800569510068626
8.74657524930709,8.621047244519463,1.282635170697545,45.834423496063046
1.0625691747807164,6.406657970053541,2.138742743197778,1.4882354797334862
5.596725723198092,7.136497288295729,3.673453389141769,2.959852450775766
4.7566990283390105,9.941514043561373,2.241240526173957,9.414153381551232
2.9989702942365724,3.0910199133161633,1.1993874964578173,6.4439911132748575
2.0787883060031453,6.615510172852495,4.327481637403855,0.734350067661864
4.038536542632651,5.142892510516585,2.241320028538252,4.134506892879583
9.486187335212673,1.355067576304223,1.2524208994347137,8.195058126406401
3.908826388186797,1.1302357735257853,1.2991526580114607,2.6175504343631606
5.669115595690295,2.073057200360728,2.0070351951550145,2.917538672255632
7.3271706300566,6.841825664846933,1.712063788886105,17.10284758463319
4.272666421413646,6.10446779122053,4.097200471120603,1.5537186051135565
9.746038744488645,5.980866050473547,2.2867361866681377,11.14705337775881
9.662025654479,1.2867108627543407,4.21878314015933,0.698513413431865
3.2660406624282774,5.223726967240063,1.6953839912926112,5.935617418958421
5.475236553031469,9.321605360582756,2.971516718176335,5.7801251788518
3.707904788350927,4.57832682379582,3.752148534212515,1.205800114870933
3.5635644493972087,6.6243022280961075,3.6079634154634195,1.8134287883008315
1.3319825261907952,8.018368080608292,3.404517639721075,0.9214533188541953
6.486079005819072,8.055327512276989,4.69928640772468,2.3659284542933854
5.524111209059753,5.673520741557442,1.9141005908269775,8.55432104403468
1.463308761249904,8.721567508621026,2.9748768178484215,1.4420905961170964
3.507818178129503,4.522402840273722,4.5359702002896345,0.7710205156334072
9.174392973699883,8.998238933063185,1.3115750623806282,47.989757828885104
3.1560570160027517,3.162044497559908,1.223553073012301,6.666028918252965
2.304053848821008,3.5219476629151396,1.9332091502331656,2.171290032621082
5.405074842498067,1.47808561779101,3.532084878152074,0.640381888120159
9.870854086995406,8.160236528880546,2.0395185057992276,19.36431678489648
3.178497443603504,4.75349712609435,1.7609595352351959,4.872326118301002
7.049219926652907,3.062049525202591,2.8352092614331683,2.685239537534272
7.854576537958458,3.086112498549217,3.454392275077646,2.03138023169725
3.1387378959315972,9.112599471063099,1.9942308280669616,7.191947058669346
7.553947137506736,8.505249404149332,2.2027647468949683,13.241121166005417
4.3100481944732785,5.98177796821465,3.4542372192460555,2.160767786086893
6.690752475342215,6.54499720374149,4.782953687957811,1.9142210041684344
6.7017673968480524,5.268930134952619,3.698966909752353,2.580779485636655
5.821972156672826,4.52499888590928,4.13161657433824,1.5432936839152003
1.8126079304896747,9.239291930964983,2.467240379021875,2.7511840001336108
8.51772246030314,2.1305143316827184,2.0890174375378643,4.158376565295949
3.8870205847456223,4.7660211074460515,2.81707097281049,2.3344104819425686
2.678666593598688,4.1010571718908775,4.228531314846695,0.6143776139327568
1.3669762739928752,5.483356482260335,2.8251985671622233,0.9390949457283455
6.318036488694176,5.118686870906576,4.386901635159444,1.6804473088919454
7.098079256580542,5.6700057848597325,4.955087922780509,1.6391610145540179
1.1492904603507053,2.259270795042947,1.2881066629213453,1.5649282729423168
5.608837524693529,5.618273513619494,1.1816406243348148,22.568615153003275
3.0384619767814414,3.1817693249848977,1.5983588116534473,3.7841987442720155
6.806555113685048,2.6589821408937215,2.537478702937385,2.8108519659205857
2.569297861044923,1.583507969075721,1.5241688365817296,1.7513322827896858
7.218439642922194,7.863873028805268,4.482657910475024,2.824936092619471
4.480618116704837,4.84697728770904,1.0925850041082552,18.192753883688056
9.43056989863061,6.639793149805826,2.26317086534329,12.225251465253807
2.2376884973139393,7.54834008974269,1.7387785179768214,5.5867926931045755
4.069597159452327,7.113849987821982,4.726157320630129,1.2961037773867083
2.021261691165302,5.234506471807141,3.6779240195601117,0.7821549169070421
9.322242564507064,4.491086760565569,4.648121025805498,1.9378358632868737
8.896054180428829,4.383639186765974,4.889314841241573,1.631308923425793
3.3214746494364005,6.760439172370507,2.988392974709477,2.5143772474841737
6.939856414307611,5.453149194476861,1.937276432192105,10.083578291280986
8.354999801810942,8.642190231896596,1.7749151447863571,22.920024390822668
5.996807304395161,8.87231785894041,1.891675446743362,14.868389599725349
5.766855205204059,2.5350434020586663,3.8343732304880116,0.9943417584983026
3.1766706181040654,2.226102863911531,1.161782912492003,5.239229772351327
1.837924910253093,6.673608334323996,1.2054442921308595,8.441005613744094
9.074941821579941,3.7110317325605147,3.4325717695326,2.8582437641790017
9.103762514469974,1.1671364688858898,3.568228586949626,0.8345209098583399
6.697913115459412,8.997784024266597,3.66105169728984,4.496383557666979
4.051268119438307,3.042106905194274,2.487522018354365,1.9917351651016522
4.142886171513948,9.363525865172281,4.223779554856613,2.1744024468862557
7.533601109832154,7.456910057904283,3.1344983509064703,5.717753584932622
9.073992339573193,7.863881409203358,1.4218625200376778,35.295566019517004
8.983777818386056,2.8131534621384438,4.18839722826938,1.4406440832470546
8.018879912718614,3.1077498305513163,4.812271145081834,1.0761172229903184
6.77828481538859,5.691409784416592,1.2401452520094347,25.083871067639798
1.7572596849554394,2.5488986738487593,2.5654053548023197,0.6805758325098719
2.454658426851524,3.7488852341472905,2.9500641793389906,1.057378034149512
9.086987696743714,3.89316230153024,1.5858830403132678,14.066308560957546
6.457861536936309,2.436669399274877,4.470835791131508,0.7872413552920334
1.0827734645496667,2.8466455005564466,2.136598579560176,0.6751886297966818
1.913243885794289,8.096966578074309,4.13203415975264,0.9073291720716942
6.971515921972502,2.5047626909254155,3.683977928113264,1.286648062130529
1.0455542546159682,1.2561165265953025,3.3921832898680937,0.11413474748658911
2.4472724627574878,6.664194483660446,1.7685713947862176,5.214165280405278
5.938604104299275,9.783848074532049,1.8828140822036228,16.390009247524663
7.227056779234239,3.9809243316080924,1.1893936189862773,20.337341489591623
6.867651335523405,2.0679013287662706,1.9628497191290655,3.6860731562683844
3.018423785145038,6.133485928307777,2.3817744378420564,3.2635203702763347
7.409612992127823,9.157187899860816,4.332581215449702,3.6146331400156266
3.135241787471201,8.056556018456309,2.465570666859221,4.155139041473876
3.9285972834334095,6.602642815714444,4.018487131062425,1.6063129183556435
7.718422646062217,3.8355084694683943,2.7577691251819503,3.8925633733277136
6.846696091424932,5.87692155948598,4.139473247975554,2.3482308247571284
8.6430106944476,1.8212035717382982,4.905086401748159,0.654229646322578
6.91851603070309,7.1105088185260295,1.9593662322303205,12.813931341831115
6.114777430019244,7.525864170078858,4.449366447855505,2.32455956216784
1.8430729104528323,9.685284606189269,3.4872963452230987,1.467834846896448
4.309442227534902,3.3435762287056447,4.269177046354619,0.7905766086047186
3.386821309135529,1.1661077713872037,3.606343609071221,0.3036664177026295
3.195906790411752,5.9104761798443555,2.6957980290966006,2.5992130149326362
9.75709499277201,7.36111453957133,1.9122997577671614,19.640483217939394
4.537879522000844,8.113667282946892,1.28014090132466,22.46749266046075
9.02841899659402,2.7436503972232953,3.142073457842868,2.509041295961939
6.680247633975366,3.355775821333213,4.961304378107462,0.9107386308843843
8.153301731874835,5.613318327405667,3.952167220056825,2.9301008113781597
5.523733837946729,3.9754072897300166,2.3093821655960665,4.117397138695996
6.192134961637232,8.744603379287005,4.3088192003469405,2.916513474630746
5.432659244369775,5.263841383648482,4.075936000705626,1.7213157680382427
2.7571868901824006,8.196207796918028,2.126543173413827,4.997246319489292
7.502069037353548,6.225577844341184,1.0572299591769387,41.7851342127989
3.526951261967702,7.9578112745540075,1.4726505541357984,12.941770179103665
1.2188436978830846,3.9940568787729145,4.50922476124823,0.23941893527833613
6.80925066316451,8.4827495973728,4.346252141219487,3.0577792816661353
2.5939961146634403,3.4711508399591944,2.1808360035134498,1.89320128716817
9.464127259176228,5.914889272029617,2.1407817051376816,12.214689201977937
9.585357193023286,2.926064018564868,4.171459948409884,1.611817878438398
9.233779511984036,5.27973869463574,4.750949879581688,2.1598870040552183
4.331428302298999,3.863576885578328,4.1165490271904,0.9875386567117683
1.1391095487598069,3.4003308757349284,3.422314708123046,0.33070958618209084
9.354867063289529,9.702865162252337,1.9706854013272181,23.372384256529447
4.8536573348558285,2.4406669493805757,3.1029916563810427,1.2303152768021683
9.699893371393026,8.085932537116557,1.9340474343730585,20.968281145304818
9.672579793803276,9.857484635348934,4.2320456803870945,5.3236284381801795
8.677085099206241,1.1791133536607004,2.547844318070949,1.5760995294953757
3.6500400286262713,7.291246726378855,4.334788867976105,1.416326962559676
4.465879557417328,3.276206250006584,2.526436871930901,2.2922466076543238
8.660230043651712,1.36439041895474,4.296597620799565,0.6400571040613194
3.852298046406499,4.6260062106096775,2.333271260660968,3.2733739986462456
2.5254347201748324,9.416960291537876,2.7605308184706794,3.1207694519021025
6.0112113621251515,1.1058858493029793,3.46195367737063,0.5546637640655027
9.425392967447028,6.290971227368035,1.2811504561196747,36.12575180328316
7.264268170074757,5.512568307357919,4.792828247261857,1.7432598185778359
6.1305505308042845,8.860457479339427,3.294423144495213,5.004916790523948
1.8745884439369167,1.7560154306856308,3.031280058763209,0.3582466502785854
6.535065040292528,7.133734268979853,4.357575884479648,2.4551437449832476
9.91048465093837,7.120987285899496,4.46305091958731,3.5430021837417547
2.260756137128716,7.021720151760549,3.089041618116064,1.6636030819414687
5.664966871273631,9.481010454415333,4.709049303174549,2.422063499815551
8.8963576473516,8.407787761061924,1.2589510643059225,47.19285761421725
7.66691755978784,1.3777545361915542,1.4529031690048702,5.00402304371214
7.273141668957412,5.239745656340618,3.3871529200577606,3.3217171203758227
7.322356755883983,4.581577505812001,2.4162634471743347,5.746155233303733
4.2354203609777965,3.7913249898172188,2.8569006647567954,1.9674207763727316
3.64232659838044,5.0620305263868755,2.312316871588666,3.4483310219444654
8.284250399306622,4.457747664333797,2.6189012457797425,5.384314930811261
8.291020552112627,4.891005098907987,4.290585388585198,2.2027895542209652
8.803650867220934,9.813356790477782,3.3739047994172187,7.589527728988996
9.219164973008242,1.7976967727462267,4.989378197133993,0.6657561324378419
5.60208158974844,9.300077828548568,4.147516791283852,3.028724054486844
5.513646652184796,5.32213042123924,2.0946650164073066,6.687984907652683
8.184656610700976,6.61368020949587,2.057380470906785,12.788347493161597
6.849675376999887,8.471646699559244,2.3435930804680285,10.565095115445304
7.31770189531933,4.2441672623433,4.373037922590971,1.6240549423408117
8.16213402492491,4.873797172791702,1.1091506026022624,32.33628578630994
9.010048076358096,4.685666322508426,1.9207251154850309,11.4437414191511
4.041956411663822,4.372579202821838,4.619673681377067,0.8281456245042733
4.380246573759496,9.329763894822054,3.559585744333008,3.2253013199218312
1.845837458567821,8.460369020737108,1.9073883820042257,4.29244259109677
6.204521268965566,1.980999908766785,1.8765798729303214,3.4902667913882577
1.3234804641706788,1.9731101722938642,4.450472407037722,0.1318428690378117
5.190382163192141,4.850825633676921,4.575030033108186,1.20289328608656
5.883801712368189,1.8879163905952816,2.024524363848461,2.710158995160907
3.5788712691545594,6.571837857440077,2.682041432306129,3.269655163779825
6.317499345121097,2.293224465355605,4.338382954513269,0.7697257258015646
1.2745022494514449,5.70135937570121,4.084029754439541,0.43565352080744796
1.3361336987429298,1.0649795230334598,4.255664426264338,0.07856994061306631
8.403405045936925,3.8493671357138206,3.073592763151875,3.4241436928050457
4.241715772701366,7.094716513053899,4.6461961932206925,1.3940601783496716
2.143544613866963,5.356350462050636,2.303806175817741,2.1632645602220006
5.700189340493239,9.804425373990894,1.6266885373900721,21.120423104554792
7.9299419778874976,8.866934164595897,3.834929330259459,4.781110302002597
2.9423892474715885,4.2316370113883615,3.1574176640275855,1.2489483058707556
6.606014282371002,1.4093788732504713,4.4183430752379245,0.4769231410267901
1.768127184943912,8.610636701035169,1.3246369964988598,8.676708481400734
1.4651354905174694,9.201108792832043,4.374769613752267,0.704380915161795
5.782191684113332,8.385646540771331,2.173178612835289,10.266873070732464
5.865716094490959,2.1515494682778837,3.619422668672732,0.9633714476792572
6.736869113483859,9.98123620971059,1.1605151563130232,49.92761375336083
7.534822003503954,3.3272579939749645,3.438325185214403,2.1206333044788996
9.782668715162812,7.51784421527533,3.869086756749344,4.912852581301097
5.646703134710758,9.172313887021494,2.475000858022481,8.45518582470008
3.9066082564712135,3.121184028976385,1.861642821048561,3.518248569161872
8.156675752918332,9.174326992093594,3.15052270641418,7.539146553413914
3.437490261358668,3.7853342127538028,4.3327632177425865,0.6931317531978072
4.950742786350725,9.787719001456505,2.2941894331866033,9.206473463177312
1.7061074320803935,3.5313401834242715,2.0098771900851182,1.4914437833885203
1.2281566907391177,9.580922422820517,2.1157412345507507,2.6286695938398674
9.663835732101326,1.4819018580340741,4.796528611666657,0.6224649511617255
8.523821084609853,7.383448105028317,2.4371076630582387,10.596052990986577
7.263767854843282,5.789000204533034,1.0144169595531487,40.863213634253206
4.680576499728429,5.300893694104576,4.126724831838478,1.4569257529114807
2.559648880637612,3.01144882830256,3.7970991813415607,0.5346283697590796
2.4079333840397745,7.350362107988428,1.5142730584118755,7.718711548787827
3.252186083481358,2.717285423016764,4.93961699653965,0.36217969067154515
5.943039982355084,5.975576163862915,3.4322491412204448,3.014607867211099
7.431363304300561,3.2792082673622573,3.003117963762406,2.702045825660968
6.941776390459581,9.600592418032205,2.528877070491564,10.421091647567577
3.5194050725134858,1.2576807445208753,4.594691022254551,0.2096655336102382
9.593787525968747,2.7975545210011292,1.975853925674253,6.874782878908139
7.641072250261916,3.1807954574870294,2.1430756008796075,5.291941870295068
5.989186472602606,4.726610431910348,1.4896432267462676,12.757133832077091
6.5054867161091705,3.0945721768304817,4.036476382337041,1.2355933988042003
4.776400561850109,5.422141812419067,3.3821971216234132,2.2639862329071208
3.229578905510417,8.85218970932685,3.436264677017993,2.4211594782852637
4.2037541078613545,7.4085707926825375,1.8738817240778545,8.869260049521651
7.820614994179322,6.219657824815999,3.6046735565083354,3.7434800036597795
1.1295413976678028,1.8010286018441168,4.061833788987456,0.12330436932836193
2.0446537645622462,7.245928975503481,2.431554122902757,2.505797477253762
1.4140237781957747,2.4977285587984586,4.2053885758468486,0.1997053460674251
1.3665592208707311,8.077306473655282,2.3951623541280838,1.9240887674780125
8.699145256099065,3.2505108265913787,4.032553846037151,1.7388729403492282
7.332920734420213,4.753438554888108,1.134920429830876,27.061635937981233
5.267564461785927,4.154231820861352,3.2046584058946106,2.1307725823697443
1.8805074458590134,8.72932523207371,4.8781062425595465,0.6898477025416921
5.4245428760514915,2.1389001284206732,4.924978402729563,0.4783491340539622
5.261245937025091,6.090803941463097,2.1270103133669624,7.083110745012215
2.5588168291901368,2.27855448498756,2.765596364321422,0.7622914086255353
4.904664843141758,7.34316252518968,1.2519116319465322,22.97974085262162
4.586542609576361,9.14570315015033,4.493365230418399,2.0775863950693694
6.542650882469948,4.911468884805281,3.2742886125608566,2.9973070036914553
6.715842857808794,5.392830342384783,2.540402715762068,5.611928725649064
1.4077360879484007,9.346805528344861,1.4510822339566123,6.2488543332346245
4.371513531638241,5.688922497844214,4.787069141987557,1.0852316316093407
6.632739241428127,5.388385942446049,3.120876191283975,3.6694294162590735
5.528226327220789,6.204961924338737,2.1317117163316155,7.548627439105517
8.7084085706949,7.2030676272665675,2.400860520526038,10.882343454629908
6.928242684570505,1.9619503757832826,2.0827887236885907,3.1334348899724986
2.466409843732867,8.389994749673644,3.4072392354279226,1.7824677372046973
1.6351187266038685,4.919545247079333,4.719854303122039,0.3610913346325436
6.78177350385684,1.6511365890773697,4.426775213306257,0.5714146143083374
1.2386017948745964,8.07564402278392,2.84152350170391,1.2388147484860446
6.2719802314611695,4.392549745176449,4.305997449204032,1.4858461145340303
9.462072172824618,1.9033074558554854,2.6924219251053194,2.4843281950611753
6.179267600882911,6.704011355889255,2.009228563034552,10.261552175959284
4.493529335858697,8.921182180902775,4.9336604610657115,1.646916096632835
6.789593965981179,8.989781584725877,2.2155502718832873,12.434540059704903
5.12427601442365,9.618971273280758,2.2948969239476336,9.359114804933464
5.910551103843415,8.809349137900192,4.958771471146089,2.117500937840332
9.473183278988726,1.019268274109277,1.5357099726626195,4.094171560542258
4.474923740206968,4.422170497720512,4.04213595203878,1.211153779621275
9.650715074415228,8.366883219149528,4.743251033930906,3.588979527807661
9.148155777604574,4.296277053986268,3.0471799771016745,4.232818234077484
2.762120213103668,6.4139365574173555,1.0100870468112801,17.36399420544811
1.624251707876489,6.456852526370788,2.500235776452425,1.6776921357920607
1.9070020123968399,4.285227736349407,1.4462759695393084,3.906813844201142
1.1639964308639477,9.140265345531589,2.664750643734783,1.4982948981944444
1.8499866468033557,5.529055108475059,4.160107046569139,0.5910313265428421
7.147060960747211,5.183057853437507,2.754846195535202,4.881112629607387
1.6406978361420608,9.977623710957063,2.72770048538369,2.2002010347499947
3.8707806726438516,5.44150327665355,3.2271579076753865,2.0224464266370186
8.60387779872509,2.6055842673572296,3.326762338990721,2.0256098677905787
1.209447421622433,5.617624805770943,4.425185235195885,0.3469579263187435
8.330216343300421,8.326150619679371,2.233421756915806,13.904617888099125
3.5366929729605996,7.991742942084533,4.286685057472064,1.5381394517044564
2.0634834485949063,8.09723588597624,3.263734994768189,1.568584808476479
7.270634488277356,7.372214055981206,2.202118198868588,11.053224647560876
6.660485621018956,3.287960461600194,2.1805041760243085,4.605943814932295
8.897248121743477,8.758756772562084,2.444550068422898,13.040681706816468
7.615639394234972,9.040991188386386,3.490772970479902,5.650400200749903
8.231328373463636,2.7473742695669414,1.9232469254397966,6.113890557212412
3.538311153141758,2.174100728962545,4.68133424668907,0.35102365294904136
2.5969558940175053,9.780444717302009,3.2996503367116015,2.3328527984534984
7.755532764767725,8.81491567285331,4.680063107984028,3.121234368052761
8.261512653405376,9.03912532488952,1.1856174343166188,53.12474107373829
9.91454627800606,8.977387461619557,2.3704454818458935,15.840280620615568
4.713559092202838,5.875181416303556,1.0912306427504923,23.25611315043162
4.348162772135049,6.817615629992197,2.0890072603918792,6.792949831108726
7.987716646677971,5.908265669202775,4.448025889074353,2.385327709444565
4.06723186227716,1.4608571427129617,1.1464388633688034,4.5206915901820475
9.376815930432082,7.709527768174954,2.7445883996629794,9.596850313534855
8.725714766587107,5.547988300022922,1.4702682818929111,22.39460322405842
4.860946246375165,6.829381673112068,2.667362637041471,4.665928466204223
7.757839610123476,5.523758244779818,4.355406337057509,2.2590097322672236
7.7908858667621415,5.426301900902104,3.4922841336100765,3.466343946810486
1.9281148195233935,2.5461019852999014,3.947025381325693,0.3151148353641769
9.1229761601161,3.5084234362703404,2.396416461798324,5.573448017802043
5.547271352030714,2.4296742274956022,4.7775907800405655,0.5904859406385324
8.438117194969674,2.760996660628082,3.8370483751180005,1.5824022259553305
3.880446409275506,9.756796423782744,2.6871952771381236,5.243128219609473
9.059709056465804,2.378021011949786,2.7058592009082196,2.9425208570988906
4.502815108607468,3.4234338187468687,4.674736711773191,0.705393964870959
1.0975388633226852,6.315306919647265,3.305618773741567,0.6343206304092391
9.148437787773373,6.491607186129777,3.825516839612167,4.058064404798451
1.821580091075202,2.3857671676944614,2.668140898052683,0.6104622441550779
3.873822738313734,8.14345683206691,1.8947710590588565,8.786887321742705
9.550557703457244,8.066825811215425,3.8942371679776744,5.080267927434908
9.555464322438006,3.13585933783502,3.4312950885655513,2.545026048674163
6.160940993109575,3.597996724079144,3.0053715216991175,2.4542086321155447
6.686534909528193,9.441890789135472,3.4960837599778554,5.165310475325978
5.036009697804878,8.431043013815302,1.8331423442569346,12.635006914632095
3.638896945282581,7.2801732975627145,4.175754826127825,1.5192928372839316
3.957980908329244,1.7400989935954048,4.792651220081224,0.29984444071221045
7.052666104693346,4.764376728123182,4.5644125766708115,1.612833856062232
7.77137076493912,6.033716848691443,2.2857429812280685,8.974861704828623
8.124211393532637,2.6867015918539923,2.6240230931283035,3.1700443803673144
8.106563285150985,5.034039238974021,4.233609199190244,2.2768364817804683
1.8208549274382133,6.409232897398209,3.3804685232984153,1.0212395040898339
5.449782742323233,3.946390121038593,3.191657774706597,2.111283572926721
1.5180288401497986,8.028503370554384,4.706567870133781,0.5501814773188547
5.94575994091362,8.564046234749249,3.144099843908203,5.151025689928329
4.973774512360393,3.9124852249066366,3.0597547183492395,2.078574411966693
8.989337644824698,8.547914390432116,1.1680743650654386,56.317954330663945
4.158235112968708,1.9321890949271352,1.2776678343605505,4.921786210201628
2.053603147848453,8.539561887603906,1.0296812315226007,16.540419431989438
2.2869251384755227,2.3747538850085492,4.652976903134535,0.2508469135191514
7.85359568545725,1.7463443725875343,2.6335466400708025,1.977499581417366
6.56396256984635,6.775978639969101,2.87424550453365,5.3838184027027065
1.9101040851051123,5.247436291797649,4.381547790369848,0.5220944805948851
1.756961255034977,9.171015403715495,3.4369852415031117,1.3640311012573705
7.30872218313208,4.268702764817643,3.4380063855623244,2.6395142522038393
1.6548670572777417,3.5843703709386583,2.18613771741925,1.241140521820583
8.396740533613206,5.506614155297785,4.335633495698077,2.4597459516374056
7.3561800444084655,5.103515671917952,1.6633199041579751,13.569699608405147
1.7321390257770979,4.099852415954694,1.2125983686917916,4.829665033820244
1.7635394267667273,7.243671688284957,1.7664134300741292,4.094107252464873
9.87975620651058,7.836056505225175,2.0709488750982588,18.051156504665435
4.368437161805083,8.67685572127123,2.129244231416827,8.360601243299108
4.335779323602019,9.755709442393085,3.6820543944750703,3.1199355817588024
8.315196105317522,3.39990572919254,1.871298349314574,8.073341109359525
9.525237196454729,7.444841342409654,3.706633217979938,5.161453501314421
9.874009574405838,4.548324119461707,1.364528692935199,24.120127815368328
7.780403667330475,7.093737747559973,1.588809844391636,21.86419109501891
4.386336269778242,5.283835213142983,3.03528579396398,2.5156603755659876
1.7515064502880189,9.943957924911384,4.68758321030657,0.7926346233079127
7.994322243346931,7.560119222116749,4.438270355244455,3.068193796274538
6.025638247622245,9.57242170390892,4.875013769771213,2.427019045402219
4.817998083222786,8.514725945330671,3.6019162611126836,3.162059759337019
9.157189465852625,9.12610910047034,3.703259465664368,6.09367900377817
2.000777340755362,8.329772774932074,3.500091995725968,1.3604199624862847
5.433625938617732,5.132432173383203,3.491275691432789,2.287940189025717
1.1021828029067717,3.2660960801219594,1.5884813802703386,1.426652921009903
5.217945777947136,4.3328815790547,3.1749558246557146,2.2428540182859837
1.5067294811365362,1.1821260937595541,2.544271733806903,0.27515163870220594
2.0693612464126474,5.715938507182004,2.7701488631091737,1.541408124398538
2.057736220993944,5.5455202024336785,3.0944022922369494,1.1917315740067442
6.842892719044572,5.727254183474394,1.5135846872090064,17.10695601384993
7.71440391338881,9.766281024748574,2.4379509354084794,12.67598360842689
6.250318885874437,9.203086031093553,1.2537982435064143,36.59151095248017
9.659552936270877,2.455415004970972,4.918672521689596,0.9803611999477807
4.373835215713337,4.319942694003003,1.4741121152805046,8.69519591303779
3.571408776536747,4.815605615169357,2.034098954179818,4.156677404825708
8.817392153705143,4.244796260664829,4.565171706813588,1.7959025723657176
3.0123625466750736,8.186463672435217,2.9308401849565673,2.8709081829601124
9.669002854965502,5.7163390288082825,1.5425488060825212,23.228536002313742
1.109390272208347,6.1488983527446255,2.5369221521573957,1.0599060858325504
9.728909440368751,8.67712203089133,1.4634719767655433,39.41586343080088
1.388439207555185,8.253353380738227,1.800863988338007,3.533421784949205
9.02028802328264,2.1899037053826973,1.20811938779938,13.533985774710443
5.749309981776698,7.425231256752708,2.7529099781963997,5.633025135782664
9.936683165073703,4.91892516011832,4.226544486901039,2.7361554551438294
1.6641690826185898,3.651840127562504,3.343876714799582,0.5435114424174076
5.984688559611887,1.450169388119677,3.425381221938447,0.7396775932228011
9.72372282057189,5.385246043109059,1.8023361203329613,16.120056068685116
5.707880597531339,4.198930126520782,2.375575373009466,4.246937780844272
6.664587743217362,3.2636173570876075,4.380968415363328,1.1332670976396921
7.261738200861554,7.252045566372618,1.3514247373060582,28.834829212054114
5.090869582909959,7.925368485840283,4.431722614674134,2.0543114924432127
6.648022720756571,3.203105671264823,2.9347601050591425,2.472398936429855
6.258828807307902,1.4450269301141252,4.348589725300469,0.4782689017805953
9.110422094418901,8.638774305087114,2.2720256775776013,15.246289288625418
1.409017423073121,1.0896376708387299,2.355371806332083,0.27674483744065054
3.528668706330073,9.434012445293249,4.006419473292571,2.0739319137877072
9.553703356689029,6.648578865844353,4.139984693568881,3.7059802978313927
9.012374055018247,3.8966197168118826,1.918578711960587,9.540430885148236
5.100910775071417,3.218301186190626,4.891485299287622,0.6861086694238333
6.581193380213831,1.081050978380277,1.3379604169793158,3.97433339494653
3.496430646830194,3.119242753097894,1.2740118524085235,6.719348343512213
2.6930904375138516,2.23955471365427,3.382016861144411,0.5273040147059457
5.173285644459839,6.509495986508311,3.8909630710864858,2.2243319724211643
4.180170052234475,2.498910297344212,4.843544516899895,0.44526445254103225
6.252905006657849,5.7576685378295736,2.6197831231954463,5.2456318828964275
1.6996117326848634,6.311047801100237,1.1011656359585325,8.845978718387158
9.769553268995498,3.6823752851222307,3.411585357785628,3.0909378215732386
9.875896700316426,1.3155845411684683,2.1587840823950875,2.7878980362479218
7.2834554261777065,1.3352849255277648,2.731788484781609,1.3032186092185183
5.824867297097083,1.2371259897452584,2.953877928999741,0.8258760628238576
3.78574854657695,7.652122004228916,1.2580504429521353,18.303643146211538
8.324155177362538,3.862087343328683,2.943927138256411,3.709438241260262
7.162580552984913,8.166701673708973,2.705278667217259,7.992675751997585
2.463552454104022,4.885595414585643,3.850177061146373,0.8119287291593407
9.198344660444583,5.076982907469675,3.5826636448493785,3.6383402110985097
8.402835186308522,5.615943422586164,1.7408628726022441,15.571105343875734
9.548199219627316,7.417283107375935,1.824555672841588,21.274143699411876
7.531475575495239,3.4615257924673637,2.004024715097493,6.49144672867353
6.520736763422109,2.094286145801742,1.7158017611887093,4.638723322231973
4.76418732661557,6.004516016723153,3.6288527986738686,2.1723416731218324
9.39455635018612,3.9427986091846536,4.977720716801082,1.4949264228579362
8.794575005503674,4.982421823012336,3.6084333620637463,3.3652549469695527
1.4069680309557047,6.822520375035748,3.426726184765165,0.8174670653031156
1.2373027704752682,5.447131670271435,2.63971173340429,0.9672324380497006
4.388170301902447,6.582509353907586,2.250321035439043,5.704085137833753
8.294979977036496,5.89780001902265,4.644295027625917,2.2681187237783433
9.8854851638345,7.658167347424892,4.8760074965686115,3.1841543499650022
2.3537520199317536,7.35342955940458,2.987104702350911,1.9397678242426863
6.347176438169216,5.807709026277573,2.16080198202623,7.895060845944918
4.428017709679194,7.110127187737362,4.080488830679071,1.8908728751860968
9.72922958033143,8.862036420453514,1.5298271634675138,36.84064678407561
8.579070308221379,4.890441590093517,4.062352950574726,2.5423362852985787
8.54495834240024,4.714867654739143,4.275793497245354,2.2036672206330485
5.218238438154732,7.878210587671421,1.4996157785086695,18.280644472537116
4.733375521038987,6.242984533377946,4.907445875186255,1.2270215285070645
3.4606636473763563,1.6390610220032968,4.942049161553914,0.23224180112344267
1.507379469858344,9.029008141219732,4.746877917309405,0.6040133195893026
8.782501386295479,1.2770479201387612,2.9841392376250573,1.2594683400809792
8.316109082170698,7.735567205887688,1.9842965691073138,16.338010768035684
9.997459059575176,7.829147284338816,3.328037123527652,7.066880920368113
9.969731533665149,9.577999767537374,2.679735353885743,13.297637018380616
5.998885350423647,1.4872096756208868,1.8237945788687884,2.682198548740957
7.9208867366245945,6.371711747060418,2.6947056384713903,6.950359383988151
9.502891568941852,4.8505651356434765,3.655559342710362,3.449375209948183
8.646826516096702,3.9756965937358784,1.2836532431439642,20.862893188220717
3.226132915688779,1.8128670426916573,2.333672005784066,1.073911707227651
5.054897217790842,6.063887077041783,1.0711795600513008,26.713997476144794
2.162434736363455,5.311366531071522,3.9979820218467026,0.718567561706268
9.586459245328502,1.9409901233592184,3.5627650704668032,1.465909583789358
6.455571710057921,6.512405563873751,1.2506885388078635,26.876815394928407
3.0577852495311646,7.641578082276446,4.858950238407871,0.9897035628702925
7.045306159652711,7.905504709482834,1.0904862285084027,46.83700341016512
6.5631541641210625,9.148358694361846,3.3598425859043544,5.318852282700957
4.223464462295564,4.685236676998995,4.105469847196224,1.1740177012556088
2.022018329796661,9.577654917599233,4.151585252178892,1.1236119580350932
7.044158760335196,8.788864645744175,1.1371405423728151,47.877738045282115
5.68276930813414,3.668514139215451,4.625660530561757,0.9743224478700054
7.950865525620754,2.4335473361451263,4.673806687708488,0.8857531698576147
5.68147151000794,4.918504565152121,3.2455614926174907,2.6528593685018356
8.669633502866862,4.6170883716037,2.9283327955485845,4.667970072526864
5.9671615489703695,6.181473747980839,1.1794698522503992,26.514664464582214
6.0484417438184765,6.250476090949732,3.2478165700394745,3.5840463207134046
8.889882423925105,7.7498828594197775,2.637516327080923,9.903776745433348
4.631345795911574,5.589009533850492,4.091225629634625,1.5464475548520091
2.2061370560557667,1.94340376846689,2.6155342675443514,0.62672165538315
1.2590440868200508,8.724622019977955,3.734323333298839,0.787705217448902
7.796235301062571,3.7878812486666837,1.4056325849501232,14.946436485342733
6.582785962181182,9.741677142759329,1.5318090830638678,27.32965728644403
7.336717912893012,2.0607409781179316,1.5588407625966334,6.22188129350645
2.9166774535801965,9.62426055009253,1.182101999198974,20.088424292551462
2.2273432802809277,1.8191062619426528,3.165315437079215,0.40440008046321496
1.1309019910109375,3.0793252415235353,4.175870904174544,0.1997038338500507
4.155288029259372,1.4192194787788743,3.4416448147746643,0.49787302856144394
6.309259181691698,7.3460183197509545,3.299819542211425,4.256474099716516
4.530196405897591,8.652688629146127,3.7224957136109458,2.828783396245024
4.937274298213562,4.906639736343823,2.358581292288059,4.354815183572783
9.137428250443735,9.356698675381868,2.4478162865929156,14.26885035501218
4.134299203209704,6.312691645800396,2.2570803928836902,5.1229772059947765
5.625905402438297,6.670064219018709,3.8484357314143023,2.5336928399859366
8.052877114670288,8.608772815306928,1.6465613426830972,25.570339184114548
4.568885040891431,3.67120184546655,1.0521011212516975,15.153171095113306
6.598780302050861,4.188391491948632,3.3847857868899696,2.4123957833703487
8.761273378720706,9.153567272751799,4.769525458936822,3.525390800581654
9.54568561291878,9.108671464348873,3.437631667985219,7.357723815806644
2.323661328361341,9.788344985807838,4.13168661176358,1.3323776898456836
9.339288626453449,9.11654484797504,3.6911628378641206,6.249102677372381
5.429046637715844,2.146348324300248,2.989746614092065,1.3036319946231314
3.324199494690625,8.413518575232885,3.873569607135384,1.8639832609275895
5.132221806144352,4.688546302986347,4.296416495420887,1.3035595519524121
9.820293177569294,9.91721220351344,1.898926576686792,27.008328927523458
5.4335628459358265,5.25052867895921,2.344521921932582,5.190140729829575
3.958764492587574,5.9845247425199855,1.8949029300131355,6.5980469040583065
6.700607688850532,5.767974237311186,2.808691822361764,4.89924686848031
3.1613105690037377,3.8956332687245,4.540258203666671,0.5974260089789164
1.6827699529779752,1.6751988000362634,2.3808284033413294,0.4973188399613961
2.159917497195843,9.060861073617266,2.4978675565222135,3.1366627022046987
2.152412550619952,8.22408231273658,4.441468938687727,0.8973455339623111
2.3671242416106493,2.2557410250370236,3.061497322978701,0.569695151219225
2.2494445538446914,7.990914442150656,3.1417959985897377,1.8210245848286288
6.767872703228932,6.63261999445549,4.443204813328851,2.273760049231814
2.6369207595923037,4.6822940912586,2.962106948101893,1.4071950459119233
4.111005549914768,3.2861903418600646,3.726230138517581,0.9729744358044534
9.071095689154106,8.737559051520092,1.3425786634962429,43.97140980175418
5.265654762365851,7.301694333646477,1.7145268525075412,13.079388723938084
7.008019646689244,5.929659185222231,2.6175048028649823,6.0652690235560245
2.5508788408146685,6.486116805086177,2.9793562712794994,1.8639305148154393
2.730601169278037,1.8195956387396288,4.862934804944918,0.21010494045995431
1.3678175463983098,5.265277848200728,4.88260653219116,0.3020967191576298
2.520415567649481,2.743302635071318,4.404788349915046,0.356365606869119
3.5073130512876274,2.8754531110794286,2.262395341142298,1.970352030809272
2.5930943584907213,6.9517356605818,4.856113163329759,0.7644233996667689
1.7983228038135004,9.201305366508592,3.7573634587048503,1.1720622560320424
2.085722839905407,4.633809494305119,2.5717605112696016,1.4612809575854369
5.147008912294532,2.8697434571097133,3.8066996679390654,1.019297047419755
2.8570034656521326,6.838722435129888,1.0660909191461063,17.190846256452495
4.278428749432679,8.84068341715286,1.5846187290968543,15.063315532359214
5.530755437693712,7.734869210102417,4.3187428462254704,2.293626717524393
7.213553457664288,8.818815074829285,3.5822945474926846,4.957205311015967
1.3538092585698904,5.828992039097194,2.456778805167536,1.3074311517184944
8.194693590181384,7.766886199322718,3.002666560890875,7.059361894142774
6.6511035054181695,2.2605810342304284,4.620568598583068,0.7042436527713382
1.7358312875398472,4.134471538268723,3.526312437916346,0.5771463330727423
8.862207616960994,4.505942480333702,2.592597135737321,5.940971785714099
9.287851604786319,5.601661716214311,1.48130662959014,23.7105819365563
1.5497016386937736,9.361687242311413,2.174987206502244,3.066823672103437
3.4918988333248335,8.868669041999569,4.913360931186333,1.282811264507224
8.255811518137552,2.210729430602661,2.74945225140711,2.414365399160629
7.734337213452926,2.555106866942169,2.8873578553794434,2.3704508020928436
2.6606891742073957,4.218764946300202,2.9943921295880616,1.2518783423227156
2.8841439100303927,3.616694793016065,4.536416091792844,0.506877510800516
4.334248925122438,6.532938578406361,3.4157131375412395,2.426943382809616
5.360706866719192,9.124984429880904,3.7747081458076885,3.4331077584017704
6.564292943772664,9.66062387505328,2.557654170196416,9.694144401734855
4.320222756127952,6.882426572817039,1.1163504743558974,23.858690549409918
5.162812445198331,8.54343281260978,4.723891656971377,1.9766004948163025
7.727238443203809,5.726819802077174,4.796510723665626,1.92347697583867
1.330148826015381,2.8749425217403575,4.796612213392205,0.16621116132023198
3.2719324990961867,5.722195708841296,4.7747483465868665,0.8212323878666568
7.420146272960972,5.99574341293886,4.260967764278244,2.4504114230146627
9.056861539184794,7.682118077922009,3.7383842004653074,4.978412075608079
5.6050969790409955,2.978946907366142,4.378039673069143,0.8711370975321863
5.789021367387841,4.314793438780585,3.402184956004145,2.1579894765242806
1.9645481020579845,4.276247222931097,1.5374784555680945,3.553917930567124
5.026711301411092,9.634956361670485,2.564872660165684,7.362106210530475
5.793555398095209,4.99550464294047,4.88517964789175,1.2127281337449471
3.1822345327125667,7.795845705683318,2.4045512543826253,4.290692012382718
3.4231890785444286,7.7573024323699515,4.471311654925477,1.328225237708951
4.395557467941604,3.3898976632291724,1.3728458830994783,7.90600307007125
1.1806407799995373,6.146827204345589,2.3367353695018784,1.3290757075606452
3.8987124902486046,9.048726039867834,2.4038132989095184,6.105302431743931
2.9030320629689017,5.276779475112545,1.2064101724359206,10.525210642328323
3.9474761696012317,9.506057566082914,1.4763773207470199,17.215721421742856
2.077859186373261,2.930124063917454,1.772660844487084,1.9375406286930243
9.014745526659055,1.6674319519662766,4.351262363240451,0.7939095946594132
6.342332081986438,9.023084858302743,1.2536079597592256,36.41501871488545
7.111920872300407,8.62913078165995,2.194803605377549,12.739800795771139
8.102541147466045,9.933308883404603,1.04070001035707,74.31287573587029
5.485979790361515,7.114541393011835,3.782510981612099,2.7279770900468887
1.7822825927868133,9.430191340004345,3.481212360173519,1.3868709026651889
5.83395887636693,8.442541225756997,3.579929048212567,3.843153356834062
6.281570062187912,8.599836998080782,2.497531138858475,8.66037314129274
7.70895526765897,6.122274134088414,1.8330712850702762,14.045900544474204
4.884935916067114,4.4412813812503975,3.8812808531441334,1.440180811414407
2.148222725160074,9.411022652889537,4.2444714909627805,1.1221964319524833
3.55398315218852,4.88905458054305,1.554405992392807,7.191364910674102
4.267740667587716,5.8493743052470215,2.9473177117496854,2.873780055703779
6.8132551719844106,5.01502876412669,1.99486272791545,8.586220767520219
6.137004742020207,6.083364825641774,1.6724274448245349,13.347678874462558
4.204870533080616,5.234545710930945,3.9373012539799963,1.4198234176544586
9.878637239136816,1.431708027215283,3.152387741891348,1.4232206533107923
6.451973374211985,8.938433674069287,1.864741329514671,16.585050391409066
3.1350411256239505,4.999544370241928,2.2400000448461803,3.1237596824164546
1.9160422535836337,6.300492836566138,4.866614685310969,0.5097129641535479
2.375732252658988,2.252690224821883,4.394718258834226,0.2771002336368397
3.213619555460573,1.0304906318437523,4.519786971492513,0.16210730193651185
2.446132359336001,3.2076108427927865,2.840048388322832,0.9727699507565871
2.679103216461752,7.341274289200152,3.4952290556835,1.6099397097779389
3.565856518244624,1.8927507710159075,2.5070709608176465,1.0738015905474292
2.560362357652793,9.17998696347821,1.3108479027555622,13.678513106900724
9.070888821637826,2.9352031242056613,2.60427724262713,3.9256680486291127
1.7221037109547799,2.841342528625982,3.375923012828579,0.4293365145344414
5.720602506132292,2.6335716545934598,2.1485770830725257,3.2635106390968933
4.693571442906954,1.1258354167422828,4.3918022989096634,0.27396354428801784
9.841407552177458,7.946249216304111,1.6044006366983945,30.3804181748696
2.008350119512471,8.875310781207327,2.4685163577476796,2.9251690992096275
4.580700391411675,6.527464323545789,1.4996156212968117,13.29586149127192
9.72523389947832,2.6937998351187606,2.6193285359409013,3.818435232430944
8.789564133045822,3.567501972467918,1.1586452198970818,23.35772885742186
8.353648638543518,5.28334027628467,2.0901975802465818,10.102063772416818
3.3211254434044584,9.589113564609708,2.6029410204547347,4.7004029113533194
2.5379882865105925,3.2261623463596854,2.9126614531067663,0.9651522221037134
7.017788979319879,7.584813135278992,3.1747854339005674,5.281003224195024
9.364383902148273,4.955034009636282,2.0999645191596756,10.522088140093334
6.010866037125368,3.680626135240196,3.0921653384594894,2.313840078850847
6.144514205229099,5.103243433199024,3.0360184862482393,3.401927192709098
3.5198118429425573,1.6408604578710928,2.2647122035048337,1.1260691403804457
7.925436398727432,8.188186338373262,4.320801322625913,3.4760203317353553
2.6833937370177106,3.189717351846704,3.1825645063742605,0.8450495459936475
3.913113127638193,7.528709108736734,2.32907887498618,5.4309340404160835
4.828927947547751,1.6151353430337525,4.789354048323106,0.34002101538184343
5.568493408160095,9.595887005491175,4.380449652284645,2.784745104854969
3.181687591735722,2.7371348686512875,4.930351246207204,0.3582597438280191
2.033531422652832,8.944678685863725,3.768935498581683,1.2804959873972372
6.495580381974693,8.28525888653891,2.5128916220241875,8.522686780994635
3.597674979162302,9.710739316732743,2.1234426667160493,7.748062986251763
6.231143992803511,5.301015948511747,3.653271374697924,2.474930627975552
2.389264437467821,7.546575644613564,4.923266329981215,0.7438878894850779
5.330260916693358,4.3363959133400565,3.506860320415395,1.8794919006684527
5.793304892964272,2.6593141421772444,4.526459763959353,0.7519322294293828
1.4664118314018422,4.98768339640104,2.3164137241910745,1.3630838592274306
4.029438503745285,2.491741138496094,2.6278151298970225,1.4539780053492377
2.209732092450768,9.838401605077456,4.625100958357413,1.0162995549879095
1.5703747342549097,1.8662184202664474,4.027466807831275,0.18067656751842165
9.909642091509507,6.302905511073583,4.9256412814716235,2.5743832733788987
3.9011846047725065,6.6381746972865034,4.099056838928968,1.5412649365099171
8.288870012691714,5.842715885866488,2.794062828872927,6.203513933483759
3.2917658928738747,6.959672971406502,3.1242720792894523,2.3470377705441976
7.133524500015364,2.0456269751070186,4.602061969852547,0.6890102366091118
7.842050739007179,5.99516671784762,3.2065869443921917,4.57240691277911
6.360748665470599,3.584913140146254,2.0215894966577808,5.579572536798615
5.244185696951425,9.46158456970951,2.7424792510797977,6.597132947949569
4.706568227325417,7.858644880957532,3.0652639553964716,3.9365544793492915
4.139814398886958,9.752630339437683,1.3868793342045183,20.990620665127526
9.365762298230432,1.338004627661706,3.975050697011561,0.7930770872544168
8.475574670089562,3.566198576626378,1.437415733419892,14.628839947293732
9.685242195998613,2.758803279745141,2.6196708534752227,3.8934783380814575
2.1186750113699024,1.1003912858064746,4.218489766161618,0.1310079005867251
7.577807276832798,3.1809315722168927,2.8702814464531876,2.9258288311241656
9.44506411138934,7.10898385168386,4.368062078874032,3.5191261400901297
2.6310975954909415,3.079800299211117,2.36752528822446,1.4456736373221268
1.5984664063009975,5.5810310093435636,4.830545175993741,0.3823187987246968
7.670085843610531,8.990363034684988,1.8378737272209422,20.41484630870276
6.170258018619207,7.243821283141677,1.1530565799572052,33.61784072228888
8.576458990824449,4.551661629154288,4.489706171961674,1.9366098892024806
2.2579513896366055,4.352220450208975,4.008810863801633,0.6114970129415176
8.15740580673901,5.101622326076362,1.9279353482694912,11.196323547721294
2.8146458804297008,2.5933729695391574,4.938966428546696,0.29923789723228283
2.4729034857913406,6.706006906743893,3.0091205170741113,1.8314370657008694
2.4783921813789362,4.277375371941449,4.804261760576654,0.4592974888744125
8.33117248208244,8.671288143358392,3.0201150855479972,7.920320546477499
6.986774986265801,7.808973940520347,2.887498347085164,6.5437581766457615
5.707588822922074,6.494618476829441,2.79655414857786,4.739798256990231
4.229474357111522,4.277820003845645,2.339501104531801,3.305692055560216
8.894804867317974,2.8893864850613595,3.1348059887062067,2.6152952593665626
4.532005966803719,7.985366776950606,2.8102186477942714,4.582527912274985
8.349394955244193,5.377681890919779,1.1469875064942165,34.12972106980314
4.952214177131966,3.0227503435962175,2.04174093369401,3.5908761521435
4.392499864824169,2.756571535360056,1.8524912004222336,3.528326094896268
5.164118071026458,2.4886081405122313,4.469742409284266,0.6432616934025046
3.7124008674772786,7.994450765850355,3.3954799089073657,2.5741933707788784
7.72848442158626,3.060884667702805,4.05473240179891,1.4388545903577838
5.5244835108323125,5.739780371726777,4.827304150997122,1.360747767326094
3.0899142563213555,5.063917248757508,3.57615709010564,1.2234883900099665
9.096171159471115,6.216498093054555,4.9304399656189775,2.326125157636849
4.455020992358903,8.894394103340748,2.2470562066085185,7.84762518122882
5.891975750025898,8.809726510735576,1.7450687292515754,17.045050983963744
9.158248998680923,5.059684646423737,2.613239551971646,6.785431198027544
6.618141963225929,1.1382962566125099,2.883197659743232,0.9062385925929896
2.0520823663752767,4.837994251428729,4.58144617141034,0.47299326833898403
9.458489112521276,6.455741836817263,3.2397617561467054,5.817572095690062
6.6493724776427605,6.019882831882556,2.168723997672068,8.51059903287032
4.014150531913775,6.86202495220185,3.9705371314700835,1.7472193228253217
2.2534486539704854,2.3866815922577516,3.0233277485562837,0.588398680625941
8.146226703432664,6.8188158890265935,1.6485277811006807,20.439624633645842
6.580654803356621,2.64386456869395,3.3072791503650087,1.59062062191334
5.801149827786894,7.754715826270741,4.645578147229136,2.084492945167829
9.045033247458619,4.05178851936412,4.370490469903281,1.9186536402171948
8.097374901020777,7.389058900433082,3.3472398905413243,5.340226757779161
2.365073917594761,1.430790390154964,2.5083326955399525,0.5378367265253259
3.805498610159934,4.67074023031822,1.3479150042568446,9.783004795170562
3.236402258330192,7.3453107003699944,2.878595693326495,2.868873003423891
7.695516633154092,3.041834646983447,4.008317750118317,1.4569649349384246
1.3017919126220145,8.157583403175003,2.4410948789320424,1.782106985769085
6.129007163841849,6.6770175979443875,1.9417873022066576,10.85348814495024
7.862128171666215,6.288055949348185,4.725518877083814,2.2138975114407335
8.890890730855745,4.181939687839034,4.28622280183197,2.0238277814773724
4.078735738443167,5.342063233430058,3.5531024776805786,1.7259138971087766
8.391315742048116,6.376143708800678,1.5471333756820775,22.35283690661364
1.995685632596865,5.252159025234014,1.579635361624692,4.200648123526928
8.618070625610663,7.284819915465041,1.4128783658231159,31.44990360652912
2.147397960987842,4.9032723979626365,3.465186667570973,0.8768903438136291
4.575585615043305,2.820458635678273,1.462251185893344,6.0356278843246045
8.175658292015981,2.925404045209425,4.370508795450532,1.252116077235182
2.349256846138964,1.0522339195864698,4.9718600072772885,0.10000115480720144
3.0632625570937733,3.708619440028052,2.465392738834661,1.8690644098527853
7.500273115537596,7.7402587643066765,2.81467938786839,7.3278183059313395
7.480328828914669,8.147464379538485,3.846668707942715,4.118827377463114
6.770328695967676,2.82220787886175,4.748612025303063,0.8473549639758551
7.2455360002039,9.63139597184267,4.57637509422554,3.332088517860338
5.884519990128366,5.521625141321141,1.2303673149993943,21.463887875338017
3.266191530162575,9.252808741166524,1.67628721022706,10.755197024386428
4.111263941535275,7.36088753675468,4.01838879423117,1.8741382890648246
2.634379451212831,7.501900807201718,3.755572432129789,1.4011910759436355
9.176055052002654,1.7653925917546403,1.532874376160493,6.894204811827298
6.250526152895084,2.979920142072376,3.0082583280062707,2.0582159861049005
4.607662750872759,1.0793334996502537,4.123258524341182,0.2925197609450193
5.1580522327971945,7.4451487642906375,1.8751227290507746,10.921938317066598
9.525550056506338,4.09994459585659,4.4851505429386656,1.9413954271097247
2.380162628044722,8.079872644687121,1.2118870992814719,13.094436760974764
6.276068488151175,4.0504259794332365,4.128780340272296,1.4912306382086586
5.5529981099601935,8.37400377068975,3.463275599159481,3.8769176096477707
6.503088118911831,2.176284283734817,2.2607973866173965,2.768930019066061
1.1629916543875645,2.5603584108175736,3.8837301933676454,0.19741459605832437
8.849115180497364,4.067888856255428,4.129463180604638,2.110968389720037
9.38906454235251,4.67638649994046,4.7355958852158775,1.957868204393697
6.086198652302881,4.138325297586805,2.4710986886170545,4.12468292606367
7.26985741489203,7.872823292708979,3.7440669439198198,4.082904164482064
9.302494430595662,1.8725625336404323,3.4104651077387635,1.497643779981116
7.3651477088205874,4.160953176746393,3.100824277828354,3.187278244888666
2.3728513862283522,8.535159995639134,4.561665896620152,0.9732743051701856
6.186595241501319,1.601173695359548,1.0126692565536013,9.659505607249818
6.460435417445703,9.481091569042217,2.1284464244143906,13.520560148838342
4.817176041721474,9.876851580448117,3.1531089581793204,4.7855635584412965
7.627998120622506,1.7971135644257208,1.7131730465462094,4.670717855239499
9.409303132921133,3.621452700301633,4.631466134931033,1.5885587887901067
9.330116616160987,4.351605994318206,3.5903804704520614,3.149602107788079
5.057554342637189,7.987522317874535,2.9115319785279596,4.7655114079095675
2.019142412566797,6.363341309050604,4.258807036266618,0.7083962336635472
9.863570790661012,6.7992913044331065,2.803544765860415,8.532628232674021
8.550082778013408,7.817588405366553,3.234612047720038,6.388497379143715
2.1219641308294017,2.0618109949332313,1.011003982215684,4.280368478909472
9.28757694355635,8.498885112192362,2.462802120780294,13.013836477962409
8.829067258559155,7.3505782376212965,1.555161889403879,26.833981732598698
5.669542514134649,6.196075526767332,3.758754722649164,2.4864329114867987
6.321478921704363,9.00761801304751,2.916107835902935,6.696093282239174
4.591024334831173,7.302757184954264,2.207030229000923,6.883033642070186
1.492854749398282,2.8152996636792285,2.8713293574869696,0.5097722140676488
4.016775174813109,4.8677084296810005,1.8385195518053847,5.784496669390939
8.225681037382103,5.4463858024216,4.700346529944563,2.027778493691086
1.0416882070414257,1.4969586407536508,1.215890530203652,1.0547720107914367
4.001492545220298,9.591737620240501,4.461668141184481,1.928078774656477
4.58351824231849,2.157195347171906,3.0454351549334038,1.0660798275312604
5.836560426441306,7.2771514050405415,3.475785984555269,3.515704311405459
9.278700547714845,5.556079324817921,2.210422483634815,10.55127683141432
4.1171139492936515,1.2306902489598033,4.866790467177285,0.21392244285498976
4.122578817066049,9.322727282779255,2.1274038340779593,8.4920408028002
7.637511232987736,8.6665312793704,3.3555119885612172,5.8786767616334545
5.069961468008264,5.71832135113452,4.973666820428516,1.1719790223837656
3.021443406459838,3.060481025255007,4.524377585533783,0.4517378400540481
5.07195564519424,2.0946060161208484,3.1453193011444243,1.0738616018348603
2.2677131834181985,4.27053231488914,4.961498091868848,0.39340917119248353
2.58748287855601,3.2988545294148146,3.8054794469304585,0.5894159555868508
5.4853099546553175,5.5602208090566885,1.8348016645672374,9.059723864436824
4.770329045540931,9.69768366511086,2.6223848417432256,6.727032074209471
9.2336131096129,6.174581439066772,2.337973336046204,10.430378991705242
4.261545092049698,9.009379503010882,2.3760548330847566,6.800628508160656
6.225295152502391,6.857909537461995,4.041825757439465,2.6133436629350815
6.690378591275773,5.2772187392848044,3.3370517090911744,3.1705157680576455
1.1178501092950026,8.691468064600341,1.1523708463581142,7.316311490029434
6.971836348150395,5.242312991556978,4.509793934603904,1.7970358235622022
2.6023237018277627,8.817653534593248,2.1871845619206582,4.796710236986597
9.649632857225097,3.6241909261818877,4.988299507652575,1.4054545815613508
2.3379645497780164,2.159317663866893,4.8167629213391425,0.21759249750356682
4.731617113543214,8.697830179266445,4.762122866727861,1.8147605306193821
1.7681470127077947,6.286736474134001,4.244510416255895,0.6170046261852161
9.971868266613527,9.001831584240641,1.8824533267341703,25.331387689522742
5.519755092981184,9.440444862931448,3.130530976115128,5.317117505586979
6.358465155880394,1.4826555133430426,1.8972105072998984,2.619156867439426
1.6036882964958474,5.508723716729815,2.038701822355797,2.125511842146749
7.7496442335926,4.374680941670763,3.4438070777451095,2.858581121424147
2.889150337860272,6.632725573631054,1.1633341814122535,14.159671967342598
9.082488604966423,8.142320774820911,4.8778342672828305,3.1081286661061736
2.8462567643380643,3.5253119437693208,4.674692690311858,0.4591615317682308
2.716189485972999,6.011185459358545,2.5230702886308793,2.564847169721568
1.328947010632854,7.3785572191440965,3.0616897920276522,1.0460603518578413
5.248602505989993,2.209879745521606,2.864477677071036,1.4135834133568057
6.083570199363548,8.326602153561401,4.528799114469879,2.469791117618497
1.5913777548551713,6.454986398676757,3.754407505264444,0.7287621286293691
7.9797485502550956,9.545836934022866,2.112444989697426,17.06995598364398
5.079599512732249,4.05576027217624,2.7873650178611875,2.6516369317795907
5.7195124239482205,1.9733134810347879,2.715863902747055,1.530167892568869
4.966864722444053,5.558510809332327,4.8373406731356745,1.1798517426642188
4.606867547877934,1.7722969453849498,1.7012436420585586,2.8210396137737126
6.036762981773961,9.725738709916062,1.3583053491777162,31.82232452805113
2.3971622133764123,1.3481646243147238,4.522475328646761,0.1580112241594905
2.63735317445744,7.781535109965772,4.586743958023483,0.9754939434657278
8.756070589121656,5.725921583280196,4.486956351648659,2.490295939795229
9.515039159202695,4.317585872484598,3.0439076625022254,4.433927791823569
4.359783846517777,1.592579480577892,3.638977713077842,0.5243331091657903
3.436702058291984,6.59950231756247,3.2534521902439355,2.1427140161590352
6.795995889151142,6.266982964518597,1.2777913042176037,26.085055499170558
4.678607539882868,3.527949457608398,3.3833395876028898,1.4419419949974372
1.2284772009431038,9.191995312692809,1.0544565890244035,10.155925004894584
2.4053733762957132,3.736990066085532,2.2999496382283446,1.699291129105509
7.443750059626578,5.047528695328955,4.729170303492668,1.6799666922732712
6.930315477191362,5.893862103267901,2.2161810785432303,8.316536350351242
1.2438639325313514,1.9020869035865748,4.7593065705769915,0.10445178565820018
2.997749457396545,9.389455472922691,2.000535828596977,7.033039753659039
3.0796731692926427,4.37082537205937,2.25824896184613,2.6395168958693973
7.047034692388555,1.7270129248690926,3.513629985754214,0.9858025740009662
1.1773948397892773,4.485620563077969,4.046507891157179,0.32254022069256794
1.9369772378611647,6.401822923833226,3.005551072019536,1.3727136434613747
8.199244768358703,5.622874046391966,4.528462748776622,2.2481775545587563
2.6069019584890025,7.250877766335466,1.160961686442477,14.02424554803178
6.874714970666872,1.4993554786111956,4.688779354537482,0.468856256276848
3.1436450294205387,3.5608654924485053,1.7852311995816321,3.5123689852746667
1.8949725348341064,8.37307519156092,4.536954980338624,0.7708306438416987
3.1885497189950867,1.7190431901222478,2.603452717945522,0.8086872428495862
7.500402386700932,8.699373592263619,4.33102822348415,3.478488064580427
8.701268212956572,1.8270648286939561,3.6866621992147803,1.1696874259568928
8.471978781102925,8.510087934025266,1.7037665299130484,24.8369774062497
4.5746517665660935,4.2470956097085395,4.672190279525793,0.8900389954833828
7.012766229135815,6.509881569314942,1.9820695619538387,11.62049599053219
2.844858658742389,2.3759840408319834,1.9765604747799963,1.7301509690299688
3.6383295723491194,1.5955184955266275,4.256715586549522,0.3203720439807828
9.067022366690077,2.9434438361812156,1.4234930222900841,13.1707272221402
1.1170173115966242,2.15068436117826,1.8881436254818413,0.6738551123493965
1.7695767776902127,3.8116530791166863,3.0147102936842494,0.742149858149793
2.870976296314246,5.629449218599182,4.321908114746497,0.8652556700219755
1.2387898348643773,6.298835172085086,1.58993589894907,3.086730023801402
2.632918915808176,8.108812966417686,3.1906729380493855,2.0971533585531277
6.247374048727229,6.906159039235227,3.844962367211758,2.918434143445275
4.792820955332481,6.478824926165977,4.442380898863805,1.5734605677486921
9.034045399692774,4.706038247371971,4.742262240808879,1.890456065746778
8.356992055645968,5.2642759146412486,4.13855965787573,2.5685628272060055
4.076356165280884,4.73068746451163,3.6113135928880076,1.4786519990632734
3.3348109008816325,8.579494270552448,2.7344803412510634,3.8263376404563463
4.417231673505402,3.070004072935599,1.4484406167536785,6.463797464720447
6.31265448263327,1.0514883838776816,3.838948770102085,0.4503932418853033
3.4125727674058863,6.861879075036153,4.970949217901948,0.947646423925093
6.617340170642207,2.8221596527494826,3.9470423789283995,1.1987302375697888
4.684704869721164,9.011036226788283,1.0668443749509051,37.08982877277927
5.968424627667822,8.731416967359905,2.985039912167355,5.848495464381248
4.92513876221785,1.6905463473538531,3.4585865299316154,0.6960625388320655
3.650191835877259,1.9574956487266961,3.758696804411372,0.5057570033835103
9.53607976265941,5.456544330219996,3.8789033424028343,3.4583556054154023
7.872452147437848,6.483003964924192,3.232433764866096,4.884577981854702
2.261018581898073,3.4741750373401667,1.893441330936961,2.19104915726991
8.816211783081215,7.451179450294336,4.768802645906186,2.8886061897995314
5.386880784245623,6.354244188269844,3.7866658706546477,2.3871916903705532
9.050970042046822,3.923416987736992,1.9473601474776379,9.364121491270302
8.198697303525837,1.2283433923808404,2.2892873290810916,1.9216046344474529
4.8269215402231005,7.751352531686659,4.6877106825214785,1.7026529249452111
1.2022237748810567,2.9327829924257443,4.549940746829343,0.1703153374785298
3.4180962344645147,8.510263691163654,2.6205857534323584,4.235752261825914
5.874707931947802,4.7826123404882965,1.153228887965804,21.12615367489564
6.701303978435325,6.193696983685888,1.1939894755757527,29.114428892132626
3.3209891688988207,8.856538573681018,2.135673163673556,6.4485474045297035
2.254204666655417,8.77260700827958,3.516488877355998,1.5992027311615444
8.514372131193692,4.34367617719216,3.3367785413382474,3.3216609489982596
9.85961962633197,2.8800000344335883,3.535311147775771,2.271942669912887
5.731211640724172,7.976314699557352,3.8691318877284266,3.0536668816475436
2.5451135726347314,4.8977218324191805,1.0761290143709537,10.763973025527278
3.4507659386743206,2.728377942031037,1.4203423806897715,4.666958517117888
1.1655160889272005,9.139828080854352,2.4379338073088506,1.7923073262975737
9.228689259044492,2.7829377481697866,1.619439990086327,9.792955832784628
2.05975974601127,1.2322645137210797,1.3012801701782166,1.49892148603045
6.188648279628282,1.1825197639067797,3.5638575839893276,0.576187095592165
3.466496986184854,6.600838208088378,4.261345909964396,1.2600748309028564
5.9876020226421405,6.955075546457773,4.0105066297371295,2.589144570569591
6.862783495166778,3.799375345512855,4.268159114436717,1.4313020581032432
8.467676233364815,3.8800989032235704,3.663426176231509,2.448116897429285
2.8577914458454288,4.0554452355394845,3.941381287256809,0.7460572796773592
1.0989624579263242,7.121426920829908,2.0871150968332053,1.7966235147788268
2.2319706706192655,1.5232041192414574,4.972032145136657,0.13752407527326949
9.100167776632945,9.362047174221932,1.7326626179755484,28.378681457525115
8.865010698062637,3.002689397597018,1.85797549755753,7.71098236389416
6.376717919532775,9.997058847178831,2.1556873272633874,13.718224861146837
6.40465174390288,2.543704244084683,4.9013297204263155,0.6781633194957039
6.9853300709163,7.943918115811397,4.953154357415624,2.261819617351515
2.5783415076110465,3.0107129043666254,4.17957499882599,0.4443708261298031
9.229707513324637,1.7276212147892858,3.516230394238535,1.2896795687093454
4.768934724028658,8.87439991915584,3.0802503007384536,4.46054943291569
4.448246754245477,8.728761332718026,4.882483382747383,1.6287706756665434
5.670259347545538,4.632133532046412,3.78249121143299,1.8358117212945662
1.4226937009754954,7.321565282863841,4.77892051330412,0.4560954436116969
2.4965503188047147,6.013593394155254,2.2662031979104955,2.923322221712361
7.642302547837334,8.67660502306374,2.3350991690782625,12.160835004746549
1.7451880113261382,3.8355037238678897,4.418898376473742,0.34279667569073524
6.428368985197494,5.713051599990867,1.5994196823411775,14.356351118152554
3.2081419871318886,5.368351340840954,4.783711445184303,0.7526006038150851
4.503660526377789,4.1851524363117285,3.02989741865363,2.0531518838129292
3.598243630936299,9.02309558100735,4.705655514334791,1.4662426960724297
4.201054448184542,2.4929013219628193,2.3471711549032523,1.900963943540998
7.471413146658209,2.345577755686265,3.863835616557588,1.173857296126945
3.6740954406085753,6.192185817904762,2.9315004878907587,2.6473689592684817
6.097641762672074,6.917448069864478,3.507214520981892,3.4291237031873467
5.284453619791897,2.7515732889210867,3.017489972556609,1.596943328141011
6.973040488263833,4.516456980291617,4.868462469485445,1.3287289945038614
9.431467653922821,9.519074586808694,3.768421591255669,6.322008021188849
7.593148874892252,3.219556804216066,2.0052758745052617,6.079526407340543
2.934463407316811,7.015246319056547,4.638707687620338,0.956704046712707
1.2806482155515622,7.661344543278317,2.1761189526204174,2.071903765062225
3.360376398698426,5.0331582951864355,2.486420397203425,2.7357688199236727
6.355701376302293,9.437733880836246,1.4084947920808535,30.235748191258608
1.462832321358253,7.629910616969115,4.599866079184763,0.5275014068793009
5.467296224811127,5.121321218748081,2.144448092911452,6.088685538166696
6.371585640252003,6.124016815984846,2.0356704717255294,9.416054103927246
4.008195017352648,7.233520990825906,4.681050391979816,1.323158762262513
7.938209833712397,6.3297116238629645,4.222107449620133,2.81869403093554
1.9593842782039461,8.908278254434684,1.5643156860774976,7.1328746603529
1.6762400356222789,4.211997960523611,4.077298015614723,0.4246972509113948
7.55369880583243,3.6989716605022442,4.652132392215163,1.2910306022323796
5.459421845855786,2.9245500054573785,1.3140448728429757,9.246669023524387
7.195621567849624,1.3400467125813562,4.300859979618292,0.5212879008928002
4.913446047433716,1.387125679420498,3.189680207492224,0.669896511654063
3.2176182991519613,8.830496737983545,3.6767897975152026,2.101754828273012
8.371920859067798,7.105538317653166,2.9714173556197476,6.737438108107076
8.194742910720812,6.944791738928375,3.7912123396211146,3.959481711794472
7.252268237689841,6.531785370413974,1.1363914466670129,36.68173356561631
3.449306235069664,8.642972302246944,4.050826892893134,1.8168016080899747
6.312076001821784,5.322402330990647,1.1333747914358336,26.153681009710255
4.248765072460241,8.833697457024703,2.821199390989374,4.715607790885495
1.8242386599397074,4.235005235640152,1.6038599725211795,3.00332761311365
9.255822179160186,9.340367539051815,4.294297109405228,4.688077591362199
2.2313676782706526,7.287912820731161,2.2546436367026743,3.1990313090303055
9.552136184387223,3.3145942242198454,2.81637417841733,3.991628979938616
5.014051956621602,6.076764295197626,2.7150029651932464,4.133525343526866
2.666196359547577,5.7972750533943,4.090007862738826,0.9239910219379404
5.877108526405223,2.2410893955730056,2.924577439183902,1.5399146128437997
8.856512522887675,6.321186151755527,4.155833340041385,3.2414929046034247
7.590023977686051,3.8330706134526213,1.294033107210701,17.3739750086946
8.259050330753048,1.4711389012864218,1.7663758716119804,3.8941936564386728
6.929050300396456,9.537905419359085,3.2061369985854427,6.429283461348391
7.230489080660672,6.77341332157859,4.7883532990107796,2.136008021221178
8.642760864087872,8.892270386837623,1.2990313868871213,45.54344384784295
3.2470120797326736,7.084504045119278,1.1723368646274572,16.73741996733878
5.404824672788264,4.212853229261016,1.6262026997114227,8.610107704151172
2.99088497637642,5.6141926509593025,3.564612515440626,1.321485394215432
9.889012071969823,7.081720843124594,2.5959716666809887,10.39182474720554
9.49653405717952,9.642270926812937,4.302209517670745,4.94722140206143
1.354841302316553,3.2830251320952684,1.2877326059254632,2.6823240915282125
7.350176552641196,8.874793527617058,1.7856563472588043,20.45786297038011
9.327234856740992,9.316700247648425,2.2001056218595827,17.95262559188375
2.6251781061460018,7.033739631930609,3.506920346755141,1.5013890980035325
6.111507074973665,9.38139964661204,3.740690761206189,4.097437539936515
9.239394678292376,4.580907287296316,1.4968131758550953,18.891212208574476
1.3055138072721895,9.577145584363985,4.7752188359669585,0.5483161032478809
7.276782405221559,7.3250458944937735,2.3641765407608366,9.53652016528845
3.676141066352957,1.3780519067693071,3.8526750520011324,0.34129740285617677
9.319565758388773,9.161855486371476,3.096830875790795,8.903159167904452
9.73952420648831,5.360255281298733,1.8910324541884265,14.59907198653473
9.498398402020905,5.142942863000496,4.384913292461644,2.540622038971605
5.267927949917174,6.098199453816709,4.27295211276772,1.7594843156203988
8.758383858903821,2.344460920941051,2.5842874156667603,3.0745768146307992
8.600944586815633,5.222494437106588,3.3544303427754216,3.991963667894229
3.871904259189301,8.48014495045971,2.031302783743759,7.957535014310869
8.460239267356096,1.139342132237638,3.759406514985206,0.6820217486656909
1.3330687124394336,3.4562544429193416,2.2361072504817257,0.9214525640318266
6.366428906338477,1.022091277994598,4.37631493752894,0.33975702079627923
3.0700795355893273,4.741401782348635,1.8695404171090972,4.1647282461279165
2.0851019719955093,7.554839594443612,1.0592136912738566,14.040590567711986
1.6925788146628824,8.188946462031657,2.0740321678716738,3.2221515018382445
7.266598982903258,9.506707850143059,1.7642099458379468,22.195289260760546
4.058874673912595,6.476541516737079,3.033145758899697,2.857342057461896
7.522900943758853,3.291641799876059,1.8148131666263052,7.518549601010732
1.5882070671904813,9.31733154223029,4.052759482877979,0.9009423714915166
3.837613040475493,7.977841784923385,1.9654825520160157,7.925163208711301
5.855421631378035,6.1698563470283005,3.827872719650623,2.4655751710480143
8.116508483550671,7.260761941470424,3.313883692054896,5.366324379331681
3.8687725263886295,9.318847195066862,4.944999425887538,1.474357809606405
6.633022387933082,7.411546256256295,4.999603908036926,1.9667496830326725
8.973799734125684,4.3153705682626065,4.47810433326932,1.9311057320876184
6.542768693640741,7.4172538206018706,4.039933477195005,2.973420148948183
3.096635272782704,1.3625034646184908,2.545825656002295,0.6509840591267784
1.2196070340088423,4.4777400564752305,4.013106908525215,0.33909184065622483
8.830889865108368,4.656907286610213,4.826702148317963,1.765229029203507
1.1914246976534844,2.501544109787512,1.0935103015817766,2.4924646430080086
8.872315054157795,1.2077693249659316,3.151658800790955,1.0788040325720898
5.760434206244907,2.2004311297396852,1.8719932175537384,3.6170495577948922
9.451609286616065,6.891593462173496,3.231505263475402,6.23757348925525
8.189049121962988,8.220599347273188,2.8657883590355646,8.196882884624184
9.981406994800038,9.893831434542767,3.3030743262091375,9.051479633532573
4.156406339065391,4.117271527976449,3.203848885674897,1.6671837171911397
7.904694600380142,6.394413000349916,4.840428156674248,2.1573381390850215
4.617378222483179,9.434304701336098,3.2087444357389443,4.230922710041515
5.318880582735179,2.5033760320433736,4.384928352499469,0.692502469547159
6.64754916896533,7.458810277084684,2.279281147203386,9.544107497141384
8.863094027677048,7.794808598342469,2.7524027551641956,9.119412159436227
9.856751222793656,1.8007798228240453,2.8816539041792395,2.1375228813887626
7.914460724780664,8.751244466647584,2.114912173341519,15.48483101661043
4.759901039506004,8.317945423997594,2.519161045911821,6.238815262049341
4.792213020493632,1.30062705919691,3.394052317867101,0.5410679818474283
7.638240714300023,1.8197597339204634,3.3207510532181295,1.2604765015704353
3.148994311914721,1.4421420450266709,3.545741378293922,0.36121502246200693
1.994267018182552,4.01269178619426,2.4072716616805643,1.3809212192868254
4.191599418766989,5.583600916119336,2.2633259806122283,4.568776611317758
3.5851509248867357,5.791129551591659,3.4464715310166523,1.74791911843694
3.6667730841039106,3.409000837924984,1.5314469937100998,5.329754481564293
3.1024697594491895,9.204371979042467,2.01212617412856,7.053282808507361
1.378838706727257,4.314365108847219,1.1685109478119808,4.356771571209531
1.1608654126007243,1.4099514036881726,1.2904434103843205,0.9828971765861881
9.889501507624283,3.7020440038724773,1.9735331170424355,9.399984568117135
4.849958203622761,5.779984802897399,1.078117121187676,24.117528839971925
4.4589398244371345,4.673996403294089,1.981642368349846,5.307248550249397
7.116825544237629,3.4645826718933326,3.619905292248104,1.8816672775521315
2.9642849907855773,2.1819092478788567,1.2444283138757322,4.176542166121505
9.549650655552028,8.372480500866068,2.746946711178564,10.595980742404409
8.07710512973997,9.965307179117726,4.652435147678197,3.71865398535895
1.8046990208103355,3.9658792017149387,4.1651393157016035,0.4125581774779318
4.758226982064356,4.434589397589435,2.221750009179429,4.274725072329389
8.912064768059482,6.562337722092614,4.699221916766588,2.6484086745226194
9.502588200622693,7.4659732726198715,2.3185859869908994,13.197203898473195
5.2066136012488275,4.528265813232322,1.29006198535025,14.16661544525843
6.520702502896369,9.144365652836337,4.976223827072454,2.407953841500191
2.503305514828677,6.040035903060265,4.480090108756687,0.7533206596737769
9.92051763523279,5.053510687653379,2.8637311332043693,6.1131216746715085
3.0850453124509905,6.820054778439146,3.6655060967696156,1.5659630766521102
9.48458596721613,9.575234634242559,3.6849123114266806,6.688265227478192
6.846819840931316,8.15097064979535,1.7779289229218413,17.655069838446813
6.469631153909732,1.360118174816119,1.8001945326145292,2.7152966803980076
5.614196599148578,3.9907891966596365,2.878322813407303,2.704378065818065
3.076028305459828,5.234902164561005,4.646292560550792,0.7459089057444562
2.5887522880495744,3.8306581498819474,1.0399750994342831,9.168916357121406
2.9843758816315784,7.301688047474109,4.130022543797438,1.2775324831504642
2.6779443592982908,8.43642234876323,1.2301071348586166,14.930487483654407
8.01626026210078,7.582105856667444,2.9128884595324713,7.163313239535411
4.151127332500571,9.903999581454478,3.5514913322939057,3.2595312596850348
1.5205840890705673,3.452928831037262,3.7470370683298593,0.3739573642021406
9.721923671267302,8.874905455219793,1.2339170544636455,56.66879899454258
8.954072964670832,7.8996039865703755,2.674414469535873,9.88936765292985
9.349770548756917,4.259608818023315,3.3353490420092986,3.580041754962574
9.954170403817917,7.607120892912718,1.2641821492240277,47.381202871224815
2.5650572429753855,1.9366836077642227,1.5403782263812391,2.093635124973908
4.566178170123929,8.104001341064972,3.654595958016154,2.7705986518470103
7.824146281336822,5.790975423283924,3.0865527863626068,4.755993647979398
7.26418556248413,3.6306115543832784,1.6473146450731622,9.718821286282676
2.3850631570586955,6.9019957160576215,3.140957347658934,1.6685932838378117
8.34249812491556,6.774579988429681,4.650769493777663,2.612936541388743
3.019965146529946,2.8853760044763974,1.0623503391014557,7.720915951662677
3.0143585334036076,1.2735767333037353,3.5705350939434184,0.30112957503857696
5.832769806040722,4.902603282115065,1.2946017384213677,17.06197168773633
6.336459413575328,6.1256068240997905,1.0257977718588034,36.886909700573746
6.220775870540301,8.889447505335387,1.6026179546425352,21.5307578230002
1.8233815365797938,9.35395116082835,2.691626527415677,2.3541983510145608
8.897147763673424,5.759246963410898,4.209375995927812,2.891885309315069
3.3904003832983545,7.784231353916904,2.1271419864182346,5.832755388833885
2.1656342915452376,4.953729450951972,3.5026928495550345,0.8744063278758094
8.998732718820794,7.714739409156037,2.6446265518212266,9.925991653285749
9.60086348406778,2.8432137244525024,1.9373271678640318,7.273004624669588
8.759148555389055,4.339582613231783,3.0569884571314345,4.067450297975886
8.285644672523903,6.708051989322533,4.1898579614904925,3.1660963263015236
6.8971778257511955,1.1634216904637094,4.329969480224577,0.42799521063832996
5.957716335482254,7.502151793050586,4.386078127508947,2.3233409212558547
1.7828808392026914,8.519819511413502,2.3542312502199176,2.7406556476197514
4.676078917636288,4.592274949845563,4.173824258863013,1.2326545883228972
4.354196653110826,5.031481754594479,1.8487138204356315,6.410096476826639
3.337784053842936,8.661539909948779,3.953700404971533,1.849463786254353
7.510781023197264,7.9808917179343,4.793537705090467,2.6087005105960848
5.4628816157089375,3.593345401300375,1.0549753387638288,17.637463929416867
1.7294159431688314,3.915784959053851,2.761455724715192,0.8880596203562025
2.981648817548302,7.10990409151537,3.5910839536560184,1.6438762313213828
7.149328872936364,6.068782832033451,3.807103081950212,2.9934885411507453
1.6851777354127018,2.4600661398684727,1.7043510330768088,1.4271657005544
8.660862226438919,3.789369183062498,4.888733100954371,1.3732050552079782
5.4563187431257685,9.099849491907888,3.461061471883892,4.144912016421656
5.325279195939832,7.193569930500371,1.657362404913071,13.94607143672875
6.331670061935658,9.873768859169676,1.0820900468500612,53.391783421512365
8.422128693326343,7.903112769826925,4.133056795159104,3.896523553180565
4.1302828711197375,9.477769889292311,1.3188189577818363,22.50689545662992
7.102145373031572,2.9456971648342787,1.5642036842809461,8.55049082629732
6.09158767596212,7.9433638733523315,3.2993201074227625,4.445146197096133
3.403254431524792,1.1819576813301769,3.414022013798479,0.34511490149275525
8.907669877196422,7.036840195403805,3.747548474369594,4.463209611457777
8.176834194462353,5.223540503082172,2.574056050654483,6.446354117645593
6.926066511925829,4.120840647280618,4.095594675867291,1.701525801472048
8.655235561848176,8.761639170637801,4.897434398463554,3.1617461711940282
8.805647808638222,8.688409233917776,2.084379772319532,17.60953467258824
7.3752667904353135,1.2007153440877922,3.8121144661517836,0.609376819997602
8.533119955273047,6.485546102044879,4.713874609580627,2.4905676897822193
7.277243155023553,4.310490018888608,3.7451470504681708,2.2364324278788756
7.121266945842704,4.740949013504043,3.724437994577038,2.433890602256958
6.5675024039366585,8.488366652968985,1.8950902763408264,15.522603505960578
7.774449756018771,3.7885579437491046,3.1405208012787718,2.9863468426514435
2.427445947637663,9.48743929573858,3.2500913744183206,2.180255727933947
8.927836832790355,2.616704437349267,3.8005182498238113,1.6173919253793778
8.846591749707088,6.9645018103136,4.987285799584731,2.477065717431571
1.2632255473110323,7.048945603123882,1.1345752901750483,6.917328771170182
8.432350755082865,3.2697564528512637,1.2609306450699473,17.34130071357608
2.1598288072610066,3.9227554807048177,1.311800277723675,4.923513467700735
4.016069688332277,8.513186433219463,3.971916537955827,2.16717087927974
7.69157430662447,7.856247294594572,1.54541518044303,25.30113696178362
2.4468390644347737,3.961862922832836,3.489807497961381,0.795979545920788
8.36170321707156,5.805608922414405,2.2986755115738338,9.187284984638074
8.489207601619677,1.555122666277859,2.829279824842844,1.6492253446530536
5.567209603847526,2.878712941587663,1.8626526392696556,4.619257670646913
1.0574728454515023,5.372385029743592,4.464426245218169,0.2850395010804196
3.583343198574215,1.7737636175129043,3.3446012966521055,0.5681924259226517
6.55234226538168,8.589991194027437,4.77825305432901,2.4651934288829933
9.830675602246812,7.462055890968831,3.298384998817318,6.742782789496268
6.686321743150016,9.492703035836453,1.4956321223877866,28.374459498211355
3.338232229577438,7.2412021536762445,1.6834817353539018,8.52924127343838
6.706051327896502,9.46361235035967,4.956295905471389,2.583505326398404
5.8598684174427,5.990613001218685,3.902260789323471,2.3052952141427925
8.018608556360292,6.401967499557724,1.1971150001163586,35.82124968333414
1.9628257494426258,9.792739491636349,3.815124020138659,1.3205918948025412
7.849251122518252,6.779162321778343,2.6486921872384466,7.584750086986537
5.871399208084992,1.2770791197467193,2.228833547292762,1.5093992933569131
9.666928034730951,7.51422498967471,1.616243174922137,27.807328799762185
4.076849494348175,9.149218229236741,4.3596158182262625,1.9625115711716667
6.693597038205533,8.16022224814894,1.2553655159564028,34.65940968357661
9.388252949590157,6.254499453628804,2.1593418495185612,12.5931546796094
1.9225875519161133,7.041731617841647,2.2255315753028175,2.733367801214669
9.43505638512806,9.911726103265046,1.6436211358540014,34.61707409176029
7.19097150070732,1.815958796584045,3.032739533147481,1.4197874495051446
1.610533531946547,7.005203457699156,1.0468105072435705,10.295664416511688
3.708672102521346,3.5505792511353444,2.2039020616416365,2.711022149967454
7.373548797807534,6.7608135692755305,4.734517776132256,2.22394486446468
1.6061554132189453,6.468612182955449,2.242118277368023,2.06671999958336
6.23953414158646,2.381111488973459,2.4418375484270065,2.4917149657247792
4.112947512576611,2.860719811662152,2.8926601929362863,1.40615648040008
6.588239659907294,6.594666202388922,3.246773499405899,4.121527691086337
1.4116783043126158,2.1540695257339673,4.2348345792829765,0.16955966725558647
8.843831255371386,3.3866278761729056,1.7612848926240705,9.654920594718256
9.761400722596573,8.517209929642021,4.486985508770228,4.129525569575885
9.719900697571223,3.9438235540147475,4.0301974285755575,2.3600796561537143
7.746866485686322,5.392541406426966,3.890601338646221,2.7598539234516837
2.170776161175688,9.470263016312563,1.347218294858541,11.326641133890337
7.824368763361203,3.044341799532517,1.0865627598983387,20.17590799586861
1.2212822481292136,4.506634156222093,3.376050803632336,0.482892434876193
1.1991119637609753,6.458119979891911,4.452535850092644,0.39061686966659653
3.912491972345871,7.79805036553575,3.3377658565625437,2.7385946777151613
5.397788713641992,9.114880480414346,1.8529394617821233,14.329940863830839
7.933666760270139,9.239256888161636,1.362079591796853,39.50990863100098
7.149658389458547,7.989760669353607,3.79838581127094,3.959322811588101
5.013124357390735,3.054977529339794,3.887081109271238,1.0136062795136453
3.462639996534993,1.2232839703830922,1.6901268027484346,1.4828459932368132
9.9741205014194,4.453965373200614,1.1127612619861451,35.87710985540845
4.835631720123756,2.27393965889041,2.633134052892788,1.5859380344745202
5.062483218967079,7.393488826944683,3.3308748085320885,3.3736218249787275
2.4726143907250226,6.950175281431451,3.8240096382687647,1.1752065236418063
8.153285938749365,1.3957447745930935,4.239780036611611,0.6330704361984354
7.243140032033398,8.52934401217856,3.4421497092269293,5.214143775520466
2.9869265150988435,3.2386893966206403,1.4435224343939401,4.642444942760915
1.7414294105425843,4.89004367941938,3.7303266885696593,0.6119625962110642
7.124493718672418,7.0114036191016815,4.936706571579528,2.049671902280129
6.890600928530217,4.86476908167028,4.622338338389616,1.568902179737191
3.459335742983884,4.97159022519949,4.486675637078051,0.8543556437686175
9.557772060253694,1.5906519580216634,2.2086806134333634,3.11649184637635
2.3595210260281023,4.612991943340035,4.003152705816003,0.679207125634444
4.891013209383417,7.883631038979852,4.404413783860582,1.9876911323772468
9.49254328150839,9.23658703467938,3.7133048185250526,6.358766983276973
4.7775458523351,4.721474233570346,2.002247026271922,5.62661465704581
6.74673352897677,4.81227244191171,4.815335887499833,1.4002016711297365
4.578349581665148,7.323643956912869,2.8032776458347035,4.266816298114192
3.4679368211380304,9.48494800994749,1.5192222346635176,14.251596432742835
9.855798831638454,3.403548462154242,1.439111580229568,16.197009371833452
4.684006056835387,4.961297858841432,3.590075949196183,1.8030404780182359
9.04689283311221,8.16375919197071,2.7508385856669566,9.76021572071447
3.0695914530197754,6.487242124366347,1.3779355007158545,10.487763992010848
2.9179423362257495,1.9952770956755925,3.9614582886243785,0.3709964444600457
1.2802067459606024,6.649594620060391,4.197300669034479,0.4832091177360564
6.865001428382966,2.680716561375942,3.9016625231458053,1.2089048645272724
4.316737093513851,5.591943406705638,1.8090435107360516,7.375990379346007
8.779224248556734,5.761929408943947,3.7591018239842775,3.579776363917387
5.258889160224014,8.885830260024864,1.0428912115775404,42.96492074620526
9.713740851232496,5.162448466111943,2.220448558713637,10.170933380668812
2.6697296413280904,3.514981800123048,2.595286125630175,1.3932205575486214
8.817608511600497,3.078697133944284,4.340987795542006,1.4405908453821215
7.989371675125676,8.868266890159024,2.561577492277617,10.797827448073082
7.938296601796468,2.5390976897640556,1.0450777847575932,18.4548066665666
8.60304905305199,4.832817047948294,2.4093856473120376,7.16209563864066
7.84921591848699,2.684558034342523,2.9956963934371488,2.3480291256306525
6.635982894682739,7.959736361029378,4.796019146691094,2.296371376554941
2.1812038991414884,5.269353759771571,4.764137215158179,0.5063899741192718
1.2927356154212672,4.1602932150113086,1.7234961528856463,1.8105604018583403
9.287630630341182,4.249896765638201,1.7405861669578062,13.028435296156637
6.549852830686643,8.669927860506814,1.653525825858202,20.769453104762515
8.168835618785586,5.9839655886499425,4.155687729656413,2.8305017799189245
5.33370116361295,7.460810660181372,1.0240881614736255,37.943728720007186
2.0557737006615504,9.07334664625616,1.5087087927675094,8.194679381825592
2.126672129822954,9.115675084365778,3.151838526576396,1.9514681024461564
7.170087585060743,3.9565814890407682,1.990248267547062,7.161929909554308
4.872753054095164,9.572061368317467,1.3694258329570483,24.871549591929963
2.8047225403030307,1.223882938131449,2.4395120493353373,0.5767981384754354
5.424350920672932,4.391520049145491,2.096830420240979,5.417962945007262
1.577880433676207,9.062189717579574,3.044417226057138,1.5427618803379906
6.237742617229589,3.4717319183528463,4.916934375320784,0.8957458592464539
3.4209406399158793,3.4577330528918653,1.4972185472596737,5.276751022184403
8.178031905734693,3.7236005657369984,2.4909068193363773,4.907913783833646
3.793257630312164,6.5108204636223,4.727940071489899,1.1048520702726232
5.09698134173621,4.944994980529184,4.50749217397529,1.2405347553738486
1.1045848591729057,7.540613527180083,2.5770841391371224,1.254147372635207
1.65202199015103,9.054195783081992,3.795813058078946,1.0381403567429022
4.532442007660164,7.067794374485746,1.3514280543253823,17.5400287773149
5.319449512454112,2.8402004817781794,3.8501642221744605,1.0191947551265215
6.400184933073733,9.394137121244519,4.8914309179389655,2.5129136736184137
3.624963208383729,3.3804358601273066,3.1499526113367664,1.235003711473057
7.254836975138883,2.349048657953423,2.993960908137657,1.9011983099637961
8.741101574702842,1.809705509748648,1.7492744788076413,5.169614460993534
8.018658900040148,6.07045366599549,3.5351527956291675,3.89499145556793
1.3565694281352143,2.0238621623258664,3.3617491231156595,0.2429362682425379
5.32456252532046,2.248982957013677,3.607732237903002,0.9200289668402875
1.9443716057635738,3.70027432535947,1.1043331467388873,5.899469729529076
3.178405142762747,3.5348770871601745,3.1948939533962943,1.100704335985447
9.879963339404318,6.438155592989281,3.379739373989492,5.568655849671837
2.282459886113619,8.350707515254133,1.8301205416512087,5.690717607825931
5.489993381062204,7.852146905826031,1.833331429954144,12.825617072959183
6.563401608863072,3.3623600924482906,2.1048726740437993,4.981057343822976
7.322184734896935,3.2077944818738193,3.8468863669089504,1.5871884772660818
6.036838151382227,9.69212377096271,3.4250642541294867,4.987593353688373
1.087937626772653,1.0741261743276411,4.383050584471219,0.060828391322149615
3.938151774195927,8.917484797541942,2.1826342873723927,7.371788736844445
5.6594047904624025,2.7975566721016447,4.648272239553274,0.7327680743587991
1.7907984923035003,9.52555890780791,3.9748246479334335,1.0796953693556586
4.155642380882627,4.080765563447677,2.580046680054788,2.547561547915563
1.298827979122299,4.963165965039271,1.3810482625018237,3.379813387512721
1.7072064743951867,7.364085525499429,2.02793464994993,3.0570107170072203
4.5723094858143645,6.289021463259343,4.827072868859402,1.234101800286109
2.194441786387543,3.8614539673614052,2.2414535035363174,1.6866130555856287
6.107867634354023,5.984478242810412,2.319603840596258,6.793416955683736
7.2051847222353915,7.576361959265976,1.758355724390868,17.656001418476126
8.205280291981746,1.381014513122429,4.227402404555061,0.6340806257028766
2.8013521982032907,1.1007937473013372,2.1025769209691094,0.6975412280137834
2.507343240331628,5.122602451656022,2.3210329934754226,2.384195233403625
1.9411105630096022,2.1865295602316275,2.6573924337265065,0.6010273534857637
6.72787224589273,6.97909862318243,2.734913119098439,6.277547428492333
7.35828153838211,2.9264721060469077,2.645363161660087,3.077160766812839
1.2842753034307783,4.895659961161039,3.0149747814989145,0.6916748884640138
9.42591021619321,2.7790384318684205,4.258051518465614,1.444761060961848
1.4677415528632518,5.936352271742121,4.277140162968088,0.47627993912561006
5.871667017709634,2.0444811344611202,4.193252535053388,0.6827197866352638
7.381544675058247,1.2079616750873223,1.40449935646595,4.520196546453676
8.83872211371477,1.4601847429602746,4.198715213099256,0.7320899567911243
7.4267823891918505,9.58832597363779,1.4810070939463071,32.46603194650344
8.215552747628127,2.2805759674984225,1.498895080209032,8.3394779277109
4.0550517328852544,7.376304278231517,4.791451086539843,1.30287006126532
8.33342602371861,1.6113358380054361,4.277591378822166,0.7338563547857274
1.7210336174620764,1.9734431701166395,3.2096418674720346,0.32968624273989267
9.05334990454475,5.579886262684012,4.499880817911448,2.49478215942411
5.928331385383626,5.183838371389093,4.957458570207452,1.250448290707188
8.355679929662443,9.564222784958826,3.4425682665271102,6.743204912995183
5.070864560664702,9.503519077186636,3.451593747926072,4.045079994479595
6.792199256768725,8.016477782882186,4.017708116639712,3.373162366889201
5.737623948425019,6.418916471146147,1.928555809461331,9.902147301283962
7.584305695797987,5.094642856537099,1.6684994460751974,13.879615667819563
1.7346698382753063,4.205606808955789,4.03832300006029,0.44734582592123084
1.5431687559150742,9.523787922779999,2.3796191799764093,2.595423401700813
3.223929106091318,6.42617930282217,1.540281425223736,8.732491385656107
2.435902121018695,6.21165274917395,2.259510903670999,2.9637264769286724
8.846052099329814,3.0871100959202336,2.4345474714983015,4.607497584949284
2.9729258862223986,1.4202803609660175,4.860910638022762,0.1786993159584769
9.782787302372181,9.5066972178359,3.791838844351693,6.468335395356158
4.032062125939961,3.8236173296018854,3.1234252695989357,1.580299480084476
2.6390612411982937,4.983301209920128,4.875492554730419,0.5532604322175624
8.107286564282312,2.0317594922713615,4.612558961896722,0.7742192405668517
6.928369979507885,8.532318969183628,3.048003426456639,6.363078074911892
5.483761448078251,1.2486864957033756,4.622718541507923,0.3204328742286873
5.998271958438681,8.505916858891869,2.6172186322506263,7.448473536072542
7.472816004450374,2.262565115091701,1.9216826614264986,4.578487497218319
3.0560926719816885,8.979077013680369,1.9307127072883405,7.361442193585113
9.967005244510677,7.567953736025417,3.649262097768507,5.6641277817624225
9.773138459321048,2.4820323625657457,3.0042812828291083,2.687573234607195
6.852931177122432,6.092361935735213,3.635803388021787,3.15835749506807
2.7958820583623063,3.8139068291969753,3.7443038570486795,0.7605832483496321
7.122054181881622,2.604097890204251,1.0892914915908705,15.630553461782732
1.6497856808125826,8.732639794699976,1.2161583693916094,9.74075927651502
1.2758725198522547,4.631704898565065,3.1307109063649996,0.6029235289349403
3.3191459966009234,4.586893429288443,1.7641419110403076,4.891904502468815
5.163606610653847,2.52898007325958,3.5301350752177587,1.0478905138840784
8.814452548675424,4.447591084772008,3.2087429566825922,3.80759141013247
7.544521627896772,8.844551616959652,3.343041433483565,5.970682949049256
7.684358690799829,4.268158394406723,2.2098215193240427,6.716356804362381
4.829440010032679,9.564432062498092,3.5593740251115866,3.645933212125536
4.113414932922666,9.516780092875488,4.317970545940092,2.0995837521232668
4.339348866861425,2.304087933766114,4.992285014368949,0.40116669759073725
9.88884607362452,2.595801281703804,4.353777544688857,1.3542055495809677
1.3609827227123423,8.764066632987003,3.2299950387197898,1.143285175771678
8.803283465102037,4.534848270322473,1.7737183667198262,12.689313315864654
6.208078677151541,1.039365840547084,3.7257835044792835,0.4648260087258451
4.947538772706315,3.464846377348339,4.750615142231913,0.7595799505271622
7.527318943736229,6.3786609387600395,1.8474661589292096,14.067497669586063
5.380020472822325,8.193393693639713,2.0239824821063084,10.76054462721548
8.860809142734945,2.200497553839336,1.5960341736466046,7.654377908152464
9.106316776101327,1.9948722797506182,3.9468865745056068,1.1661342678098794
4.795488341861098,9.298833882150985,2.626246013694637,6.46532731552539
3.4914501751154643,7.760335310403244,1.2507825555455363,17.318995700547703
6.33115295734026,6.308016407002706,4.49979996596112,1.9723737050928367
9.211270110550219,7.922681109963352,3.2306876188102667,6.992005462234407
2.895959701050999,4.859689251759746,2.324377168001423,2.6048805449855115
6.606699252071345,7.826101725782139,2.375931904244388,9.15929501269721
6.684041980832685,4.346226921470822,2.161004880763627,6.220711651736352
7.5980172017375285,3.196851152433421,2.8219206895705673,3.050233459601684
2.1841091661453382,7.561120791636718,2.34816675395258,2.995040144050633
7.442424682138797,4.777050629415415,3.1917852162824376,3.4898517208070783
9.181292685990769,9.832393938935754,4.094069009085176,5.3858317858892875
2.6171479798321777,4.1453666407729095,3.697845133777494,0.7934029113390929
3.1378899243148988,9.295546784779594,2.1778275710164685,6.149866134121919
9.742555846374756,9.396662937103715,3.114964046159117,9.434968969977579
2.628792574385408,3.1766765235827155,4.360504639649003,0.4391934018900338
8.689465840326212,8.18399063429212,1.2728249389709019,43.895586075822685
5.430500708032313,4.897670546301086,1.313189067947619,15.423215445490214
3.2250796696285935,9.257722545073133,3.2246802721990138,2.871251842697422
8.836749111452603,5.051118453717149,3.556460513559213,3.528938548156706
5.007747295023989,7.698733456036295,1.8456520631036164,11.317800228497994
5.633356185367211,5.202706682474181,3.980880506766072,1.8494315849225458
4.233100324597891,3.0502068014157055,3.58505350816291,1.0046078384828812
6.3365576629143465,2.7941511605021767,4.693157072945146,0.8038464706541301
2.4717148532652047,4.82888074830711,1.6758168074341468,4.250027734637862
4.519733829865846,7.7994519131279345,4.005497061432043,2.197172271568078
9.724710901017588,6.445643366626902,1.334572362333068,35.1931968220957
3.3232008943101476,7.19766360910489,3.26116963807159,2.249061653735658
6.910629980871629,3.540937156587482,3.2075805579965833,2.3783770974832583
3.926710578022254,5.332918113618449,2.5535401785869625,3.21150362286945
7.961258131179406,1.399557384723943,4.378284590674269,0.5812519736801477
2.177862946465148,8.357791743623086,1.017482579144049,17.581993979472763
9.728389405706903,9.909029460158871,3.080717607594083,10.15706622716215
5.084105872452753,4.661911563622038,1.8686141993407497,6.7879608242041884
3.1244541701181756,1.0986728781838901,3.9739944764657316,0.21736421353468202
1.6614707259701138,2.5281337559585264,1.1722697052243887,3.0565933060639323
2.5278211457878665,6.87274189975377,4.3262187527263105,0.9282381766009432
5.677965537004159,6.508713863834733,4.352368906827806,1.9509068498922286
4.033028587881576,8.090782476269895,4.331464049614011,1.7392114955657965
8.459950292943486,3.2849560986496136,1.6102741069306794,10.717605371974521
4.877987712956253,7.872687239924207,3.5216260742441796,3.0965437401632365
3.238428453288669,7.191856193713028,1.0574694367335584,20.82762037220087
6.554304879436271,3.9053304794245896,4.391850365156799,1.3270563375410698
7.360994951969012,5.909393332512658,3.891900774034482,2.8718112955606068
2.5033771711085486,2.3254642764849405,3.1246149235970107,0.596269993263617
2.508572946594859,5.073080530920244,3.9223657323864685,0.8271843681649874
1.3300428424018866,8.930776056000768,1.3772963866070889,6.261811841090106
7.627618135590764,4.790722418428517,3.114623328707425,3.7668548552325776
6.974240748596245,8.556100358278798,2.1651059672657818,12.729592200267588
5.2716778817483245,6.312280287337249,4.890477852891892,1.3913376816399619
8.597534040722774,2.726890417921211,4.428471802495607,1.1954566230074488
8.251031376550479,6.229956202281068,3.9331027833359076,3.3229410763687666
6.26818927957077,5.553849962413571,4.734990540998927,1.5527374004391568
8.814441524619328,4.587772016767456,2.387373218261895,7.095058715723105
2.8525708903309144,2.076673955644633,4.603519595952725,0.279527647809037
2.007276574579551,4.750377974625069,2.3009529284268413,1.8010257183026528
3.4277465036529065,1.654861386156644,3.931186878764612,0.36704806575335086
1.5137817048038338,1.8889214625887614,3.9456676471057963,0.1836691227841995
5.780525752009288,4.743248796394444,1.0733995058163739,23.796904266345443
9.429451230654653,3.7484333377161736,2.4442387931127807,5.916283072027509
1.3540918660165868,9.329898932760011,1.0777306896339915,10.876885790680188
2.098989226090241,4.381352248422434,4.988368070440995,0.36957398989187806
5.069791254550918,7.820723098648902,1.488787047316952,17.888413446540962
9.404875157751144,5.772227737296184,3.1712435825924374,5.398054806613648
3.8454049447907543,7.336771017781019,4.162224955050549,1.628530691656265
5.565113278195532,3.3410438471385926,1.8050544090435698,5.706575791581269
1.3741557314535289,9.477144755544963,2.9402106723818906,1.506456405720058
2.3350888086587998,5.770796472229815,3.4297150436846033,1.1455738284576504
9.879671106629623,8.481916641567247,1.6408190175821815,31.12541317631272
9.68606826792441,4.285411241285021,4.114221839646154,2.452249302522733
1.0444598284096864,1.9019021414547208,2.197345828757461,0.41141780342205075
9.566306068809151,7.063404829487639,1.8440923053553613,19.869779987699037
6.752079440339504,1.0698368350368204,3.2331549857496675,0.6910381798905404
8.811264650680199,5.277636789089574,2.6412545105717515,6.665876155328251
5.092658700704732,2.735217123998133,4.681143778545671,0.6356710272489138
5.640364257213252,6.646379539918259,4.520250792792616,1.8347091535000377
5.399619222312282,9.81477885824067,2.933402653555533,6.15885943848007
7.001778317914939,5.1796261568858135,2.4370550989023902,6.106271012704454
2.256861292806816,8.357484308731,2.302071926525061,3.5591202417431123
1.2697623088541015,5.57005768256009,2.0702544923260295,1.6501926664587112
3.7713694743207182,5.462560279936216,3.178191414849909,2.0395540720191705
7.342126864629821,9.373811438609,4.219914418938174,3.8648336933436105
2.816681069106535,9.009692818720133,2.243026432814231,5.044044112224175
7.060891899924256,8.07220418669177,1.760376358752326,18.392494992884373
9.729208414965434,3.666301779851057,2.901935224733147,4.23574969383285
1.8451064421047656,5.905075741515465,1.2761376671906661,6.690396278006462
7.053419064026136,3.015075099751165,3.8051160245188274,1.4687978020672483
4.993751973741141,4.9952502824188585,3.0734330652077344,2.6408072449626814
8.813280289397548,5.357917591838116,2.9854992318914166,5.297850323041078
2.594348105026473,8.484760361523978,2.20178151820009,4.540664202540284
7.23363357003548,9.064255287924938,4.618693750126947,3.073620899433405
8.543037606832993,4.7315805615683,1.3619451673982108,21.792111437145802
9.501527975266209,1.1593400056591348,4.479296035548126,0.5490156724676066
7.1492322546068126,8.755964558104193,2.5068208096636906,9.961318323636469
5.474572876075846,2.568508106512246,4.522494063900089,0.6875039079081474
6.560625161810925,6.596937675013542,3.9150458333295344,2.8236697739645953
8.820144860308464,1.2247381039071807,1.4166829066481532,5.382371126579485
6.1354877197494675,4.595558277345079,4.3261451460374145,1.5065557121389395
1.2734835372715319,9.873642719038148,3.7287073347980204,0.9043866627644076
9.3785382595628,1.9062424099342279,1.1292076516613938,14.020569587889849
7.20574075928405,4.813238367996781,1.5348107284386798,14.723340327637287
7.088620471995219,3.7643495517095698,3.5425122233427806,2.126321616476329
2.9410763715794546,9.14579311049438,3.6504020115211397,2.018581481809848
6.929969232093915,8.824060971166197,3.98660573135038,3.847629387266103
4.544779650887426,3.1392888427560592,3.8809816030999276,0.9472419869606533
6.861096793373429,1.7306900834538805,3.6380798186798198,0.8971569072763517
1.9593372727719165,6.644245546550057,4.06495560698569,0.787849493341694
6.920607741427324,4.027318406953388,3.3003428235694914,2.5588338783377376
9.994723531936,7.0487595154545675,2.0431655420978196,16.876266234483225
1.4339083497450043,1.2890778046103302,4.649506454922873,0.0855040752802655
9.794567657991855,2.2005931165974046,1.0728561237279117,18.72587205949269
4.662171646505835,7.17735009495379,2.466246879485961,5.5014768776250405
8.836781053035333,2.9113358977224797,3.9154811723886533,1.6780934031227763
8.04146935652446,8.718289081861613,2.7086241645986973,9.555846818633405
6.10314634888001,1.5273179893912188,1.0993376299200572,7.712959719698055
7.646042883261939,2.9393378450701717,1.2639236124648527,14.068395893291473
8.906640051712131,9.987042236365617,3.5945494765531545,6.884332795065567
4.637262894859297,4.897684923281133,4.859458397621198,0.961782395410417
3.943298454069148,7.326690971901792,3.2074545433379957,2.80831941365806
7.0083404700722625,2.643967439713123,3.0270312720950763,2.022262270342038
8.270613477471327,6.48881861486984,2.273300852225069,10.3845941844858
7.860566212989542,7.534954615324766,2.0267626954642526,14.418785029320858
8.18032283972771,3.830289722798595,1.0839399270251389,26.66807335826539
4.920249833316397,8.4600740077829,2.0918194705618847,9.512899647813468
8.360507945575193,6.43075820625055,2.7964417634610097,6.87516753541993
2.081881498335476,4.502107086535272,1.7917991321958007,2.919397169781633
5.900401881647646,6.018781540088427,1.3493919539257169,19.50356224281934
1.0518279444830942,6.190847626923318,3.8709114690184103,0.4345786057728082
3.9212724691024325,2.489817634244794,4.5784810762722685,0.4657487647667346
4.298153813842581,4.624591328802696,4.747088278748342,0.8820652186373236
4.565554224483298,4.090875292175438,3.4719949139879573,1.5493573083559646
7.25920486020876,4.608124503212135,1.2110983303971272,22.806279700219804
4.4970229114331115,7.849995296367322,3.9634505198470937,2.2472304719541247
5.038242603602776,5.342845667200054,1.4403812210475455,12.97468444141103
3.1378971778689473,9.462845379153379,3.6789924707512958,2.1938284005412054
4.35926612466406,3.6430877202259255,4.117463342991503,0.9367496259871976
3.045426645368363,4.741332204564361,3.903458843305891,0.9476529510237313
1.6587633139159927,8.082611294311373,4.807535223044523,0.5800843721120841
6.431037340432401,5.914221339886752,3.952585137869559,2.434535650385333
7.013915186995146,5.92325331782003,3.772839111927234,2.918664966029295
6.575413114086531,1.4800614670466516,2.0469726887324096,2.322622875425673
5.171446394205152,4.587396964466103,4.699074745743607,1.0743694332679568
4.418072021613068,3.4366035917955924,1.7181754831766676,5.143126371131684
8.770002846146427,9.99401610548004,4.619586445892505,4.107083972397332
5.671736066225963,3.7751956356907925,2.2506501733836415,4.2270704154230465
5.312636898667579,8.960468813144772,1.520654375510675,20.58637289096534
1.2307785922579213,7.086103615364297,4.306732109084683,0.47020984249882825
4.071230448635407,4.068247682728813,1.0099818144033166,16.237006468033634
4.421760569072713,5.891809405367113,4.328353270723323,1.390588112590077
4.589405028072104,8.564822919542744,2.0492473681839036,9.360218856222753
6.221551323045991,8.950314682278208,4.538885091022485,2.7029537640903563
5.802422920541906,2.443544875055307,3.7659167289663165,0.999742773517027
6.471145835141002,4.056158270873526,3.6647333314023602,1.9543904134804508
7.883949353879155,4.017008621922145,2.4612782526593735,5.227874589849088
8.316871648444842,1.3784031646835022,1.237611895563084,7.484577861956563
7.46310768603845,6.3841398386670685,4.320292392822309,2.55267672537617
9.599713263594412,8.693380476929692,1.683615180706112,29.441591503289633
1.1640932440872547,4.43416949042966,2.489034567579009,0.8331787829012209
2.7620018711519148,7.660323504857593,3.401418742036327,1.8287354279502026
1.068065874803279,6.64930372240666,2.929014954242487,0.8278106934197903
6.827272427391427,4.380838619437007,1.7946425406852722,9.286425338973142
9.082274940549881,2.2695381954306737,1.5624654275291356,8.44328225686308
3.1913406691866935,7.383914674983706,1.4929850890011624,10.571798959587824
9.34331090316676,8.691086520471163,4.452031525996803,4.096928755708466
1.5424065126060476,7.172690431613427,1.1262381962453345,8.722087377295576
9.409924241249628,1.1609063563133626,4.908057038399577,0.4534862397491542
4.16460418515671,2.9460960495189212,1.7941147615416564,3.8117130058626487
1.9127874560429485,1.6253198639517872,1.4412891875163125,1.4965915920879684
5.372845832676931,6.133474896186041,3.3078866191071805,3.0116863507857996
3.3109891094845714,7.808299109563712,1.3199438317627865,14.838954115123192
3.5638561176573056,1.995212683617935,3.4098130526543797,0.6115728838683286
3.765609684336579,8.545040385340467,4.402506579254453,1.6601578928141008
8.22723308049397,5.999580805559349,1.1915920858696993,34.76317926474786
5.85245149007729,7.209721109275524,4.1994744181141765,2.3925796688771195
3.8017692924040327,9.742616637477816,2.5779097639284747,5.573473614430519
6.493004049798265,1.7531288942292758,1.63796253532484,4.242790554280886
7.445356068008742,9.111016206800103,1.7043859210698362,23.351587768871916
3.453616006601804,2.134924263886684,4.675058174776905,0.3373513735051083
4.7219419137281635,4.53662925973014,1.4424230077626579,10.296002697257405
2.096974840032528,8.66294826698003,4.467131148462628,0.9103356168419863
2.630344145812123,9.156288130640814,3.1769784839344584,2.3861815168138394
7.130060685684845,5.557345061906308,1.1562247152657563,29.639856222414284
2.6329451292606425,6.346941744478826,2.8579045828693532,2.0460246934198185
5.726470453003541,7.3733260113870145,4.269798057905202,2.315985255482593
7.381416355501894,8.494828016074427,3.9048111505564016,4.112389331750522
1.9618923078526946,2.0936005258389954,2.9551296707388715,0.4703443140821764
6.105809976660132,8.290623774063048,4.440199518784868,2.567589084884654
3.309065053312274,5.331485354604551,1.4814590471209188,8.038485350222647
9.666341877138219,5.055610825973521,4.639764213569475,2.2700946466790746
5.351910820479323,4.8150977679729845,4.385764833933395,1.3397485505588091
8.253932947976423,5.582904267214383,3.833107302628944,3.1363113053309655
5.952038879406356,9.505454980551432,4.2715509685149975,3.1007552176715194
1.3907127956933725,5.933833955129364,3.175262027370664,0.8184906082351422
6.698362380346201,9.578597844368254,3.7006497163906675,4.685054214847728
9.562630079859913,2.622611175540765,3.2423922828311156,2.3855040006296835
6.414506381316981,7.517223809493698,2.4217141220317973,8.22195269030665
8.372699734841111,8.310155847478725,3.2754431894447102,6.485366780478397
8.957858170135669,7.112159482013757,2.029861330127703,15.46225845628927
3.0527179475403923,6.462300522038864,2.761116683363141,2.58764270782721
2.90840355917404,6.08331502977564,2.1231016290409728,3.9251242389913616
6.498828899658926,8.748374343208264,1.491551157845556,25.55560425430636
4.699256228260342,8.394819374480502,2.2874474255596247,7.539425249494064
8.558751725800484,2.1005984906253956,4.407948872739082,0.925295351678108
9.1002081105821,8.637288913277903,2.524323082569223,12.334992618932809
4.180792413724463,4.726617574963982,3.9920145958754762,1.2400089756901982
3.1318350307703384,3.283271469962297,1.700791416952645,3.5547049536018887
8.024729637194756,8.827917112125334,2.6976766366705665,9.734392977917448
3.4732543199332246,4.888223196703675,1.4594242773407062,7.971214196778068
8.403528866623105,8.27528221159135,1.5544842534699588,28.778745291229125
4.813644282838865,3.3706325076026005,3.4697455195602767,1.347690451781444
7.0079490936232345,1.0353638927999602,3.4299272697960443,0.6167570628702916
1.8598178245120136,5.4591327361265,1.853487629419449,2.955389160817234
6.614733922089157,1.9020543097859584,2.8976927771551946,1.49840983918368
5.065909108635062,7.789383599724187,4.453224667911792,1.9898084606091706
6.279476168579267,3.4846762246246934,1.6968060347059315,7.6001374850552
2.5121278697037708,4.992810819431309,1.0768421322940593,10.816400851397852
7.631863704497639,1.7833020858239883,3.6079805626542893,1.0455074816281085
8.765173697889058,3.579933236025274,1.21399283235474,21.291350481203047
2.9506582008169806,8.033412189327148,4.919760954289783,0.97933427112987
1.8614309996814555,2.3642912071208753,3.438481135195524,0.37223278130308995
1.2127472744170276,6.824436050142617,2.881585411375889,0.9967220869780049
6.777743503989394,9.25683267524051,2.719970160097227,8.480457146046152
6.463846324799027,7.118530837819483,3.2922826340677256,4.245092628578836
5.92027671442663,8.299195203630042,1.3624977468808597,26.46710256108092
3.087523865043779,1.9807446637352422,4.720076235277983,0.2744990157283534
4.518153963149632,3.25658643401849,3.502568274207511,1.1993623634451007
6.350287016675558,9.05084967016532,1.7359139904436351,19.073320196498447
5.470901729732525,7.435950522562803,3.2503242150586513,3.850720868196484
9.890069681933985,6.7559844373958,1.5330260233320465,28.43079066959451
2.227957773010598,6.9739006250953,1.0702108702332485,13.565755776508645
7.256300986428344,4.727804988741791,3.522067940855992,2.7655364360988264
4.638868912938629,1.401009684558879,3.593933367480511,0.5031682112319421
4.853796534330533,8.059973878636562,3.334786331213662,3.5178650563973295
7.458379890923586,7.108419125938185,1.7339328174400923,17.63408761338736
7.231925361919327,5.255240177014523,3.413719433979068,3.2613007873735893
9.921303943319694,9.097836538314317,1.2260437636980792,60.0475011215065
2.155548605087127,4.025436984865889,3.436953422287689,0.7345537148094311
1.936986844457497,3.648895698081123,3.216068076430475,0.6833412759554964
7.51904935415867,8.855166925714986,3.621019323356398,5.078062046478405
6.205482253057681,8.17288889283087,4.581902423009575,2.4157915649530026
3.4674459990382527,5.634818295835103,4.401432420958146,1.0085595498783435
1.7147743209008794,2.1766126551206497,4.9226167662501545,0.15402672028600536
1.770924246367875,2.935643243185472,4.904964131746301,0.21608846710491117
9.047717871977065,6.90605191367926,4.0892787734950105,3.7365900424889347
2.726805922468686,4.465371140563705,4.825678488710912,0.5228715626724209
3.9103440590396867,8.52825872499374,4.4691355435564475,1.6696609328377858
3.039907620042892,9.549595083989837,3.9103297995798916,1.8985348260554922
4.194966752487436,8.250732327474264,1.3015370185750208,20.431863154063212
1.6248145847148403,4.3979088069600145,1.196199553079551,4.993933522705934
5.671538118174434,8.098177863082817,4.350398270023081,2.426778458935952
1.6085130723299341,4.162975061236152,2.958623431486793,0.7649781297307655
8.203208570401255,2.503900789890705,4.258426737499684,1.132667686955087
3.103408737193897,1.3005388437927166,2.2516730826208775,0.7960706900457623
5.860107231440596,4.47145041484918,2.5905994332920512,3.904392319487976
8.920711788053124,9.132033733275536,3.8007468840477276,5.639350905411643
6.8578963214247475,3.1508792898010887,4.661306947728373,0.9945056993103142
5.796620078962018,2.8586184843680558,1.3510458979155437,9.078013580422352
3.9190037780383804,9.728387067169363,4.445912578538425,1.9288332604543132
3.9970172175237813,1.225037015655329,4.172050899517461,0.28131055923128157
7.025382596783711,8.07203935354379,2.2621570829194186,11.081734309279751
9.947254250990508,3.892329601667833,2.4208664565262383,6.606495780400807
6.9565527086444074,1.337391611826934,1.1858459088876385,6.616010042400684
6.020050756330225,9.260222861886252,1.062962444466872,49.33847823183105
7.575854592153215,2.2567809718862524,2.9080245054309164,2.0217382043789347
5.186850510553463,5.966013553531258,1.3821585819892421,16.198403677018774
1.541281083407067,3.46648786686593,1.776007257660852,1.6938777380016672
6.0606713429011885,1.5867352196622193,4.387068798106654,0.499661980716909
9.618627560548422,1.4493023709704118,3.28411356500181,1.2925155546466196
2.577726481218937,2.040010289527049,3.5345297490644536,0.4209261512552951
7.210044017385991,1.6423031250044204,1.7499173233276801,3.8668397504624608
2.8084031979315083,7.845023039679306,4.314647217817678,1.1834859281312728
5.822449160257731,5.370095820550863,4.47191908975899,1.5635071282370072
1.8700880468204766,4.086028822140817,3.0933103748521735,0.7985764223701607
5.053338426323666,4.7653201911880645,4.650231087514639,1.113579945255
7.805469960057215,9.36052062015361,4.379314499818326,3.809665024146868
4.128143718150839,9.196766314643325,3.925296706697752,2.464024263607086
6.984205520384962,7.441088321103192,3.9363036627745145,3.354102121690169
8.159049647107562,8.96214139679519,1.4215738958034532,36.183659456861555
9.344600375315075,3.876832248288623,2.083344150782663,8.346717359373535
3.111778736699082,4.429983934074546,1.2673888792707042,8.58205070059921
4.593843242283773,6.5234096366880525,1.0347248369052346,27.989882468252524
2.371744119973757,6.612633525675378,1.6332381255356405,5.879538905899631
9.932351519425376,5.335298542111069,4.52194873058776,2.5915496828876026
9.343008711318658,4.60592063594158,1.959496236144206,11.207644243236633
5.859614172525037,9.875622804478256,4.880615850366887,2.42931741001759
8.578299649387791,8.39011263505952,3.3891639982448245,6.265905415385544
5.6886217954483795,4.914821780992407,1.9490339505387615,7.359969705454959
6.612271192024838,7.545632295156116,2.988523213936851,5.586412846451014
1.8021198890441497,3.4260552392721353,1.8763792908004615,1.753625203149066
7.797433784471272,1.9015239361359688,4.9358942327294955,0.6085857821364381
2.1494213527171135,4.171879229974666,4.389059935619855,0.4654899015093442
8.434608672272756,4.626755201110548,1.1049551551293164,31.963340042570913
8.038252789033473,1.148834121046037,4.791104125869884,0.40229790101836266
7.378702279686788,8.333128014723064,3.8842604292115492,4.075410500669139
1.325443424722859,4.232740621502634,1.3295250080851133,3.1738750817762558
3.7281552035079573,6.223763492021323,3.6825509853057823,1.7109981017796496
3.368013129197586,1.6656686854386038,3.587706791862742,0.4358414305267657
4.241227667243672,2.5749714587552557,1.8751549832303338,3.10591573345605
1.7887847208745469,9.00724352794804,4.0337868000303025,0.9902026871741623
9.432620407279565,6.478187750945207,1.3482588132518685,33.615482753371346
5.9842201664113865,9.55255645153437,2.9577807249249912,6.534242188435383
3.749718795922212,9.988750309521853,1.0396928286523517,34.649722439043316
4.5728336536685505,4.34674103799785,4.874949955578986,0.8363900298278795
5.024822864543521,3.6892275767494715,4.006254527107638,1.1549924029708225
6.405349000245556,8.725204496431871,1.635408304638624,20.896137365096553
5.6411148492684795,9.987502843337088,2.366696159805132,10.058583963675188
9.274527758929755,6.6667711080921155,1.6422495112327051,22.926041144466875
5.472671346152472,8.156266502603701,4.066469856517259,2.6993280083264843
9.929422133409814,8.03571272933747,1.2355853017108607,52.26403190773995
8.662824619705862,4.198057373975923,4.361626622254857,1.9116611835442616
2.8765946292160223,6.168433422313785,4.768785355342919,0.7802575803845406
9.375356931795245,8.497512471377922,3.7065117712251996,5.798943189311313
2.0472975809692846,7.193024886349499,1.8518618000057367,4.294131994020615
8.357047376420724,1.1904743258383443,2.440360383254203,1.6705711066782327
4.4256096412892205,4.030351020077802,2.908959499235725,2.1078544909814703
8.901768884005627,2.3002812693514483,3.418499088809015,1.7522106701992808
8.812510210967053,3.0967499087023516,3.6746523592467497,2.021032274099811
8.253328601058591,9.14940529742193,3.216858861275531,7.2972292338263465
8.110273926763552,1.3320396001969135,2.405255683287423,1.867369065308452
3.742112251882367,2.978206407657314,4.563669122259612,0.5351102940710695
1.7282735474612696,3.786124170144083,1.325568232071833,3.7239441664927826
4.626821608886453,6.551956647697553,2.86502421697398,3.6931519447970187
2.561720634878578,5.8069152107727895,4.102259353869923,0.8839567641163968
7.254559800122156,2.9644253456804748,1.2434906611656036,13.90805907885092
4.11489753884007,2.4781696050083903,3.8213408672452047,0.6983264534346781
9.780491807739233,3.131182311365069,4.2788464910133,1.6726906787010782
6.768748696107988,5.5227666403149005,3.643325194108209,2.816237059438531
8.40232507270925,3.440600071400831,1.051747569101424,26.134286024926055
2.192722054676636,9.528422514469499,1.720548108528825,7.057826051045669
8.758130340453603,5.174786992859628,2.368452315567803,8.079315934452872
9.30481471462055,1.5291641489017336,1.9347601425521836,3.801084925664616
5.3835572693704234,7.563397652529701,4.850608560909709,1.7305885019841094
6.456276439758797,3.9596075938809063,3.6063756564551745,1.9655873126512031
7.883288208126959,6.881400388524228,2.1878838294062812,11.332760615496717
2.573547645343713,3.516349334709088,4.718789994661782,0.406408635179946
5.523094688170982,6.136693675599879,3.9623767979047475,2.1587651091836957
4.587967249950818,7.949372543267182,2.138428847308168,7.975603417494273
2.317365929460242,9.352078675970986,2.5155262776078215,3.42487757981014
4.307809800623783,3.3501442998976936,1.797715433215827,4.465582734810991
1.6135507844694421,4.0137125589908305,4.884295993063287,0.2714719463865059
1.232307162545383,5.178397782573457,3.069185983560293,0.6774355264389147
2.2164966023934047,9.3445735396239,4.584226749991938,0.985585655506922
9.668036004302564,9.112481711295914,2.385999084067391,15.475132761822676
5.945765823055153,1.8089045209057422,4.443366412389903,0.544752445771331
9.69239945037898,2.1873684317842974,1.2155473937086558,14.348597442739319
4.892480904971188,5.4595825959757445,4.928361270097152,1.0997235061102768
3.806345197767336,1.9595734552488113,4.648137468133211,0.3452325945579922
5.555276765562197,4.110227860138277,2.4528117791066197,3.795274154297599
4.955605197696191,2.335468403957299,4.098888661258309,0.6888718729864728
1.9509821583556952,6.724363196186973,4.009031705895304,0.8162542930699099
6.767436832211856,9.545458885652456,4.605019188411727,3.0461980357860714
2.9443436425863965,9.970603932649434,2.2290199245152444,5.908565580247019
6.576291594080466,4.377170192472233,2.862080021256598,3.514074387538633
6.85180983158338,6.39111373403151,4.459998450424212,2.201468275391093
2.368223678157833,8.706408881716731,4.114317816540864,1.2180527747875576
1.5521466439960134,2.0571586551674557,2.5738668749611167,0.4819792884316568
8.026854274615959,7.206079699467685,4.382900931648488,3.011071936258399
5.138203813923882,4.679592955525614,1.187816156929606,17.042015226422784
1.523474159549282,2.855315442521477,4.12818521185196,0.2552529905212024
9.953796854527905,4.624782568726978,1.8270634377348025,13.790272209032805
1.5200250489672997,1.6836425826842518,2.1444836312951487,0.5564871943406615
7.255317059726979,7.258664337303752,2.9728593743823746,5.958876401014293
9.853110327370722,3.2746840187360777,2.7989380042798957,4.11866233273274
3.1526209379433308,3.802650805403902,3.0822804274795237,1.2618679352576505
2.2802443181847654,2.089731684173165,3.1791023826880953,0.4714795719913228
2.09246445480186,8.781932025009025,2.3261107641259877,3.3961540248329234
3.72947632810836,5.440998513544647,1.70091005206812,7.013967782212444
1.9094122990958202,6.149321900077602,4.073924917149224,0.7074583911749387
7.229452075247187,6.124894147853691,2.5999045963485683,6.550721664886313
1.5606261831705641,4.6944380308720755,3.023363449836236,0.8014967810634686
5.584799153348108,2.732769238943255,3.5787868734044723,1.191622920537227
9.970271684676792,7.7061947364856,4.638551689226624,3.5709368606794656
8.325732425554168,2.143506388219069,3.8302113245608798,1.2164709984200652
6.536974944079098,1.9348641125092945,1.181836902361538,9.055495034775152
3.756282587079505,7.3913053383685305,4.354241453592071,1.4643820082816656
6.6150625266247465,2.8795331840678546,4.957420060510076,0.7750765574293914
5.743373175204865,3.760954762175491,2.8899401014855286,2.5863509912912788
4.834750455013343,5.2770472030156625,4.878361345818403,1.0720551073494682
2.1763933906617954,5.044161850565915,3.1893149693725977,1.0792736870923414
8.9794379371642,7.377212125584993,2.838463983487799,8.221946539853406
5.048061839391902,6.610886140990249,2.3256190589098202,6.1703129014400036
2.7516026063868857,6.799565460536791,3.6302195033333553,1.4197147679565671
4.309834157895606,7.426488975899116,1.9192816821001784,8.688937290559135
4.727167772760343,3.6335145468111882,1.4197368740576173,8.521424393859892
8.447841060101869,3.900999806204263,1.1089484103368563,26.797789889817256
7.6025294250526185,4.941979731059988,2.169520450861055,7.982364826335549
7.923744042772058,3.767159557301735,2.583083328668153,4.473707857828947
1.099281379857825,9.864440820737771,3.208306785124991,1.05348792940861
4.745385983617854,8.326467337792867,2.1709993007480257,8.38326044661489
5.332097364717913,2.481892194304266,4.936238289541645,0.5431111905906912
1.1727304914075103,1.0503474029368256,2.1669806729646703,0.26231378088010593
3.3383188787053077,1.3850494142254108,2.763901553785635,0.6052683241668793
7.842608408099215,3.1965710593863275,1.4131046621276013,12.554407910640776
2.2339873515609914,2.028621572531709,2.0425060533483026,1.0863131699431505
5.817791183073325,5.800043034033149,1.1933285591559644,23.695685449533286
2.9368168481551375,8.721957004546228,3.238034533749312,2.443024667076594
1.1090869717950396,7.630751988219046,4.004258732529727,0.5278234481870684
3.1708131183958734,2.9404815677397136,1.7828392573442717,2.933355712114081
9.782863794190485,4.5936933042320724,2.471643751264283,7.356246184516824
8.213834006946907,5.571047885781499,1.0664649069086423,40.23367237873001
9.636189798889301,8.29185264553002,4.358088222888848,4.206926126228676
5.390686395337262,8.552094427955483,4.119854099726679,2.7161445721310384
1.9876257880975317,9.187464807169984,1.2530161234971695,11.630998305634579
5.931635400763237,5.583207254525877,2.459470437281645,5.4748847901639826
5.089396011039648,7.248472717922766,4.821146455397981,1.5871285521798333
8.599213744656543,2.0062033411054343,2.568108224315908,2.6158151457695062
1.8827432270582012,6.087600639585839,3.1048347068960642,1.1889409324360116
5.394170233196004,3.238226285240216,2.4209714440414207,2.9802487061441094
2.3504379822458583,4.8854519652395,3.3845255525130473,1.0024389883622973
3.9220833420105397,6.706454574760475,4.912627502547289,1.0898886622445416
7.636213696490197,3.31287344068403,4.990010013924788,1.0159681289464852
5.284163164318898,1.4696655201708497,4.098859912044764,0.46224111648277927
4.382994566311924,1.0921047076788177,2.617244392081757,0.6987899584834691
4.550286507130318,1.1994358199006938,2.9777288033159532,0.6155246834597673
5.13502091565388,1.0751476376239268,2.426925312449222,0.9373407527303366
8.065148894533511,1.9931955090208793,4.942298519617385,0.6581188681917698
9.02876220046211,3.155398431131169,3.831041223301615,1.9411038441325434
9.598012178535354,2.9909936276406928,2.795725781734045,3.6728876294971404
8.082130476297657,9.881169347619071,1.0484610804384094,72.64898854180062
3.8386620617321148,3.754054946880489,3.0819336575621934,1.517168908025337
7.193212354778879,2.146787050234592,4.935712806806471,0.6338873504565069
4.938428116498527,5.910062897509822,3.0922436358922076,3.0523436734642138
3.2920355984144605,8.721617098577575,1.7297067419564547,9.596582087627535
8.567844214833304,7.1025433910890765,1.0883749884190994,51.37222206959087
1.345837140660925,3.664738802219053,2.4188150324968363,0.8430051304858394
9.115857929218812,6.054545438123094,4.672912222786428,2.5275737973802066
5.153297181622607,7.433703767803682,4.986216432703523,1.5408068034182298
6.7348132912745236,7.552940431309681,4.781471899248011,2.224940514557695
6.934185299852045,6.998846097679199,3.917679973017027,3.162015347804177
9.056059666358827,8.837293822980563,3.232570913762621,7.658830323889534
6.730027139504866,8.83094912509694,3.362744585529008,5.255770999285239
6.525402262840556,6.210429034663029,3.1559680363678435,4.068775246672437
1.5998683650462096,4.86870732200091,3.8281972196919534,0.5315073958716915
5.6656721975068365,6.774132660085899,2.6754929067814097,5.361638550932593
2.3515210073533748,8.363908012334168,3.676816019823062,1.4548369145047748
7.6369039184933705,1.0508689435706624,1.4864484598288041,3.6321700537968686
5.60999728731407,9.92797308113366,2.062781226245935,13.089314474441961
7.12205001287518,2.646043950962793,4.344012155234518,0.998665412801153
1.3750561054214585,5.232240870939786,4.614995722973564,0.3378045865376757
1.7631281444122289,8.8482676135858,3.156032950241199,1.5662427358804591
7.4469104925641405,3.0253635913977943,1.1265424688517296,17.752461229958307
1.6487590239880603,5.291157015103449,4.7078942831670725,0.3935994027468203
1.6413105498873275,2.1932396216306125,3.808257032109146,0.24821289422752252
1.108976277113987,4.555686928493733,2.656111695021443,0.7161161350787668
9.60851258469532,2.594219093137023,3.3935157727979854,2.1645273137290486
7.637575235131062,4.272649738940413,2.7190993377654644,4.413698316083483
4.179262676518578,4.361177951134498,2.861356906928204,2.2261755659648697
3.668820231588897,9.938537106384995,4.547239462637607,1.7634097811014493
4.147329067712646,9.95331726373395,1.6443369876684462,15.267034650808428
7.971881780630636,2.0330765079455118,1.414676541928947,8.09841946213878
6.95233549963373,7.5337190139551256,1.010914978052063,51.252007082776956
2.6667601108072114,1.4657093170219104,2.2560015024485067,0.7679855166483462
2.5669840180067593,1.2717281380346976,1.5896550659377096,1.2918486880263311
1.8855608474205758,1.9480050482046787,1.8799419805524447,1.0393019389252303
6.942724477312043,9.689370913071405,1.0449559306615077,61.60692913569862
7.8793539599956235,9.467771931052276,1.9087816587508128,20.4750934051437
3.385417854925036,2.745350382526124,2.3308463277294957,1.7107351454629536
1.1885046492782152,2.4550510199834035,1.1262699856395253,2.3002571306962776
1.739545007287846,3.164815778643523,3.4316164971885907,0.46750537770496126
9.710740313605275,5.639922946676279,3.275201395535032,5.105631780886626
3.659002997296782,6.127341688318689,1.3881431140397003,11.634999750223297
7.923008330543203,2.994340873955026,3.380039110073604,2.0765763341527985
6.621972119688374,7.809605092809507,4.994615674435511,2.0730618996854013
4.437456756876063,3.785978524623857,4.777875811246163,0.735940266438989
2.851185359759996,9.299181929764693,1.0106839734706532,25.956099990049154
2.092477763434658,6.910504358110575,4.1815132453214385,0.8269964458365829
6.5351167123498,4.927160748732505,2.414421104945944,5.523623162921083
7.971704025740092,8.109208015325608,1.2546054813385097,41.06910565603787
6.795138281870176,8.361231634419983,2.1839328548648322,11.912145528396865
5.772719199242425,3.614334450480493,2.286946065251849,3.989302095927252
1.3775610108847265,4.057430894524759,3.0929769572362273,0.5842632970770315
9.716398998349455,9.423596383557431,3.6443350690754186,6.894224428158283
8.18842772489117,2.4826693452694473,3.996222448833632,1.2729756361317557
3.6353983303086825,1.379353752666408,1.9836121702530667,1.2744245700435917
9.819732964229656,5.0864979034859426,2.287082280993988,9.548935705598153
6.416934306726899,8.21088910219266,2.233526827438941,10.561739052383961
6.241803923865218,7.945012956796712,2.450947472483506,8.255373447066802
7.732658614865789,9.275775660215492,4.9986252358253545,2.870634623979644
8.305928092811238,5.798805979321362,4.111773211309703,2.8488424992154497
6.9083074659835235,1.9005820440987997,4.899961861074788,0.5468558732952937
2.1528617172958002,6.298200769024144,3.772444238188229,0.9527675947674603
4.044407553950485,8.005560529178904,2.625082806589137,4.698515278145973
9.352752762934447,1.8399530824284376,2.5589767345078998,2.6279283987679696
3.0215405065946674,2.553916609878308,2.9543245799001805,0.8841352739645552
4.34950321453762,1.110615950401038,2.6674791334577495,0.6788932660784606
4.888691946497763,6.342873215021293,4.313304984370983,1.6667035781618067
4.95464490725007,8.98060952751314,2.8600080521067714,5.43981132476353
6.5164562424507295,7.035969844018895,2.182457440843384,9.625956301914536
9.487682539702368,9.838360788318838,4.099441074786608,5.554354478245549
3.1662344064925447,1.5673028724978542,4.417681637525579,0.2542770495032751
2.0935123867082623,9.127009766363466,2.6817158245618056,2.6569203831283246
2.777234408739436,8.326614586480126,3.671234287622128,1.7157610267588699
8.982324101883425,3.8281736844955443,1.235218135553219,22.536840759289106
6.812297313896854,9.761738966535265,3.1178594078858666,6.84081315264032
3.573161103152441,3.5914397335427353,1.1799245509820322,9.217490642916147
8.343522450717554,9.003742514453966,1.1167633619778723,60.23517697394354
8.752329967270924,8.926737193667705,3.451699402090956,6.557684178156046
8.618629048212503,7.818918549426752,2.2133415295799486,13.755868390568404
9.27033880275599,6.071234264315667,3.9701486498218617,3.5707468496464894
3.270169181560254,2.0800247465519925,4.584330242530369,0.3236584368745326
7.795377358716505,5.787745610468484,1.5575646949214028,18.597492342317963
5.14485547546726,4.211166300894411,3.8980913543156954,1.4258424685072442
8.577986976010553,8.129953298398165,3.058079993153373,7.457199304326355
7.5564160944545185,7.823162858471604,1.4484770006507954,28.175720347124834
7.9880270184975215,9.195512566353447,3.606370425922899,5.647741381184925
6.905456539129643,1.133471461885371,3.4378672124258913,0.6622543052396215
2.596858925227362,8.281928951407416,3.06256746960313,2.2930236145701355
5.905242270072445,9.446158478122019,4.705884818238632,2.518896720627931
9.862027655720574,8.103704041973351,3.084318784416066,8.401005518390978
9.43649259847407,2.1717501388333003,4.96206046180085,0.8323315517071895
1.388563622173105,1.7315119435679898,3.036915255392444,0.26069093430494483
2.483333341564934,1.1876071582693073,1.4634081532054704,1.3771361713216925
2.1855589610910573,6.658707032452639,2.8818850043001216,1.7522623927335736
7.53381918986766,6.667053866738986,1.729315050220285,16.79580851633867
8.360067968712507,9.882223427963911,3.388533940869709,7.195165649849903
2.9216022967960473,4.582388566936862,3.7725287007744046,0.9406929841588324
5.552674236566461,3.9871565640774707,2.8737411148283747,2.6808357204537345
8.5663272521008,6.619824344659532,1.390811870732593,29.315975461590476
7.595213902896255,8.430478052568345,2.8745655943342117,7.749037543930296
5.880134849426635,9.430965545707016,1.3258168589376016,31.548329626403284
6.313129214128956,8.228117495611347,3.728503822026136,3.736594565367867
5.57524492224652,4.840065825542243,4.16147289946035,1.5581923846378503
3.677936061869385,6.714228117808577,4.849521308908156,1.0500319735882382
6.085197935731145,8.706693940445053,1.5952084285138257,20.820594037985057
7.199967718450816,5.415487194805655,3.1296813421332166,3.980776921769807
8.859906242747268,2.9501797933485343,3.2701494701416745,2.4442318727541443
6.726622185813232,2.5275109577308568,4.689906135123919,0.772968473429474
7.850093833388422,1.0014197012025106,3.509106562386057,0.6384073310157714
2.4406447145911567,7.464141954831558,1.5820385825812844,7.278641215717728
5.154017269778109,1.9998748796139145,2.745405295852757,1.3675265303360546
1.0839845784438396,3.1945518972634637,3.619050114025002,0.2643892894284769
3.220109780694607,3.68088698370514,3.8011377282771894,0.8203438933385215
7.5381554360170435,6.043418741230915,4.452295994362294,2.298157120305363
9.926289562144271,4.581615495661923,1.7220284793775886,15.336452702331274
1.8926028962849433,7.072065928208456,4.806168587021993,0.5794391029879848
4.613448842751595,1.5007479339583245,1.236557648062369,4.527982373582885
8.200638718292435,2.115452748379955,4.935048538275608,0.7123085405415986
2.8363207116600897,5.4929035317994,4.431068371465634,0.793488077499106
5.995764543720576,4.032683090621468,3.641091131048685,1.823793091063172
7.597641664267073,3.6623202647622373,3.9399820010576865,1.7924483532686777
6.543869052341611,1.6032527113377046,1.2907680236751857,6.297094157510299
2.692222611538745,9.061472572732013,1.1659194515778095,17.946206139137008
4.198461118171655,7.226367275125456,1.4070631862054621,15.324381848647908
8.054126060368574,2.0945634113768445,1.3494392586565511,9.264143084465214
5.98803862718815,1.5854136196342656,3.1895249338777405,0.9332009554744752
1.0470665218862147,9.773852800881187,1.8617759484471565,2.952468256652875
7.848916840252844,7.130552953955544,4.440822548826906,2.837958877422288
1.3178021944621516,4.757104639843673,2.7829944922722887,0.8094093879246305
7.711604044581089,7.315579366802064,3.7820419058330996,3.9440351386955186
2.8223250414871366,7.806986078321431,3.6114923718806393,1.6893398634635222
9.622661321074421,8.019659821499014,2.2794121557188403,14.852700627609403
4.31146676171876,5.300895750877519,1.9726702941029162,5.873071611026777
3.942384547042712,4.868944823123632,2.3698251411865408,3.4179147927772817
2.339992452992002,1.099252758420103,4.1866334953993505,0.14675135954645335
3.750437939411934,9.339014036276541,3.345107393678474,3.13013364746446
8.889856856453804,6.4297709055004875,2.0141546500767014,14.089793903012335
9.967009038645227,2.828385434709713,4.271385772241721,1.5451329386633272
4.314785774561635,9.27643077479293,1.219037544441227,26.93431800667757
5.037495678590883,9.234387115932668,3.7967334999611815,3.2270265224156613
7.498638443824634,9.902657479294863,2.7564032229972435,9.773467509445684
8.97576202418567,8.86650906825081,3.925161544263553,5.165459032816986
6.337399007681057,9.980059490380583,4.709845120973707,2.851221318945416
4.523731283600464,3.2021756931094534,4.000136391787615,0.9052996586345655
4.713596567637614,8.580246266793107,2.7678614212455295,5.279143616761052
7.260563318471262,8.407254779161882,1.603902726055523,23.72840109665423
1.0289643724385082,3.0784632329866035,4.225403903221735,0.1774180699523172
6.576304037138566,1.885937941008917,2.8428221076854863,1.5346520108191108
4.199437093972216,9.814784623098397,1.3012492938285192,24.341696333748082
8.147775981493758,3.6642209636854934,3.876221591107464,1.9870259653467448
1.8369157584081894,8.838026114210255,2.1674078636663587,3.4559164216337455
6.2938204025355144,1.037144392071435,1.195552918020741,4.566841740227014
5.328756008975113,1.1892232649764198,4.611004059896311,0.2980562430677294
6.780929733147047,5.192841778267315,2.9324043683756402,4.09493128662878
1.5836823503467152,3.148432155415572,2.1238442126920862,1.1053939954379883
6.219854086853181,7.208571550923678,3.8655462315396463,3.0005969715988456
6.053361291635714,6.090078930111589,4.5436095107302545,1.7857370804593051
6.045940849745539,1.697372177054423,1.001228300135022,10.237048002735312
6.431388999368093,2.4636546668414536,3.751408740168615,1.125889681282632
7.08821143503726,4.492443430525729,4.068046776073686,1.924187570095016
8.244900997126928,2.6704365755988984,1.839709709117972,6.505326702794425
3.428386481153929,8.130001125195356,2.9584953256406976,3.1844805798865843
8.425444691620559,4.744632119979521,1.3571435956717433,21.704199535273396
5.484301140371082,1.8408868015824935,3.9869995300613903,0.6351203214556371
1.6935245122089806,5.359086120449124,4.38982407425341,0.4709643037406266
1.5269583631958128,1.8175436295527274,1.4327466292986424,1.3519892826036448
4.008144868264547,2.1604357487783545,4.265841013731339,0.47585587346033986
8.064072794003208,3.1564884882538475,4.086280681938135,1.5244116539437857
7.369128412668242,8.735749347227408,2.387653281483589,11.292075295283997
8.09753468205166,9.321512790996747,3.761158119734333,5.335756884389797
5.655421507974484,8.436319563988622,1.000192495577247,47.6925801216184
4.961790981599415,4.006694956760625,4.727190617863995,0.8896486309112693
2.3270727403565554,3.452017969979485,3.2015329412334914,0.7837310574295638
3.953734782483804,5.9424012171121525,3.481355456247998,1.938531078024884
4.9061742955648775,7.496678444798011,3.6586376541563945,2.747723678652359
1.797403867116555,9.940355093441573,3.245476068873467,1.6962534665166389
2.985507574400901,2.184136406910336,4.427055550157853,0.33271163802136655
6.384027646573649,1.4436279912142398,3.4388073286061758,0.7793532774228455
7.620968028152708,7.249203000957439,4.63103996496189,2.575985081002818
9.985127602536547,8.490032051535149,3.3293264889360357,7.648040458515441
9.39801998209202,8.617139018797808,1.6844896879222664,28.540577080239657
6.783086795816724,7.106171941694446,4.654250223357211,2.2251722194917676
4.791232479646649,9.586142237072684,3.726509993439107,3.3073985554706713
6.725596282374094,5.599042871901283,3.7969559777422246,2.612001749046014
8.070864562722088,9.224333185025912,4.941927002286407,3.048332866936135
2.065025718310486,9.710309232923708,1.3007862168383166,11.850772812302722
4.689144007266594,8.62441711302797,2.7143704283806853,5.488897143502802
8.558220570720554,3.7878270693275855,1.9563815719464608,8.469670050238875
4.4544965673973955,2.765940860532657,3.5217058588546286,0.9934256266928898
6.146850441044679,5.9330805848363655,4.2272467349922875,2.040881076304418
6.289924247759784,5.077132753421696,4.865242835569651,1.3491333894400201
2.6602862782027543,8.899825079734597,2.8183844278188803,2.9806390304604147
4.260118974870595,1.9002850396043836,4.144872922570417,0.4712138395588515
4.01060159867739,3.3196605518036675,4.668206368161519,0.6109463954253213
1.235770376788583,7.766190500668377,3.733301730143539,0.6885882957863194
1.217725875022197,1.854879804795809,1.9709302097990848,0.5814639772404463
8.485273393081961,3.8868797261953016,3.4314166044311656,2.8010447357129875
3.457637289755312,4.484398546485848,4.879808191268746,0.6511456342287555
5.662708896149339,6.60334416906421,4.950215315446261,1.52594890121833
3.6885301622989575,2.423193811474281,3.5694392948671125,0.7015223140947713
9.466113206038065,8.745440413147385,4.5479510314879565,4.002412250502458
3.3336708297919637,5.027880119196468,1.8013974553944112,5.165216613163613
4.866911314650416,9.253195406925009,1.9843144198088671,11.437317819427788
8.854572254361416,5.210829222705384,4.811550451539439,1.9929864146965173
8.577402101126278,3.4753623304666004,1.5409415019792316,12.554041360492127
2.674912760616496,2.276459458189074,1.7644257523739157,1.955972602073552
8.223789788161394,1.0337058524015634,2.682194396480207,1.1816489514773547
5.123681980641034,5.789417364863521,3.3583371510134015,2.6300768446146257
5.346719848768197,1.964410272342311,3.4152688758730867,0.9004711951495358
2.201319751743494,4.525549872680604,2.1679040346622576,2.1196998955644
1.7254136238141218,6.30344585113378,4.682455591801393,0.49604824203280845
7.551453762763886,3.4811730721243026,4.660399630431451,1.2103469071382353
5.468150371197698,2.5770186312950374,2.56827221220949,2.136367200110944
4.931656323536616,7.9724946034840745,2.7371670777211885,5.247886364483954
7.5655740578715704,9.521120550534585,3.809988467295647,4.962295569810951
7.889616090919988,1.903963760757694,3.651983585595603,1.126307342058531
2.430173509024182,2.4003129194650707,2.5291880598438494,0.9118909368200815
6.492026345298772,9.640113915274467,2.6569770060840137,8.865165497122952
2.2181867404991698,1.3400579963102164,2.392155773686156,0.5194488459928247
7.762375774261411,9.79869102895425,1.9415400278132315,20.177624213510803
6.912596406404256,1.041800347764899,2.8325534516965587,0.8975723620545654
9.609531589751121,8.863017900861982,3.7457365276101617,6.070289350460355
1.6206221472077906,3.765926628889746,3.967866821257172,0.38764969822527356
1.5134924903612887,9.44729972359567,4.1154945930238505,0.8441971729695548
3.539683672238801,3.852507597720269,2.498928053812486,2.183737596402716
3.355351153623154,6.888756893806504,4.058543977139895,1.4032605761547792
3.2228091916479986,1.72029312789343,1.026065262767501,5.266075462789142
9.15629122468933,3.180968303083651,2.908199750867529,3.4437409362234406
3.245915798645555,7.963114118313257,4.175617600530764,1.4824455484892192
3.447547535157679,5.758172683109377,3.5201788825654132,1.6020109539421898
7.8345843617616735,9.351721556083403,2.8962524966180307,8.734432368663336
5.04765858205486,4.858762675072189,3.5785680264253967,1.9151249048915322
7.990395012596631,8.828311292325306,4.627784012594656,3.293818959510574
1.588295418079467,5.0405989373041376,3.2655272024408295,0.7507698349343769
5.388140743060458,9.813234508317867,4.199144765840424,2.998675105725151
1.3025224016495436,9.638509432589892,4.92297090090079,0.5180128589147502
1.5638788310981906,3.962230350004723,3.822272808302267,0.4241304561154514
9.157937080099698,8.973313033751229,3.293303055556254,7.576821911423425
2.2532083400583565,8.628502367940843,1.149943788501361,14.702241400192124
5.791786140476954,2.8961235759480655,2.49791159301835,2.6882860544480214
4.699860423406359,6.6186136070494275,3.2617709340604732,2.923782561789369
4.126089936329584,1.6541408403083337,4.1888262868241295,0.388979285180021
9.098500111185452,8.530396485251154,2.752419158590305,10.244950813682411
1.1964105709794055,2.5709129515314686,4.840233103059093,0.13129103097149028
6.9741071755803015,1.6373323124718806,2.0871750104946996,2.62124561572805
9.670549907921954,4.601971859849301,3.978268780841266,2.8119454145246583
6.041513651156578,6.192299247396791,2.67612566833651,5.223777730894758
9.431402158297827,8.69425262703794,2.9439539782636235,9.461205723657976
1.470320913574214,9.768182729695628,4.210008135461761,0.8103264959682485
4.769139871667452,4.955432613128773,2.184861046606822,4.9507841393143925
3.3414201186584602,1.544022306867432,1.3872482263805725,2.680873347539877
7.577388684826568,7.742040211232836,3.0810223384537085,6.179954726968426
9.83167381447522,6.086559306015437,3.115178447214995,6.166425098543213
3.30877056199823,5.0310221036001685,4.188671088901495,0.9487905713861041
6.88757141326667,3.783419909129707,4.873276824928407,1.097257342306506
2.7828786948376614,5.521586750591821,1.2212027453133936,10.303449145102933
6.087972291144489,4.0481164401132785,3.3667578949724355,2.1742120019147495
5.175392380195026,7.813106809726243,3.7251141212591996,2.913988806098537
9.748047966683833,5.89504326843377,4.943205402994087,2.3517293583260455
6.476745454268199,8.891629967387008,4.770360857107646,2.530671325956576
4.145557348781369,5.891895231844979,3.84980305884791,1.6480140757965285
2.0268620639914,3.1443617200593703,3.0871576449778635,0.6687119440384716
2.361221458614411,8.6598269400893,1.646095689197045,7.546329763367853
3.0278523695611157,6.014971404370395,2.5367062208176696,2.8302703087553773
3.258699952062682,2.861569343292051,3.3404893002286173,0.8356578142675575
8.65554452057024,6.611570289605999,3.900801586383015,3.760895729793358
6.051005094542724,4.219450884481848,3.541598229916449,2.0355645116304
5.710518202369298,8.599650510628592,3.856491207310965,3.301958655322549
2.0329198468229572,5.079697647818885,2.7166100182075907,1.3992764437617262
8.741257240144915,7.537972222966751,3.910509162284036,4.308854390468835
7.5053287288763535,1.8598258687261344,1.5749650240788768,5.627301385549737
1.6090152571000143,4.564219116721116,1.6503452470524542,2.6963547753833277
7.370515875067918,9.849172928251589,1.6513285833178513,26.621385355253373
5.8918439560838145,8.276142605294336,4.563459828143104,2.3414815381582867
1.7355281117210044,2.439467221302358,1.304136253234538,2.48931985941096
5.124705773757908,3.4998764452952957,4.206033490933903,1.0138558143073153
5.362266584170423,3.9683422797072496,1.9342835921869486,5.687445256078975
2.4919708614694818,6.853290044459011,2.8737197619810027,2.068012898205585
9.51128332300254,7.8129528354069,4.663826381862712,3.4164067537802194
8.649778343325957,7.745739479271188,3.343748918750027,5.992396565757527
7.021201035961975,5.5888665067576255,1.8404707449294344,11.584500363621979
5.160660049005465,8.297384840543362,2.1363602412752285,9.382044989257645
4.705889874260577,4.933702744817276,4.681786495583143,1.059233067544812
6.858761204358587,2.1149250876600574,2.7085757004399134,1.977236940325443
5.908886824662149,6.07997657488432,3.3479419320271577,3.2051749821396505
1.5604579529369706,9.57071246140996,2.839728786501555,1.8520069483464823
5.612523838932985,8.136942862532603,2.5137523521937983,7.227273419322155
8.257632555095554,6.208305829230182,1.8931165077296077,14.30454247413963
5.133158898372622,6.821250943141872,3.7447660019384084,2.496889738351354
1.4676091979884158,9.375058243320154,3.8729681050884817,0.9172686666353863
8.076503794456297,4.855085149914644,2.099540366429598,8.895529303572387
2.8122740392237695,3.9825472504837363,4.1560433722193215,0.6484230319734197
3.327587513992349,9.79517408500404,4.418140801206718,1.669792632347531
2.482357180890663,8.770988201593001,4.682700384958522,0.9929332547219434
3.971935583843478,3.9073922615674217,1.6448496556734797,5.736365195690313
7.810763551197716,5.174025376248306,2.2156947344530655,8.2319399587395
5.674472735535436,4.735703161070191,4.441413390014782,1.362283796842919
2.843931467356413,2.341861108042905,1.794160811311576,2.0689858855763545
8.900470703368367,9.620373914319332,1.0138738369739815,83.29848344939239
8.916236694563763,4.638811880977829,4.483309241006538,2.0577421714306463
8.835205825414063,8.87796174374117,2.3057977670054774,14.753243554448124
3.1491659024338534,2.7042060491259856,2.6579901005558,1.2053928253957233
5.061154097628893,5.930837295734978,2.785336102882552,3.8691035552356348
9.864906905267876,1.2156524661184283,4.3930984026689135,0.6213847119734635
7.948112286789914,7.877984354580777,2.3515685783738416,11.323060059856282
1.2445067910300383,6.228225084216505,4.569119543425927,0.3712757025244606
1.5868413213444286,6.630306251227774,3.467756552192192,0.8749231094636832
5.175382391310995,1.465487942991881,3.109146896134737,0.7845889923735667
9.182981852754041,2.8993449718775386,2.3024580285098497,5.022271349942556
5.848316181574428,1.6689778511822215,1.9748467851247433,2.502733476352326
5.480312572308612,3.600228842234306,3.4962337711093947,1.614115133161777
1.9492632996096753,6.646951069139359,2.7875766402263045,1.6673983017445175
6.911020942518647,6.095673858856377,4.642064039728025,1.9549771093147188
8.39892844540203,6.509348394520512,2.966554864456199,6.212360195634508
4.423780067568061,5.943261442401049,3.0471796668047646,2.831536988632641
7.980506658327947,3.4572591610827343,2.666893124544003,3.879280442301556
9.680289885107305,3.200567476099827,4.15705198796514,1.7928519953109625
2.833898132149202,2.2335371518292315,2.6993567924370816,0.8686740173989004
5.709966680752672,8.64163787413143,2.0773679989990197,11.434120452084187
3.58424162276118,6.5483142268712005,4.4481234971740395,1.1862415101710968
8.135689771304554,2.678599112536538,3.387312885460961,1.8992908325481643
6.198340292930418,2.594884418391156,3.366040879076007,1.4195629694267613
6.711241757952734,8.85732041373523,3.443288828655706,5.01369986306641
8.181227436543047,7.684577773869874,3.875358992822667,4.186148182603811
4.563734253962094,6.934591719148343,2.2522719572502674,6.238778763211339
9.23581061566339,4.661776967853698,1.1353774833320114,33.39996076045167
5.797259805215259,3.357780078506658,4.242372643508038,1.0815768540059212
2.421593405518132,9.815056868015414,1.5156202155265497,10.346971834090128
7.263092063519222,8.175156175205203,3.8872789488421766,3.929399578194301
8.13935215394429,3.716013008226488,1.329261193149315,17.117739481953574
3.85085509360774,8.628083166506453,2.5012313681139684,5.3108467073089445
8.714613312988778,7.8303875375321335,1.252104279326153,43.52616239218622
9.155289292891897,3.6737249489019854,3.0888547185108983,3.525199868565615
3.4921403864002802,4.838975688174758,3.6125430911263003,1.2948488105200522
9.851693254436999,2.67358100851924,1.6857325647127532,9.268871804638433
2.266403752438826,1.9994719994029841,2.4865104737536083,0.7329460714321663
2.81814101562241,7.504858295557271,4.720957964172214,0.9489535401520753
2.658023553142235,3.4076067161848,2.769556468429827,1.1808312601878468
9.045907390070834,8.380534291716282,4.210174275906226,4.276846840958854
6.8886329709246565,9.960478403629835,4.708738980240836,3.094596360759046
2.3689385490004558,1.689578325366838,4.897383299909146,0.1668798623269364
4.962910765315141,5.257316125753302,4.593288078765477,1.2366681920978824
6.5376822256282185,8.218563033797228,2.2696213166358765,10.430686534027211
1.7511767649044496,8.100558068871102,4.850291544644772,0.6029887885912323
8.94174731566605,7.839974424978716,4.249580966984188,3.8819042812079676
8.232431818973817,4.140954417717198,4.3487023345579505,1.802640936978971
5.5468609621897444,5.084679301165471,1.060691936687339,25.068728778482196
9.704139537332534,6.354715216073232,4.816955453273175,2.6577116813540855
4.759848813475897,9.765465252159315,4.112360895394962,2.748550089743443
9.85699287132848,3.947925438446436,4.0718699860316,2.3470674963819183
7.011279989232643,9.308294989451719,1.326098923714345,37.112106307024035
6.712041459285473,3.424212263624447,1.930274164293325,6.168467954807588
2.493594057662065,9.901670189263342,4.849046660551597,1.0500778179361057
8.937349824741796,7.0323731814483255,3.002708299221905,6.970828173267687
4.847407191285536,5.171603323226958,2.5914320729490243,3.732974726460656
2.460100652042314,6.520513852572444,4.359763268587654,0.8439347732652039
1.1134676797818313,3.452780521361861,1.3493616564557773,2.11149403220686
6.037801152745443,3.4675647176031994,2.6677680650842373,2.9417600270772963
5.746596599104087,2.0219908945914447,2.5028030976883344,1.8549685013662354
7.474182601322427,2.026452679348589,2.399405548121571,2.63083040949721
9.01232247716022,4.129045673220202,2.2307689746122925,7.477858079973942
1.7146592617872658,7.865699301067345,1.8402998271603122,3.9823369069091608
7.583468413063261,6.471740508383462,1.6916432119620888,17.150288765437516
2.68670749687824,1.9232610429791874,3.5616244676786963,0.407344980916677
8.723593478414475,8.670128724783199,4.677579364834713,3.456834874479379
8.371571624754905,6.412308642910598,3.035406580999526,5.8262306364850085
5.867143794869899,9.647700191063018,2.191898209386577,11.781749034889016
7.392185187609804,7.031669206700868,1.6366407908889054,19.405486175961656
3.8291510186537354,2.5765737733376293,4.320573460210377,0.528521050548404
5.240511090395332,5.2640502607704,4.885968225892855,1.1555597197827328
8.394732079394245,6.836478377924838,2.3966216058714074,9.991722046654173
5.133386774558925,1.2543823094497992,2.1638017022085156,1.3753049043426473
4.220184387928976,1.134192377393271,3.4059718118997653,0.4126064872613441
5.447912025252699,2.164627005387111,4.1013159238137025,0.7010785982999278
8.454243271934965,3.2649799154092367,2.8216112141986573,3.46705642076979
4.016872426337855,4.8659421116860795,3.520292599443797,1.5772387983616225
2.5638543382216943,5.386964263838095,3.8661962720931675,0.9239950545508829
7.408126182977027,2.242248480441071,4.842369151424717,0.70839636011601
8.433803914372735,7.060524212042477,1.6601493220803336,21.605590542449278
1.9057373067118,6.365242555268813,4.989529975301478,0.48725771170903276
3.1588670148035023,3.650176889570442,2.568626620964915,1.7476050684458104
2.277747907848945,1.1229389509176282,3.892800570906215,0.16878641624677146
4.131472704239499,1.6988312381796167,3.289657511891989,0.6485653682214044
5.053158810148714,4.525252979597555,2.9466744680353605,2.6335495272206946
7.739437032669758,2.3857691604911553,3.792301474926346,1.2839026099435507
6.860328263935067,4.391376455331738,2.5830154008943804,4.515351614368668
6.588357107305881,6.653643440593196,1.5044399253472256,19.368097125849513
4.171374519486889,5.925136850913551,2.955573532484959,2.82939793364682
8.57302797776284,3.080582948236548,3.0876634827292744,2.770175125218661
5.241584506583481,4.0944024213287715,1.8076086135997569,6.568168914781582
9.81194444213639,6.526280786037855,4.742477425314629,2.8471496233860645
6.707279244661631,8.747695252391038,1.909902586585165,16.08487161608194
2.1363826740805245,7.778920948649895,2.636910376336391,2.390053744620512
7.085598058678906,5.980600241500735,1.6197187473788932,16.152586253845218
3.925936138885291,4.260636984848376,3.1431865847477765,1.6930798437152217
7.1769447701748765,4.285461497876248,2.2305504324003587,6.181773773731305
1.6267703334616517,8.914755792379564,2.957090079904336,1.6584660509102602
2.5739329345836346,1.3531921843649175,1.8984676658328077,0.9663852622248659
8.701635330152076,9.891843799782349,1.215100511794863,58.298008759132706
3.044616013211634,6.97937869766406,4.116906604329021,1.2537393627002944
8.53337012718646,7.130239291651515,3.5643451358386335,4.789224415739399
3.5134847960896938,1.3419805357426795,2.3629574228440515,0.8444472052499282
6.785937190528369,6.44976347402145,1.189976898729289,30.90840278767267
7.247355161588479,5.363002540814023,4.462300250788484,1.9519557565400258
5.613892778305477,1.9520101620466028,1.6791800197427174,3.886437355857305
3.7477960902705814,3.5012980969242316,4.722968873125712,0.5882675260453005
2.913799387339865,9.01283010592286,2.914381514383834,3.091918409631091
1.298704191061836,5.949895742793577,2.361546839633935,1.3855636144857768
3.7355176111665145,4.720749176565178,3.9670379075638555,1.1205442551678004
6.878465114781547,1.6541394025672984,4.507357624300743,0.5600407276316506
9.444743366036343,7.42709374662075,2.482854254582843,11.379065928130855
8.840840340367468,7.325657410564293,2.629375008680749,9.367745656574836
7.8945829888177235,6.526392462753072,2.7326328773887893,6.899852431047816
8.096026089279688,5.592363815985843,4.689292245914676,2.0589827906422604
6.984864131283957,4.904059619866354,3.7702559660573307,2.409750240909027
3.342581718094027,6.3394398368919305,1.9905844681826221,5.347757382558142
9.16475527635247,3.10055906555566,1.7399987900079177,9.385620483680837
7.036590807152506,9.471331577598828,1.9214706536992643,18.051189507971458
6.04396567882396,6.299150762622066,2.0542555567420697,9.021838561193196
1.9989052229213295,3.800731999189389,1.920733965336006,2.0593255957302112
5.023499894257829,5.047118657966416,3.6340257887695846,1.9198791965560236
5.143224440817336,8.25116309989203,1.4637340426300254,19.80734660981059
8.78107248570403,2.454544546572677,2.549433958831843,3.316125420104945
5.919833981690096,3.6355206021423436,3.500214291881466,1.756656592677951
4.423604940733687,7.115572204628998,2.1634398957717234,6.725065149932417
9.791202956595933,3.839402858340015,1.2610975388066321,23.637545649391804
1.9964853399368412,8.132515136753193,1.3272956913838732,9.216279491436536
4.802935854807501,2.1740813845962474,1.5038671052187453,4.617040287127357
1.3782220765426476,7.864175534091476,4.343372099472621,0.5745374287363385
7.659137086902373,1.615165433655096,3.631454022419879,0.9380710958146231
9.262688969792356,1.113333514007453,1.2580896443905791,6.515371571822439
3.5203359659544047,9.08401166948946,2.5642755166056794,4.863315274862211
8.725075091192089,6.232052952390688,2.1143406913882625,12.16327069204457
3.62996407415708,4.166442073781303,3.312160446515201,1.378621165856904
9.196931454795237,3.0933517326746536,3.0912237986892537,2.9772229479078525
7.785657132371055,6.551972049347345,2.9244960934788597,5.964378816917124
8.244160991572947,5.581019651830644,2.2580494814904526,9.023875746934939
1.1620590004040905,9.924379979769867,1.551199088175963,4.792879177911386
9.665293213666233,9.848943879883713,3.969505531490552,6.041320462292854
7.540038928632909,6.715221095274487,4.519427075370618,2.478946408983789
3.7427598584751998,4.985834554953015,4.776603636931269,0.8178834423911994
8.464551983729622,5.420268722211959,1.2344758824543218,30.106451844326838
3.5336907857343696,7.142311596131758,3.9596348463555318,1.6097449157547112
8.85478455609515,1.9141708981184324,3.90601383762785,1.1109414044896746
2.013223513707433,3.9551686642964636,4.788438456582357,0.3472715315557611
7.333173797147162,1.6774501690324346,2.0116583779910617,3.0397169493182865
5.866286289804193,1.6602468356522762,3.9687161531806256,0.6183520962181488
1.8688102317589674,2.7625531770481038,1.2185051550659383,3.4771314415776398
3.177044454329551,5.367279291339042,3.5249828830464764,1.372345496835916
1.111636326495833,8.062968890465104,2.403391296208719,1.551703523948223
5.218911689180553,5.369463020492853,4.075637758189901,1.6870177409552072
3.711387346840003,4.019289495047827,4.453217145741574,0.7522077882741877
6.38521735867983,1.7411769130308232,2.459284168870065,1.8382355359715303
3.675140269377555,5.9526597086481665,3.1023443707972023,2.2730289502317067
3.699272003562862,3.441417278348591,1.4696162494543996,5.894482870431815
7.6887387885844305,6.534407601254327,2.6676278608939064,7.060099778895805
1.4332855238051811,9.794689652191765,2.443201573036677,2.3518238791670822
9.126054956727884,2.0018288932979513,1.7324938391380709,6.086486110178272
8.670374869520632,2.909128588497459,4.577914499067104,1.2035536070421717
7.0102421490376585,5.257850842894372,1.592351352160641,14.536621393158937
6.338994130966459,9.717524338113366,3.5429574301207487,4.907317058536168
9.03072248325687,7.94628798642996,4.56057057391955,3.4502330863124775
2.66797161575843,9.084062738465471,4.647874319452903,1.1218959436629758
1.7107224597174575,4.003433636282136,4.172958799362274,0.39330004603027086
3.155591529185843,9.92834626400735,1.7045645354967065,10.782781380624026
8.151204508301714,1.9254953445774166,4.269725636855479,0.8609230272757142
1.31203240053835,1.4767561544149075,2.1062592496624983,0.4367467668276192
6.245261515751407,8.700423643486253,4.689592109730036,2.470704965155143
9.95893764572179,9.345383831862875,3.8363467256953983,6.323746523788768
8.701264844537855,1.8152682179149158,4.1410702440355465,0.921081367085158
5.693011201392305,2.0208468407125735,1.3401298140077489,6.405922790218112
1.572768183579781,1.2985674198019643,3.3310604537741777,0.18406202189562385
8.482361629471388,1.9405680637845169,4.284568507594718,0.8966676076775197
6.390806573594895,2.884778351202528,4.446361411089997,0.9325209616006774
2.0343969735361016,9.730689570190009,1.114526818934566,15.9366954055648
1.844715563410206,7.010742000157124,4.756636930220477,0.5716015399348334
9.186641374929332,8.00697722966688,1.173354933209919,53.427708659706056
7.022802366442706,7.985254633223699,3.4580747186993994,4.689542440074373
8.4635811938508,5.815663748012931,3.7735501104612483,3.4566325099854778
8.910810102540406,8.177400799417155,1.4293811646716392,35.66451832596487
6.1459511684349,6.362267791509726,1.1920474624367707,27.5178155347349
5.657017165795372,3.8309148784302183,4.139648617802917,1.264628721734041
4.873846692888912,6.0499909789156066,2.538682499189736,4.575197150904187
3.8525192901200738,5.801577275210621,1.4284500612604947,10.953698409505275
4.911363647728406,8.411077483833886,4.050671265550568,2.5176753437093153
7.964916901571407,9.835544956434932,4.396652280574482,4.052615838007621
6.417310879136184,4.699383088788375,3.3495447630352295,2.6879572438482366
9.032709609593615,7.870516105972237,1.6449472337385824,26.273462916699433
4.99042012941269,1.897867036343202,1.0608898859659632,8.415157984580437
6.463806208468786,7.991482325034597,3.8032099252077756,3.571207418616895
6.681767977827898,4.342752207939089,3.200558699301267,2.832727816298507
6.32527446075693,1.35451146600718,3.603188566880318,0.6599151197720534
7.323703957769647,4.269215607059595,4.252738680798383,1.7287869458124723
3.1369012153732565,6.495784758294803,2.7369111079718884,2.720264186864747
5.611273997912116,2.073251509133199,1.4980618753344817,5.183868338352674
1.938023225275129,9.316310431872292,4.759933141563305,0.7968952230141974
4.460601948803313,1.6990517194555472,3.181048508987429,0.7489614854057177
5.38900361759138,9.370060478498496,3.461176476354161,4.215056324641589
6.870018335909252,7.364237661421178,4.733645718207004,2.2578453427249583
9.55477947327583,3.9674095787278327,4.726334625241051,1.696988004394462
6.405859598935203,4.516753129381839,3.2883784269126943,2.6757170687502656
7.692345245589038,7.667284282594697,2.1904456988857044,12.292362270232177
5.556394535456825,6.413239907930866,4.988454536050957,1.4319851852774714
6.706936282386982,7.044786293094507,3.723268359814144,3.4083432386161903
1.638389945203961,4.50248154862132,2.633746707568226,1.0634601101074261
3.289524227576623,5.390321336268391,3.239347211414359,1.689790032024721
4.256677838846248,9.90880735634104,2.6633362010721187,5.946209179912115
5.252440195058622,2.9253058344974594,4.55322060918659,0.7411310484332414
1.4108387095214536,4.760705678699183,2.9299974994629845,0.7823736234991863
2.2602168779798593,3.626408688165706,4.294113503924988,0.4445082448238738
3.491328770121752,7.886003593958648,4.360705191292016,1.4478856510314662
9.743794218109455,7.876113630991487,4.297329350940993,4.155686689744524
3.9821230639274567,3.6320091489765627,3.888754449902698,0.9564022057316198
5.338369523008743,1.732512849696846,4.419510867230327,0.4735182092446881
2.764879414645536,1.1028940900498365,2.548918318491877,0.4693514540219042
6.497020639681915,4.84705479918237,1.4586528245678414,14.80090603662236
3.5261489396437686,4.693038349021938,4.369816817490058,0.8666191706214731
2.8629332059458408,9.895508907758767,2.992673662749381,3.163228949696881
5.649153656013811,5.228218681279117,1.509504130111404,12.961895653770995
1.0495521924437874,3.3077653261787856,1.4612500887280317,1.6258842702878034
1.0689762938430278,9.021064969283206,1.6369695760395708,3.5986919218494617
2.9716192819167198,5.419611546882206,4.003893038668423,1.004607446409414
1.3304922625073903,6.392580716895201,3.8434266938651245,0.5757730980553925
1.9722317871762223,1.861018393853914,1.815274720739533,1.113842795912131
4.049745844048765,4.446247665967967,4.38769367243918,0.9352954451964541
8.223271116218315,9.498013070264081,2.1251791821129795,17.293634097132543
6.148437790323707,6.305548457578829,4.17194233325979,2.2274658644311813
5.614009533607748,4.100516696282155,2.9552236309397677,2.635912736898314
3.6413994088730948,6.631004625684338,3.9261947301542643,1.5664046966991645
9.385783474895348,9.193699806203044,2.5255506522942635,13.528470028065808
4.573135371134725,3.4659154042533107,2.388562388379104,2.778170124925951
1.7838349011619434,5.5460504662360695,4.365438395837329,0.5191379119881353
6.5535986450602115,9.628215885205798,1.1412090180562786,48.45016613747023
2.0245455412894127,2.551565289686074,4.8989477890300295,0.2152427906842023
4.107008285215229,7.476975330370404,3.5927182330614937,2.3790589895781684
5.56670744846028,6.530329073826842,2.7299335527977684,4.877859782174862
8.868002722166583,7.117076180265713,3.512218124601701,5.116399794266922
5.441919223061068,4.1609766760081275,1.4909637858359313,10.186223067552985
7.3203288942849785,3.8249143613538843,3.0562098211741904,2.997684868659005
9.935351550991633,7.157887035295334,4.94038209335919,2.9137145388432075
2.1834020790818345,2.9398895659409083,1.9410777513868274,1.7036440974338003
3.4725837296756756,4.776892703731046,3.8891123961453977,1.0967236871523949
4.551184680378817,2.693571814476262,2.7398855033268026,1.633007535467218
4.796453606849482,1.0747435701099677,3.6098325939518143,0.39559516938014305
4.699189677389912,9.730516240342626,1.8195489147671018,13.81119911962188
9.168499023008994,4.885326807907772,2.8818599304704096,5.393195051347936
7.426293800201708,9.724146529778427,4.920370855437101,2.9828261821088966
6.471146926816334,2.262911677910435,1.7811486040640383,4.615816704147913
3.784354460765039,6.286301015117375,3.5457801113950285,1.8921840679059516
8.414113457991652,2.8087662951211563,3.3023909950671815,2.1670402910932753
9.5955446033649,8.110667142669472,3.2602063451616132,7.322106314998011
8.390784542952039,8.053326898848777,3.4604931586064684,5.642894201633748
1.0140859467232561,2.013464341353806,3.0089518947529124,0.2255216382751756
6.727612331650663,9.208580075887502,1.067723001030632,54.34210159198129
1.4602184329789065,2.7516668248290217,4.600387245852471,0.18985624749303445
3.318464983003497,6.516796074304243,4.307915309936123,1.1652981492576526
1.5357223031299452,9.870702580789336,1.6966707236844853,5.265815342138195
6.43415907654449,8.941568812897273,2.653092709515476,8.173360691779804
7.179309221433461,9.609075357050521,4.082195922774272,4.139773397066252
2.030388742593146,4.083388940963075,4.920249261549138,0.3424725247124381
4.454549947404815,1.9501807799751703,4.804548185767146,0.3763341226570963
5.106128580599878,2.695121859605051,4.597436798704697,0.6510863913195301
4.321477195848249,5.504454055689524,1.6334955891965586,8.914778243101349
2.0892250043667375,8.1390671044599,4.657900424036019,0.7837534112001404
4.770530111687279,2.351382797654877,4.513779651804318,0.5505658492959675
7.760602430275763,6.937583790346814,2.507799644665558,8.560872004686203
1.639068980799299,3.912198436355607,2.578090378145048,0.9647656462079374
1.7216201267371312,4.070818651529382,2.839635687820643,0.8691482009840849
4.192941626523858,6.9572595714213366,3.624702523865668,2.2203031894857603
9.475531404570326,5.202994775798982,2.043342463932063,11.807953773908787
7.017153820506227,8.308299637233945,1.0917937177597787,48.90935837428621
7.108029610053083,2.4032665869654437,1.564918098388969,6.9753812603762855
4.257279917540785,8.109534427903347,2.7604636303070946,4.530687089660721
6.342947120876846,1.5781172325167878,2.1280102777048073,2.2104612741241074
1.0911806562496904,2.746484922210445,4.058066244144527,0.18198500847118387
6.72486441768588,6.905347430528488,1.4267602821970855,22.81219340474775
9.21958252818613,8.69433090859964,4.669860902219215,3.675695547849253
6.513161215103373,3.2741166496541414,4.581308719775644,1.0160307673431674
8.863287341197106,3.9447244524602163,4.635027267733152,1.6274472259116628
7.515757499194844,5.8340867345806595,3.9584399944133066,2.79832085080141
2.085025747633212,2.904155258403721,1.4279998859343972,2.969442412384268
9.122079765572575,8.300406354287551,2.752550285478267,9.993616883881389
1.597994599201974,7.962729805051847,1.525621487221855,5.466932263255862
5.805707252929874,2.3076254076920346,4.950796771044331,0.5466007800959156
2.279234114141119,5.174467586349689,2.332153693594693,2.1684043583850974
1.1053594965781366,7.973449899891593,3.3413221675602482,0.7894290658682134
4.798308341148751,4.035965779930733,4.117572216976887,1.142228988792613
3.6553663688874063,6.697961404459585,4.682464336902582,1.1166693497191902
5.374004444178427,1.4519180931181546,4.0221909033654395,0.4822972432645282
6.194798980610957,6.478198844763861,3.6980151150649503,2.934567670124234
1.393651650780526,2.373876820005463,2.8639271281526053,0.40335596769560483
2.1070296561137107,8.475249926030063,3.421600535002096,1.5253325987374786
6.027781568053828,4.199045172224306,1.3766552354113193,13.355423726559941
4.088506178553924,3.5339847645537614,4.5356901678450505,0.702332184712567
7.562561387945032,8.568000790403364,3.1751092353595416,6.427336954360763
6.8706248373274565,1.4512962076462919,1.1605402017397708,7.403411972756166
8.610439266909161,4.569479194009103,4.67960850263959,1.796689249653257
7.2324354400230275,4.3300318651752825,2.9572078953474747,3.581062855880672
4.869379696511333,3.563203368245958,4.474356566244007,0.8666686153096259
7.056699601549892,9.205788988013293,4.427551816821428,3.3138690354261238
3.4784305682987666,7.7583555416505,4.263006349828459,1.4849815505963533
3.756821489003914,1.5753084777274489,1.2456120771814243,3.8143500699029014
8.10086643928714,7.432187044914587,1.9882665816968355,15.229963999907847
5.01777564761424,5.745692198159146,4.502191489861723,1.4223473590740632
8.185423064665173,9.107811049614213,4.595964224208375,3.5294079878378275
8.401801363014506,3.816510556135226,2.8322754494752242,3.9973106613556384
8.718061038951554,6.167457996486246,2.760165870616809,7.0575789112243354
9.249717122570866,5.506797472668874,1.700562535544599,17.613365263018174
4.878866984619666,5.406048156048452,4.873643154764605,1.110430631467145
3.8698013648902494,5.104948595654914,1.8525539014361727,5.756232680866746
6.2397887193470245,2.8506652797905314,1.7637471374030622,5.71799099439585
4.340551810938648,7.801389302431535,3.6429158805966972,2.5516353435388264
6.4096675012020965,5.0620242946535985,1.9713772120017907,8.34872704431525
7.350272763794422,9.62664647502345,4.755086444057559,3.1294040912733907
7.195645166429232,3.3472758447349866,1.0436279812711793,22.114127706775115
4.370975983181092,7.14469455664337,1.0230130492932052,29.84006330802204
2.501741815288775,9.466453716751976,3.019507205742398,2.5975125994724335
4.874764046159868,6.971124907144833,2.952249839653888,3.8989731849999907
2.283347296737179,8.841456168556551,1.653456087603642,7.384318833868422
9.010873316654274,8.447328637813055,2.9780782518811377,8.582504984419097
4.112897146640717,4.241059439401035,2.6466444206799458,2.490181564564474
2.390137725009914,6.401115459455469,4.561318101369475,0.7353563828763866
1.229029839151758,2.4063520583022004,1.037015680867854,2.75011558162144
6.8124014765783585,5.819732944260396,4.9050792201318085,1.6478255742125938
6.732120857092689,3.073797746329035,3.49757105718337,1.691586065252434
4.065437499231625,7.69363133457201,1.6073737825811025,12.106117918089835
1.6454069996288592,5.752525797029121,1.187040055244665,6.717399343751025
4.686660054057088,4.701046263684944,3.1524226342369275,2.2170174133374396
3.800957455570542,3.419173865502798,1.9395606638872804,3.4546770791350982
7.094085757615084,9.988286336571582,2.204662148005037,14.578180615791553
6.452013245074213,1.6453946879643941,1.9805286593380544,2.706469134526553
4.28134355377786,1.3920461251517802,3.6006892542900433,0.45968720896246773
2.961032988294911,2.955316604444781,3.2141158484645342,0.8470795693522121
9.892323695400327,9.739652127650377,1.311897694087246,55.98115142674333
5.086014590765034,9.81314351487986,3.1061061327007016,5.173127351271087
7.194468122022133,6.894349612949224,4.1647590622532,2.8596457178642383
2.264976708205247,8.920960004857642,1.3247783632812973,11.51300994261789
5.37030729693458,2.9256555775671584,4.55895590492168,0.7559473546843213
1.2478304788251893,9.748378847589612,3.3132265977909165,1.108117235032597
5.549096061194049,2.285063651256082,4.802497877081267,0.5497765123547095
9.67615666405932,1.9101266936349246,1.5925648708895026,7.287369684377914
4.457860416872202,2.009903853225456,4.974259997413261,0.3621135580279594
1.3509641131742043,6.158151309453082,3.5770914638787072,0.6501807069585022
1.2786021182740916,8.028769606462472,3.2699767979242513,0.9600526990198864
4.4918808395218255,4.300004600871698,3.0611184964483416,2.061279404457615
2.4402244281687464,9.801063890075138,1.094617492393251,19.960812837524315
1.2101688669536732,4.909781243064965,4.758556766198312,0.26239624112992854
7.805922525551591,2.3540369569589465,3.5759778914167932,1.436970535160222
5.126707079937016,5.1937007336752306,1.366505937997165,14.259108687479765
3.603202947753891,7.111334488801958,1.0838086811780996,21.813963396191802
9.100748647148327,8.490032024539408,1.2031345569470053,53.37747751450487
2.0452506418047305,5.128914609609336,3.4375830537289627,0.8876987468114885
9.603269460597874,6.342461434442507,3.456061659578341,5.099340191214259
3.8257004563961754,3.40610240942968,2.9986691671257644,1.4491440429862545
8.995633050778132,6.8132487376496265,2.227063282611806,12.357222321332982
6.426485888315154,9.873747495553094,3.1269709264585654,6.489449964276042
8.440366237673388,1.4414821532901447,3.0652072835050315,1.29494363034881
9.856118468894179,8.97877603634651,1.0776622395062625,76.20048267083756
3.5956489403687115,6.060542524907705,2.129876921309992,4.803743064774221
9.650219368668337,3.2688879360606995,1.212741365868598,21.44869311857402
4.505337054121783,9.594007390083322,4.600619005790621,2.042183661306792
4.4696071426323005,5.350188727530091,3.9008926511405417,1.57148578224239
4.063483938290551,3.9852122650604707,4.984460680771649,0.6517989503678293
5.872668466128267,2.63347865443757,2.2086850532211515,3.170280593062162
2.387305388606384,3.200069892309959,4.513943391027642,0.37493434558390104
5.983403368222101,8.495641374322982,3.412217071729927,4.365873519564265
5.875343311690036,6.529690083854493,2.8125016276144197,4.849983406884842
7.85711631344383,9.219210575394845,1.8902924451545404,20.272108401592458
8.50284965743827,3.0877160694200727,3.9535686611445713,1.6796673763020842
4.963972152811817,2.0902471646401133,4.616562995617199,0.48684357987991855
3.7209992441634436,1.0547877787803102,1.941233592301483,1.0415235038252262
3.33401407585385,5.5707583385439445,1.7015613398944502,6.414850341145958
2.7516145303438475,9.984762373437894,3.784887660019468,1.9178707711253957
1.5188282397912238,7.254687419367751,4.907892650902077,0.45744328670509254
4.08203180951242,3.7755513276863146,3.999820404416312,0.9633315417321698
3.4322292291770493,8.891727247235545,2.1383229561905956,6.674455179074823
9.697756472797666,8.035500393891638,2.6798216965911426,10.851065945064112
6.019379436250396,1.1387364946888532,2.537270541833487,1.0647346926561976
4.125493351274568,8.351744324869202,4.408380072188182,1.772944011789245
6.224208408943264,3.704740815146464,4.085483115488895,1.3815134454412057
2.2527703121112594,2.3470611812524096,3.3559017390460806,0.46948622292014736
4.996393742819826,3.036977557633671,2.099836441587613,3.4413377743548033
6.636108892789575,5.217218239376251,4.751954110888224,1.5332325534922282
5.400080486132063,4.8238113436121,3.6132608990765864,1.9952251229529798
4.616009205888918,3.5999856943680406,4.88190658576713,0.6972499811404526
9.944635500097284,2.549964899863294,3.320468132168123,2.299982009779711
8.922832859340343,7.860077106779523,4.284771033454456,3.820096428405732
6.610653623434961,9.910988053614254,4.252421517578107,3.6231702419068252
6.124396250640545,8.000124223777213,2.3493151073343683,8.877229950233012
6.585944318421257,3.663432709043871,4.856082891828913,1.02313770684122
2.8118089704018994,3.2032806527092004,1.087765870390256,7.612195721259948
4.5562396893788675,2.958992884593444,4.074843635069657,0.8119486937694224
1.3551357960180939,2.2302556704013266,4.8622283430561755,0.1278400018892545
5.27991433738144,5.961974947230711,2.3556328131348914,5.672856955792152
5.887221255618969,6.4486033475800975,3.592442351163888,2.9416866328950744
3.0497476249288864,7.349523945968236,3.2488929993768423,2.1235001420311312
9.676259624489624,7.121920338403012,4.046029238706095,4.20965582728894
9.185091498435177,3.630999801550442,4.464711686580209,1.67310375494224
7.499289119103153,3.972799048571619,3.412178277198192,2.558899725998418
5.800479658888263,7.1336308189810405,4.263618345525828,2.2762391757045806
8.829722436829165,4.145028767052655,2.249142303557021,7.235036597834728
2.1758710944111663,2.913608706573817,1.9143482348192675,1.729905998802323
8.114588148473965,4.369025383270656,2.7226707581313607,4.782564063953306
2.1233873257016347,3.448757418201799,3.710946398323133,0.5317683750392658
8.147895962944649,1.7948144909672004,1.7489877957548945,4.780699919582263
3.481908114262213,8.47125012048988,3.721408768607566,2.1298550978713027
8.8938152291637,8.678002502413328,2.576374594288269,11.62759396577841
9.49637884442858,2.977752701501915,4.182301095570528,1.6166502278349142
2.3391637246460406,1.5829497957268157,1.1473432684132132,2.8128140173017107
5.164080445588541,7.649446936160616,3.671930551317578,2.9297739832659078
9.828886403464166,2.9037576327707235,3.5992893465998708,2.2030845166275945
5.35066692375832,4.540919404931742,4.7637419045012575,1.0706690868065785
8.771927702630906,1.5772172701364493,3.853470214256282,0.9317138569915548
6.298583699181878,3.0364262628259167,4.185207585693124,1.0918717669219005
4.377969171276417,8.136120504966723,4.618364063412674,1.6699895020128965
3.5720519997328317,8.239568022236817,3.7002076731679514,2.1496611963929735
2.8290078197747857,2.8637634239893934,2.1606145398398984,1.7354683476192683
7.856183722399275,4.0232246059602055,4.479095198334088,1.575452537117817
4.478864561407251,2.208145771843692,3.9903124779039003,0.621129072818627
5.60147915980676,1.6675536725643014,2.697750416003574,1.2834501626849844
5.430929320010637,9.929545430035684,3.8421166905998483,3.653107195435808
6.195511263098181,6.900345561203553,4.470755508724569,2.138878674426292
8.79019431062097,5.878868582784869,4.9026085255650855,2.149996709300285
9.826654092250864,7.889486503647696,4.809406015836221,3.3517492566765745
4.668257877164352,8.560694437189518,2.301311307056566,7.545935555326942
8.447670298956726,8.260432912402548,2.686774854872727,9.666677139813297
7.8807501518924585,1.1488550436088896,1.438146419909485,4.377504339049437
6.1617605631001595,2.681271083714486,1.990177148072184,4.171210167114935
9.604424292507398,6.894147719060479,4.529684833947801,3.2271262107908294
2.804270639755625,4.381834130235666,2.443399705117436,2.058196448769999
1.9833778927865926,9.842343859549963,3.4822106343795243,1.609881564155647
8.6856577025988,6.9886431337442865,3.663862473228133,4.521861405441473
4.952348349703735,9.60894017856286,4.127317100573248,2.7935149595010818
8.622719687863544,2.8130183348121442,1.7312001209825238,8.093237465839222
9.037811846758734,8.775613253035207,2.219252538457742,16.103761149018997
1.562118342571643,3.892170752337028,2.7933453658327223,0.7792136422834692
8.951182866874547,9.906083274140261,2.459364244953094,14.660091955017158
5.0348714983248,2.4191980486583256,4.93162093143876,0.5008185885620935
5.59389240103809,5.647058369544939,4.33976321285485,1.6772751668147665
6.639332599838892,8.135600804534096,2.918747018481944,6.34046555236182
9.33744346057078,4.893782325436323,4.517074504345872,2.2395363997365103
1.1720448498678762,5.212756541688821,2.390611790333187,1.0690390234020586
5.291591214860354,9.87720215955167,4.143313295561058,3.044561016555851
7.189498381875046,4.82777335271038,1.8947023924258146,9.668596954281284
7.5043626192840565,6.436648905391572,4.089288180905464,2.8885387469492803
7.232791883833972,1.4908569460763563,2.8258136127829134,1.3503766387668197
2.2099161646730967,8.57989072189234,1.4299972839689694,9.272292641760965
3.694560295345131,6.833512440815891,2.093049818222329,5.762986698853509
4.228439728753122,4.636180925765322,2.6090984960942585,2.879781726299103
8.239934869115544,1.1455258595906779,3.9971716466577485,0.5907763213384144
3.508838851730977,6.325019385341535,1.2919308589238034,13.296787868776649
2.8963446748048285,1.1139204563574596,3.6381879803705583,0.2437441230618847
9.617032171342865,1.0108325251811612,3.8640545637313743,0.6510791317982495
1.07976956602122,6.544887059344192,3.615685479703006,0.5405700109143101
9.980387701137804,2.701153606010988,4.042678552670223,1.6495226118364603
7.091391689716561,2.7269879474628578,1.7126744640913532,6.592726322238622
8.456223695042054,6.879444092494693,3.3484134202521494,5.188617556228793
3.6515745671157385,1.4832746914543686,4.764579788815519,0.23859017289814838
1.1288374990035397,3.820650053271007,3.443137079218151,0.36379779479278757
7.64082566705377,2.3448871192781717,3.445345387811812,1.5093734313898852
8.507301373006083,6.2215873281688046,3.945758568453076,3.399632738734621
7.664285187581672,6.955886392546563,2.332816928503436,9.79631678030369
2.285652585707547,7.4902226823913916,3.8019036052861623,1.184411855213523
7.7808513003127215,3.297080952267089,4.66493533325286,1.1788687907295885
7.920305038968769,1.803247764729256,1.043581892101372,13.114273634119488
6.926864641030494,1.7081529124770805,4.480452164435461,0.5894130633292491
7.895043395160275,4.835363936056514,1.8744733250354364,10.864885640536269
8.613292957099588,9.512599681564435,2.823693094801501,10.276221480927651
6.522437028137126,2.9595613082232215,4.409391203810552,0.9928416164395515
1.7974424257271115,3.310674412073944,4.295648509826516,0.3224883158630042
5.388650287004898,1.9079992189527304,4.567709912504224,0.49278917886404977
1.6988440120444457,6.450132465045372,4.761667170530105,0.48328583426358324
4.667887279291877,7.118855865524574,2.7886278270870344,4.273162873603174
4.663958402130649,6.78638087344684,3.6254552432040277,2.40806276358247
1.5940885972621741,8.750172187403031,2.561913762104427,2.1252011446986074
4.139384805725314,5.377832515234646,2.4028668699686633,3.855526165017743
1.9989828891218335,2.21011336690358,2.726381642390678,0.5943610348457746
8.274116890083,3.6046461763397137,3.972304539130704,1.890162839393556
9.529192233680236,6.961869760792166,3.0057629885662114,7.342982913508623
1.6508482773214475,6.518097763674039,4.256238697793368,0.5939858221465245
9.596036865625313,5.779028167686662,3.9808739087846234,3.499370088836242
5.703189394030707,7.146679768198185,1.0819138444975973,34.820640882055166
3.696091101584865,6.736517653359694,3.5209526284246464,2.0084348814251087
1.6917586774854716,8.931924005184566,2.746284493234364,2.003514005693556
5.50561841263376,6.274147397304669,2.8265159566045663,4.3237237853077435
8.150639900416738,8.007412228305007,4.273492215479578,3.5736997251058025
7.363778295400284,3.2383644036982107,3.190431944338707,2.3427581182565382
1.4520341031757638,7.103643261301612,4.542487293835789,0.49988547478569056
1.6561165183111317,9.11974706544408,3.8512223695667616,1.0183017527482403
4.625859543693734,4.4715909510984995,3.2113600350562113,2.0057486750286357
3.6576144464314897,8.011937686047819,4.018151904604415,1.8150257248807813
3.0914589075044305,7.523103710758918,1.1533962037016292,17.482498181095224
3.5290404901784225,1.5357357718464022,1.108334619312831,4.411957740917134
8.23134468967196,6.233574786616651,1.3333973076834083,28.859500810437368
9.363052482686685,2.1717041428072212,2.7502613005885705,2.6882533884778916
4.645924250748098,9.70587255007532,1.9418005825077724,11.95907128803761
9.154999019192473,8.302667524305907,4.937045177663139,3.118471264751122
3.8934613112309377,1.987514211224081,3.1691605560454676,0.7704733513822188
5.287932877094125,2.0957679788291057,3.649662984324634,0.8320005406830079
3.0342609803439977,6.35026469421357,2.1152805449867866,4.306344902230858
6.7642843795825955,4.10400256755865,2.287187634350435,5.306716570245044
9.81083003657328,1.3141527316579835,2.3418476565646236,2.35090086020572
6.431437864390408,5.874773570497478,3.7949428206012024,2.623546325923214
4.22032675702194,4.490605897172622,2.894824830757234,2.261551288375403
6.830357013914755,1.909688431345684,3.0707346101202977,1.3833158516572155
2.106286106188488,8.217283530303844,3.3680119286373813,1.5258027496844646
8.997931722388588,9.235690887509254,4.075246624952868,5.00385008122694
5.527755557018527,7.80934540612717,1.3614789940499126,23.288502945370933
5.0441476783567785,8.401800790146496,4.107495648875286,2.5119208393662067
6.272783096081673,2.9484151053950565,3.2529402755007193,1.7478200569807514
6.623054765104622,3.372156558267409,3.6763817794210287,1.6524368274959453
1.6459822560386173,2.8767478626926897,2.310207059363048,0.8872073581536053
7.143554991010622,7.885570882290076,2.6375473472657966,8.097426286381998
3.177385122839766,9.531253710410473,1.924663278615681,8.175425535733877
7.4255736925593085,7.451534860605124,4.917199989669621,2.2884425064915694
8.40281314945777,8.933200883916005,2.9880118900412667,8.407505575467114
8.235626567972684,6.748291853948553,4.984307663186391,2.2370764147113684
5.972508706671002,4.488939105029192,2.9591439122450653,3.0617401690032624
5.68152903079676,4.831854534372747,1.8790050575362693,7.775407929694078
2.2858836520547055,1.6778928895066434,3.029809586947427,0.41781851811433185
7.978115353628221,1.2831147572142347,1.1583822871963112,7.62890127940542
3.4426844240204293,7.259280437701697,4.619079205687806,1.1713318975686526
5.470258805361519,4.9458600281006255,4.2742010047777645,1.480948005068407
3.5584668363476504,5.969935612491666,3.903282082777139,1.3943528662855633
2.2044552669972384,6.018951228601747,3.43930686176984,1.1217091498192124
6.666019272025629,3.4963823199997126,3.3193369346814525,2.11535277024324
1.4889883134061344,5.283032597465416,4.9869128563178515,0.3163086153885916
7.7378071071358,5.23684199500932,2.1119897360797517,9.08455718991348
3.85828115735005,4.4958449910507134,4.118737461462311,1.0225321727021826
1.001212237040368,8.386078450609634,3.3256190808546298,0.7591717926003658
5.6001622531350685,5.060476033188364,4.90352217503554,1.1786251256612474
1.4216671767484281,6.432800720553891,4.31121273319301,0.4920385475086803
3.4855260203880953,9.059681083427435,4.994100451958371,1.2660961615180282
7.362788387101445,8.796102605730303,3.3532999778497854,5.759539926367284
1.5642065945967927,9.013799834012486,1.8181758301797402,4.265110249069863
8.554046431204021,3.4300449681851255,3.0147481427789353,3.2282662397296655
1.034379303927248,1.3148423947725654,3.8444445362022983,0.09202086720963953
3.2214148228171204,3.349601199057963,4.097441544726353,0.642708765470934
7.668136505368643,3.508366110586378,1.0020399560637743,26.793204827674966
3.846431347563761,9.184242940524712,3.020108354009176,3.8730784983729816
1.9170314925941216,6.843184595541736,1.9409383198825862,3.482282769718752
4.242105269203851,1.735335636420059,4.499647333019153,0.36358668775550823
3.4335395774607296,2.2184073640999102,1.6116217762009142,2.9326288462620647
8.584407119444993,2.401085129877779,3.6658249982993336,1.5338200383970324
3.8201312582662883,6.673795733520309,2.0642487612996994,5.983111963881773
8.100392245984064,7.618726229563028,2.426168572857089,10.484469763522357
9.026849303296613,8.736795195088565,4.76223704302738,3.47749352341243
4.904356776188766,9.465728957256188,1.9617925016323179,12.06229596786467
9.189488294689529,2.815341016477976,1.3800110472917226,13.584923914808545
4.395862485668736,3.7879523625164415,1.2771396057769033,10.208733353514098
9.676705748410974,3.162905926703476,3.0184604403978486,3.3592539253816476
1.8036057207301563,4.2288541071952395,3.566845929137152,0.5995088604021205
7.183173398529185,9.231985966813745,2.3091745742835488,12.436493636701165
5.444326364112358,6.176013102454254,3.761038967172323,2.3770411167299303
4.488839249100824,7.643727075920491,1.2441348742929512,22.166866057064983
6.694406908737408,5.411073125141038,4.429338579691507,1.8463658183322573
7.334713824708981,1.2597212200251207,4.266268838956951,0.5076462482192726
1.0392694268527818,1.5777593739803288,4.9419850855683425,0.06713763826053175
2.5025777987247886,5.841307281410971,4.746019923607381,0.6489907789324677
7.417414455708868,7.46910131338023,2.4247886556757123,9.422651170205654
6.997468722203858,2.9379747477585836,2.5971015360623086,3.047973356540459
9.694427546158096,7.497186165930737,3.983859389913038,4.579440926011355
7.849340112257047,8.29599196135161,1.5363310878199328,27.588737866920813
9.556954369582042,4.707077305259001,2.2560588409793394,8.838325634866068
7.322864513813263,7.717773095596945,1.474163747902593,26.006478625175177
3.6824698777549885,4.636269552956139,2.8195457962913255,2.1475811086642147
1.9482843002577082,7.10515566509518,3.2080171195412706,1.345093808600208
8.03641477010442,7.875973443875887,1.8446418798510096,18.601264037833726
6.797342993283243,9.927339564772996,1.10652674765642,55.11226109946009
1.433674111539666,4.108569958572365,3.8774233270020924,0.3917912133527662
4.240454193108805,4.699367025171503,1.080020657704674,17.08392344300566
9.611198339358575,2.490580534691542,4.893610435713425,0.9995841056711173
5.503610311391811,2.8366575256162623,1.8864290269695818,4.3870606728654575
4.894562224177342,7.240555023385399,3.6556003684651643,2.651968049222941
5.119296446433646,9.253410311390285,2.7390069049599566,6.314309204437742
2.8799445160464736,4.551444564951165,1.2386954413484288,8.542879878969284
4.318364537783157,2.618600021519871,2.88873442653787,1.3551058919946277
4.328319303884589,3.5658954944469468,3.0670425371871985,1.6407722568842646
1.4711951816872517,5.095465343273247,4.418732832371473,0.3839358429833731
7.908108656661264,3.6158529642883153,3.9293962785915917,1.8519605481027441
4.7485398871349105,3.1022117480967966,1.3172098990135455,8.49027108270297
8.39961898134781,7.623860398813716,1.8366507337290603,18.98372212710088
8.653132010079059,1.0706042911656088,2.247550736859791,1.833932302817638
2.9079464922879223,5.853074746028348,1.4656307458592779,7.9235781782442265
6.916181339531157,8.143901263267786,2.8275962836579622,7.044725365058942
5.250536237466836,3.396054576857214,4.937236763450143,0.7314934015152486
8.921410641293367,6.429623595508156,3.0584511649510464,6.132195302999989
2.941666112588087,7.02010095056756,3.9675286732926773,1.3118874782073877
7.100318802790398,6.89522226764581,3.7317511907973846,3.5156105491347853
6.469769100274503,5.012646707788459,4.399645740368552,1.6754075220966171
3.6577132981464953,4.119201890882013,1.8628939618624378,4.34156661821535
2.2294081328605535,8.523316657250321,4.015305046772113,1.1785855587917404
6.8647578442954895,7.8260136129987785,4.5254209612229985,2.6232993568406773
7.647377123190976,3.8912965607252126,1.686039291920971,10.468186589708909
3.84064609387015,1.9271727499798548,2.387208879152015,1.298805424224862
6.803493436200824,1.6462679090092227,4.880407057326246,0.47024088891031707
4.556178168503529,1.8484838010904245,4.12315138391917,0.49540203570440433
7.41886194954356,6.245824250728385,2.1303633301501295,10.209857799383398
2.792937474046478,1.4649595824609072,3.255767078577948,0.38599368657912664
9.01193502372557,4.032341874676345,2.617304491397915,5.304774127626041
3.5866863681902177,7.778797317228064,2.9598607053085195,3.184661749813036
4.310073889805376,3.649133498638403,2.420664765562834,2.6841400347059166
1.522827568723148,7.869772694621169,2.1173240741213624,2.6732418298864427
2.0036099108914875,7.709203343863497,3.699052165565675,1.1288643562341254
5.642757124410953,3.2124441936989467,4.11416726034447,1.070934875897837
3.4083340905517434,7.559399620834709,4.495828490989379,1.2747058900727561
8.51932203167975,7.729989744448907,1.6213198692727522,25.052238792992714
1.1322404978945846,4.577085331003242,4.2914220945809625,0.2814007353685009
4.411846438047426,2.893784353673664,2.019203297908254,3.1313128341731424
4.0361099209218345,5.691437262026822,2.7093455596402025,3.1293644043130997
1.1739486782584092,9.292578292001767,4.605774743396987,0.5142566923542436
2.119315591004592,6.7565505918885576,2.818014403930408,1.8031599341488957
4.722784074267717,2.5563024786453505,1.7882541361772648,3.7753033614993208
5.43578126002702,7.144812322601679,1.6394746209484712,14.449186646794747
4.638607725293822,4.844827245536511,2.8919350666085353,2.687131177927897
5.778439105708845,6.323759176198357,4.050689695906216,2.227039464804485
6.356185074151134,7.606576315207971,4.988820575897205,1.9426295539111544
1.0893143901505207,5.634526163630003,4.1496345137236075,0.3564437026532408
5.176856435081535,8.325855771159777,4.508047835771414,2.1208891630812388
9.671493167988295,7.49940021384965,3.991329443739552,4.552866420621892
5.671290521165939,6.535660060166596,4.581740403024424,1.7656734745764475
7.097880407130579,2.3571353424911634,1.305174173255653,9.821464573517831
3.8067747212519487,8.523541998204115,4.719726395926582,1.4566111692619477
7.965922403374863,9.423150267878345,2.5856246149026245,11.227969938940614
7.956293336885036,2.2326861142836534,4.686456893121779,0.80881501430273
5.69166442888725,5.394170164900875,1.3029313498379023,18.085097812356317
9.784124409512922,3.3299986777345403,3.8609718284845433,2.1856104663877143
2.1299519328638805,7.790709766830082,3.942754994680818,1.0674492763101993
1.152528984006229,7.4946667240422995,4.987643557191091,0.34722690012282087
7.931423905813864,2.2679660851335885,4.075421082759255,1.0830356246748782
8.264399836283943,8.893245441354734,2.5302948232624267,11.479668443005778
2.0818650620851864,2.6287575758020205,3.2289942064741814,0.5248903429552997
3.390245496627455,8.175331230832967,2.466203752666361,4.556995468903684
1.1579712702996603,5.112823236652044,1.7840745812194325,1.8600839766218307
3.639777497025082,3.954450642023361,1.994009310009094,3.6199838370966626
7.958276865268044,2.4241533640679216,1.8880421370972837,5.411974863525079
5.6616447494132105,2.5085283053196648,3.1952613206528517,1.391069589990201
4.132860338514593,6.957014992308102,4.624642538127573,1.3443654095480027
4.345653654156973,5.953873491524084,4.650906504353591,1.1961330615566723
1.0121826314392135,2.0987687948610945,1.219055110103302,1.429475777022241
3.698204748087123,2.014280743944927,1.319597603807574,4.277873286471138
6.8181286747413745,1.6507951729551231,1.980476228689374,2.869585144910322
9.767749994347215,7.693906126361897,2.0202378098778997,18.413503497778617
8.623547442855095,7.406938767063603,1.3795567009570044,33.561827528120446
1.2123546818097621,1.5258789176911765,2.553853364693762,0.28363371366712925
9.087045442073554,6.042430680372757,3.350901570765149,4.890024494313367
8.048785719687633,1.762085397184209,3.3126488023978546,1.2924284998505102
8.023385112138824,9.133711935480475,3.173718725034371,7.27558770392348
5.121961831032143,9.164056772621192,2.354687699549989,8.465594821849153
4.582047636590525,7.284096908318171,3.8258227412663226,2.280266601651379
3.7262415594987335,9.33570029295505,4.3059357639242855,1.8762159032548924
1.591253730589292,8.303077273723215,2.3850970659096338,2.322557091390316
3.0541182714432917,8.456847183343445,1.342141437197848,14.338303344557152
3.2194327148022217,6.127370655129399,2.185321004367426,4.130694013106322
5.356693627391814,3.754532783945583,1.549474618299611,8.376908576988438
7.726999659370246,2.9601920360477942,2.8694349089087234,2.778036988600086
5.26428845558152,3.9448001983503627,1.623740605264313,7.876465717142841
1.5206000450244455,6.656458870801559,2.851379030631909,1.244939793595821
9.620108208893836,2.5539088224915902,1.884011569298591,6.921786742766019
9.48451887184701,3.3277621297358944,3.954924421849612,2.0178607969817945
8.066705888335676,5.21254776515918,1.1102729633433825,34.11039448020133
9.921951114077984,3.09745088672154,3.2189852153277023,2.9659481043824583
5.900340995202367,6.297793027444555,1.6779530996802268,13.197931185147018
9.664915152278855,9.308584256106968,1.0039674578785083,89.25702507837393
1.680445365550757,7.732804291328138,4.476800352259229,0.6483745538185205
4.291126734352342,6.997839527340217,3.6861111512562705,2.2100315145710177
3.0284314120608924,6.244493283854009,1.3957712882020936,9.707031171595911
2.7624977572084304,5.3915311833135835,3.6562894707354223,1.114122415133257
2.267226540034085,2.6790747367119376,3.446589330950394,0.511329285862287
6.60172277409397,9.05239409884179,2.8934267481728133,7.138315712731903
8.031896701725746,3.236824018115527,2.677032393702456,3.6276881762001363
6.204685594783246,1.8217798982034468,4.54827905166294,0.5464135758348623
2.322664386293887,7.750136613058257,1.980592079589805,4.588869876968338
8.300113929401238,2.5805398089804976,2.593240228053533,3.1849976534703717
6.723592364473556,4.347063995870585,2.316461651579309,5.44687211981472
4.493491355142959,1.2545643546188177,4.084804116146534,0.3378581380295752
7.067172659824567,2.2336114828640325,4.665861224930158,0.7250863012573469
3.3391448131854955,2.5588326768392085,4.399126794960922,0.44151369863169626
4.106729876447894,1.4896911497516014,4.190815721199074,0.34833350237564686
9.257372588187913,6.909912609605606,4.947159782280332,2.613655981230811
3.6145405510427837,8.533070162228055,3.7885782016415406,2.1488490351625744
5.229894413421429,4.359838657293468,4.004215164854135,1.4220947287629477
9.011270236564132,8.871188290463806,4.931210158820075,3.287462348909953
7.369492152407747,2.9201191710411387,1.0279631415966963,20.364936032465454
1.5598290354823248,3.9285138120511554,3.53619350574546,0.49004192838543587
2.325727398510733,2.3566329372805157,3.9558861278131583,0.35023793932176256
1.0705743169472512,6.585032758770987,4.67130821502878,0.32307080506002805
6.678296112062471,4.7788263178327615,4.535377216737372,1.5515296882497025
5.029060828693765,6.519550121577088,4.367842724935177,1.718583084603768
2.2084736581204796,7.8550741485476525,4.783165087766815,0.7582488694231933
9.621407089510933,5.9113271442965365,3.14951675165483,5.733710217506048
5.766937515510579,6.648673194116091,1.027680382339307,36.30480427484039
3.1770396470160027,9.417252829548996,1.044217594788038,27.4387834024984
5.505432140392368,3.691578786479588,3.1785562224714323,2.011609881305746
7.11658299461597,4.232475447705578,2.741088955455765,4.00884907723324
1.6861529617620803,7.459330255384032,2.804980213461794,1.5985904022609885
3.472334335431028,6.50174965349848,2.601618948840148,3.3355265645166923
8.262689417955944,2.6067961408574334,4.670903236364943,0.9872491241667612
5.136983833623951,4.385325790094411,2.4366814046791596,3.7941331165621532
5.919194278290654,5.210542118122435,4.424907767052333,1.575204921101914
4.895344019885224,4.774508541715504,4.611459175166564,1.09909480573551
1.395099483787046,2.604473274898367,2.998007079995819,0.4042590724103995
2.4917480183814034,9.319870826058361,2.787752149460353,2.988172715149526
5.009874748677018,7.860868855245783,4.044082416861787,2.4080052176940643
2.8826691886713505,5.332202488970671,3.8318860305595295,1.0468302700475338
1.4498112579371085,7.120549254761529,2.3141404663848237,1.9277269957390781
8.592846976466413,9.075544049219696,1.4101925036985863,39.21506538033838
9.830732762477043,2.2255672812541407,2.0594096007299214,5.158710450595745
8.138285865970655,3.2533574563627994,1.5241140232491959,11.398030269752041
8.684064295342004,5.884311225309805,2.1789291031067655,10.76297832796592
3.1777941728534085,8.191093342171229,2.047286262323196,6.210270181660215
9.645642779618798,1.3262940589737464,3.550845695546854,1.0146292964757506
2.7723313400808554,9.856163351767245,4.817984113819119,1.1771242313634798
9.562868293256491,5.094159425941575,3.7429749293219343,3.4771775777864344
9.95337364569356,4.2330802655955075,4.706597632258278,1.90200943552732
7.405505251714438,3.6345199405579467,4.1365290344337735,1.5730031640200912
9.830293586126396,2.5692103688578447,3.911510488284693,1.650734227345105
6.125858016103933,8.124165180370252,2.6562477608533657,7.05356233784021
3.335876048584813,9.59872748271487,2.2991780114534746,6.057290079375282
4.932962970990587,4.722802793608584,4.385109489891677,1.2115651813324364
6.342048418409074,9.571786252781106,4.621572931716021,2.8421233545353366
1.6577340582431348,8.414178538915309,2.807529974603728,1.7696108798896637
6.601089381555215,5.329460147286865,1.0362523927465777,32.76179885453942
9.83060053086065,7.066235612135195,4.170124235625882,3.9945712852760544
2.7109688480535485,4.914857612534167,2.1402753618891666,2.9086814648335153
8.13335604659545,6.0285106739129715,1.039551460067683,45.371990573650606
9.171089144016575,1.5224170331665343,4.219954235904488,0.7840415286677809
9.493314335381987,7.266371277704798,3.0696567552675926,7.320754003677805
9.641220439649025,1.4754218003572304,3.7408429853538765,1.0165043679482957
5.693136748493248,8.353764522276846,4.6587592845779096,2.1912569279988308
9.795771171923533,8.424522365145016,3.1646953205524215,8.239865245430861
7.81579186420995,3.1336955880059314,3.012776290315863,2.698335964517222
2.455042926132657,3.9129650293222022,2.162648485393054,2.0539656952971685
5.29210095821173,5.331793407024639,2.2207753377598105,5.721266557265878
7.464980578348036,6.369966162392333,4.186168264118583,2.713516368243511
3.22606284237175,3.5861829556779705,2.796116982343748,1.4797712683819935
6.765536651939986,6.332377641687326,1.6541048344324816,15.658241827343934
6.999404311419573,3.6800836590636896,1.3781150560019824,13.562751899647859
2.464297694277093,1.499416489639546,2.8916804674471175,0.4418906886926676
6.085767812074806,1.0227479484871806,2.859820094470922,0.761038397235285
7.944642198807469,1.9103595212658573,3.613833112821584,1.1621261243817242
5.490060980823477,8.130256301476164,2.8842699109805627,5.365492675315272
1.1089280509849668,9.652881811450033,1.573902816536859,4.321201647674093
1.0813462217136296,4.842695793530973,3.031211539194054,0.569927305353845
4.21326409573011,5.614155581049485,4.6271576155441005,1.104776785224074
9.335746615886038,2.3216335216608353,1.6377656464808497,8.080518099421743
3.058091016432479,5.959282174121413,3.759018563910996,1.2897199444797995
6.709273199845184,2.3018941180627914,3.375437059862106,1.355503961436894
2.998682836239885,6.500928980789471,3.9943429068472107,1.2218426044683826
3.8950299069359375,9.399328008227684,1.602401093710371,14.258214260741811
8.632378806413357,2.7612868537273565,4.766421347623979,1.0491972730161523
7.559752980429522,7.881073462513918,3.4838657110686344,4.908741564047219
1.8585934958188957,1.2115218053649164,4.388284550764547,0.11693003678980907
4.858318188877902,4.379475171894589,1.9864270547209424,5.392160123162496
1.26252787280738,1.9967365704745814,3.9576515575918463,0.16094839003506267
5.328011319427081,4.172278974361295,4.124122817335676,1.3069991277191473
6.9619061053096125,2.5618322767499517,2.5897410895483026,2.659292812704535
2.066523612383364,4.359744911105986,2.5358138115336883,1.4010922328419722
3.5999644501824912,4.757705254967773,3.631185060102997,1.2989695775277132
4.580529629519413,3.7053201050282656,1.3736307270408639,8.995005546973477
9.275779221904447,6.909597545258162,3.9424966008700357,4.123447793432241
9.939295138806676,9.269668461330188,1.1715470393576437,67.12747732500023
1.4042016909605426,4.605358366947451,1.762361204483304,2.082107144194141
7.849071311458529,2.731088408275193,3.656575028965469,1.6032640539161038
4.3455165976210886,3.4365048237638502,1.3932946683678553,7.692587067418237
4.5321236760653205,8.68600741146732,4.88736836590716,1.6480553801765503
7.788384760123204,6.144757509431331,4.473584837847603,2.3913370450435036
9.265837889308678,5.095099290762615,3.505209329626946,3.8424606755247717
9.558357350522936,2.34673049358034,4.276229822677399,1.2266605651870532
6.194103274344887,5.047545774914037,4.550320194358271,1.5099925075784957
4.214090433704525,3.50642803021648,2.037902598287274,3.5579671547736993
8.087941772729014,9.488468150680143,4.3976463517972775,3.968199674467903
3.2590124493607022,8.956630984741581,1.7791751345504072,9.221324397845255
6.07666625950166,1.755122876453782,2.6533690565952615,1.5148777661257915
4.227206153723858,5.649881403351186,3.2330385249943974,2.2849200068156303
6.909679663370885,3.025525109632049,3.8555638522961297,1.4063158628217698
3.163590216041562,4.696993805718615,1.1205652708901122,11.833845481306454
2.7243365116134317,8.891631984263107,2.162037651112756,5.1822185517811565
9.264151780078933,5.747630678996903,3.434076392841561,4.5151752542590895
1.916233146545832,4.007937640336839,2.429474716596475,1.3012014436066341
5.5536211696143845,2.8709951869449735,4.100100222517973,0.9484616400594196
2.9876750466670803,8.202923734658402,3.606608644602865,1.8841001971681761
1.350369669931007,6.620662138279124,1.937605814894943,2.381350063894173
1.3241693646228376,5.212589143836081,1.5837159183693323,2.751962219117209
2.576995948952446,2.957359184766802,3.5161879743482016,0.616415629705999
8.800933190554002,4.008217367414182,2.801869310819031,4.493494773863617
3.54230869579324,9.638590840646668,1.6758281644052744,12.157407671587038
9.554132535177661,5.680809438452509,2.3054968212735094,10.211097597768083
6.234600636902742,4.6062935311892765,2.2121869932743463,5.868357727126915
4.929527707918895,5.692798381134915,1.4325278893575004,13.674924689384136
6.220799512025091,8.010896553096478,3.1876360770609122,4.904444920760982
5.65028546703641,4.060980428525819,4.054594535650216,1.3957461064395336
7.828986283815927,2.6083550883934796,3.301867555411948,1.873065429254518
3.5424645937556702,6.26442506505143,4.305165459749409,1.1973111923589765
4.177453524402722,6.986836931329605,1.5102741888617253,12.796188637585923
9.046848722799256,7.414462026626946,2.7424474312888956,8.918675249592798
9.518108618353649,8.937888316895167,3.4376604146323966,7.198792140500564
9.033024047378271,4.340567086202017,3.7040062437676293,2.8578288695017147
4.775031945615822,1.6781940660600263,3.783145225693708,0.5599025382488003
8.023289527061936,9.62513725267848,3.915861708391524,5.036220118728453
5.287021599709889,4.915107346937276,3.605719248784067,1.998758277703523
5.477858669314919,6.6093175870581815,1.3769123557634706,19.0965471610612
2.8421209815155555,6.996747908154631,3.781222710409186,1.3908307119000611
6.320172729326648,5.918623378310832,3.8991306270975503,2.4604473880450715
2.6752230797801313,2.8473177676264307,4.9739197373345085,0.3078919930370204
3.984082291604744,7.7962874510452735,3.773449746804504,2.1814185519624645
8.695271814579417,8.233767768736735,3.7473215830061957,5.0984697558443015
2.863682282897697,5.976780274156958,3.059253160727888,1.828779260259904
1.6404245665608954,5.397050445263574,4.471691634340456,0.44276068180852
1.6210683335153466,2.025443648151868,4.9873390478446336,0.13200296928343216
9.46706068452797,1.7555649534980544,4.116179480789729,0.9809422868045053
5.562283941656512,4.0560836100717585,3.4500015114312337,1.8954899359366022
4.684708646353165,3.7976153996565394,1.3158193077262728,10.275454878955825
8.297907229071265,9.58290805866944,3.9069565269185103,5.209412393047228
8.522433351194644,8.052604681990868,3.8342462743278016,4.668098209139383
3.9897192980404412,6.9393186573315395,4.1022725912377265,1.6451675764202673
7.242562517264157,5.658832801158446,1.4982215535979573,18.258581472517694
7.940105342666979,2.5063077765398623,3.614930000504574,1.5228631642707378
6.891856181793591,9.806110049658555,2.1828956198066987,14.182964964772347
2.3643556732008943,4.37536628416189,4.041084973611335,0.6334775949828052
8.882947751653514,1.9623304220252034,1.9614958161258649,4.530586976017158
5.851850974624078,5.444190061441715,3.7359147072816428,2.2826148117365386
3.542251837330033,8.865982104517748,2.179971787935919,6.6085250132933195
4.827053668939245,8.985619015995965,1.0359771712697246,40.41380647693712
1.3381398135901663,1.0986932445080253,3.5334316478923817,0.11775641013138387
2.150801211001758,8.976661702762598,1.4530763326356895,9.144043271870762
7.8899207546427474,3.4433579574987268,3.6371658911528564,2.0536602371974517
1.0001047127982954,1.3507512757158078,4.70243779342775,0.06109064941619187
4.749092456340629,8.630112433265868,4.876983736844361,1.7231554724510603
5.702591629770296,8.774800803893875,1.9436923493104503,13.245077024981594
1.4917097800087507,6.36607971858115,4.237012910602619,0.5289770558639809
9.757703466750996,6.169903815667225,2.4142131074897613,10.329393033537404
3.0351279812470473,8.318082453592774,4.6018282909919295,1.1921733522701603
3.7377884767265277,8.076785974392518,4.149958274517495,1.7529350918936122
3.735482610295246,9.010949260984336,1.2956868665830545,20.050128019157274
3.073749959056149,5.9747270283703315,2.6285479755091092,2.6579988458008743
1.0132643987768026,9.708823834595279,2.3492713040386963,1.782473398023194
7.564103146791967,9.965321478400046,4.140724082893108,4.396389595231611
9.701609498193568,2.0489014899876934,2.6411428426126364,2.8495815346350297
3.0186413495654056,8.6458938359871,3.738353590612335,1.8675002220486612
6.967424726230802,5.498400319737301,3.4097410223617617,3.295079160039675
7.677066942628436,4.488097044698489,4.9025548763905356,1.4335493209054246
8.635828411814723,6.517650788944435,4.75113982720646,2.493443134665545
4.803662773122483,1.5036900153580632,2.710798058954875,0.9829614715643652
3.726378150763863,5.558150068903719,3.8943128465645973,1.365700657940059
3.92765620620728,8.83801513024,4.317840375924887,1.8618943792468832
7.413591997886615,2.921153645250719,4.59554301544858,1.0254380077268308
8.351015198550725,4.837509052924826,1.2725370551059347,24.94710701090005
2.6345257098094237,9.45532798943388,2.208315197093987,5.108070906213783
4.338469073419887,4.857074540251276,2.2809201638740872,4.050336498228993
9.11746177074235,4.225308690991585,2.7377838048795144,5.139656488826261
8.260241677252653,4.964829833110404,1.677059002861676,14.581440739766638
9.863725624862283,5.675074898658007,2.9848235198000324,6.283118699707614
7.788234337138727,6.68792209718322,3.6528573091938243,3.9035954260961496
4.5387568092513,8.206235208250579,2.989455680866871,4.167701779920592
6.31574050595174,5.068919851878828,3.663172380790463,2.385750316350911
6.949128288225882,8.357328415811264,1.2657665272716012,36.24854548474785
1.7061023468541157,5.803485952168725,4.503949326829641,0.4880979981875959
5.900472631934786,4.046324593311799,4.756276768404273,1.0553907470961534
7.383887456253486,6.921557453074728,3.4716296964745945,4.240549210173281
2.505891736009543,7.4595002926914225,4.525563994547587,0.9126969899554641
8.025685456830015,6.022440780665388,1.5257840665928497,20.761968240360194
6.253955024627005,1.5095347582125107,4.189795680305241,0.5377893305402677
9.569996071278352,2.528945876447424,1.476592773890376,11.100174772529636
1.3818006838620254,3.567679488012054,2.6320409259901467,0.711616417369447
3.3879352379992027,3.5436304535634378,2.2952741382331,2.2788429630145686
6.413984913698417,7.060787202221835,3.342367300881817,4.053896992717881
3.669039209853376,1.1651379550626932,2.206058140958134,0.8784070132465065
7.42981747664118,7.801135993445679,3.5492545186685307,4.601100355414148
7.831047542697379,3.3880822732623987,2.4695491566078314,4.350492836711233
1.9226436765982702,3.7901966159449216,4.443161524121858,0.3691274480488328
5.624690177860909,5.751188451495318,3.535535360878446,2.5878901255906053
5.580015000319503,2.9433304084506178,1.8611931892857845,4.741234920371282
4.3235269319398695,8.960241822179748,2.344517688112348,7.047756197005196
9.396323763127048,1.7683190139390876,4.389683550506623,0.862287643173221
8.44755687885899,4.999441260709584,2.545918999949834,6.515735262885448
7.274884437186731,8.64480042509401,3.1431962622625806,6.365581336001389
7.428939721614978,6.542595049791122,3.595767743809331,3.7591842357083234
5.1554452943180715,3.630965642583701,2.391238598343667,3.273727282598625
9.288950689869182,4.786841869988146,2.175914523032273,9.391437590581582
7.251358845279569,7.360249423082632,2.9010196104321144,6.341771649549156
7.560829554902348,9.759346690275095,1.8595238883711565,21.339619437930168
8.755218134086107,9.0382484654149,2.1368423476762537,17.330308079992648
3.4666443040797192,4.081895275441391,1.2483139361281443,9.080787302393446
8.263638134800328,9.983780913590717,2.215881103884022,16.80248147631767
2.7571654266084282,1.0315419717795244,2.2828163734542772,0.5457676250425257
4.1080775702039904,1.2486678022757358,4.847332665165279,0.2183131506588386
4.020494088428585,8.414564636540744,3.3589153018635205,2.9985615858381593
9.806729215502266,2.7951641814974684,4.149529701663223,1.5919658638152363
8.708835013731342,1.5469234155661677,1.1815090111212898,9.650610769253808
7.310528754312338,3.13433265912852,1.4261467744334877,11.265888006060853
7.5435108545385114,4.834901385827742,4.258147843450369,2.0114982906352585
6.05865514962314,7.575096433900644,3.494198197670543,3.758974061954164
9.523816003976671,6.61901973896085,1.7639281221608116,20.2601615611831
5.466328775941254,3.1385909580437836,2.619181623446953,2.5009167675415456
4.424659388829051,5.52943403290526,3.1546899999264912,2.45836943246002
2.467318032384319,9.335926948587119,4.374439316549767,1.2037541159025957
8.075850870349523,8.33506999285382,1.2416479667779767,43.661693671199984
7.609995388680323,3.9087080634861406,3.3868891574694495,2.593078479260547
4.459195346717214,9.840381052201266,3.8681436863467358,2.9326701459451576
1.2267407256330642,7.377583603916179,4.911567431641838,0.37516878878501825
8.550975949462096,1.562044201001036,4.228640313168738,0.7469774859803711
1.1027618510866626,1.316446419597748,2.1049092542610937,0.32765603114405223
7.333298016661459,2.5156715410902697,3.8383167755130603,1.2521940709952193
9.732313987534514,7.550702812451322,4.053111539707908,4.473283037725453
4.938951953333831,2.6536503325818512,3.9189419996735806,0.8533767871471553
3.114760644963575,5.603380922879501,4.28057627180748,0.952511760221359
7.343839090390436,1.8393410816274858,4.614919904854551,0.634245051654939
8.354153278140267,9.287975420471756,1.393719475957361,39.94595043100047
5.917872844700626,4.0956455222521075,1.4190554307244754,12.036196538250675
9.703317477305315,9.173188509045676,4.1855999550825835,5.080718392964897
1.46501849492165,9.5038807771949,2.0094899060858835,3.448041060987009
5.543160384740753,1.0551578258231271,1.2341656878003118,3.8399708968935418
7.466085525902951,5.177216684788588,2.604916723922423,5.696414912924603
8.76376424034261,1.221904501362036,4.279507647304312,0.5847097516434834
2.6133005071701105,9.178234896726153,1.5062600952559215,10.571791268315192
8.200031335873133,5.665667902611182,3.68736788721787,3.416911166990518
5.974363681466907,1.6744961142864714,1.0144634470862708,9.720822067318084
4.568983137909669,1.9924905544891018,1.4389497888497997,4.396676852379967
2.185435257211842,4.451581220434651,2.4034013830739474,1.684223152954198
8.787661830180213,9.462107735856005,1.334409124097656,46.69638047677073
2.415458873617438,7.236182364112728,4.383606669748452,0.9095906608891615
3.7880907328818934,8.80856979570219,4.456282012581875,1.6802752814094053
3.610409787661932,4.298109817059817,4.022282812398097,0.9591550087359199
8.842726307717689,1.3889232959499849,1.9699185255824698,3.1649577489914007
7.054326947880082,9.768858734839727,3.0929883009599193,7.20348836259879
8.170132574722352,1.1545569159613258,1.7367541020934856,3.127287322143286
3.254211089132491,9.5288648777298,2.1251138002924432,6.866295755417093
6.6238668964629905,4.318096814642303,3.0640211686951644,3.046635156902899
6.145713848293738,1.0908136451969337,3.940055233843191,0.43183543576637345
8.495473391094439,7.202415085520574,1.3786175215745566,32.19423745765951
9.154783544331345,9.824862736282187,2.1867867905123446,18.80882597218272
1.1094109432964814,9.690631505538333,4.706485394287689,0.485345597319693
7.066179271529134,2.4484331008217657,2.7164932711275527,2.3445290940373202
1.4665221920775613,2.631230254595395,4.755478695637258,0.17063142300841802
5.939727985696203,6.089850231576941,4.965602166208543,1.4669973354816201
3.588694561393104,6.73574343785492,3.1066393044456637,2.5046114873519305
3.760989395699271,7.654761222992791,2.1521760391394023,6.2155300890932486
4.176626531071209,2.6294532442493277,4.163107234290316,0.6336594270504654
6.591632041446491,9.63106378087991,1.6372429421000598,23.6832315584761
4.006449691018923,6.748653306603141,2.008187438688282,6.704529704750795
7.594291455312524,8.623422269834993,4.139519637997129,3.8217917548844396
4.640746470164827,5.860591437557546,2.7345836989281196,3.637029704337148
1.6151788027896274,4.7284916283089435,1.806151747950667,2.3411797517701474
8.053838582356965,9.794646159354963,3.604502979809298,6.071568437191579
3.571824921334354,6.2390923373785245,3.9310474455267315,1.442098765841321
4.894901916393364,8.80186224519261,1.5002849578022763,19.141283308204695
7.168994948997113,9.579631567296609,2.1079210398997366,15.456046063651728
3.992105414338408,7.078191643077933,1.885107021488933,7.951559179996434
1.5092709053204407,5.940448106668074,2.5194185150498085,1.4124912730136907
4.365289423115322,1.0315976581958557,4.053779582304258,0.27403316636251507
9.50003724424873,1.3601767666510538,3.854832409097297,0.8695802291311968
6.775609575687024,2.807660944460047,3.650095641534816,1.427856443018838
7.043312338004863,2.674075886703957,1.0251421834743648,17.921834656894713
6.690539382738758,3.292829156798608,1.5685732535215577,8.954074826023886
2.7909292506349312,3.7444117392789473,1.8931901964082671,2.9157073509484572
4.765004776920521,4.240589441956555,2.0878233841553984,4.635558360537199
7.758458185269864,4.784839210619889,1.5857061665956,14.763772417578837
1.9123560779784323,1.889797046104132,2.6412622058955586,0.5180371342477526
3.5006749848074104,1.3812573875750385,1.3007223400561037,2.857966976674493
3.4868719761926825,7.065500041657211,4.0000887615511225,1.5397125464200463
4.888170348350554,5.8360134235876995,4.15088314918442,1.6556998095466702
9.823318668479665,4.9972978199810765,3.2970667584035924,4.515834153185589
1.6075229201543975,6.709959470515171,1.3588195081678713,5.841892005240944
5.668308949425355,8.449114664831864,4.560332678187033,2.302881896983574
2.614282138109894,4.849236182045841,4.8625433148324575,0.5361654519587942
9.736088908687698,6.770075185467814,1.8094542412871575,20.13180955031764
2.019731542547178,9.58215001451643,3.818559277762879,1.3272646880331378
4.632409021254321,8.556620462754047,4.367754522569943,2.077747284609045
7.6409648635114555,4.834007294521685,3.159374090170809,3.7004402794808193
7.340989852247008,6.802451540332687,2.2932923981069955,9.495136609925009
4.8045577320453905,2.5936382972434577,2.9142348603214105,1.4672824689754764
4.118717511574464,6.044699664055809,3.049075003137808,2.6779380038902785
4.578511406975835,9.831954620245986,2.6025481767521117,6.646096006664654
3.3784863684277537,5.664836036822701,4.719369974534825,0.8592933776592983
2.847996448361198,9.348744692711325,3.975532443770008,1.684620723908699
5.34735727803001,4.666014284529346,1.965206569019856,6.46054047520281
3.416803804608466,9.98960344466168,3.342228749279474,3.055596115410809
3.587154984075251,6.212980317048021,3.75475660372467,1.5808349867755547
6.910804571271013,1.3804209481234109,1.560625686808521,3.916901509663925
9.71683598529903,6.280793170222493,2.433702969520595,10.30396133157161
6.432734805034376,3.4711542611163697,4.622193126415664,1.0451373956599435
1.6928152035846966,1.2923318983230523,3.268692400740806,0.2047554678923753
1.680252524686603,8.38767974225197,1.8679909842412674,4.038934822993282
9.562808987610094,3.481566732826803,1.491139192476603,14.973517503949962
3.6756171127660027,8.168936986418487,3.072907573899511,3.1797781088390775
1.828602874742279,3.593958246602803,3.1907428921165764,0.6455186654557852
6.391401284353434,2.7489371848639683,2.3376578054184494,3.2151336125405017
6.612839004612395,9.765420166939847,3.521664113676474,5.206945354154317
6.836543381068194,4.254807949795176,1.274738744877555,17.90087103447959
3.4066182507178717,6.412385902988444,1.5805587730645625,8.744234987084322
1.1359961579302753,6.489833435330244,3.185095284045037,0.726717393750186
9.685138325090247,6.044261339561516,1.2472627753778158,37.62990654412538
3.2580374112199224,9.232261691690931,4.523635059964402,1.4699042661882922
7.084236592472927,7.069969642301817,1.5685854818260672,20.356083506503335
7.3596688289083865,4.633597036944371,3.695679496338146,2.4968240209742034
6.490066753715372,8.761423460718465,2.564813766857701,8.643948343277488
3.816166547922834,2.62956609204368,2.5991509901689938,1.4854170089114938
3.439866283876592,5.898130818493757,4.059558114444576,1.231114469839946
6.379014544324328,9.554953347493807,2.997848536691656,6.7820781483223245
8.794860702505224,6.628578668923714,3.9026218545754654,3.8276871631688403
9.52060356031056,8.352716054273886,3.020764915011077,8.71481841686926
1.9531522396338188,6.882046529906735,3.3716213656210536,1.1824318136829346
2.3934575133794787,8.554337771841013,4.042858511478657,1.2526652565680543
9.502626329047716,9.500390918607193,3.4292349716851014,7.676984073150081
7.628817055013133,3.4562955477946313,3.4624604375551544,2.1993706873947496
8.946944423467958,2.5269497313104696,4.156878365710378,1.3083884707276539
2.8236937072180885,5.355916752992859,4.796347263277493,0.6574007054145798
6.288272839984617,7.316761841417943,2.506864615741347,7.3213056022543235
7.310256349757263,3.044721278639945,3.308468628903805,2.033415394130773
7.121006969022754,1.0369130538715037,1.3450926309341824,4.081120009818477
4.673365217800283,4.086416042530348,2.4352155222754677,3.22030862955841
1.1385540252217763,9.719734019210096,2.648196903557544,1.578001736519384
6.246334511238368,7.25470714545262,4.340949267296204,2.404781950494455
3.2779138526164786,4.611928995471016,3.0535696085027073,1.6213041670256156
5.052288215286013,2.733184876121563,3.9242654931938312,0.8966859467384162
9.618229135754357,4.204807063792723,1.0760296001026854,34.929531092100014
4.591317858781912,2.5285548997112315,2.8579706785132624,1.4213276672150197
8.55821445997984,1.9567523918165626,4.605270660654337,0.7896028721318544
2.6968654517432604,9.160681353152984,1.8972556372231404,6.863337456545762
7.052144482225259,9.978853045379262,1.1260887412284517,55.49535011622571
9.793062589950491,2.477029956362113,2.7336349348539057,3.2461512933971703
1.917037907856431,1.4907030299045174,3.8177272825903814,0.19607039865004933
1.074879480044728,3.9675799643159113,2.817854027365878,0.5370917446903266
4.902245133693529,5.154932626852738,2.8399132540450633,3.133342493071483
1.8336293474623049,2.84339122368269,3.679220164953278,0.3851559543015316
7.7354591470860825,3.712824206187026,2.017555233132196,7.055692056114933
9.23093797463703,2.8078366212249195,4.00755916656791,1.6138299875050564
4.90618875437883,7.9683451158920615,1.6124541236229337,15.03618476400307
3.3284047793989684,7.413201489225347,2.583002421143951,3.6982163539355937
4.909629871059488,6.7145636418488355,3.624032433883672,2.510050131812682
7.511030360650009,4.484960713712843,4.313476028920791,1.8105202343068096
1.0814874542233388,9.181368471828124,4.166124284660221,0.5720901355133041
6.305085905362275,9.72579287381518,3.8867423972307913,4.059237939479968
6.519625163986412,2.562753813628708,2.4363855341455642,2.814734856775534
6.73919422206342,3.0071137727069024,1.4892172651748954,9.137801243138023
3.178198719827895,5.730679252003327,1.8673368707719624,5.22326193091189
7.426474510403141,1.8212551235402077,4.45933525830594,0.6801633592681565
1.8225233769859877,4.928035589408015,4.429325480530638,0.45779574695551695
2.7934330282012074,6.236121382999391,4.806243410156063,0.7541214610809323
8.897230419890338,5.698662140235998,1.3039546075821664,29.819667798803394
7.648508356539097,3.9781772477022344,3.1472363411098243,3.071865241918553
1.1237099861021074,5.882012254694861,3.5947321796169343,0.5115017058986763
3.235386343328202,9.62920858832963,3.8426295082674264,2.1098895230286376
2.929658346938481,2.8541566386223844,3.5754529400417208,0.6540826778767601
3.437256952332753,6.893482225546033,4.080045559609128,1.4233792614611622
3.2280379325189776,1.3905702474044666,2.4378863051573663,0.755274230386495
1.5627366616856118,1.5977476403329143,1.7177310885419286,0.8462206789662274
5.130464649371383,5.966454018012265,1.8183334886017541,9.25818645325258
7.594601273075487,1.944452622951545,1.0479147578806574,13.447774885703359
6.4605855224569275,1.201121095841716,2.4012874884248894,1.3457684995096841
7.055845017382718,2.5436169788322,1.3669762035199091,9.604590197382121
1.7303426068261523,6.08364253899617,2.2859547711607635,2.01446869534086
9.563416391591085,7.3300685906703915,3.512840308664991,5.680731841404491
8.546426504587224,2.82230707727242,4.57791222234728,1.1509432352931013
8.245812866460964,7.01433493487357,4.358421803962066,3.0448188321257437
8.406854245375907,2.642286979893064,2.0106968478303076,5.494400442321438
9.394394573194852,6.521116839681314,1.5363325687921878,25.95495642067153
5.898285695023279,4.7076371190621895,1.7722890951869252,8.840150374105983
2.8025381608086333,6.88419558400255,4.883946607614428,0.8088405583017455
6.551052470672871,9.955474772313226,3.197897918741963,6.37740299485833
7.685933443011451,9.440352687093057,1.7300088920022993,24.2431008581787
7.6412565401862285,1.0385358205249327,4.3629846187472605,0.4168875228533828
5.693041217501921,8.96894887926075,2.5807649772502197,7.66635567102217
1.6161284740022026,1.5984171565728986,4.59688860789891,0.12224695615284095
4.34001644587115,9.577419275438604,2.042708507337946,9.961553692314428
9.286899476170216,3.536431111897162,2.5728870352169446,4.961288820795584
6.260040187816834,4.438313473701438,3.0197910511603383,3.046781475819178
5.84498748930142,1.8247438465815506,4.570461336356127,0.5105818997861484
3.419681629439742,2.0104548249601866,4.475029726420223,0.3433113369969071
4.31604027924921,7.540665087063877,3.2974202812155116,2.9932744030264358
9.058114802378523,9.498990121734625,1.8871020391235627,24.161533162187165
6.998167427741522,6.496736454588786,2.6134278869515004,6.656693122627791
8.086483240770995,7.4426501397413,4.902532261462022,2.5040694781476427
5.089108807608897,7.857727701374381,3.4310928955096083,3.396829575283769
6.672224975105421,3.3653284709764755,4.124391020496787,1.3200138131944075
3.2354524786888677,1.4070666782819343,2.799458781445679,0.5809002306220488
7.349147472551376,1.0168546952725173,3.1280291018672255,0.7637553945942221
4.8484120033300355,4.155843546586167,2.7158164489301764,2.7318564725098606
4.98290963333271,3.173178053792945,3.811683992247872,1.0882875894490933
6.843900921191935,1.560859525442671,4.40588405554751,0.5503023969281801
9.42652559322034,2.615754632443001,3.0294541728982542,2.686704357170269
1.5760571194775883,2.1204900844115304,2.923469834544903,0.3910307988493031
8.422689136123068,9.233905425556333,2.3611458683935878,13.95052520746368
3.631447993709738,2.2624049211325206,1.7083867771763352,2.8149958767327963
4.9952750905574,5.838836175889113,4.756990891500435,1.2889054507534679
1.1972199589750807,6.3379535960094815,2.26431887471802,1.4799526819865483
3.7094147005088174,5.891405119377704,4.202765854297142,1.2372398118609937
5.523681183671174,1.891507907943892,3.8613880851498967,0.7007286282572441
1.505584696126951,3.869185255754961,4.163670401112516,0.33602534018546903
5.419861564448486,1.4614329921683793,4.74707253348841,0.3514919361439901
9.343995659725845,4.561029226866844,3.493483040883589,3.492031917974616
1.948538962970247,2.697390381444328,4.591801373528178,0.2492795842374547
7.879966552679539,6.054692799559418,1.6707892916491747,17.09122221550067
4.687039480383934,7.235275544641905,3.5068503038271506,2.757523559873133
6.896563430719042,5.789078741842358,4.089102451658451,2.3877354540213136
3.342129381867064,4.9081302695025615,2.0865645229766963,3.7676946770023028
2.4354303628722245,4.486000787710232,3.96301520516786,0.6956384590786265
2.444163528441038,8.575225912873034,4.113907316464948,1.2384167671609299
1.634427510788302,2.9743125855874304,4.324751824065779,0.2599141307974636
2.670820344111187,7.60796505575982,2.2515316503837313,4.008270959231177
6.977974464900714,7.817340922661071,3.7264263606732366,3.928288191630874
8.935215506591572,4.77280006543661,2.2170131336390484,8.676443475229929
8.327131170320456,3.675705393030754,3.9561615499938214,1.9556361916221459
7.166208788870357,5.234873374413777,2.851894660582849,4.612418210552517
1.9938867706999241,1.8389253330342865,3.39017749810888,0.31902132435922853
3.6026870166635483,1.4133702900618097,2.6633599257222755,0.7178319272510199
3.7882618779022206,2.0044287950670263,1.6479317077192972,2.79609682651187
3.249612517578591,2.6843052831600356,1.7121181184214547,2.975747235001263
5.635050937387508,5.537591383042387,1.310275629048538,18.17579541797359
5.819984333917053,8.642229725450099,3.472290718886647,4.171722992774199
4.211973776539992,3.1207809879971826,4.394553591812237,0.680643058935097
4.184102428627924,9.416458096721003,1.0833473050483238,33.57024194129865
8.457000381154732,9.594171180415032,1.264958008353414,50.70742948024191
8.10363563487717,9.630141443606847,2.8298679692116413,9.744963672524491
3.770162485126711,8.538064612086913,3.9508829446727574,2.062201883549576
9.224095994859333,4.274425367179486,1.6308305788478052,14.824629916230997
9.575335153022554,1.6541551990236076,2.0866052781967754,3.6378906025922206
3.9406828782703673,6.119368585898454,1.9280248051272286,6.487133949568966
4.1898245391374935,6.0281329954351035,2.5962048746846165,3.747147074192521
5.550707380797629,8.64978190398636,1.8999947080702846,13.299910168613787
9.470087312803061,9.963919458514948,2.410394714179012,16.240816481008476
8.886874898280805,5.573415759041328,3.9141703946477766,3.2328909262176038
1.9231116632523082,4.106836279358058,3.4440369938167565,0.6658498038915492
4.534576689442746,2.673115404006403,1.3247268215667716,6.907196332348406
5.9803407077479465,1.0431984233563365,3.550982664982871,0.4947613258344259
5.52819225296386,5.582023232399912,2.908308686236854,3.648327164869518
2.7447676114320343,5.999668000323362,4.738262298828555,0.7334906835807531
8.729350940513392,8.424446318356576,2.157217268416213,15.802854609252282
7.092467046971536,5.5411927110352055,3.90466567879664,2.577702962880079
8.541175373666231,9.248215137994508,3.9234432921782796,5.131458293620181
8.72887851414525,6.65275128914292,1.8860031240367494,16.325816898962955
7.735202682991658,8.563026143989749,4.612894499883744,3.1128050590786107
4.9528954112474555,2.334715613269724,2.9647328017184122,1.3155944358516274
6.494920795138821,8.698025172720833,3.7155334675572096,4.092155839484502
2.4432886550776884,7.0762946899946355,1.5834222355340182,6.895840543159654
7.062808757274169,2.532097291944975,2.031215667967877,4.334567395314666
2.6132793016535265,2.707872023314098,3.3444284717488912,0.632659654685912
7.245546314591412,9.338505571397992,2.276109073493398,13.060577451682718
3.066383446785718,1.289938244053356,2.9987716742838937,0.43985403549278446
2.0579617013519798,5.162814489661355,2.496020797493157,1.7054045179372956
2.487560411286617,3.821277609406914,3.562215186576192,0.7491036695594165
1.0179292169716323,6.9856969599858525,2.9485814511232356,0.8179016107737068
7.468656560681772,8.556664488120928,1.0184397438926727,61.613561672414136
7.591609441525412,4.2434030940091265,3.598723351781536,2.4874320280392177
5.634400149219335,4.842118785905535,2.688486228200727,3.7745700871332226
2.4522652094984534,9.837260060512728,2.3667933619608914,4.306464825836959
1.7519890375962077,8.055248587112825,1.3765870091328942,7.447371153032062
1.172160697935583,9.074837178386122,1.8814787622659659,3.004881544059055
2.4917335926869866,4.948859985864668,1.8950891663234137,3.4335824169663267
9.01769981484832,3.106685835857037,4.741477997618916,1.246136544417208
3.173831575315136,4.706771188478065,2.7300518989861873,2.004311214666125
4.188441944954941,7.444827260483621,1.1682633888606802,22.84681114140015
1.9481093603319986,1.984873643523814,1.5552667289732836,1.5985875822467954
3.0012517427335323,3.4342219505485794,1.3161307029316482,5.950216171444196
5.673021137021846,1.4197231041543135,3.355477560828845,0.7153348338139114
6.469774147860873,4.8911296450431845,1.746485966267307,10.374521956785221
3.2081708274958993,8.447011623816518,2.994230561127104,3.022665573653186
1.5195894330260549,1.2219731946820973,2.4802482514799022,0.30185448975530754
4.519295822146588,7.077911741264494,4.215505508576797,1.8000169333969143
3.107830338337007,9.392462870623657,2.281958549061449,5.605589437223125
2.9759853090682173,3.1323507536006403,2.8330619295872332,1.1614192879024106
9.638765224421098,7.242713566548833,3.885142194391303,4.624969525244338
6.546704373331517,9.775917109901803,2.7334048277225573,8.565886712741888
6.011905988548863,9.66050254137217,4.172862144052756,3.33536851514111
4.741975931709897,3.1143627372622893,3.6467374249466595,1.1105025285315044
4.8604990008712985,1.9029794789086183,2.642116455786864,1.3249852732838496
5.868145034542727,2.3345428410632434,3.0159277027454507,1.5061243647074876
7.267868263324965,7.318321016339279,4.868813823368773,2.2437381198056197
7.319314865636465,7.5318298790794795,3.6464459860335694,4.146019712387491
2.5452451693490463,7.068129054653791,4.619980903889299,0.8428566768245419
5.501014768689643,4.024705489680143,1.7150340138842575,7.527165093860138
4.7076228553069175,2.5279924578230992,2.9329446249806077,1.383469884190873
8.834742696424458,6.226849827570278,4.634646679380202,2.5611147343800864
6.682770290965387,5.353124011820799,2.2904482457656705,6.819034247470219
5.792536597743836,7.559507324100731,4.870656792585683,1.8458109656762511
2.0385517796102564,4.9722407081705935,1.3883099618946297,5.258973858257085
6.450741003910703,4.047757252178215,4.610684681100148,1.2282682343129214
2.054835151122101,3.6413071962311294,2.780848488263435,0.9675638879918106
4.034859180091768,2.9032328804477188,1.2949766605646427,6.985321084926526
2.2855776833289867,3.3917173856799527,4.518086370344349,0.3797576984871737
7.22866282321932,1.8534739495969124,2.007760849636454,3.323689854005051
2.8562690245253735,4.121713098360006,1.0890005019809008,9.92706141254306
4.526734358692234,1.329128311266624,1.5432284222767692,2.526338217138939
9.061072998569008,2.6777246244969413,3.6364589675990464,1.8347975796833131
2.8388474505907326,7.720934001574862,4.911245956552779,0.9087167375279285
5.570245575629012,3.929220898089604,1.4458485583340672,10.469722600138004
4.7734449504941985,7.014133152796094,2.847792192499048,4.12847191414054
1.1631163694115676,7.451957580375496,1.72254620379013,2.921136036173735
8.134823022155315,6.230668084589022,3.9801461364063684,3.199518969382624
1.6214131568313976,9.628279672288587,1.4722355990472566,7.202574509934591
5.268295188792583,1.1929587996080193,1.9593669939235583,1.6370576366020468
6.0461046544505495,7.647873855293279,1.7856238705962855,14.50228415128252
6.655838109531284,9.629079795463673,3.2100791214679116,6.219508444504091
7.197684663770881,8.760445564176454,4.492736368002529,3.12390012915676
3.2794514517044355,2.51103422624512,3.0443608046256743,0.8885085159357456
1.0898089899260444,3.9413827562655888,1.232973811085885,2.8254738624981908
7.510992961194208,2.5520665588881886,3.253555722387325,1.8108098721076373
5.820909394128208,6.411775274332337,4.190083997272037,2.125806219119521
8.52505932886524,7.409691837815431,1.5286247892172908,27.03309435755161
8.392495266106248,3.853663924267524,1.2908448573783669,19.409611582917133
8.58993551009095,5.85555916585866,1.7512311102302762,16.401038546972824
5.365851939815862,7.218285130640755,3.98434529128651,2.439825588359227
4.002655562531791,4.792058349499435,3.3667216781280063,1.6922163483863095
8.124023823322329,8.686139774099134,3.1623786158469955,7.056190100978499
5.061647017263295,7.943949417590354,1.9979195785270734,10.073312805261718
2.6509797676309104,1.5819898946551358,2.328946380987438,0.7731987412028949
8.69476617605327,6.590127691817461,4.863540051773369,2.4224049402630055
8.943038890951126,3.1179299586377462,1.9625009069175428,7.239886238405046
5.196787805261531,6.017664382005478,4.606581693020354,1.4736874735171455
1.6812975457880872,9.611995983696696,3.3221260178309464,1.4642861504935458
4.490434809252381,8.911558040970252,1.4931858654849912,17.947927037014168
8.231838935163431,4.640647628036185,2.869249512620272,4.640222699722644
9.115966256916058,3.6236247250991807,4.794194869443503,1.4371912275637504
2.8312546824783626,3.1096516996743313,2.6742623925494344,1.231069726681014
1.6027625082274437,5.792633827808681,4.453546259157449,0.46809425995315296
8.896154078195547,2.028236079322507,2.025714778606831,4.3970783782951175
4.504644450809877,5.943475073154238,3.283688607201492,2.4830017823997563
5.87584867840807,1.0120027554171283,4.375408232807895,0.310609788944643
9.71259230845683,3.9146466767126036,4.6827537646787825,1.73390415036231
1.5990825512280056,2.9794088244752315,2.943293468605203,0.5499634791699198
6.83486206706886,9.740969109647038,3.558752408581716,5.256980578230269
1.6669488031738036,7.545180876129811,1.0119205231293238,12.282848883800431
4.379220356198504,4.146880424160139,2.0128932300535585,4.482051403315063
8.234330906741022,1.8356057787755846,2.114848414987783,3.379475044081196
4.90125009480071,5.651205352215616,1.3739720466177232,14.672095946447055
9.974641185126554,2.921030931934381,2.1187800534279067,6.490253892070372
6.031533564519419,5.82786591308522,2.2844881322325565,6.735339435863505
3.8904593737235813,8.518261187610033,4.875064158272773,1.3944121736510873
2.981001933142778,6.542132968912469,3.6744095222433506,1.4444632892499203
4.154684808575457,6.70409577590502,2.704020317665377,3.8094159079284036
4.352799463835957,5.869272601565303,4.952217842782037,1.04172589348106
1.6184230995156488,9.345390693682683,1.6129292809384448,5.813783813409536
4.326167794840958,9.38712415978543,2.9042047757219382,4.814835474445961
5.178146677653024,5.614508809661969,3.5882488281961975,2.2579847915238798
7.504639770149242,3.7518353842915397,1.222322537936308,18.845253607363688
6.910565362494472,5.136283052914995,3.8679954323324752,2.3724147907176523
7.378890897062388,2.679021209760541,1.3994694116879596,10.093468219249106
1.0752731368917139,6.727098837862804,1.5611292343987078,2.9680341359888396
2.9590065962248246,5.500831022040099,1.6387580498483363,6.061003872078849
6.955158595598708,1.9297043003195191,4.715559306622071,0.6035751898136463
5.3559043136177245,2.778830030076538,3.732942180552671,1.0680516778567304
1.0478212810151135,5.3166876057957415,3.6217100044124164,0.4247183373115528
8.240451781886401,8.988300916469726,3.2219739858599685,7.134845395721583
7.955286159613037,6.0975164856798765,2.1712239947804113,10.289624581532484
5.935772466942064,7.133815001876237,3.4835588183974058,3.4894163539130663
1.598169931986449,4.051256947695188,2.640598879554559,0.9285555178108286
7.8986354457932615,6.142702537398108,1.5816646003704595,19.394686565659136
6.253422289582275,5.026418403742607,3.7583891613109324,2.2252197206924236
8.037639794421633,6.9321692136084465,1.5183286717196909,24.169413301803136
7.765722931562564,1.4551800947110933,1.762674324084693,3.6370936203664903
8.227018647620534,5.439701946150632,4.270797247390424,2.4535769202042537
5.6620725976416235,3.6639336262957025,3.640468384500616,1.565339352598262
2.262920663741635,3.935665551501183,3.5239646168545695,0.7171738329961551
7.040417260417198,9.648256884022553,2.6728111373708963,9.50847157190802
6.584264065467735,2.644253314402445,2.5851220729574846,2.605242688737009
7.6802786847917845,3.801207273207372,3.7610504367416047,2.0638599128134216
2.5289290544566176,5.589033181577846,3.960022154436183,0.901318121280299
2.754776799102603,8.767242533346613,3.0408528094572422,2.611912595620603
9.013685654973957,4.750030748857334,4.877076977394105,1.8000294419838765
7.749800186068637,7.694787527993539,4.822798235675488,2.5638283815385696
9.174056398302906,8.707366883933222,2.6497179600510345,11.377555182885573
7.8284378904752865,3.7901472023966405,4.282489017132614,1.6178515603459809
6.374397753912717,4.5347516518483895,3.1730713663936614,2.870998641293659
6.887194633250863,4.209006013195206,3.047023550228698,3.122268739423718
9.00215131546009,8.49570227756129,1.2198562455146074,51.39587747790379
6.209260790607464,1.3991217575824104,3.2958988418732407,0.7997378732054496
6.691521918955487,3.77578979945812,4.602311722252658,1.1928357648406671
2.408290444032405,7.1146770183561685,4.120535396780369,1.0091523906363873
5.265290981044925,6.088991496088084,4.145268578797048,1.865788430054421
7.44757400762289,4.926604233643248,1.6397161543053569,13.646621702498088
3.4384842848472887,5.85953404499246,2.4337977885342545,3.401426895708209
2.820287624720814,2.7782612724548645,1.9328196666009432,2.097412321412406
3.82444127401974,4.876449594472094,2.2636611298225437,3.639560215467771
3.173505651935501,5.515326857587142,3.3181573739749015,1.589705114851325
2.934213733327563,9.110702097591416,2.4591352534809916,4.420574968487225
4.823657585812782,3.347516465235787,3.2427912698570642,1.5355402428048823
9.170546624951808,8.810456519484394,2.754004993098308,10.65281018925209
5.563536820648465,6.7981726074338376,2.1464622337989105,8.20912087779222
2.691283427337907,1.1830674796084089,1.3816137368206345,1.6679985486859488
1.6927450244278668,7.521682032094542,4.5673538293791305,0.6103475442426752
7.265405306241327,1.3199668979414958,1.0454934640185947,8.773648730393143
4.445188879927491,9.976430141324318,1.0066099525678847,43.766613617634334
8.396478519268234,8.85373018922078,4.307190959054184,4.007146414185982
6.935596917766931,3.676093727860411,4.98724376130316,1.0250598644824929
8.166173054872317,3.316701071770349,3.908411310854625,1.7730638990259844
3.4475143547660387,4.43296973895048,1.061095352251539,13.573505563975418
7.231230302149523,4.205502687829988,1.9067609066740534,8.364454627403742
3.376557862243469,4.35104036546843,4.887290801047845,0.6150790668456133
9.451616315052624,3.8644889150753237,4.234417008695339,2.0370931963911683
6.7273685338003695,6.590200661634983,3.267199375218844,4.1532931253931
3.920606201578079,2.4783729734856155,1.947442837761436,2.5620668023630437
3.425606760630454,8.613831632014119,1.057480823706996,26.386931183930805
2.718339265644792,8.311622356281838,1.083445890549636,19.247530108591125
7.25176863004355,5.288348870697434,3.4479234541209065,3.225884439796127
2.968440516981346,8.674569687506928,1.0873275054096925,21.779883007694636
6.357729393347402,3.2243056302726396,4.974520567701491,0.8283917762947277
3.381715242328216,1.1580891013357024,1.7335353339749524,1.3032076277078857
6.9577205031448175,6.572871325268407,3.842829447477109,3.0968479953146004
8.334457556864852,5.121184662682438,1.6202388856496537,16.258844348907772
8.002227188301879,6.104480916662836,3.160373684390858,4.890831985317186
7.847661978377036,9.094054681165627,1.3224451538648703,40.807736922501135
2.6895016512302687,9.729330162093492,4.067113698132973,1.581911304537719
1.7954645228606685,6.710078257800427,3.3396843788993187,1.080173610814032
7.290539456386471,7.876500308671945,1.3446667736056601,31.75876543582997
4.315124924149162,1.7542759013844784,4.394344756800022,0.39201530046180677
4.891116037630126,2.4464402640235505,3.188074459106808,1.1772960042654503
1.2803418351405196,7.5988432445767895,4.686369240053272,0.4429966217614029
3.3361880434754427,4.882289107492017,4.666493494712451,0.7479846490913005
1.303087634870176,5.013687433639651,4.68203115794633,0.2980315765286856
8.912671953411229,3.7774691347189293,1.311140800801872,19.584395991055082
3.190570148966774,6.466207451299694,1.4838310470180938,9.37020351638634
6.016034526157073,2.6664854087458236,4.950823238864792,0.6544774535383644
1.3508138859501737,6.642246513825061,2.950403285594824,1.030736700682155
7.001626521750922,2.5641897142171572,1.9528562113165906,4.707697621504316
3.907246111786845,1.5744343123874223,4.078657953994632,0.3697947506308173
9.081272682618993,3.9732191982915492,2.057140884849928,8.526311012677413
8.993063700406323,3.0802630780886293,3.9088627520745693,1.8129867758113447
3.92761556525573,9.00092474700699,4.349143111399044,1.8689974375652816
9.108648061214211,1.4945810848176393,4.137053509181122,0.795410147948271
9.96541906148901,2.589523233167106,2.0961912327917416,5.872913138105017
8.428740977115533,5.938476450247445,2.6064742963169483,7.367681669816074
8.60384212979706,5.329604717627262,2.6530040129331054,6.514957980423868
3.2410786249818093,1.4126681653723139,2.9650916724178873,0.5207790138519516
6.190321589719807,1.0652718521363003,1.6694914061605441,2.365948502286576
1.6053032257063107,9.892611477650348,2.8098802016573696,2.011372104797983
1.8542614313950274,6.929512303229544,3.043131962061919,1.3874970369317257
9.990033508299616,4.288655178114011,3.1268359863242097,4.382055470253847
3.9397532448331987,5.233890228969172,4.279601719937833,1.1258665727069272
7.733655208439617,3.3989510840885826,3.069337993917981,2.79023183647643
8.259985477241347,4.103864053238888,1.9231356900547008,9.165420485096652
8.722209439065063,6.841400205413926,3.6525149529767487,4.4728826274317015
9.978654676619408,8.945306189806336,4.189256576346501,5.086198249633099
3.1734683673118105,2.6571702077306636,2.277486665753047,1.6257054523086667
1.3631574417372974,8.56325354846787,3.581223716070421,0.9101687458389216
4.700723661951274,2.0940096656644216,1.5877519837840506,3.90461371409635
2.1707260284605225,2.9349300122955206,2.367705218312256,1.1364425879543334
1.2018330024584962,1.3345775924468137,4.636895718198536,0.07459904994688464
4.243841444273375,2.267306758836995,4.645232652650283,0.4459174748467541
8.053644259677128,9.255728309176455,3.3012983149722546,6.839644036398409
6.095626221025638,5.134948719565407,3.8094058434604268,2.1569493753039772
3.8150019028931865,1.698992756005182,4.4160616608237655,0.33236557002171263
6.889078049434477,9.637541542350652,4.834212741250507,2.8410302036032467
3.0881636227792963,8.91093076982785,2.959545761159078,3.1417617892646486
1.1294330146487652,7.792142687813271,3.2463029465041373,0.8351015375160257
7.8791804779278465,9.401255127528021,2.662566266591321,10.44879085011449
6.613687763776082,2.981164787521877,1.287927748225715,11.886299537437685
7.86072362050864,8.527323637090777,2.6912138897952738,9.255051544381631
1.3504421501889905,7.2099207671887555,4.162509357532309,0.56194787230778
8.53407665047587,8.827833246109195,4.219541991966114,4.231360559515648
6.57573580032673,8.172204091683668,4.569508458373199,2.573620983289482
6.070558156413761,4.1184555685914255,1.2058668207038763,17.193500972653386
6.621526433030784,7.9695868331553,3.1086183583225355,5.4608356864348675
8.779899221815278,3.362106726864013,1.429697951748305,14.441504389655343
6.282428559030164,3.9573294672524932,1.8029687326629733,7.6480968208623015
6.228553418993614,1.9711514550067855,4.600866009522425,0.5800000317763633
9.916112413591893,9.415689543824218,2.9871650337187834,10.463455651027472
7.810571503617112,3.6190302706025337,4.034179683586455,1.7368589561892507
4.980644249060218,5.685602186543067,1.2575364237147233,17.90691805231223
7.366573000296349,4.521995528195734,2.667306015699408,4.682199740466142
4.503074245226096,9.639353085251514,3.696961122657351,3.1759029963151546
3.059879162351491,4.015442538446342,1.5336259251128532,5.223947560141636
6.371666891989835,8.006912392804201,2.3032715164227326,9.616739809423594
9.353638883025564,8.698745391680621,1.258191220095533,51.3977275493532
9.362255680139164,4.920458477328693,3.6053597634780417,3.543960342466164
4.077147502949413,4.403546330076381,4.883565036232474,0.7528094152211301
5.749097195995255,7.729712388393652,4.308181964571318,2.3942798422681912
2.904723087128751,9.216063822756107,4.8984924672302625,1.115643196000715
9.960679985489952,7.794385597650145,4.382419180393586,4.042434978404803
9.830061170811422,3.0441372903267903,4.420783224787915,1.5311650815091973
6.845580367367026,8.99476972693935,3.3087087814853704,5.6244911121521595
8.23972653709726,4.488235006931498,3.0730092456528397,3.916162039876847
7.4359014515533,6.1860647060014085,2.6250170657113103,6.675500325945313
6.338423971355214,8.482920573634399,4.27237958018352,2.945689893330771
1.4801319729000793,2.69555290660443,1.7282704491120984,1.3357491053352317
5.092879082973949,8.060591221097978,1.2248996632967728,27.36082773794173
7.073076719506695,6.365465181196098,4.791575290738701,1.9610193650188097
7.097784524953162,9.040074776448474,1.0151127408139082,62.268194930498304
4.358103565801452,2.5477336165918865,4.907317287503407,0.4610662009055577
9.475227879922276,4.786140133368356,3.9154134794950632,2.9581474004249633
2.5062132901310292,8.495587835801537,2.3139956787913105,3.9763662212911925
5.503235015940046,1.1730853311108416,3.791279372345241,0.4491341603893158
7.217955788957405,2.0098123008907858,4.27150062874051,0.7950762273648815
7.2742222530262834,9.915086914810612,1.9814482239457436,18.370358624122627
6.83775061091934,3.523547607313155,4.083582733118328,1.4448098145131238
3.4775939210667417,9.779888743515581,4.217478500032961,1.912084265317302
2.4058591181795976,2.642783959078065,1.9974185205013817,1.5936527983183946
6.723462941440398,4.249849987066021,1.1677054175119341,20.955596411335428
6.393719045254939,7.775825000532135,1.8164891382323907,15.067264623944414
2.6142040926031687,6.920005665143607,1.8025856355575778,5.56742183447561
7.34625231013507,6.2301015993615,1.2609618167019327,28.78439446578684
5.096547925602907,5.769092582245068,3.9040295386207835,1.9291119491589979
7.009845324428376,8.590963992982662,2.5198996978336328,9.483831408613927
8.536303717931357,3.114537065500534,4.537544669815434,1.291283303148033
2.5275558571923087,4.982238342941666,2.008684422660744,3.121057992728171
1.17230381197153,2.3990706294081154,2.8129286603997095,0.35543957018527417
8.011923277562081,6.36347436157634,3.5560697157070513,4.031721710502361
6.487276826373543,3.2548998184418814,4.509859798687112,1.038183147909525
7.296756126599095,4.004578579090472,3.0984844064774992,3.043603127403125
8.543394774897783,5.241256449611753,2.4940985112495313,7.198444794569005
8.225298413420504,1.2409352713281505,4.468060313888035,0.5112846306291795
9.648281322359422,1.827441423287539,2.240985698750442,3.510874076304933
5.823415709669064,7.173362986373976,1.3176947985303058,24.058632487525976
5.396460693939148,4.860729826457565,2.78016843004096,3.393659656865019
4.616984799016571,8.783111997999058,4.140373225991968,2.3655268523858
2.3832193855978407,7.252048032797795,1.1231233270140923,13.701553149246607
6.153465095938202,1.0729084748259021,3.3435289799583683,0.5905711585315856
3.493112718933809,6.550410976904214,3.3778561941089444,2.0053899590973607
9.291767609916779,1.8435237945374476,4.714167053709526,0.7707919142541387
6.248717238493878,8.028398618114448,2.1458592685800872,10.894751471212194
6.335561624572992,9.923569194506518,2.1153464528427848,14.0504427164108
4.194321947893091,5.780789148173604,2.7619346053587126,3.178499217919548
1.4679041677993674,7.1450155017471735,2.4276596058860607,1.7796118736998452
1.2856938883568976,3.1358274480527637,3.945383450757307,0.259006879481969
4.810016297378778,4.938379693784142,3.5670083085261983,1.8669074302154702
1.7610884028751408,8.704857990127454,4.035684151625065,0.9412576285645058
6.461622599861252,2.506806529716261,4.280167164794756,0.8841805234180795
8.928757050756918,3.389820450523859,4.691924530936591,1.3748827580710186
8.9462333486685,5.008903077574272,2.7237469271385906,6.040172524100893
6.931408691190091,7.410240026596126,4.938789557886198,2.1057787539910695
2.901086483256379,4.382955593161064,1.862643253614611,3.664952738860535
8.766971482229849,9.349590518047036,3.8574606477893143,5.508573847358427
8.974840917818874,1.8501134614184727,3.136037269228757,1.6883508150700868
2.769882264576628,4.337237777903628,4.267602378739534,0.6596394855982604
7.636834771936095,7.380587110855797,2.907082082425704,6.669445317121021
3.5786759403441066,3.033880890953432,4.1357545414497245,0.6347626863658776
8.223762811176368,6.907718208067057,4.720674858590712,2.549159504593357
9.975141099132424,2.4779526240461136,3.929177064560349,1.6010645649718376
1.2702340479645353,1.5038225637551774,4.104377144873297,0.11339289028857089
9.076292792118387,2.0891414507378396,1.2687017250634245,11.780325284764578
6.603674802387922,9.369863048207213,1.8198306489291225,18.683445586692187
9.760443572483391,5.965757946455962,4.897214962014375,2.42793383896086
5.185085657737848,8.167111979316841,3.7727480151495776,2.9751498649084365
8.626491375142365,3.993890508145461,3.2457960692440184,3.2703022041876815
1.561546617384495,6.33392783096902,2.4679054935858002,1.6239438734743978
4.017511450704662,5.454569203344924,1.1775560048276716,15.803542055963572
1.6031488397608897,9.511641634620647,2.47654363185654,2.4862074108799077
9.778088201311634,7.728171724486993,2.9956514931583036,8.420698925215572
8.352765165446531,7.574883683469212,1.845838037547547,18.570305881231818
8.672926791213735,1.417179424908516,1.69254716509533,4.2905104049560165
9.441687082905048,5.94702702103322,3.0336662054300674,6.101181257355481
1.7659313750780683,5.202923085116334,3.3436169425101756,0.8218417390093576
4.47037833262,9.350580399455751,1.9596716754180994,10.88469382418847
1.639314001396019,3.31607789370579,3.349557897824852,0.4845202063710389
2.8971379139502575,3.4285010796198487,4.601359855497179,0.4691384858790857
3.0642919933390513,4.7021162399335035,2.892693032085415,1.7219431476199976
5.221964899428208,3.1903274206573844,4.429560678348725,0.8490785985856385
3.4170595070827834,2.162655260278745,4.709085778133273,0.3332472967064754
1.9088029613598498,8.716733619857207,1.3695761157483428,8.87038616854629
2.5074198018469693,6.024488719635243,1.383246318627188,7.89492849128414
2.3254800719688182,8.752264470609102,2.9041767315504057,2.4131647435759658
9.757691181210685,8.480212888633263,3.3524097772708106,7.362742752742256
7.833632562266263,3.53838119310704,2.703533857860117,3.792313127170109
9.709853187426058,5.929636998918466,2.305803081670012,10.829199147111797
4.957664378571177,1.748959324660634,3.5639764645046235,0.6826328396697018
3.5053163349639096,9.237266956276827,1.008326049399681,31.847015372032683
8.18463877488268,4.638364435586378,4.87229312345497,1.5991808062254997
3.936285262370321,4.543085655001192,1.9283163527520886,4.809289501537724
3.6944503633481345,3.724798335561579,4.668395074332029,0.6314186367401756
3.0925539298704807,5.145973702396335,1.436058978138024,7.716854137021928
2.167110804018118,3.2658344789090323,1.9523487281782903,1.8567802129069937
3.3081675491508937,4.373670455171241,1.9394948043500015,3.8464165366261485
4.1978777362649895,8.199523437263936,4.984611616802585,1.3853379981492708
7.065947873311574,8.508299532266546,1.0184021829035377,57.96616342148427
1.5630835799750642,3.7376422986566453,3.558552837213983,0.46135273517522635
2.8945624569880866,5.221129874975091,4.478746324243412,0.7534153978516731
8.281212762625088,8.86437798652047,3.689094616098947,5.393896657011666
2.3222973122539368,1.474059986467274,2.4509352728677767,0.5698614683788766
4.083806318702694,9.00230465796207,4.8332374508117395,1.5737747717354165
8.78193029672326,2.9726591108709854,4.5740830183561645,1.247748366037549
2.394327800290984,7.106853197929382,2.735819680998071,2.2734531751487776
1.744631520563709,6.242965267461402,3.293313970444654,1.0042188299855257
5.3608419557200975,5.976466733703269,4.870076751220963,1.3508461801783613
3.7217756015068275,8.734242022775392,4.93024144770588,1.3373313623815253
6.070675280354687,1.9141492928019515,2.799293102871809,1.4829143308471813
8.234244014351276,4.123252227930724,4.389400112572354,1.7621922795414962
2.2343363933746883,5.84427471710289,2.2079209078157453,2.6786264791659864
6.226291760988564,8.301599685514358,2.4872514917226587,8.355103899563908
5.549578843508775,2.9479877507050434,1.659287531960905,5.942133445380034
2.2967090741187963,8.226368572368486,1.8367383711069212,5.600406514760285
6.615986369760842,4.596746342445422,3.6274932090374357,2.3111701772342115
3.462763760746945,2.7002247079032586,3.0431264720283235,1.0096777053785555
5.390508866896113,7.830877963991344,1.9245274425024115,11.397038209598641
1.7404509184935568,1.8180901132709304,2.6116384654466103,0.46392852116862526
5.136256514922607,5.632906366678986,2.492733839454727,4.6561548859205635
3.758171212385383,1.5748820547569957,4.949440818141337,0.2416085642889803
8.401430900668188,4.207760696420088,4.414263348845518,1.8142110777131737
1.5128085429763145,6.409691191057534,2.551865333535297,1.4890372779156518
4.76746547426497,6.005039873384918,4.655666315584132,1.320808212755182
5.1258828171829425,4.641898761141999,2.3705415665126846,4.234178748621869
7.5250546866920685,4.861431945749041,3.6716060509394377,2.7136992655338266
6.168588175811899,3.040925980156899,4.86659998672845,0.7920276164985165
7.0049110347476296,5.102943295816926,2.561115455954209,5.449605345597804
7.993443570865805,9.579293701487508,3.719539860419735,5.534634781580199
8.759826762923698,8.654076260054113,2.183695244250533,15.897622452811257
3.8248794705022346,2.3070958216870943,2.0652492623918985,2.0688949304531867
5.842204348275127,1.2680270858882885,3.2966266657262078,0.6816567500631466
8.5609727059528,9.401718814449676,4.917058392132873,3.32904479632095
9.905060178685508,5.7407477489267285,2.8125353948806797,7.188356202235002
9.005673799393868,5.840540408343769,4.750547881266323,2.3306756858249913
4.343205363619392,8.026461961358702,4.657454080979047,1.6070794705520053
2.756498654967854,3.832200764841939,2.015050449379979,2.6015620614730817
5.404532836659299,5.337168119524019,2.6072776283373096,4.243209616373219
7.67477306652438,9.717966218320639,3.5732099139767324,5.841493089535632
5.433121636779679,7.049338182391664,3.0721835376455666,4.057919791782869
5.3486277698230165,2.3837052879620733,1.3838341194526973,6.657740540950966
8.544073789736206,2.1990407318591796,4.974792120508633,0.7591863457421151
4.252634011604677,2.8383828249970486,4.0106160048451205,0.7504241696311581
8.73815207330481,7.900405069786458,2.750776152898847,9.123436554698984
4.661243208565512,3.6583930345655444,3.4726741986651652,1.4140476501415595
3.9540979511050547,1.192499620075718,1.3502912690649205,2.5861323907011635
5.085909200797291,9.497569271550956,2.98120661475844,5.434967104843991
7.862022628073816,2.527420747554196,4.723329663269951,0.8906669137836768
2.1340182507759486,1.0860236753326173,4.586403832219913,0.11017748104703565
2.7677729428481563,3.134184421449907,2.3495233819325825,1.5714315353771415
9.563003430967827,3.115259084063203,3.1254714552853553,3.049702030644291
2.5794246464322166,4.798047257611508,3.7895340963505872,0.8618183330804825
6.109545861379491,9.28350848350033,2.3600370676316214,10.18317997328732
6.213830199957441,8.91266426001188,1.259516872375754,34.91073152310293
5.406620158452203,5.1120509948418515,3.021766626871219,3.026907823779712
6.802707237191367,4.698099144926259,3.4065429432933456,2.7540779132958324
3.068440532178566,5.995081778273661,1.023366400486041,17.565095468454505
5.973960409990734,3.1910861077458916,1.3823014941541225,9.976892862284581
4.349559297222074,1.4696649276972655,1.8291625743766091,1.9105524832461864
6.955005336662701,9.45301722554086,2.3922091479637366,11.488666514523903
2.271011890358345,2.6802908638945544,3.1642048913223215,0.6079559860852172
6.137896751555286,2.7856065632114477,2.175371675038661,3.6130370653090655
2.6674331984499133,5.2521429596855285,2.104735257626015,3.162533527218006
3.5077875680353277,5.424520103562976,4.477397375252327,0.9491685220365482
2.968388202912249,1.1659078873066775,1.580202563205705,1.3859878188852535
2.645540018819354,2.3315926489657364,2.981840532689441,0.6937423147713827
8.431398564046003,4.403393367046675,4.811298867744544,1.6038451419332378
3.571368108948013,7.153576241594852,3.5000529964641833,2.0854922761049526
9.344114036780043,3.0557661114874226,3.868821919577754,1.9076590653972314
9.729338728106718,4.807130016175864,2.7249479655624285,6.2987267013472925
6.1413442294338765,6.016105582448201,1.0797286684788783,31.691998363845805
2.2870101039915376,8.997332451609628,3.5845214734688216,1.6014724740315953
4.370934190416231,3.93463452094411,3.5276971257124963,1.381961942312739
8.179590370133926,2.2020243927713516,1.4417105458533324,8.665577884819594
4.306516558273634,5.403450033078474,2.848638854498526,2.86762576608834
1.7831549647250986,7.720494415156558,4.661315778662601,0.633602891061019
6.011064198353692,1.988737813474601,1.8203393278879005,3.6076483080590567
8.606087663464313,4.822151425272644,2.8443950185364413,5.129402637886816
8.163337484291521,1.1600662713623509,2.8444127408020816,1.1704835665944184
2.576108261173179,1.3020326348252602,4.243045872590553,0.18630758054658364
7.0548815297122,5.346580268949991,4.298303481317778,2.041604740262879
2.984538370920824,3.683775683358365,4.037077678653567,0.6745841484482804
2.96386781096955,8.60596569104871,2.461816636753095,4.208690948564127
8.866645959746666,6.419388755138089,1.2881477000740804,34.302179872365954
3.2470205746620713,5.085396655686913,2.3979319088960565,2.871680902473061
3.369226118662101,4.6714183394886675,3.7191648050853585,1.1378580158188913
1.005880516851696,5.475209321706069,3.8109862979563056,0.3792035102564986
8.83602130712966,1.363949480913952,4.860000837906876,0.5102492218116319
8.133353318882213,9.03514020778594,2.814564925774834,9.276453939112185
6.645960415816102,9.984728401605626,3.5297423317611614,5.326083849995505
7.752391875449581,2.633384123728288,3.1567634828901268,2.0486409171257267
2.3684371068204264,2.0834466829715774,1.6024742404529495,1.9215962104794568
5.124912351288179,2.292197171037357,2.844809888528544,1.4515497211901984
4.160974486139028,6.9492435241093045,3.179340618755977,2.8606087765635166
1.8439887363131484,6.952967546056972,4.802998424169035,0.5557808490231766
5.375174366934317,8.631317460505699,2.4661562176358243,7.628312582290321
9.286656853083718,7.766437495836279,4.920396412431911,2.9790724380217855
1.3605320714562503,5.047207060324058,3.1692002960963377,0.6836920500979106
3.623148221444145,6.515698254087869,1.96987697321223,6.083714958057671
2.867868425851331,7.194562033312071,1.7666575480632312,6.610873357030489
3.1433198829912667,5.614628232567027,1.566779669040927,7.189417923246859
9.175910966914378,5.28085886006473,2.811731482293812,6.12923205406276
5.212621488108611,6.805877010783879,1.087705719155693,29.985925838757385
5.196694716458369,6.017270940780883,2.7801811332594615,4.04557808437721
7.8451807820975406,6.795480748023193,4.953618768623786,2.172591028928311
2.390429836044332,6.515692965670275,3.6804271828890665,1.149847254702307
5.385388186900457,7.472769044622892,4.039144484801619,2.4667196650783034
4.869866927089538,6.785231579045885,1.4760215628730502,15.166883976323236
6.372196214919905,5.6776823779354055,2.892403445960363,4.324565638269933
9.996019329253947,7.136171301559479,2.1448924041028556,15.50534134077152
7.925040046738424,5.045337686668852,4.576390111956117,1.9091745103213102
4.580791327156845,3.175041033753409,1.72516988805565,4.88681741101721
8.447977470466423,1.0127639812052391,2.834933308546968,1.0645726416093815
2.5363752698123214,6.0396773243125885,3.352190873382551,1.363231987479902
1.274173176780641,6.315897039477769,3.0561643663141305,0.8616087177293624
2.8400353521784574,9.748440682981428,4.320974111881629,1.482844363997696
4.063704005028336,4.25330500684848,1.9258126852785615,4.660371183000579
5.595226817136039,4.547199185454806,2.509564441694765,4.039847493902326
6.536162264870798,2.816196232079712,4.16833718629581,1.0594002055221239
9.195451454929795,1.6348086571358973,3.1122856469472193,1.5519620063418877
5.588686085954119,7.955240435755665,2.608469542591829,6.534185898516673
5.511480801631564,3.247129579053925,1.117770058979326,14.323955866939782
1.452187088406839,6.480143749270342,4.013541696062438,0.5841866830595397
1.3142039739060143,7.189957319909333,4.888728311867041,0.39536414744118886
5.960439657247349,5.241130185624829,3.48114803795404,2.5778536523755786
4.9436075192351,8.887169017244725,4.426164882755178,2.242602218912571
8.552623554822688,4.994153568817559,3.0675029727797045,4.539324865697891
2.4461162624066066,3.564177607375886,1.9267238616934583,2.3485373983559703
1.2247449590534463,9.0641397066546,1.0577684169405819,9.92181351696296
5.0413489113711325,8.754078558249608,3.613593070359957,3.3797043144246346
3.1373070107703174,2.476359523687717,2.9724353929929785,0.8793178090646313
1.446529360049537,1.2336491651852886,4.1283925883504065,0.10470247376229505
7.52138458162866,1.809870007146586,3.7787296697412183,0.9533525472977038
2.0043369996152274,3.5789265869843536,4.951809472826259,0.2925470215722277
6.474875500069945,9.750338215675397,3.041250333648159,6.825693196466968
3.529447751502002,6.026645378447426,2.7086991586920375,2.8990843319087434
2.561464453195198,4.359355588263419,2.14695875775718,2.4224968721158517
4.417763706273857,8.998444851514718,2.907445167165098,4.70269568882467
8.213011986006583,5.078226983306497,4.491485912491688,2.06744746026175
4.528842192141154,3.83714765560919,1.169758903166965,12.699978351558844
7.756926842899501,9.470975758710917,4.911600189144755,3.0453583636276575
2.129376671192356,8.645658995734102,4.973228777231192,0.744344044186963
7.954942776985712,8.593015378774968,3.391285514351607,5.943659742224238
3.132399924159838,5.610562687451917,2.3261768147816055,3.247866564901031
7.096538168999855,8.104945589339096,1.8921958732880952,16.064398343718743
6.092033993568967,2.6141802333809667,2.105961582739515,3.5908474519442852
9.362302454905187,6.159006618006193,1.2004217060198874,40.0152614163056
4.485902661777827,9.854613305627911,2.9004438339334353,5.254852293595213
1.595486699509964,3.618625874661655,1.2292970834576233,3.820526090865367
1.1723993699612762,8.149170963229077,3.873896859103701,0.6366384994621649
8.441727048754778,5.414305664872606,2.4877178221314162,7.385362910376117
5.722620738952889,1.3582511489987859,1.7974589269886527,2.4057865633282938
7.977196466514544,7.867174580341007,3.1794142313441536,6.208330781949614
3.109830400103632,2.517122299529015,4.895037228972055,0.3266848717878928
4.105753709619103,6.6832621041947515,3.780524196073673,1.9198944078208817
1.2709348499018704,1.770977746422756,2.9669874004166408,0.2556848457176163
9.65343092116701,9.521806577463684,4.107657197018025,5.447693475143128
7.010811160307321,3.625514984623248,3.9499058875959547,1.6291627729265807
9.398845789833755,3.0381822250965542,4.566941844231175,1.3691069655103947
3.389467666861651,2.1622276365970086,1.81867579037579,2.2157580617396797
6.503172501030948,9.51401974005143,4.435510305034928,3.144865941073664
7.10649971463374,7.407133681971747,2.2041043481667955,10.835317034935857
3.857947302318296,7.674947998462798,4.763995711300389,1.30463495091864
8.632983115140672,5.494641052422201,2.1242605957869407,10.511982560563181
9.52445316610223,5.27255006743435,4.707394172650705,2.2662072900948242
8.963696059264038,1.9901911869232898,4.85516285785632,0.7567881385121874
7.6516027834543525,6.038569860255926,1.581965429828057,18.462586112917712
3.497182117524586,3.222248455979114,4.897999533051133,0.4697208028294468
3.5345443789506854,9.794307995203653,1.3428918737171291,19.196634861082543
9.67024288401434,8.169228460136326,1.8742711464500879,22.48814252020665
1.0925604634212283,4.716928541735989,2.776675123491218,0.668428007578461
7.4444497591793,2.3620713282237973,4.97438946284684,0.7106340974189116
7.356215462997359,8.067985220249057,2.9542522046615174,6.800242475304933
6.604205868548177,2.098483903731844,3.2016377727139433,1.35201607395951
9.910979614781793,2.7040037814736344,3.777699798094594,1.8778849942201057
3.806914921873527,2.9036846596980466,4.873174233091806,0.46547755337979274
4.059746774139233,6.012015744457849,4.133405600496978,1.4285748742777855
1.710454626519,8.083509885913298,1.8966160176947944,3.843728499199103
4.9851832288936375,3.82883390852223,2.2119637226574187,3.9011410471356163
3.349436736113633,1.7620283284776046,1.3905129584340976,3.052351784098782
4.090480319598798,5.1808461717197725,3.5778094566589593,1.655543474352254
8.511146112300649,7.732992170439419,1.7229612261568863,22.170965615474515
9.419360621747462,2.9949745877864946,2.029619553917463,6.848339616457983
2.6715976480466708,2.979320932354368,4.552454620721509,0.3840582419532954
4.352580383981193,9.525043246120397,2.307022701328061,7.789507871949004
9.357675059038547,9.587383544072601,3.266586873416668,8.407747044923108
1.5562761462030037,9.914191588554187,2.590264035156708,2.2996190462292843
1.8312447530024065,8.268936414173021,1.2961251496236543,9.013680717443734
2.465118902856064,2.69365752251151,2.4514553195868203,1.1049236905705173
6.356915507141872,2.907833687193352,2.6322728121437233,2.6678057628518133
2.354250439053977,4.062027173701528,4.582804407646073,0.4553368934428618
9.712687433056601,3.8631927820014176,2.297802614585358,7.106575187251369
5.020430745326683,9.608749741702082,2.5169644790482715,7.614715638687125
5.513661643151497,8.101665845935242,4.131587074689338,2.6168607766390606
3.2199275422486586,7.516079129453985,4.035826604846392,1.4858413651163207
5.238642271912601,2.6736690165231862,4.193141106593963,0.7966130772105828
6.957222693733104,9.185730034260967,4.815082960304016,2.7563986859894904
7.760594232586385,8.450833415555564,4.182229993579137,3.749546060259385
7.784812744389217,2.4727765719513135,2.6304328128715637,2.782137698600595
6.201020014246795,8.840532987648754,4.286034067592368,2.98421661930975
9.139237974944715,3.4502278273342415,3.0346985283597534,3.42394398771061
8.356670625754983,1.7278277124889545,2.110856130074261,3.2405330282573175
7.813433032287628,6.91140075862789,2.2116682725240495,11.039972585036443
1.5004496951241455,6.884241934458975,1.8953695542535933,2.875343692154342
1.0619016599768438,1.8543880860905628,1.5799718312790136,0.7888351237544805
2.9120254947592565,3.869666280429241,1.7379616474146014,3.7306826656898924
6.9717123452210705,9.935330160299847,1.2527121998152775,44.138660531101735
4.700777399942912,7.105840003078632,4.553803459729545,1.610781174540358
4.621656333693806,7.570676499429963,4.724031238596493,1.567858321746496
8.961281994066525,2.916255570438751,3.347081569975582,2.332722790489401
9.060065633186548,1.7090386390352288,4.36195822643474,0.8138047515346473
9.182577376482271,3.492115207668439,1.7342844106125885,10.661357808399575
3.8249026886352455,3.2400854667387278,4.6066953009079405,0.5839798753277874
7.219502314653356,3.110896906732478,3.0254462385220333,2.453657830422946
3.444698631469327,2.734788896983356,1.2686599704222203,5.8530814360733014
2.715488497670048,6.172801215898639,1.5652509779766408,6.841672658717265
2.661692116126323,3.9529312825763956,2.2359058431472687,2.1046023989317075
4.078968587772346,8.383105135427774,1.1742303214190057,24.79982934024629
4.869618578018395,2.655526760626456,2.2371735120697744,2.5837250185872107
8.478542539495615,5.181643637816901,1.2397217324755672,28.58513950182189
2.079019841254409,1.1229205278347199,1.9441104207713007,0.6176832134985227
7.614332626554048,5.335140902096729,2.0626790234257664,9.54804449959186
5.7830942277037485,1.5025439878882696,4.977475905467175,0.35072694382442865
3.5915080840839324,9.799511606853793,1.9421866950546578,9.330379977173362
5.4353762607954215,8.115329157853715,1.9567457957543213,11.52038343459626
3.6994786279932037,5.411003289728098,3.74715587343354,1.425656184451818
6.364737597144754,1.7792862236141525,4.437429914065808,0.5751264035092044
4.904595305697198,6.332008967113729,2.548221650408346,4.7826686875273445
2.4796497617099087,7.828873756316898,4.50247207976277,0.9576075827784134
2.0492476710012704,2.7164552770427077,2.3605680829910285,0.9989964569446096
5.920261138649171,6.113875067087418,1.7880635184600773,11.321175912330164
9.12171729957493,8.327898085445812,2.318555297310894,14.131136573156276
4.09561917901917,7.914229998816847,3.4374254957119694,2.7432263749585974
7.597000965003609,8.226928160804377,2.468572637248295,10.256237403479865
6.927952194457903,8.913910823827479,3.691575215957155,4.531580757903757
9.38399422878533,9.439138919435232,1.9477435176899296,23.348370409522193
8.388829155692267,4.649690396831824,3.803971575956595,2.6955715220197147
6.099447330149167,6.118921922705895,2.3897534529938667,6.535204791886576
6.9132744841069655,8.115935734410497,2.823473486407738,7.0380925278355235
9.085478199256315,7.274258325512049,3.2309805617715837,6.330934494690316
4.595669061282413,9.959682054379408,3.7449000127439747,3.263726579066308
3.941152352719996,1.1230988599417973,1.9548547673949348,1.1582764183952676
1.0972997527167672,4.196198937842116,4.343782149643242,0.24403115657845895
8.438959667723179,3.5292513364318223,3.887370999020959,1.970876986496424
8.208826303630284,3.3608426514898113,1.9363916760959978,7.357712808263325
1.9400906629013623,3.002768042489972,4.899898250411642,0.24264407293376863
6.191716430194302,7.382114567337061,3.6591879641218337,3.4136768080905724
5.1758352835019865,1.7628352594778967,2.8097075458668224,1.1557660673346668
2.0683818595820034,7.674479505490045,1.6301093022140654,5.973738389058112
9.825114043546511,7.240832578146461,3.1328840092325256,7.248321928288354
2.932262987170199,3.2572371925080676,1.6591035473084728,3.4698070078361383
1.6051076208150503,3.275504048486451,2.717966714791375,0.7116951880538143
6.353626415517186,6.65974526810052,2.6348500909580754,6.094912439931446
7.649800094197294,7.859539949353101,3.8797585773898406,3.9942735839242043
1.2919910144246827,8.888370517786289,1.7695327248969992,3.667452063930688
6.9284587485432,8.669256074690281,4.287485419483383,3.2674816306712517
5.79062688356309,9.683946947474679,2.304529308064663,10.558774440347921
1.9293850798754357,6.232464058028601,2.7759545078751002,1.5604649168885825
2.5527148925172587,9.177900052063237,4.08936390221537,1.4009870401147997
6.111768675844725,8.276619459343697,3.501569598854059,4.125668887610689
3.6672185216195956,9.052008618826122,2.2321014072077494,6.662755948044705
9.444841557861844,1.1046394115682996,2.544811698183524,1.61103103144784
8.368662065356457,9.6931269267923,2.2231472559584406,16.412829957167204
9.852104858622967,5.261771465618304,3.3790806691086286,4.54008399031927
3.3370375505537258,8.183646906173585,2.330498132827359,5.028175851323249
9.727512695181794,2.1448370740400278,3.9027907791325633,1.3697634504869693
4.881104828124021,4.563469862325767,3.3191486343349044,2.0219011519459786
4.127669157823791,3.443145967188918,1.582826446990036,5.672750965273136
1.4531457427241792,3.624928934508433,2.2410744747195297,1.0488082441057467
1.4748873207364235,2.1093005795579356,1.885789767640623,0.8748040082780791
7.228101303519892,8.251874492887062,2.5612528502059413,9.092261863281598
5.121360949906251,1.0831808312297033,3.0639363448374524,0.5909175313903139
3.0386946343249512,3.8125491128668223,3.0270514291364394,1.264337172378171
6.525732756927094,2.569694888947735,4.018094706253156,1.0386530663078022
3.2757230642510007,6.301350465475064,1.7566874544068374,6.688855497071734
6.1986857890998035,3.2882716235308944,4.785891317189787,0.8899008944034834
4.232878722844213,3.330986090752897,2.3713804275286745,2.5072993189243906
8.411970039506372,5.395043295957868,2.200995387664554,9.368161878778952
8.386265446901014,6.874201354068331,3.740714312720879,4.119853482204572
5.296153583101612,2.091742341086473,4.22206651473225,0.6214677782578543
4.157371984015141,2.5796030721894656,2.5138870592546136,1.6969937618593334
4.263038169031851,3.2245727013506587,3.9873878995759084,0.8645983869203558
8.251430731013961,9.763733927061645,4.534943824544219,3.917431134717083
3.953615345178508,4.574372499486283,4.06721466082783,1.0932808778382648
2.881534363361614,6.390910815679239,1.136785942283332,14.250469447661624
1.7621950768777614,3.173885314443801,4.309475645464753,0.30115935066582855
5.200238087959676,5.414135726417391,4.09792383381747,1.6765812405412412
5.339188890278577,1.6670725694736226,3.677160952612744,0.658270680101879
8.568178393626164,1.3126793133009425,4.040089676351614,0.6890728379972451
2.991148268014576,5.218601741393142,4.917701583327755,0.6454576513577057
4.428921463015599,4.587933587665709,2.7244515512733987,2.737517620234872
8.27565165004322,2.231922877226449,1.2688929398183912,11.471796207323372
8.412612496740762,7.188412860286603,2.8435598785108667,7.4789243712457765
4.461499683808913,9.93613141809338,1.1857346215641917,31.529943462298796
5.132116209580128,4.560821390770412,2.1770016323538446,4.9388067988385655
3.7295730176435464,6.62102772325655,3.347519167187036,2.2036284758378897
9.392993905773809,9.66678348128037,2.238491571704625,18.120705607094983
2.067793891674223,8.483814752021878,3.7415809836381544,1.25310691266274
9.40374480701323,5.171970009724172,4.287945310742884,2.6451990472845304
7.154798066518089,7.637405360139274,2.6817567171181476,7.598090611230306
5.784149374180581,2.1532153622547163,4.600551805172014,0.5884466823249866
1.2939315470604629,5.608934699174193,1.3193557254016008,4.169345384977635
5.280365726398075,3.511542494619429,4.360452656801799,0.9752114254323778
4.669732945024591,2.45047319106545,4.314292581757195,0.6147843615419347
2.450969307776103,4.836528156290814,2.2879755853070596,2.264481732281232
6.907686431505912,2.17913098990253,2.19486074849846,3.124654532963511
9.740358166314572,7.29086597357037,2.2203799246140505,14.404542107769796
6.059699299580726,5.1061603964800195,4.245574849377643,1.7166134968224638
7.4327794879955125,5.780301693081975,4.32661395044078,2.2951203426576887
1.616054073094151,2.317383448013413,2.3188898353106704,0.6964557929257771
4.759002962352953,2.25794494984145,3.3703613897778473,0.9459678630769337
2.047226366480463,6.250738917341117,1.555732917761818,5.287217102792006
6.515162519828594,9.865087730465017,2.8751149531240885,7.7752753637490875
9.446339423927391,1.8662552491395306,4.9951714034221535,0.7065351918416416
6.955999592244747,3.5715828570920314,1.6353565908249874,9.289564328226932
1.6912274348297938,8.825132048840988,4.790250559840236,0.6504392896466166
4.191995844865746,1.6504481102971325,4.297018887860031,0.3747038823929036
5.9559704149676636,8.882971492302563,4.88885860378508,2.2135831829656705
4.62886980519927,5.718573850372761,1.718315042442132,8.965140821173552
8.502796094276551,4.674400965337833,1.854073961773457,11.5620173768381
8.332039042389903,3.787125079163103,1.0674687269394347,27.691764153101406
6.506479180928993,3.674054423150577,3.898807251662422,1.5726355879480602
4.361121506194348,3.752223242045309,3.5763787737447426,1.279380829295755
3.2980273638691973,8.963227728641762,1.7122617532989284,10.0827354745657
1.9528688639181637,7.51415707157307,4.164579862168288,0.8460790874638625
4.194079151378986,7.027507070480355,2.1967820245269016,6.107507107546015
4.718552654869476,8.188742340568007,1.5399822773225407,16.292756476605295
7.082406325936662,3.314031967037305,2.6902506600773926,3.243038012338612
6.9234384186781615,6.562385308735801,1.3638793937074243,24.424834195268893
1.6309732567713127,5.140596150621558,2.0529746250929866,1.9892673914184826
4.55733383888042,8.04197471680174,2.4853334337093846,5.933408128315572
2.6360098049562573,3.7833049942595696,4.407456698056599,0.5133839258338582
2.4113143478512513,6.788607551829061,4.170194965172886,0.9412864652222427
8.445719347635213,8.939911706355822,2.771017143002473,9.833122511572656
1.3772369504463178,4.619354285754358,3.89830023100955,0.4186386978833634
4.772645883119091,1.599598786307153,3.27459854471602,0.7119576307038951
2.5138329018986636,5.644457401076135,2.3633674203122723,2.54036497988374
8.913971941106265,4.113752390263233,3.903497373981139,2.4065873374543503
6.0133646194753165,7.050028424924575,3.733996617865512,3.0406089223489428
3.082425727391632,9.559296322737454,3.476377768774408,2.438173558628322
5.521845584497388,5.370474861971623,3.4718220841730023,2.4602657629159985
7.583377237328042,5.195712071399805,3.731927969307907,2.829053960160047
9.623062080274904,6.8912632017231426,2.538182050570153,10.293583407151152
2.9840140382087705,1.9314775323421092,4.476303260270809,0.2876414833777444
8.975635949164106,3.2815557003251317,1.6492313819858433,10.828837320761558
9.408737027507412,9.270813929503587,4.535541852956616,4.240243891102326
9.247784900788597,7.029483520273896,2.3691273721279775,11.582020143011858
6.718729211757188,1.1209963958507463,1.50012646243449,3.3468450786765134
6.668385889912369,2.841629253031179,3.4001096107165196,1.6390881225382663
4.628895698654405,7.145535394260092,2.503946676281621,5.275480449764069
7.771580940734091,7.8795928230631676,4.261998908414077,3.371215244985397
5.781646165158388,8.558736154066377,2.7231418741150692,6.672992103408499
7.096942641054651,3.629591230438404,3.6742501022484393,1.9080580451422915
4.856121134639159,9.379257366498063,2.233031958019302,9.134148912823981
7.583468176388251,5.976522042201031,1.8378095001013603,13.418853448240142
8.420243658440942,7.268851201491036,2.5521961237952953,9.396418432080111
2.317926309425345,6.370649765019172,3.427231338409734,1.2571772520305007
8.496367440168052,2.1046604920715843,3.6277869568454073,1.3587256829629657
5.862668786112765,9.668031934463919,3.3128266611920734,5.164591904889956
8.60199318181202,2.105880219047374,4.952222874496435,0.7386392736423317
4.881715357069131,3.2939376077006526,3.764360745980661,1.1347634777538407
4.411364368447315,8.322650922006822,4.726078510387671,1.64373857211911
9.235546592655002,6.567372653509913,1.471732779580698,28.00246983080263
3.2605234079356116,8.543342488387212,1.2454917192539154,17.956986262709595
8.597910927575288,5.641625695366404,2.2439788080478147,9.632958913784133
5.356185152584637,4.392939118299713,1.5463557535056958,9.83992836125045
5.626858982961338,9.296609495930065,3.1034741129130707,5.431182118028798
3.7762145334053563,1.3262708576331537,3.075925014093115,0.5293432731805955
6.157379805571141,8.705171983177413,3.3001886657758006,4.921480422366968
3.9269007664859017,3.0773600666900345,3.980911523324291,0.7625409827331309
1.3534247281748708,8.63862694978571,4.88531880084928,0.489883720595053
3.4479874480992043,2.2527695207519702,4.513034765756586,0.38136872918753456
1.057411390659316,6.221970673214864,1.4734689583023264,3.030330257599528
9.80519308351171,8.992971271103247,2.354054755082629,15.912053696356265
9.691724888377728,5.261856822090015,2.0232921001921675,12.457271576981526
4.556397677250745,7.7191000642305365,1.7072694311191712,12.066579095592678
7.555337689056814,8.242044560700027,3.178899506623138,6.16219220702113
4.112254885693825,7.628447878451013,3.213057608130922,3.0386395347124666
7.039838413773785,9.327967631871385,1.9089793115522453,18.0196884372027
8.248870387413811,5.021508074679358,3.847589001226742,2.798023101754661
9.520806202230167,2.5581289524864017,3.931657196678021,1.5755959987038148
4.601910482647048,1.430299573322318,1.0839199793357333,5.602356387782508
8.049681846604429,3.2181388267375457,2.5830308148892662,3.8826148962288034
3.393356055689069,2.288777534922179,4.560562564806484,0.37341879861752986
9.912990734142834,6.021538672910324,3.081274432975353,6.287115219218626
1.2319263888791603,2.6645080349055883,2.390511205755977,0.5744076626571049
6.4317592585100885,1.3504033656043406,2.0147046063805205,2.139786943521511
6.935553834861944,1.3239084598180106,1.973418079673129,2.357767076795916
7.19241001366716,8.484125485283755,1.3990721354032254,31.17462989664349
2.083488209101801,6.323049382987223,4.268905676372368,0.7229104501262844
9.446768051258173,4.222767717040403,1.3466296215766849,21.998046625012492
2.6306495114507453,9.048052384662222,2.169179063447263,5.0585644538120444
6.60478062915857,1.6317695026694223,1.1827029542654128,7.7048794170870005
3.0040847121077645,9.822898654550434,4.125546278894802,1.7337597325656333
3.764947753191438,6.5466261122901495,1.1571347289071618,18.40808605083432
5.918126875553119,2.651178285719636,2.2332044154728337,3.1460545585264645
4.754740767081188,7.111621890792717,3.293189480346656,3.117899145513206
2.4420304087885567,7.870431338052064,2.6382454411737752,2.761335710237995
2.5384276217876347,4.86408505033697,2.129084268996402,2.7238315297959272
4.763303093465197,8.754693456209926,2.1007562897101666,9.449260369240559
7.8155468044795064,2.356591665668233,4.191161224024997,1.0485157797603555
9.081681821630097,3.509538252198475,4.89591238034898,1.329685671512871
1.7571489603344457,1.841431254255908,2.3921642817951736,0.565434218139917
4.537935168034609,2.8979005654661694,1.156582054436066,9.830800153766948
1.9022100735058896,3.1485593072003053,1.1462631116364337,4.558287595495332
1.149332325693381,9.258698718295392,4.036853660842873,0.6529945574365873
6.95546814379561,1.7029871987604057,3.209479286436508,1.149922561683325
6.42204497769929,4.846736081689385,4.134370629669322,1.8209746548495787
2.467172024333976,5.791588185042217,3.789988041154299,0.9947671291732828
3.104315497837577,9.088237484219448,4.630025397061586,1.31606934586985
1.2133697828006653,9.979265967950921,4.5432971641864945,0.5866100314668553
8.514524851249632,7.780493034278522,4.1533095824847095,3.840421810423522
9.772215364436963,9.737118915121265,2.900756640168575,11.308393526972997
2.2191358311522174,8.083910192822863,2.23250563041541,3.5993181815392283
3.083276923887683,9.66882376874275,3.0281071497785597,3.251200101266186
8.815685715522406,7.365436533500096,3.0082864292792943,7.174906095666334
9.338174181605664,1.7178708290596396,3.4411021955573506,1.3547443050774992
4.776646445261293,4.617281682934088,1.7443902711316164,7.2480662696537
1.4556022504216672,6.819375554222233,3.622479521779955,0.7564416768423956
1.3545265032353746,4.156466585088259,2.826403696823263,0.704763519248672
6.165548794621094,3.4604552630240075,3.4808193277634367,1.7609296847958
4.536055980038611,6.196593404197818,1.9584192916781826,7.328583642192124
1.2578718481988906,9.401516890321915,2.73757957550942,1.5779775640898264
6.249271530813011,1.314836861645382,1.840804857810081,2.424854937055131
1.1017228293012022,7.923080831872939,4.501220627027207,0.4308298985383742
8.086347623343457,7.504545502401644,2.9518441801661504,6.96450004292526
3.7578954043303443,9.675580828494583,1.8999256622952485,10.07276068155677
1.362322027083089,9.376401000992892,1.1648347829661851,9.414283883346329
6.29516998884838,7.8600930583977355,3.7029546586141673,3.608596812085465
4.579159729897492,5.683678882143388,1.8585788559590228,7.534480993655867
9.764203720214345,2.838407979101679,4.958328769275113,1.1273039042531483
5.89778796253332,5.907121464930169,3.1348014936606865,3.545234490604685
3.477152629333075,7.8881679452768845,2.1559079849921283,5.901188138810321
7.384949781705773,9.061022913741038,3.6307097351705213,5.076234958981704
3.443428022884402,8.107408082894942,2.100879693752342,6.325147773311358
9.138189622668087,2.757402416719486,4.281097175638986,1.3748336263129064
4.372497734566387,6.397176828052535,2.2329442037197675,5.609991539443232
5.948817064985847,3.989561135782213,4.9529909295836365,0.9674325003333496
1.4551579344180596,1.0828510065157868,3.4205791417811744,0.13467269465799475
4.835091141570077,2.8019884220979945,4.377644595770653,0.7069521205018339
8.491271856948956,2.0189858494010435,1.2912618783136889,10.281994360842784
8.250839248270077,8.584472111855217,2.3931976695447528,12.36672140975814
3.0188670296817364,3.326556269330308,3.9499483446645987,0.6436592664498444
3.034711639095064,3.5622817199879995,3.6202360693623308,0.8248441726019973
8.35574780991913,9.639429146189958,1.776972485735031,25.507930942985013
9.37358578152393,4.411780507439669,2.4248117220388394,7.0333723536360315
1.858248291457032,1.086270761299551,2.0537736299501637,0.47856031939035637
5.050527754836027,3.554615335115229,3.453480679047372,1.5052731358794071
4.0370885106780605,2.0736962254163123,2.3782729178351,1.4800964856028456
8.836196099116954,1.9252770556226855,2.2362169680013992,3.4019717559306693
1.751724232120169,1.6973856112217456,1.8295119217453668,0.8883329400510512
2.9001334830223366,6.339335231578396,2.6361084836585933,2.6456668045626843
7.772215038278449,2.704129512668728,1.7820103607862143,6.618382249281795
1.4616446408309403,4.251185146369094,4.850278349510529,0.2641304630133122
5.432818426428604,8.75815944517015,1.6180072459812136,18.175112739869235
4.9789633121174806,4.819043258166481,4.653218859835105,1.1081353049264262
4.009610610898738,9.241222150464738,2.713892392626328,5.030907840929997
4.551150837870314,5.481442480560457,2.5114639662468883,3.9551429784388676
5.769465282372097,4.589529533557801,1.9252792036193953,7.1435862684734825
2.452306225495448,7.753500343816315,3.5430253374700764,1.5146908253233928
6.147962904552335,1.658575888912019,3.7421120600433455,0.728170379711927
8.248890963699877,1.8053054468417566,2.87028384900967,1.807575977622244
7.841448368111431,6.867763425306646,1.2228275827736965,36.01481274455755
2.385099142243963,5.382466419153234,4.6740406027542,0.5876284361447282
2.343245227673265,8.113737252872891,4.921316531505524,0.7850116154953872
3.41356930970422,9.246437536091783,2.72417366084734,4.253178269464037
4.249672537069335,4.495301899043928,3.4546432296373086,1.6006925496863196
4.676100232676344,6.367690239261816,2.801194504974987,3.7947153927343975
7.117274951500107,5.506269650157789,2.2875186035444823,7.48931245582798
1.5101238894925186,9.834495900781896,1.3092751714312305,8.663688266276381
1.3120543380345975,8.479759666209358,2.8242709215891955,1.394834420337046
4.527195066495182,9.205639374496181,4.273538225437806,2.281959747514723
7.274473229241824,3.2890607881984377,1.0681258443520143,20.971456956187936
2.7409180866083434,7.952737808463349,3.3284307327208893,1.9675857768246718
6.773540331306266,3.3892590249788404,4.5230884349067555,1.1221484760643805
3.338453241462695,2.878682800855509,1.870197720057432,2.747666789098816
8.974774979321648,9.498395436899958,1.7330234587562487,28.38343359349
9.061209498399549,1.1737397504607998,4.089106502807772,0.6360644747602396
3.6755848385319383,9.688498332970866,2.020345724477173,8.724318950881184
3.0699437856691647,2.3433570728992557,1.7679370702425938,2.3016288287547666
4.701735748596081,8.374942736139413,2.51195700227694,6.240446447522387
3.1647842666213384,3.4833029776129276,2.570008049080872,1.6690386542399118
7.051454589625333,4.156320946876546,4.496404252066264,1.4496297383797183
8.43458216093457,2.9508194018978644,3.4737738877347075,2.062543471671715
7.057829178200953,6.269626382329717,2.6238458253583574,6.42741258271512
8.419154025244145,4.132859927570866,3.1375518571430674,3.534575933393977
4.572929459867267,6.916537355451969,4.815860933301097,1.3637518547679883
2.4068527363797476,1.1408258614785938,1.4528587064395815,1.3008347075090771
7.641558526578329,1.5793739516353567,1.8308620868987657,3.6004406114656917
4.2442705462739845,1.896950374581238,4.850114826346221,0.34225908745113165
7.041437427062193,4.77094316779208,4.8292993941088165,1.4404470768435458
3.435795477835891,8.333165553939786,1.7086616850590906,9.806751077265329
1.731066713260054,8.993601193405445,1.5804352685011929,6.232955202969877
9.933236159389871,3.203296660548107,2.6843405373544793,4.415833623257642
2.4058135713753934,6.1693275181511265,1.1988731699518764,10.326503939740487
9.89578894567133,7.915284934233404,3.6196141291405604,5.978502673666417
9.795519393098026,3.599464869276478,1.3099840866469687,20.546287840241998
8.144362935172357,4.6810696306264585,1.232118508377123,25.112922548335185
6.934806658737978,5.715767824171426,2.940747744835397,4.5834594296847335
6.200263452259763,2.213873617672429,4.831146544440406,0.5881153918221648
8.794913908400513,1.2338406435320228,2.7071837442526383,1.480659500386317
3.6049556945753913,2.3752522838645493,2.4259246346422043,1.4549734435409127
5.209130912363893,6.641682591281801,4.991826862009144,1.3884311898379555
6.574509724298517,1.662564353803135,3.1278758431167337,1.1172306070149978
4.70071428282542,2.707267283651155,2.500965627560994,2.034602359995984
4.847378086812412,4.0406849712577335,2.5434432533664073,3.027734450963275
3.9725620075187598,1.700830578757297,1.779837984134042,2.132901492813962
6.078086350160825,2.72529344045471,3.0488922297901557,1.7819519519413949
8.655170752136044,9.201428100851599,2.7554201126720232,10.489510665290481
2.813755402056816,1.1736921900428627,2.0831811853896536,0.7610031729219296
9.409897348780973,6.880887317569259,1.6421603464070391,24.010334462300158
7.201788883734067,4.459680378236664,2.2449554746702147,6.372776047272845
8.409458914120272,7.05383865489134,3.034733310750917,6.440988315129095
6.005716233670105,6.298225483270641,1.2333330891392067,24.86693426297312
8.015650312816572,3.0114887891917985,1.6149761143358239,9.255242587679053
1.1458035760552048,8.624885388160497,4.790629067876381,0.4306043525828533
8.365423823015817,5.427463443484211,3.171421404125356,4.514160017787889
1.3612497317682988,8.402824170221246,1.2537972146401515,7.276264567468379
9.009220387265762,4.654112825693973,3.772351035078292,2.9464557284650064
9.927664725147789,9.862169985237152,1.247211480316139,62.94183296030105
3.6466071595910003,7.934404226511667,3.955496908185492,1.8492737450242278
2.8928670065721427,9.693551846013161,3.9998508868801075,1.7527654472156189
7.888270274722366,5.62893831018873,3.6043159029970107,3.417925367093609
3.277237068282279,5.2632201906163045,3.928818178477399,1.1174691353247501
8.790061448549832,7.7990842839273204,1.351863124052231,37.51198807672282
1.9255833294172904,8.922621367120872,3.9071222094210705,1.1254877962889633
2.1335967674142244,9.677312162790022,1.5467532788955318,8.630282349963144
9.81236399590554,3.9209671542924975,2.3580236290873753,6.919433647012142
7.064550084430042,8.18834116458375,4.7709810140025315,2.5413533929607013
8.621985019860574,2.89581037871983,3.0115019106365604,2.753030977626147
3.918964396163662,5.910169120709007,4.869705728332056,0.9767103511799178
7.08835374568544,2.6186333356827927,1.3556898355469502,10.099488881821054
6.348176445777375,4.12657625575305,2.9102263982527203,3.09303840596149
6.428351081106523,9.382225304858133,1.2496092811074826,38.62397444901682
7.142792135839494,2.314816297957775,3.520841049597139,1.333803046882566
6.178232558161887,6.691608056216769,1.3148280054740655,23.91425497551486
4.861561323723993,6.33658845634663,1.7014712101615093,10.640990615143943
3.4833042494249216,2.0866451743808785,2.035321240277122,1.7545836787672724
7.917231978218818,3.933811393919309,3.994975406657933,1.9514556415569528
3.036451870028676,6.066833540637392,1.655848475272299,6.718731654384134
7.231188755389727,2.684607480896412,4.386528213172271,1.008901203568987
3.09999540384394,8.205612907715338,1.5276157553232035,10.900434705991136
6.627971529590085,9.749408585812748,1.1409777962806253,49.63688505968466
7.723704404161261,2.9328345996622485,2.5801816758786713,3.402613669549195
2.968425000158853,2.682207683115183,4.917766567885181,0.32921731028085166
1.5394897077517746,5.094415646177001,1.441368911155109,3.775033971925391
2.178763686947567,7.729887494260289,1.4068737761585162,8.508892408558538
6.453972705439229,3.5344054921172625,4.004666043182496,1.4223644435687182
8.64501765603162,1.1789191782755237,2.248646775974261,2.0156143249367995
1.4049713911188193,5.870985652296046,3.8691264689028677,0.5510013320992658
7.6073613313748165,9.609405109905769,1.8000423577734534,22.561350763959723
4.071867813550469,4.52149169866251,2.8402879767926517,2.2821840087160363
5.306755329275703,4.781210987647904,2.0611595109956715,5.972329610299142
9.35973594861009,9.720115454026342,2.8061128595163476,11.553797520161513
3.987743542622609,7.251468504640555,4.076388370341215,1.7402116737301194
5.188032405455375,7.472547305579127,4.048039761910647,2.3658206256785625
1.12314173284613,6.064318048339609,3.0630891506948945,0.7259342059144795
1.7343884800435454,9.771482897769175,4.713487374884204,0.7628201565150564
3.327324320213056,7.199798359830005,2.055136409793096,5.671973080590052
1.2506701673896696,9.055294764446526,1.9612454044769323,2.944296241256521
6.682377934434259,7.294409791598991,3.455225604701735,4.082896524434154
4.837585211214603,7.616042423563563,3.4851881368671562,3.033231296274573
5.933306824552198,3.6136982992802187,1.186160158259896,15.239195255804631
2.571824673066966,3.731308282124371,3.4311108495475904,0.8151414776204802
3.6633882649295453,8.046861846184264,2.4977446293960575,4.725126364327487
6.974420273674526,3.6703566025290963,3.9897701012822364,1.608128069158874
9.687724512673599,6.064930637213784,4.2324226581810915,3.2799676272121263
1.4537509624198828,3.244170798160318,3.2086152781881463,0.45809803805033333
9.013458887697395,8.352850427281624,1.0068201260090603,74.27153676703
6.1919308118008765,1.99451216104921,3.5454632406665683,0.9824643709201094
6.075276100800614,8.46501975785498,3.9955251186637373,3.2214119506280707
5.502506816869843,6.424568204568416,1.995933064926057,8.873860305663502
1.6245467731376504,2.6821858134436956,2.858584004563155,0.533235632277294
1.808891665625446,5.878318469555063,4.862906493647153,0.4496492064245128
6.4082080509317745,3.542489531626064,2.192462213576414,4.722597625883943
4.0686271429200245,3.9112060125744694,1.892613004166963,4.442576800295275
9.255412599199126,4.1637523743719225,1.8434191619120406,11.340507294121963
4.65931483623525,1.5698732227508885,3.235203337415985,0.6988492046466632
2.28953312832377,9.873655159612756,4.799148405232026,0.9815140649000694
7.432469501518324,1.2838116531810169,3.434760516801419,0.8088007128098355
3.6401807929690886,6.962471858658506,2.21329248095064,5.173789908584481
5.7292327662030385,4.3410488298168755,3.5542791122698163,1.9687387044848519
7.2804950695465305,6.814092618520291,3.4993691903911497,4.05125347655827
9.102377000818633,4.206234277788254,3.387700542918617,3.3360937754458955
8.129720753215086,7.063755816329729,1.637704827553208,21.411152650587844
7.087249610854517,7.563119585215247,3.5382671973799766,4.28151474215606
7.116698641556292,7.214973763596803,2.7206578100579986,6.936900866803681
9.513321796288778,2.0256578322233705,1.0743682344921335,16.69521270445764
3.662416877468824,6.912039111892161,3.1590579485899806,2.536639661728963
1.0100088477656866,3.519887945086876,4.9570669808736705,0.1446786480500653
3.4475910345837883,1.2592123351240017,2.398958363375934,0.7543437410882613
2.961022416640696,4.733476047000586,4.862236873274632,0.5928565931392792
6.956511266025983,4.90188792523421,1.3848229666503782,17.781416524512043
6.703404397889761,5.2045672001720185,3.929800463469225,2.2591186523480045
6.341152444342514,7.3434174885164465,1.4573199786513413,21.92585692772536
1.1461909888850834,3.7795942822821322,2.0942862942210967,0.987711412891299
7.5590024900558275,3.837524617935303,3.2833633412884975,2.6907774098625303
3.9117737123694236,1.5449703061713453,3.3711187759069956,0.5317968392777199
6.98550390105968,7.181390943930664,4.100845268936685,2.9830432027209555
6.0092058565193796,6.110434822596256,3.461245628909757,3.0649567976384366
4.084578328851165,4.144826014244092,3.374458817522243,1.4867750664552906
2.2111864039369697,7.346700810256192,4.649412347956553,0.7514871863400039
1.8497700789443285,5.8362197430418945,2.8086430088366288,1.3685362380739878
8.483664998010012,5.223204512834857,1.9010631147802202,12.261044552407519
9.265577878734021,5.6019208929501385,1.647154340094521,19.131141881198978
6.848092420878697,6.727133127403508,2.599978387237999,6.814910544946288
1.9309070337443504,6.9400234411713955,3.851011020774783,0.9035928358641269
4.618244951994166,3.6006203722664543,1.1701739397196036,12.143767804303131
7.560452800946415,2.266690270520379,1.5162135460376245,7.454512412767965
8.018387956090613,2.409707630714669,1.4244538404145577,9.52258059564893
2.0639676006197973,6.754517973127014,3.341000612205835,1.2489473383795606
1.0002764696084419,8.855859571904134,1.971458602125065,2.279163336486827
7.409233412925445,4.685466505109966,1.665037713205586,12.52212297937484
4.209365583875851,2.5256814429651615,3.3710828789720892,0.9355270719072798
3.290331984564342,7.809422484644692,4.045239661809517,1.5702547809017324
1.116077228105729,8.492405269775038,2.3286196658106575,1.7479452949508325
5.8626946608534976,8.925241988088699,3.3128184227063846,4.767843707873729
8.660356618833836,6.461482860223599,1.3924976527978408,28.85885053873714
9.61868481645329,8.746557034492762,4.74076412183028,3.743312906926603
6.091704555519603,1.138734626035669,2.3475847412590913,1.2586900604099622
5.630151949659048,1.9651222159257116,4.9900227726940045,0.4443289662201167
1.76550746940317,1.8331846034688888,4.914351023399128,0.13401191464434714
5.939855213883398,7.413442158292597,4.115293797343246,2.6001240671392183
4.419811710688552,1.6262360518922112,1.0802683816278669,6.159195979393615
6.464217527952193,5.467279352196764,3.173899681537453,3.5083332207446096
4.49853713088892,5.254362087726602,1.347345681760046,13.020667160281604
3.1626921110533006,3.7963317120241684,4.580552103846065,0.5722494880558955
1.8546874770553885,8.833646529478898,4.158545010589611,0.9473881407029546
3.834266001300062,2.533898816919964,4.889361506382732,0.40641264252557674
1.8698035085897704,4.1721650595931585,3.4335318125991816,0.6617215842934785
2.5920725574158556,7.967543500206362,3.088691217937352,2.1648240840858133
9.886025427215912,1.2738008295395582,3.0758954237775504,1.3310063229446294
4.996932012159568,7.056553602217318,2.5457934978173795,5.440636859580578
5.786845898545149,8.347579537254134,2.874760268916564,5.845197841273304
8.862566758634937,9.390410549543505,3.5416503325414013,6.63487488318342
9.960120104416191,8.886669764423363,4.731790430225109,3.9532348382683433
6.244430044102134,3.8744570515031667,3.383537353024124,2.1133026863041473
8.312264389397544,6.2772772719065735,4.428463769269468,2.660629908717965
3.9424692190300776,1.6956414383541927,4.451119645210003,0.3374145421796623
3.7516956170256197,3.3208300319320774,3.075330703393037,1.3173179072122168
4.6243334889510415,1.8480014087275665,2.3898785659904864,1.4962348831975554
7.0525653640628425,3.8366856113856747,3.558295493328324,2.137072777186454
7.139725203295889,8.876684921128561,2.783509367659371,8.179879898459752
3.837154911845057,4.124501557068633,1.3257634692877316,9.00427413043969
2.198889317229658,6.0570829270128375,2.5112364017297346,2.111989198960598
6.691566308189577,4.900427633034467,4.9762885521973,1.324191072653498
2.1549327596988808,5.130248718688618,1.1940474801051488,7.754056321251059
6.206432574063971,9.726148466529024,3.7866676476037067,4.20986876744256
7.2407991525067805,3.6653902143747215,4.364754820284988,1.3931151353164082
7.305503467550064,6.645920225708542,3.594903613901515,3.756909849515853
7.78124899593637,4.780564026215023,3.27899292465316,3.459772104393902
8.855734794090981,1.5503156294291758,3.83021766791503,0.9358318395169054
5.499630927683096,5.403977484618124,2.7173709491986227,4.024845557830841
7.572242705766141,8.320089961405975,1.365446949235507,33.79114319762418
6.57255461829253,1.8887767181351953,4.8494870172135265,0.5278654320685547
2.6797594581791433,1.6263266265667808,2.7292030799367843,0.5851023998681975
1.2312068038246735,2.3826836835394,3.6615569486720703,0.21880931738996784
3.560872471092404,7.879601002503755,3.125241747557181,2.8727207595476476
4.9873033570385745,7.5159584573026414,1.2186922879102182,25.238412290088434
6.553953499857907,6.085159920154995,4.810986403970154,1.7230865511374938
8.649633974528848,5.214037636833692,4.170148904457293,2.5933955792523746
2.766211450355491,8.994932332323598,1.5963915778775797,9.76347501995284
2.129948109086294,7.900280414501342,4.926595505153067,0.6932944395356444
9.671319527268947,8.307480261716247,3.9476054886868317,5.1556990877583875
1.972401034387664,8.319360712155888,2.8892866017132355,1.9656397643067007
5.306419630964703,6.784454392710022,3.445480226238293,3.0326130161117244
6.270073559139717,5.122131618843513,1.42694672805839,15.772765622174246
5.872369788166944,8.782099773270854,3.241646040062444,4.907729060275012
1.7742894132964888,9.334066758429255,1.2946442880682376,9.880853148888544
1.5132422260325744,1.2142543893250872,3.1794210284772078,0.18176993375410025
1.949350847149321,1.4639938593962616,3.2107827550511416,0.27682634761483194
6.270289154853512,9.628689672175936,4.497755140642976,2.9844419881392725
5.89910398870889,3.494445524597753,3.900230001089176,1.355139140674684
3.1036671283306982,8.860324956844767,1.9982095688604802,6.887200367245876
6.739967276610324,4.4991560706526235,4.553704568751428,1.4623763124979114
8.380607518500845,2.0719005184842003,3.292970659392023,1.6012851607715608
1.3742106386193438,1.7239888018840084,3.425517914296135,0.20189950806185075
5.483169491932381,2.4085710917241085,1.6759254768887133,4.701990357794883
7.203793708924213,3.2490387538062824,4.431094383876456,1.192049137123818
3.2708073436271836,5.396665185377436,4.7238604600661755,0.7910179127875385
3.769938147638342,7.313481105092052,4.099962597979633,1.6402066896838283
6.522741126904454,9.8775871883677,4.763009810580025,2.8399981845407463
9.081417640993632,4.9735606896025395,2.2091996164893835,9.25446148108453
8.289319782726094,5.663664481087989,4.444476673451085,2.37670428546325
6.248171971896252,5.6963413124493005,2.95557257145497,4.074419321808299
7.571995459815243,5.854909199391424,1.6556688117743397,16.172738827184144
4.283402231870188,5.65966591394016,3.6752023961336047,1.7948044286756575
6.76868975288882,1.0789727955572603,3.7364810828235155,0.523105790610971
5.195634320148013,1.0155233989885664,2.1476980550267606,1.1438842065677182
2.7094252281180484,1.8789968631351064,1.1099733265102802,4.132169619856506
7.315644464895315,1.9140094308626094,1.7993890363422533,4.324605778224028
6.008181736139398,7.344072180593164,2.599110190695547,6.531765933204754
4.227594237582323,2.8442442926439977,1.6702516442394741,4.310189619583906
9.202052710707676,9.052426942800516,1.7761197929584167,26.40615918916659
1.1884070604405994,9.357456966193176,2.565562657529078,1.6894984997614086
3.841958361245464,9.783040041063089,4.847146457234242,1.5997576675064173
1.511932579998819,9.451731743983181,4.056974061630593,0.8682391215765818
7.898745845994645,3.4469948972667215,2.2789936049062565,5.242187704516228
7.3189670870241335,5.587991602331613,4.806416275674193,1.770364839739039
3.9821699686268532,2.579094731772469,3.5825871690349307,0.8001908018169097
7.080966119863657,8.255886896551898,2.8217985785605606,7.341828412898334
4.563435035763549,8.995885346296864,2.8732007958205883,4.972832463333505
7.806284122801909,8.661599553677634,2.6429778713415675,9.679555216420752
5.0876529646303545,4.900302538271514,1.9319682101837587,6.679445667460296
4.71051755048499,7.8280649621810285,2.546528768854823,5.686249000562078
9.412569239394708,1.878212526186425,3.1115855361735703,1.8259523012808248
3.2579118990163023,1.3622029355732561,3.112109402920884,0.4582172517541056
2.084026059969089,7.779127728778848,4.046947608850072,0.989871643894895
6.260888019335123,4.8281974689581535,2.4351914286294103,5.097470807159114
9.72389631055761,9.959943382656123,3.8671921172158097,6.475982898523132
4.40055292354468,1.8752879426997917,3.3123673550747386,0.7521391900740617
1.5583308726590337,8.700649133817103,4.847381618107338,0.5770280257099238
4.0537474057861065,5.319847589760926,2.5411397041359307,3.339633356527883
5.553384888876026,8.444351759534893,4.604865857043161,2.211516191757152
2.4573070596899234,8.354145539531304,4.282570189193158,1.119315418455475
6.922919962508429,9.243928012258696,3.5506571383578276,5.076079206739526
9.979744501091805,3.680650101574925,3.618057866968469,2.806034064410795
5.065655283832994,9.548194181158028,1.3385997384256427,26.99326410559128
4.192557010571914,2.3650026432185824,4.800898422373729,0.43019521238595415
4.6063375015101995,1.7377189983414147,1.4277442539829757,3.9267609397797045
2.03631560555681,4.8845396563511425,3.2529332349740283,0.9399796036842082
8.949462412836013,8.454906717776584,2.320283201796618,14.054771103320851
4.733430899692168,5.26079017570101,2.719407913159407,3.367272845426324
4.485469702823572,8.463580097774628,3.440732043347268,3.2067147700241865
6.937212456374269,7.567181252148747,4.635405511529287,2.4431136271074054
4.978300788380112,2.884855475250402,2.830268494289206,1.792874622733863
6.8341012192706145,9.539934624095174,4.9509182212257645,2.6598386953275592
1.5530166111770876,1.5470305176646306,3.371248261405999,0.21139441588263913
8.323510093500047,9.084517367894154,1.642215770568698,28.03805821821326
9.464535575914624,3.739991040913366,1.7600371793250091,11.426841038177196
6.838888475434474,5.5013327484795935,3.864444142357004,2.5192969859904357
9.591093359729296,4.801166854306611,1.201591176973527,31.893446738000986
2.3628908293296695,2.5465110122522456,2.9213663048889074,0.7050455628895612
5.2967457053231835,4.223321797615238,1.5928764392140664,8.816559038252661
6.416260605509025,2.7364099266351576,2.73287454071138,2.3508437404822295
6.23562982679068,2.834978279144715,3.999669688286878,1.1050496926267241
4.613156011801389,2.683511524237423,2.8352517129657366,1.5399916423709799
4.042759684296352,5.401156423119348,1.6538044359237078,7.98355600519185
2.1414162029537693,8.18138230760184,2.0077014814265697,4.346398006220603
4.5256820550605035,6.120730303851169,2.4701583546087296,4.539810162573533
2.463947335949366,9.038859296957577,1.2782447339456589,13.63066431990527
7.609291088429965,6.728900397190518,3.3373505443244875,4.597107357408393
2.87947841945131,7.20406104069344,3.4301351651122007,1.7630667063746535
1.5270877475608047,7.008465067543028,1.2486077085302698,6.864910539105195
5.971295240355109,5.04513273865367,2.609245284696648,4.424980153268597
6.357067594474614,7.204049399800745,2.6560027315388997,6.491969590102423
8.84721755152455,1.6273697182206504,2.335278274210405,2.6400713194440013
6.192834511759137,8.738663247240968,3.2309589613244474,5.184078806283602
4.109327683511012,8.000309290995256,2.383829960240447,5.785314907066596
8.227106933736884,3.2070696240851095,2.665637117911224,3.7132438999803834
5.862510038686789,7.912292088286741,4.190094189766422,2.642033617316388
1.7135225616807257,1.1137834126001664,1.6484374217208058,0.7023371529210047
6.09265504281922,2.9552191523279236,3.4764587812136836,1.4897799098004596
9.172166908794962,1.5862351480380634,3.0223776067633823,1.5927296770066368
4.566813629483985,8.022042249561052,2.2202865499173963,7.431563231469464
3.666932217098201,7.802867360605485,3.910138625961643,1.8714265961753604
2.2912251131621804,8.322724214216475,3.204753438164592,1.856709760217997
2.363009697418216,1.0403352399297594,2.9094461078427813,0.29041442195499084
4.89494335907637,5.511094540105672,3.6706772590848002,2.002133947879907
6.361118417453766,7.343525777656028,4.209161231925443,2.636616591592837
1.7255386465264158,2.398610158651139,4.890675160134305,0.1730400865123962
9.456117301226492,6.848116547613622,3.517401473505494,5.234077049584033
7.7962025570067635,1.7569908937871714,4.497759941601531,0.6771113294524608
6.279615264552964,2.6319327049388184,1.0043661640918278,16.38414075785847
8.455948038450916,5.282171334951409,3.120942770903565,4.585674026630807
1.7216808113090196,6.882086374129918,1.8585901950807924,3.4300896785177817
5.291549899598119,2.312822142585065,1.3767698283325487,6.456578752250076
6.67083814175497,2.667009977478441,3.1278840682575684,1.8184599797370686
8.457876155064604,2.840017303590967,3.9873060245963763,1.5108563351495354
8.05122604044341,3.148307242290806,2.649090089897519,3.611982788749378
3.493623247420597,3.038984636736621,3.6804297973777396,0.7838040389098515
9.467921526032839,4.5563419764787305,2.9588770153637998,4.927392223895804
2.119112572877833,6.884106857530506,2.748343463837704,1.931343930028935
8.876202567590369,4.942286048210227,2.1610265617434425,9.393660773568971
9.738462246441568,7.983765178748993,2.530374058004018,12.14307526649319
2.5943817090036303,7.473416553537533,2.3991825231777115,3.3684219222445733
7.4985945778340675,2.138742226441681,3.584748736059526,1.2480180798501497
1.3625696690019862,1.4395746098866953,1.4640740451165581,0.9150963273588708
4.648805426252395,8.901474075996454,1.370545474751224,22.030096558632792
5.646549692779066,1.7184795990658608,3.6400519768338415,0.7323393415123164
6.225807033186706,2.3350526264774176,3.185192279515523,1.4329169498638243
9.423435234237036,1.1991994800230625,2.7208003869706303,1.5265369475372426
7.050256185647752,6.655027287687884,1.6097715376316142,18.106155676013433
5.331501560973133,6.241335068425137,2.644108447477246,4.759578694869632
8.287075326393005,9.882132997917301,4.158927053280046,4.734666296472567
9.55479538858968,8.982391566854549,4.558484943157028,4.130211819637576
1.1985953381406176,4.6975885973281875,3.8103062798568805,0.38781784688895504
9.842691450304349,4.344272568212815,1.2396487035235233,27.824904079200394
1.775189251573123,3.6716683085198656,3.6816391064044742,0.48086777239889095
8.329481013418853,2.3716622803409324,1.9639423581851783,5.121690312418004
3.5230127729627125,2.2427529094180816,2.2610049721056202,1.5455839945385348
2.1896169197848456,2.1905533720864487,1.7834928318399381,1.5079232694629194
4.9587007574245145,2.027032814681007,4.103023162480818,0.5970638028159156
6.795609215028522,3.164608381649832,3.594408490549116,1.664537208519525
4.428566605211275,3.760017672818048,3.4473402183967234,1.4011504635712033
1.4910886745442906,9.654210739350242,3.6718904386771043,1.0676792873945966
6.395150256928449,6.206259259016972,1.9470890456156136,10.469092565921008
9.121629484996072,9.88836197061953,2.7785776573014465,11.682928122669543
4.4489382935252655,4.352202530431059,3.5330148861959567,1.5512241045249786
2.946994998677443,5.118639693304969,3.5463761104732017,1.199400908498559
4.983196113395339,3.9212079324875124,4.167407451020522,1.125112433136678
1.4352643994390277,2.645988858068974,2.1484158667524422,0.8227790435039465
8.384388260322474,2.2884823699982126,4.081344486787289,1.1518938144991908
8.437067298551682,9.505712780270487,2.760737922467743,10.52266729682381
6.292004170866655,9.881296136188801,3.6806907682357393,4.589276803267522
4.177926000445505,1.404185468578584,2.822877520261147,0.7362090423548744
8.198050280012051,2.353112872585899,4.794440679163773,0.8392231166795665
5.992183223095305,4.811716830709203,1.7172090589665778,9.777747182052885
8.433390776950146,2.677001287099666,3.7000203543294283,1.6490832414571586
6.683129133247186,4.274923542641949,3.3061400030726356,2.6137600978160247
8.059649258915176,2.1618671487367003,1.6909241637909784,6.093921898904611
6.38706693895984,5.108605810496112,1.2640253432466717,20.421719081819326
4.7272696139409955,3.4452515455233335,4.1965775558866545,0.9247850523097756
9.621512739335238,4.167145501827948,1.6298053345850607,15.09421577383562
5.870024423909602,1.8488138631647284,1.746026731143104,3.559846900933718
6.445805666864845,4.853152456391276,4.913736895956157,1.2956191098343377
2.984388754732743,9.849318498654128,3.869043405906523,1.963606099196448
6.6308571048454885,3.959497421930713,2.00194736640489,6.550952088251016
6.144468845346495,8.887863473581916,3.363795840606405,4.826390560181384
2.6635455815232243,8.588792274613166,3.1364473536100532,2.325499380733789
1.5362838761782935,9.568525764674895,4.37789307005539,0.7669838223486142
6.439233877432939,8.110985610403851,3.9172829913304974,3.403595465915466
7.873230424152885,6.936371443529334,4.326884501972743,2.9169883746030445
5.710612338298074,8.709259998047118,1.8460263519094497,14.59446376357094
3.0409536278768114,1.6808021259161467,3.5608768174680208,0.40309971004191736
6.998697790237315,5.16547591478927,1.1609634336735213,26.821959303894864
1.7209515394864203,9.90330614753553,1.2757624491168804,10.47150769343869
4.976503343217591,7.92640136165259,3.854108130818389,2.6555383004816173
2.470300825585782,9.658678402335008,1.0976804105757254,19.802303931954995
2.6601314595389502,8.016709205201312,3.3190600356020368,1.935838013252178
2.820645542423833,8.873937706979298,4.36162039377812,1.3157372187781218
4.480363513395801,7.358766690728719,2.5197672336721144,5.192750273738661
1.4603518505835786,7.844518039755158,1.1793617473596512,8.236253342260376
4.580140968361883,5.708602088555506,3.8553897985149073,1.759025070657683
5.605367024032308,9.318139307327197,4.718745809856603,2.3457411501746748
5.349648564696927,8.425350195610255,3.8686855682330714,3.0115241289313794
4.445056903627365,8.59496469099069,3.313788972011101,3.479138559745907
8.552319472636771,7.057081908667471,1.9201153195162401,16.37021745780328
2.3079402317845368,3.741219523785241,1.061502496177988,7.662945033018915
5.5512706940323655,1.3206681585112539,3.778688433916213,0.5134568399480856
1.5583727526089888,9.420896164685901,1.9241047033771719,3.9655749348853604
1.6404011099011877,6.275083139249472,4.43265070872943,0.5238929061597327
6.164792647093867,3.683286740333262,2.8654564753304452,2.765453567279364
6.094165823990388,2.3422159706278403,3.122542329489825,1.4639442439065662
8.902301615600113,8.465708489506792,4.015746177065466,4.673401622177088
6.020863080940659,8.528681750028209,4.117722431213373,3.028492647442656
9.638119183643651,8.330571713174784,3.5706033323222726,6.29772783156746
1.4382536355993678,6.8057442277010765,4.7537272616509725,0.4331542518852027
1.8820691630266695,4.294138488326883,4.929193745281678,0.33262879930035316
1.3965927541334326,3.736632563022313,4.787541777498467,0.2276800746285538
2.66749165300186,1.0769929310635318,4.296716741375774,0.1556117812064422
5.871430998475103,8.502468028194162,3.822500880977006,3.4165971994339346
6.810149632846852,1.7868942774427823,3.65330343152667,0.9117673216719122
1.4102664215380192,6.676794982366909,1.4150007076821356,4.702793316759532
9.513738008610394,5.536674521560795,2.08593738727645,12.105915687824313
8.579488389853429,5.74020423033716,1.0227528941175081,47.08117587891867
3.669512339413838,9.340415607769959,1.5496394809359675,14.272932375417472
1.6946877720382116,1.284535101441179,2.7569179086767535,0.2864098851509041
2.5289836589715153,7.9605300216589505,1.5861462031562934,8.002055805842721
2.142499723794754,1.4684715853057642,4.606653658707032,0.14825699664489403
2.1095540136905218,1.343382453418395,4.222796741341128,0.158924175010876
5.667055197991606,4.868359283272437,1.286447648358073,16.670776514448896
3.212626982440603,1.5676765690867005,1.9956548618690642,1.264578812129875
4.2232574487623005,8.102295561636208,4.276287538446035,1.8712070249213455
9.905548000458902,5.766067842835035,4.212184506239494,3.2191668150866946
7.158828240328103,1.26134904393797,4.781802200471155,0.3949062525072781
9.540826003423012,1.3645061783372756,4.990191046469441,0.522789837592869
2.28300899529804,6.514016767655314,4.9050802529644875,0.6181078513020213
4.439255273493123,8.255006358925645,2.640551942885766,5.255791175487155
5.992586229541189,4.940195781472962,2.001313775208129,7.3914234445398606
1.6908225569986421,5.991226043820619,4.03364076170825,0.6226146055525381
1.0376869926516208,8.198465086449115,2.197091570976123,1.7623923888184896
7.033909004172258,6.4945555663763725,4.225601440525319,2.558403960695036
6.776375651212918,3.0228421389293754,3.1358189215916976,2.083104170293382
4.697099289996506,6.5174682328253075,4.175709100939816,1.7556914390460205
5.4067966842882935,6.654515131586922,2.103519518868042,8.131363261391781
4.738987005328807,7.60696282793014,3.0321092622152834,3.9210927722724773
1.2160454036039998,6.587867688011211,3.256095174408728,0.7556148376009328
4.018344455957162,9.723179174122341,4.772432270880529,1.7154414650160352
2.5937402985756086,2.775594778453616,2.066390307321669,1.6860010445729194
1.8858177019123188,9.559816116103686,4.746752957139579,0.8001215866670377
9.610483905004148,5.845055413150146,4.219435661862864,3.155187336770934
6.3942375253794905,7.047605264454209,3.923576216346781,2.9272926992035253
7.5579065581294245,1.8951543770697086,4.147481076740501,0.8326783725381397
3.8382736893950575,4.4251834724029635,3.421700183520228,1.4507190517763207
4.538324165446137,7.924412318168554,1.9763200418499434,9.207633585003503
3.1323159450705114,7.362199135890913,1.757979875359411,7.461829532412455
1.8726910386888227,1.3612544934886917,4.465365743401562,0.12784724860354124
2.611284736974254,5.919348371475201,3.900557610383333,1.0159556200943185
8.177626407668374,1.794503736715685,1.8528171310437962,4.274708630456682
7.097912246653983,9.96270786260346,3.460373463497606,5.905573453222473
5.922359883869293,9.075669296799651,2.7901859256568953,6.90410153506835
5.275808855800912,1.1897259438568326,1.6346206798523757,2.3491027149907127
9.30190855290512,8.727846210123676,3.1274284374286574,8.300502583304144
1.6546145300080157,9.27486640502567,2.126076369865669,3.3950546961522092
3.5254073191412436,4.181934003071095,1.3849764966302862,7.686022824092351
4.149440682136427,7.4755148954298924,2.8678331941816433,3.7715762931349603
8.04183230991509,4.97893371587001,3.3604342083742473,3.5456883735960085
9.932631581457741,6.897092361187097,1.187625641524602,48.570350494585796
3.1660346328143776,4.062856638683723,2.6083709976439873,1.8906382242859447
8.868766007233726,3.9030331296994154,2.030647679346741,8.39452788402833
8.47560484388612,4.8199049997182115,1.1226023628289297,32.41583961631779
3.0219165787758997,2.3101098278725103,1.5026501984460232,3.0917140026185588
4.593993221793003,8.480250679918443,1.5561366352735102,16.088056621476728
4.687055823632672,4.13828105825473,1.7314969924718846,6.469588023875632
9.803986016739024,4.601345985152607,4.213510285751685,2.5409695246216746
2.628027112410085,9.046491514319301,2.757967465912557,3.125588094753582
8.192421739943038,5.469614326568542,1.5883439690815475,17.761510180804983
4.007734427557989,5.898285184157766,1.401187867711557,12.040151890616167
7.577833111985443,9.608483122993887,2.1917618349161563,15.156996402803268
4.780099038660966,8.980537448304903,4.192062074817809,2.442776948970938
6.20523786804886,2.5252003799959555,2.457839391758574,2.593864464325193
8.493505959935181,5.258935269262945,1.6395894411757523,16.615545171106536
8.237490084854958,9.74166604685691,2.6164647261846397,11.72190976786598
8.797808651857302,4.351296684057424,3.22124622914823,3.6893118047382916
1.5365559281019312,4.344157976645801,1.1183367345520554,5.337142535525376
7.228454977357703,2.755272086102389,3.5105672057606925,1.6160522181852988
2.2598863904958657,2.028908027072127,2.5804030120591572,0.6886108903734028
4.742367112165699,7.662743116803836,1.0389035005247775,33.66890696963477
5.937295735492196,7.930274218313649,3.6955575957855236,3.4476005083011145
4.624655362721477,9.721116671527,3.8495505422505927,3.0337198789927653
5.6765050822270675,7.960763898148267,3.5153591542347313,3.6567592634140933
9.968736779187573,3.1901724463023884,2.367720870393689,5.672745290064452
2.2169558234156925,1.3610492045966391,3.1184194162638446,0.31028573761920575
7.07910440802783,9.868936459326942,2.5486308245337415,10.755604091661173
4.564008697470537,4.0640562598924515,3.8024869206387777,1.28283475350472
2.197088190165959,3.8077438818917866,3.3343207449347547,0.7524895440941134
2.428630870368786,9.153596887744442,1.327196455309799,12.620683265002526
9.543457956210553,6.265899086904875,3.5723742328759895,4.685708467231411
8.916413470405859,2.933840564642211,3.748953657351206,1.861257944504213
9.163377643735197,9.001866184446156,2.4828087224587976,13.381401851557525
9.923794982446479,9.94024769549269,4.503143123838818,4.864559157532773
2.8748385100766614,1.7801070503574765,4.372057419379851,0.26772434214095064
4.198954036276556,8.760264654722384,1.7006660955989514,12.718041564314545
7.022971269323801,4.514641279159546,4.617065233943475,1.4873463723812341
5.354222858745826,5.716652018560339,2.76348948598031,4.007952515082739
4.765505800405002,9.233343781884827,3.8949986105371734,2.900369931699329
4.220301244020337,9.760412761976054,4.256388027868944,2.2736793113834053
6.34402568749107,3.3594751936791942,3.0204496842787596,2.3361093112738023
6.180340857760738,2.915656938639224,2.596407757483263,2.673025209587134
2.453120506578161,1.7246490273236068,4.661805474460394,0.1946755075587864
5.2456585376659515,6.056180673959242,1.9234142117416928,8.587232048772862
5.981245985888649,1.1224395590560143,2.027880310876578,1.6325631558171605
6.1325824485825144,4.707084678489429,2.4464812560537483,4.822937360742165
2.890964736211166,1.660456149868077,4.437863111882262,0.24373752739089555
7.6804425302705805,4.647032046364005,4.755153056852304,1.5784575636214755
1.2267918533896267,1.3593897033904834,1.8802708590194475,0.47170885487957115
4.193486699888464,8.51695534547892,4.4554805905249815,1.7991630696393912
8.021913836820701,2.887650945447093,2.032811837874277,5.605680303248482
6.075036289498621,3.9547783932212077,4.882564986999553,1.0078014163428757
3.350461892597742,8.830431969457527,3.389631567926329,2.5750261306407274
7.254578074087429,7.716394551989846,1.0283458697895296,52.93564003909517
6.106518497404661,2.971345254778526,1.1365196162847115,14.047302099003733
8.166192485107484,1.6470947679174643,1.5899381232188339,5.3208100398238125
7.61522667570841,7.441063991698056,1.7502926312750269,18.496797657504125
6.490971298326112,4.516322956192984,4.070476491306387,1.7693109986689957
5.393599077797326,7.894719992063991,1.8910635056677996,11.90702224449534
2.1986391310077105,5.007652951376894,4.87656648019944,0.4629774919805475
3.351997160968454,4.114021716750488,3.544448228811753,1.0976729130658065
4.771895256253767,5.060848673911568,3.770070037014071,1.6990862188170481
6.393693583057498,7.73703087103609,1.87126607714083,14.127166358419872
5.6233706969377435,9.119982578863366,4.570825256380338,2.4547173111060605
3.5936607336357653,1.4479047692971798,3.6712582912797256,0.3860532316228679
1.058179220107395,5.717003871042596,4.457622497367455,0.30445361977321583
5.466152997107326,1.2955188617548985,4.825924388924908,0.30406364494442445
3.570633897060188,5.215685905219228,1.5025639084383857,8.248801400224755
7.611474706394816,8.967545461872103,1.3863489210757827,35.51381254870676
1.2155163874343513,4.254312397782787,4.213631306358543,0.2912575094455957
6.263450301752118,9.39205378972579,4.464504236376682,2.9513976570090805
9.473268137554589,6.675476244855485,3.3350456835119426,5.68562890420651
2.5696834040034955,9.407398094137058,2.4640021910020824,3.9816855850960677
5.244845416755358,7.814499628712677,3.610518544300895,3.1440881052884286
1.8227979263542435,1.9309164998388606,2.2226562903698293,0.7124549390744206
6.631137210352174,3.0803623080640934,1.9535427686138727,5.35234337905713
5.954785125366031,4.547534091251556,2.952580838109062,3.106264723021761
4.666289717915491,2.530961938108684,1.8646153104255188,3.3968691807857385
5.692393193263671,5.454204442989945,2.9348144332606916,3.6046658405770082
9.069171926221092,5.242313401313416,4.826426021854288,2.0409826277840226
2.766648720799603,9.606332782246431,4.359136142469562,1.3986555795630404
1.203080605348125,4.9035509460638,4.766523678000089,0.25965811978078834
8.75498396229191,8.07064123859198,4.225315899389434,3.957719669533396
6.1940537414911585,9.47719490366332,2.419003743785107,10.031865488585208
9.015926099156582,8.89289947876587,4.248180954206236,4.442707402463541
6.372507010718553,2.8780086206043265,4.691662974212856,0.8331991119377162
8.291449809637323,5.464269048281898,4.788143151348217,1.9761881872737148
4.8670602701963315,4.129658040663331,3.732791402739988,1.4424918661341721
7.748739381594419,4.598728256234939,1.8454665752604527,10.46300503110684
9.217373202008703,4.247261436211761,1.1589166134587634,29.14820324092015
6.1491066734998565,8.437232891575038,1.588800912640623,20.552899705308143
2.627066355061416,5.069251496102027,4.862187671575782,0.5633151673434236
3.4191785352717834,5.713248990202194,2.8483872967710777,2.407724818933307
2.787801192076652,9.842026213423672,4.41994405932823,1.4044709843452288
3.2217132483615964,1.539813449723648,2.8601766142331644,0.606414097545179
3.7577390441593272,5.391618758116739,3.6432703338393577,1.5263811635637774
5.996204080778696,7.966555362515045,1.0965631084893346,39.726446768286564
6.291924665174495,2.360457623694039,1.999459770877467,3.7149620455404295
4.83849772517675,6.503784351532965,2.745077120170357,4.176068116657981
6.538787018387519,3.1551830158102008,3.5225241886166527,1.6626995497202854
1.7341743305022934,8.806637019021109,1.686084752212714,5.372099501754095
1.7900941335234397,3.943896988600714,4.05820585708196,0.42868006276549364
2.546465143218926,3.961565352108186,2.4576188245449493,1.6702270410184366
5.662697482363103,6.383744906661041,4.269741076935538,1.9828771408765167
2.925952108284822,2.6520661730791786,1.3918763615802692,4.00544018942868
3.549559631433196,3.5639977501275495,3.7190263507294876,0.9146467314868169
4.602815525556947,4.749686651074704,2.1733133328260408,4.628538065396903
8.306795116093419,4.182740768260993,4.181532696490471,1.987117070676578
1.124759223215741,5.723894962050242,2.6086817081696423,0.9460389833804664
6.8444093821296015,6.396761296620697,3.661398529054266,3.2658942433975797
7.019888779366168,6.100007083751481,4.737221074545894,1.9081533115938616
8.187902023209729,6.88751480792739,1.0825065280550574,48.12537589829004
9.39477645154282,3.7697456494703823,1.0444671293374945,32.46451698444732
1.1812406405436084,2.1378360443952524,4.081117008706854,0.15161936817703184
2.3840533496189455,7.847267872879694,3.5855722060323125,1.455182630117316
8.975541646503938,8.657023443676138,2.1719188820177306,16.47183783773683
5.126667059683138,3.31305609000189,2.9775868110970496,1.9157332556654953
6.0813157504011714,4.663827605422178,1.167742662395475,20.79915770114963
6.967244833508326,5.487122952671998,1.7697824214449631,12.205793261760444
7.111599440460736,5.799941584776428,2.69798549810867,5.666458137545893
9.385663629848574,6.935411539788866,4.336177664885929,3.461968293902595
9.972544756705027,1.374429100197892,2.9186687314403392,1.6090099323452698
7.481417148378462,7.493293744606153,3.345450018103915,5.008959692602519
3.5849908828463573,1.5577390628146923,4.495015167975122,0.27638880177466113
8.917771620649091,5.214597109055811,2.235275654355381,9.307111774723753
1.4429882308668545,8.449040220122747,3.8027972844082236,0.8430703507992526
3.079727675870466,5.0609378195055665,4.446669034713013,0.7882676522136125
9.076471457173433,2.34180773891423,1.810462802784707,6.4846877736531425
3.3057236299541946,9.865304605053637,2.42591266059133,5.5414921121003715
2.9858595365957363,9.00356915866837,4.91924069555742,1.1109331662021245
2.243127638262225,7.941822699025126,4.932874259184844,0.7321061972426135
8.732005818822248,4.703604426092894,1.8929197211757516,11.462528143948923
5.50052433271978,2.65461154200368,1.2657833555705125,9.113523280341754
7.074038827487393,9.47270063276651,2.0836864452402115,15.43392972705246
3.151597456675267,5.791160138654251,2.590927829214749,2.718852729545933
7.822363789100948,8.671199143487366,2.764022403724655,8.878386602697788
7.840049904658886,4.078855051834832,3.4752252293216945,2.6478366338234647
3.8133822241747013,4.017594853715235,4.598011040526186,0.7246636170493729
4.696143697092546,9.869864326066352,2.32139204762865,8.601131261753972
2.8872124968718076,5.696497436453648,4.399938141996834,0.8495589380913154
9.789049209906139,2.266258814746717,1.3739156837065076,11.752489062791883
6.810423193525705,2.9770721019523667,1.1674987958928589,14.874780636309204
9.41089492643964,5.337498514534487,3.016180732493845,5.5214604924241675
3.7304698926621986,1.382238194395702,1.2386488933224196,3.360856663408168
8.037018216972008,5.162805868404704,2.5699592049369206,6.2824391206610635
7.892727794962678,4.770467578721148,4.5871124674769375,1.7894076800810204
7.224900866798874,8.014026387875383,1.9659321448298934,14.98116588313623
9.690750777401204,4.194477680403176,3.8239031004996127,2.779851237444764
4.54199802495684,9.842938853856394,2.2094615695602675,9.157961726646771
2.1764559123078158,2.6269292737081282,1.1796802209685424,4.108371034335163
7.045379733196547,6.318880164713214,3.2267623256412374,4.275732921018582
7.563788204294855,1.8072936730742917,4.339413962147007,0.7259486864645291
6.175545161129332,7.604775855945838,2.6378737933704777,6.7492216904512015
2.8613610382005663,9.952783192557744,3.4691753058323482,2.366272247829456
5.540103475024198,8.37224773976469,4.600094390630904,2.191928890351454
3.8097076291221645,6.001331866482712,4.1587780509479515,1.3219280092792633
4.8471987535002015,5.362672216597228,1.7755055975712772,8.245708705203631
6.8069671826019755,8.515269651401622,3.933535837460023,3.7461558352452973
7.706932684217511,9.423766762396518,3.007572100640608,8.029231865479932
3.090022218112088,9.902858732182837,3.983867231544339,1.9280241653250836
4.64792824582258,4.568853048080357,2.9780622020888727,2.394413075808808
3.4224541389246625,9.91825727315061,1.5118326564332114,14.851337323202296
2.787684524756822,2.4033362695644835,3.2796377867569566,0.6228828904412308
8.050484979962546,3.281947983387183,2.9685359695893596,2.998258726214059
9.183274249932932,1.8011451226050657,3.071686934565767,1.7530421558011728
4.3320896711611905,3.445646648360335,4.515609814583481,0.7320409222002042
7.761510319363902,7.911437964562101,4.579348186825006,2.928156835182554
9.0729576042797,8.676319223606047,2.8141484270628734,9.940092009603797
8.615117894772084,8.010033805923145,2.8229281651203535,8.659561887484978
2.6453204968530333,6.679592003509266,3.060747835490464,1.8861365501695027
9.606626933620252,5.62569861270381,3.0783571133370278,5.703078999064367
4.390087963865162,7.378338602922819,4.801548576716451,1.4049767911038347
4.0531659505645266,4.517501943404996,3.597601869509974,1.4147071002053977
1.561881945500023,8.571775163497318,2.109827979551776,3.007633274145212
5.375562886943947,7.094710845791068,3.1261471878159597,3.902472064296705
1.9811225407683584,7.280242286449677,3.5088943316319314,1.1714306754850363
3.236858388346834,5.823423938161641,3.559086884055858,1.4880753640668576
3.8524835959055324,8.967060857900552,3.3410169049527307,3.0948069907654867
8.279436911425156,3.2681326031114724,1.7109446184861494,9.243332304840711
8.879397853563068,4.430328880249457,1.13437275631803,30.570877647303643
3.722196857153227,7.998783127099202,2.3513722094674177,5.384935402123716
8.728283091201165,5.434740065164039,2.710088618241014,6.4586331359114535
8.71507843632812,9.002926120817717,1.2472169583043464,50.43952311612458
7.881858553463862,4.117593877865671,4.259869352079384,1.7884614642239902
2.320256026136634,4.323971519376803,2.376309750041095,1.7766939936545796
7.212905622106561,8.998622104479628,4.654530984714018,2.9959489740576877
9.505216581225119,5.17933288163837,1.6176404313690607,18.813597789934988
7.1428643089044135,5.645121257822381,1.2277398277492537,26.750566650449528
3.984551641970506,3.9948734380211146,2.929264417545287,1.8550914873196405
5.505213856877481,3.4900294796117373,1.7565173473028266,6.227280139523413
6.811525390159483,6.903538397545528,4.749597102311444,2.0845032790340032
5.595133678556532,2.078565953870835,1.0412135938149558,10.727403526434003
2.0795764755787283,8.913453770646184,2.65047870023614,2.6385922066180054
3.808576401868186,8.01282823088597,4.706991085380674,1.3774053121226097
8.221564274982693,2.716734373352225,2.5376728269190734,3.468409566404858
8.752762414859657,7.246179512421088,1.372437122401843,33.672031248031686
2.2357002944401323,6.423696291570714,2.2115797714471483,2.93625227111873
9.571480771588522,2.660815456629797,2.992041575337734,2.844845190446486
3.959403560637484,3.4588315544520922,1.7406067493733324,4.520202125949508
6.96082364857648,4.68087853360451,2.8662468205730476,3.9660741604364693
7.766426313610131,7.293184617209265,4.34537278314335,2.999745107250957
8.30751611174095,6.748510679353053,4.490471880786452,2.7803224682775194
9.511747320033372,5.790113629090281,1.1970429388429285,38.435092720168534
3.8162759322594035,7.915694888026308,1.643613432210294,11.18225651912737
8.72655809096399,7.821439656455493,2.1011605430672167,15.460061227575073
2.185182130925863,6.560732386560303,3.379463403550407,1.2552911530181148
7.345368157182334,8.082910750463427,2.4439790351698685,9.940000336807653
7.677799565625873,4.008370373012883,4.376163653784301,1.6070060222517313
7.099509170811884,8.93124575490345,3.8666874731317504,4.240940909952812
3.270832625216377,6.534190772217467,1.4018240924540328,10.875847055245513
8.857388323136831,8.401271624311875,3.4982300100483648,6.080705767461616
2.519726170333555,5.916511943112556,1.4520505013879137,7.070589923211993
1.4827131236874775,2.9659442048981233,2.0201426785458403,1.0775961242536263
7.457184915507209,5.881691158104777,1.7114825341369122,14.973805438610954
5.279281437094603,4.340004973989293,1.6922477968028198,8.000868403654387
8.641882179628084,7.277491324333851,3.465582099107437,5.23645835550623
4.45057426952433,5.282144125612622,3.254419690216646,2.2196228243012186
2.5145072965694153,8.52501524434919,1.7041126111509075,7.381616589004791
8.527979732228827,7.10265261089725,4.960691221673727,2.4614008320039233
5.940186684760645,7.160899897281915,2.687346929473175,5.890066851689613
2.702762131513194,2.9543980014195848,1.3882773126197465,4.14309005563833
7.4834559872780115,9.858247898421613,1.4822760678204605,33.5771437630681
5.600022746405505,8.575076883443398,3.335574854906379,4.316049641214894
6.438816840162878,8.101043961046251,4.916277613533891,2.158113406551342
5.148085043859237,3.971937026440247,3.2878044064767913,1.8916296843479918
8.458380854362058,5.820684875625087,4.796165906466548,2.1402915102277382
8.466064441147449,2.233928692668958,2.776531403032107,2.4532719686431745
7.384499396419476,5.846283789964354,2.743364414608048,5.736327662586439
1.9486123965681603,2.3130032183495857,3.000029437263529,0.5007842548706231
8.54968475713662,5.977340595906411,3.789701832622221,3.558344742147286
7.039116824796189,6.83849692139415,2.4704638658053306,7.887181167697217
7.273217494038695,4.5117637052491215,4.455544130715828,1.65299455029958
4.266845563634845,5.486903904981639,1.117125539072585,18.759891284966393
8.913516005413062,8.880880489071274,2.7590567801137693,10.398813710456633
7.528344402113717,1.9770683023252844,3.0439673999196715,1.606353626504872
2.01331419876275,8.125596036996875,3.4281289530523846,1.392042465154447
4.670002309655464,2.5367909589657676,2.104287649463453,2.675417503987955
8.977423257641275,1.3303718452416555,2.7099198839433414,1.6263418715967086
1.4247703152764108,2.67017142470543,2.9381510008562266,0.4406926207619467
9.652749576778445,7.885388709734407,3.747639914732853,5.419490189239585
7.112463114876065,4.64613466003174,4.094176738943256,1.9714176798987026
6.682383798790389,8.852684651615636,3.951309309375149,3.7889978099988317
3.4350333083919224,5.722367870640392,2.366332209158341,3.510389411907842
3.2391260986525934,1.2002531673369785,4.997802091967854,0.15564766399671143
9.478523975397358,7.450422486417341,4.394661247148718,3.6565440150110695
3.6844520881071046,1.9920961784910944,2.0400934925798757,1.7635309041611207
7.9795476704709944,8.10441670115732,1.7804232226913101,20.401097707181652
4.538096183863712,2.5129229482466204,2.256085002333562,2.2404845414929104
2.253286637062336,4.109017472249621,2.8093794119985795,1.173096227625483
1.0964376792582304,7.8514428666282425,4.403197513278455,0.4440144383120801
5.898316033137258,9.588082217287795,4.113449055178138,3.342316261457113
9.782009366940393,4.342905555820591,4.404984494023504,2.1893726642441016
4.32222574428284,8.464601981790423,2.087828459641314,8.39313794559793
4.214731005937404,2.7171303892825485,3.3738448898073448,1.0060744439134217
4.096824560644979,8.26461793182242,2.132996249109498,7.442005114872781
5.684894535743726,6.91744653330626,1.4360926428779726,19.067919450365554
4.965983950818642,2.7346915649113157,3.7367909738987226,0.9725592129034011
8.919231640543131,3.722535643162704,1.571990204781755,13.43589609852849
5.549687125511412,2.185937997373324,3.6707910468258858,0.9002995050433884
5.569820543697119,4.446703099578819,3.5918572196216365,1.9197346626343041
2.2453443524850094,2.8328377701094967,4.240993777696068,0.35364651995151597
9.844655868193474,6.795981582674262,1.5582184182542576,27.55472403337996
3.2497560178194673,9.950545937985028,4.133920594035244,1.8922277407909398
1.6602766071364239,1.1080824677583774,4.997106103784948,0.07367419350800523
6.968316240776879,5.868278319585688,4.404169794343609,2.1081933892028784
6.358297331411854,6.162999377941087,4.0072483053106644,2.440284429876415
4.736310885934712,9.227879107127308,3.6486614187788304,3.2830308870067983
4.799730104926103,5.554048012902438,2.6871259387417177,3.6919040416554516
8.06557528941788,5.893312776804257,3.922000671566409,3.090149658993773
2.7614137608968417,5.244875211955497,3.896712140561813,0.9538278420902347
8.382279870504007,3.4201387410533326,3.525993130749153,2.3059132101811364
6.838724025055163,1.5042621992402232,4.185113513191314,0.5873326399791616
4.77072796401572,4.677919139888525,2.7950555537073387,2.8566463276014304
5.122257549254818,1.4733232411661068,1.4850108485295626,3.4221591138009955
3.3098248646748623,5.95443222519326,3.2362709104369496,1.8817227324518393
7.769028994272773,3.7656427891806383,2.0601741148453705,6.892837026065907
5.61587268074741,5.802421613728851,2.537732389716601,5.059817932969772
3.8876908847485923,2.2086726795566802,1.069659615764904,7.504674946730692
6.364451041848552,9.393669691654237,2.5311623516715334,9.331602498589984
9.961610068461907,9.050691191949413,4.235204424541818,5.026463459143835
4.9173605169089845,2.7099685828205606,3.1708894677530193,1.325360731478793
9.286222607007575,4.090998549646089,1.0392021077358842,35.177775904405955
4.105151559321095,6.521434946667816,2.879375280959389,3.2290577935107723
1.492594362324873,1.8611758657531565,2.1658065905816297,0.5922292692277767
2.83817895731586,4.191110390045358,2.9102026215886845,1.4045021892994052
4.768256289949158,3.2600105813710547,2.618770885791508,2.2666454457982557
2.976714357351121,9.23965055845027,4.727916878229526,1.2304190418338583
1.0020433439642997,8.672595726602847,1.1647091958520632,6.4062015910927546
9.235013839727745,6.218494671401774,3.734352045127729,4.118056514152805
8.59491470107836,5.6831170318441675,4.4041063852069655,2.518329588008362
7.680630083382524,9.376532150908574,4.836954338601902,3.0781878587644442
2.5103313608142575,9.391850046809338,1.7105449061771836,8.0577398448298
2.0832721858898746,9.723971128164944,3.1252192078647756,2.0740952960542893
1.6084427452514483,2.1284099569736887,1.1743583092688477,2.4823306982599456
7.516262698956291,2.445020296868532,2.996734097820354,2.0463880942837984
9.359271646190967,7.090630288118979,1.5018323581639277,29.422798624577883
4.874822388217333,5.872910289488604,4.351586698794854,1.511878470807869
2.0722660479644333,1.1661931440391236,1.4554800104214594,1.140784219798504
5.611535386588959,1.5577753239056742,3.053153441545981,0.9377547310284031
4.139487167127671,8.992723440329247,3.084384275971015,3.912918633398018
4.373424319149979,8.819837159854476,4.886601991726422,1.6153559924059488
6.591975617401365,4.215438297964406,3.6199227761555526,2.120604689693618
7.468463019359821,9.019455552374811,2.1513611723072077,14.554084938300845
1.9954323898584476,6.343075669581117,1.963197239752554,3.2840445519676624
1.3203120772582875,8.253150823170117,1.5129928225802596,4.760171963095195
9.948972724171433,4.846879640441928,4.026058896196238,2.9749538155349224
3.0945551402399665,2.0205849461041785,3.7630266247293545,0.4415712164109508
1.4844747241761316,4.9035435638141465,3.439508509232424,0.6153044682958534
2.70887796186328,5.115698181972081,1.1633617717999534,10.239170537708548
1.3506206171361779,5.9584977445654275,4.0513154655771775,0.4903182184982939
4.526298051554545,1.950244416139852,3.567550308593917,0.6935726822059602
8.221616060061919,9.922616767446502,4.855555472441953,3.460234803261067
4.071200047819485,3.197231387262157,3.3488085195072483,1.160689027918159
4.997650661905299,2.7869716318338362,2.2158076266468325,2.836836707530292
7.080280962106949,5.741226269703429,2.526082208757281,6.370304542535435
5.580046630628922,5.834873614553998,1.70336282151293,11.221604392287702
8.753011174191919,4.9583866404991985,3.8916567288055406,2.865687442979279
8.794321075411808,7.94702931692729,3.8308866400869013,4.762209868509238
1.0891962594203828,5.649889606557425,1.802600061910705,1.8938576828706484
8.002416758348794,6.487259096304857,1.6339572927291144,19.444689244513214
5.1466024021750645,7.5137174686700705,1.3080197328087784,22.60200087570172
9.899564871732968,1.2252259140747994,4.647902974727034,0.5614591612699866
5.349088682878916,6.135797642905403,1.9322793347794045,8.79044797434833
9.882063508494678,8.957750241055322,2.376654107007216,15.671646606431954
7.791124250851629,1.1564986863289053,2.1220180335099625,2.0010002068678285
3.237443961519757,4.646638934208649,2.654498410443164,2.134893660347654
5.845554813582619,9.33604705185247,3.8561951975299333,3.6700395985809444
9.929220755307245,4.17838962054284,4.482382534905138,2.064934431222704
8.717775469767314,5.128559417802168,1.7303949981141606,14.93174514330547
1.8763020441209899,9.833872537398815,3.7456493749646604,1.3151433220665214
7.357347971289965,2.7939147305551644,2.4102485689699407,3.538431372210577
4.1102162728373175,1.5872967021250535,4.922108673189172,0.2692901028020919
1.062840356923133,8.734803317751739,2.1956766371363075,1.9256812655199893
4.631328721242996,8.816188070911316,1.0287718240314399,38.5787659053727
3.1127897955247414,5.248700512120118,3.0625598960793807,1.7419368420087478
8.369823434684243,5.627864570295577,1.602924337103751,18.33301478874635
4.035975479611889,8.522257326560524,1.1779777072735964,24.787288358328365
8.447713245584353,7.647035483042156,3.793076927790834,4.490027152497278
1.0053814495131577,3.386341019953096,3.929037130033826,0.2205409764815332
3.770372350235072,1.152040195643666,2.84279605246601,0.5374777206549529
3.1704869287698574,5.317301462801912,3.707542067026309,1.226436523680614
3.1021062496174987,8.730210934860771,3.1529577929885355,2.7242382818043787
1.6136795778891644,9.06251209021146,3.5192044308877266,1.1808015381240606
2.6841184336945156,9.606035773685385,3.386815892751845,2.247826030846698
5.999946128970579,8.91606913851503,3.6632910562223695,3.9863729503223087
3.6222496555397004,6.220391997682885,1.798522594692685,6.965693121567632
4.756553040962332,5.001450393124908,2.074826480146801,5.52617642055109
4.391801923124697,7.973648618806892,2.759852598030768,4.597566961988496
8.883144324999051,7.658394709290368,2.7845120376767456,8.774174444385672
9.14769099109464,5.84329087073309,4.097646846347617,3.183463968086614
5.436612744902741,1.785946353026222,2.469574636918128,1.5920345766408126
3.9714035528404397,9.334732121082268,1.6500206242367295,13.616551538088588
1.9612063360212728,5.100422837514959,2.0058638819643035,2.4861455606187426
9.580625914438855,4.270004037246379,1.8589340095369136,11.838433057182483
1.542042504102677,6.666106556518946,3.926640077024088,0.6666937845644111
3.678852498114524,7.064541650502792,2.8813584585039282,3.13041405111646
3.6825958105300374,2.896191253272713,3.8345227918839337,0.7253684222642242
3.8836115752619342,8.532449603289606,2.6648787230305078,4.666106209849743
2.4785815894516836,3.609433842961401,4.558942410015621,0.43044145760712166
8.048452878313274,2.6801553332288504,4.934081230890938,0.8860531636988865
2.102480757693903,4.657598675690477,3.6793700348104466,0.7233477920717052
6.7141599323784655,7.575040728077187,4.455250228944875,2.562314603801335
2.114614240352357,9.689123605958232,3.0317330686882507,2.2291214305691045
1.6348207383366091,8.2835313793429,4.738483361415632,0.6031244574941409
9.18486553317289,9.463135399031726,4.326345942691312,4.643712988257446
2.7111588968683513,2.2654522366887413,4.967114287064156,0.2489439501724542
8.39125139103734,1.6405911897730912,3.4923749413111222,1.12871781674355
5.901677839964222,6.019342857160041,4.116826961072914,2.096038973346991
1.7007086764789263,3.612677347396309,3.171472559912854,0.6108536692923346
9.599033722942607,8.452494756723457,2.0364804170856914,19.563743086438716
3.2226505029270327,7.047890842620935,2.419020684519031,3.8814430105529225
8.73680810817346,9.73655347587215,4.5760216589252645,4.0623927445154
2.5192900520610775,3.2931312015817378,1.2237917863944823,5.539520034857
8.685485939276676,5.372057029197092,3.3659195442976326,4.118388138390287
1.1190593161476459,5.51116429682818,2.4899361300164347,0.994763979969989
5.606024109125326,3.1525911537163855,2.546770152022223,2.7248532076553396
7.924983214794011,6.31084059539207,4.538284825655069,2.4282984552109186
9.41315965743505,4.989573874713155,4.415289498184906,2.4092424867611784
9.182819225858383,5.020494003908863,3.3953695022898747,3.9989723441106158
8.376623825928803,4.2646298317523526,2.0916753896173357,8.165105116040852
8.993722146951736,1.1523641718298157,2.901825384648096,1.2307976615195737
2.7929771725336883,5.698857132233101,2.633173575156864,2.29559980623583
3.5576586614055588,4.01723052130298,2.414472116809981,2.451583232518506
3.6007167242895264,1.011878820858967,1.4111423142291857,1.8296829134999293
4.3934853790152895,3.771493368957388,3.1724555468612814,1.6463851612653417
4.539886033466699,3.507654997807813,2.2073251914979344,3.2683546971506034
5.900997921892079,4.541033379012722,3.6432317717101137,2.018861632634228
2.4389178702979724,2.1866679067905723,2.276815743302123,1.0287840805602249
7.221219974073904,5.56915442171576,2.724653972539207,5.417228122613835
2.5080988537405586,7.2319631726631695,1.2094414967776301,12.400269520292564
3.7927763389409277,6.671670121491152,4.97015227962191,1.0243595181876102
5.530106175455386,8.233794528122715,3.0304415331007033,4.958172996543618
8.167965053711296,5.068074591883731,1.0969503766566913,34.40193777404898
7.655223099148546,5.6718255730575535,3.1649226350445763,4.334654845345454
6.8098092076947,8.29361746773085,4.481415997222599,2.8122143779894087
2.4019593452215315,4.849310537373147,4.090208537064811,0.6962332288243898
5.9234081105401994,7.314394149096373,3.8036267365178165,2.994706271184786
1.7870185161989691,4.911421318461927,1.5578586183961396,3.616430813611547
4.396268591169857,4.759625750604064,3.6309483159498894,1.5871460377120041
4.721648772609632,7.841850620762442,4.065193512049041,2.240525008707599
1.3583029550117844,2.5735322391959006,3.2896762558619863,0.3230129530789829
3.4658928952297465,4.047273747474162,4.570996018081406,0.67136088063379
9.600845205398404,3.017550490722116,2.1079591271395417,6.5198805885628595
9.582693470467206,4.231989486708374,1.9685787989570023,10.464694859317593
4.1709434882728535,3.073373401294216,4.478278979770584,0.6391861323258726
1.3879009805349165,6.214650679779892,3.5015929719658097,0.7034672458651164
2.611854453953634,8.183537223560606,1.0057888820839973,21.12887496198684
4.529960140901862,8.079517550961118,2.41252563404421,6.288338855315097
9.530017281723069,4.280508680939132,4.431423943258698,2.0773155426971126
2.270791571834664,9.898843653048356,1.1092780465669732,18.267575138822046
7.8716425930139104,6.344689282352207,1.0129917130460355,48.670290697260334
1.9781428543722286,4.594602716004653,2.125037162100519,2.0126699293308987
9.831318196521492,8.51985351317283,4.656000148037112,3.863829103367606
4.4345484919822145,7.568866113783768,4.605910325880066,1.5821558988239168
7.9771108500915044,7.74347803141694,3.0750477832060317,6.532478067717558
4.083319745300186,2.7652541476048444,3.2129474845584904,1.093808230609668
6.649019894429278,5.2149187663169965,2.3280320452687553,6.39775009603318
2.728144762660331,8.756453177421424,1.9749466481112394,6.124701189505928
2.3141891736726627,5.536342068658816,4.2608874168484725,0.7057024979506553
9.442577256113182,7.151074690789453,1.4251794419985657,33.244726370526315
9.258825501139901,6.291403597308381,2.949417483514543,6.696238982263074
8.98722046191594,8.581211089465437,3.537589037988338,6.162532486087396
6.628901051499341,3.5610475578544234,1.4147211614841169,11.794447744740879
8.274413900946504,6.179277500977284,3.0784283818893847,5.39531532269757
1.621332432202374,2.109112012088236,3.3100851516497727,0.3120997229165107
4.013101377016112,7.211896990295211,3.9699842420294593,1.8363357106112521
3.823328122814406,7.587710545174408,1.9393441965901315,7.713341090208498
6.720807897573519,1.3855358907009858,2.173310013163033,1.9714960001800574
4.2036199612357645,7.082118672651866,3.2780845865321337,2.77042459402149
2.336561034793127,4.732211387492077,4.932505639926457,0.4544709051406834
6.368203678721893,2.116871884987141,1.8699727312804577,3.8551472703619067
8.329455286021734,4.779167929286208,4.943615308493856,1.6288442357096993
4.439111450139759,2.7480963672602354,3.857370132217925,0.8198707260605643
2.1904184358863352,4.740035789109848,4.304328278520092,0.5603997518284473
2.7701937758154074,4.459051251626749,1.3585650729453569,6.692551515152261
3.137349746524456,7.6455247324245175,2.201680749722529,4.94836290917564
3.699078336950826,7.9679400234972295,1.2309451186039242,19.45190787890586
6.785155634556782,6.46325788946092,2.486187980012701,7.094852546187317
6.408509360839471,1.2041815796420279,4.925158639680207,0.31813287856213246
7.264718754103352,9.379200511638945,1.421092248825354,33.73961206957972
4.2625178607836185,7.176099520868029,3.249491129484798,2.8968362956767653
8.415978866919804,1.3077590492906994,1.0242824912552493,10.49041989826548
2.8367889504018424,8.369496092927061,3.850731264176251,1.6011791105893742
5.221366727663385,2.8023953924619653,1.7887707694881643,4.573031878219873
8.208448493872872,6.212990706139961,1.5183381484990517,22.122019643295733
2.621427829593573,5.199709329551684,2.3480712486431505,2.4722616427086535
1.9887680236670464,4.77854904119569,4.084177191755926,0.5697325399934425
8.953155709191908,9.007423481119577,1.4264523452448432,39.633477924438836
4.086366964832763,4.936251624063532,1.9193559831947815,5.47549759536384
7.154831124181288,1.6780970581583565,1.0338576864692381,11.232978862301788
1.2281374383754464,9.519748544934574,4.873659450782473,0.4922232106006857
7.210421995685047,9.284817081156648,3.3685823999554554,5.899832536604343
3.844911803922735,7.159894206234389,3.879598545538798,1.829024032024216
1.5016676822869757,5.211032753188225,3.605532684624058,0.6019477056904533
6.488314853933053,1.8357352564916913,1.5774582354786975,4.7865899630125135
3.167234344658559,8.116733067197286,3.3797597559759764,2.250555882264544
4.48126517846692,1.6793012298162606,1.5256623805650484,3.2330496548685392
1.7252273105786222,1.617408864056311,2.6049458158525116,0.41121481708867774
2.324469259854508,5.836454581954313,3.275852543701172,1.2642245752147334
3.6817951194625937,2.4411541616617622,3.2355244564086236,0.8585497189889908
1.8078355050414143,1.0695724060631409,1.4762937039309638,0.887204153509372
9.197436382176837,4.808020878962076,1.1377438785860887,34.162065605677434
1.0544233886558056,2.2349550844905934,4.192937255495256,0.13404391484172368
5.354741969778803,2.4446387375262213,3.9036897479840214,0.8590187616362857
2.109227123192963,1.692195748618012,1.3272756182589522,2.026057254133981
3.7691118053015367,2.8458437835124895,1.5096620752062138,4.706418980897362
9.334536038364389,7.439357617969504,4.570335105558481,3.324543990400032
2.4552509794658817,8.280345764960122,4.07651560648712,1.223393437333964
9.692490877464994,5.072802796263706,4.984641184866696,1.9788623132090124
2.8521493929047956,5.558984342932759,2.015949796820087,3.90129054499148
7.6740949762014665,1.2938953113478235,2.9512119554752596,1.1400542181874673
5.920095384075806,1.6238463523418516,1.9458383042494227,2.538985037501694
8.960308548370833,3.318109530845652,3.491200553909239,2.43929366122824
5.985939299528178,5.895085786418328,1.461656956365272,16.51701344597009
5.811032972406778,7.655960338614936,1.5089726909721324,19.538456594955576
2.759122003315599,6.445027552042298,1.2875515656204906,10.726707056623978
2.4960642584649286,4.5291506948810945,3.774344329056668,0.7935777757110463
9.248402360039627,2.0649166570282436,2.976290309732827,2.155850608345454
3.9505437896503066,8.026959113984706,3.47092486541852,2.6321916410094883
4.348740294666063,4.274074464391514,4.517204186357436,0.9108903746611609
7.838412925855495,7.624486130345106,3.9613139390214345,3.8085546583204457
4.049411341805266,5.616809577229077,2.846891672666764,2.806336283155986
9.568562019751024,7.647958482056427,4.937423953576905,3.0018663909314647
7.641349920989203,9.165606053073146,2.825024404567893,8.77580302614715
6.37686318316078,9.289265644484217,1.4498026929341328,28.181926478067222
8.928056444902772,5.815961020005431,4.970618989010864,2.101635835990695
1.4464531751453449,5.603575282890749,1.0912829200593892,6.806045907075133
3.3135642297028784,3.3911061895255354,3.1995342379510086,1.097648426337017
5.18532700798819,9.422198483763623,2.236381954798837,9.768692521598455
3.0428068552436893,5.121272504796588,3.0142086040679392,1.715164033364855
7.695146685719368,2.1483211535863944,3.2348518103780863,1.5798189795113795
9.272872279483526,4.894344231638949,1.9603835851139504,11.809368495993708
4.81393107937831,2.1434792521420354,3.2274350229490474,0.9906132607758813
4.079193401007054,5.522785158313676,4.02424444802215,1.3911172577030162
9.653956589238096,6.05147963370591,2.0660393489759934,13.68641612585574
5.003671895447868,4.039801853442268,2.5337045332556283,3.148741087653594
5.401435604043549,1.644855528083362,2.0729707726562316,2.0675242101821136
4.164848851077148,9.491531820699151,4.28223892395281,2.155727010903829
9.185936257109246,7.960178021350867,3.8999290368383868,4.807649504932904
6.120599349536657,8.54992972454609,4.484785748873629,2.6017951281138667
7.859571284634802,4.301815548576065,1.6801995716066371,11.976471984890662
8.306260465157976,7.847479270175055,1.2943185526390062,38.90929571962727
4.076641377255323,5.368356056522748,1.4775340154346934,10.02464137852215
4.90324898188342,2.8097513956544136,1.6440733312969456,5.096939435731008
8.636245969656382,2.1198103921649194,3.1323306426992095,1.8658933709499024
4.269298165082292,4.1054578238985115,4.883648281451059,0.7349018222965539
8.145416201066663,2.237969003276257,2.428941666467128,3.089819981376105
9.468930903169934,9.984420785836617,4.834033077440821,4.045801653669224
6.608893357612063,1.4427009120881986,1.1528031799567189,7.174550863587342
7.674645587067,4.970292394321689,4.707488811258633,1.7213202361567252
8.245875808370215,5.068841701513457,1.7246104292198847,14.052820597626576
8.605356840069783,3.70568735723508,4.649899942877395,1.474858801441426
4.5554800407111635,6.142164091362508,1.2249097204618447,18.648650110589198
1.4613711325839835,2.349793217363902,4.79287778998013,0.14948494614507427
4.616886441130656,8.055211425285103,1.8031930572754433,11.437778536900014
7.063806068056808,3.992029464228745,2.210856240292643,5.769145578222445
5.053153472027135,6.322083308187776,2.9637693764118325,3.63692119126771
7.740668357743587,7.440753124602634,2.522883524941901,9.049007639166023
4.212841865217975,9.00137905921145,3.6701118770526,2.81530597480095
6.712697269936266,8.5220869280698,4.89923106900031,2.383346439436037
2.677778243685771,6.474781252932036,3.425705963219763,1.4774049234107263
7.744324929804613,4.495538623454983,3.885941637746197,2.3055404822362897
5.911263719317232,5.528842030674675,1.352021001222806,17.87918183192318
2.836579496919405,7.9186131404092235,3.5112497162800214,1.8218837048304855
3.627200561480265,8.897909883035258,2.8153991081856526,4.071736222663713
7.737478377236491,1.9340373535900468,4.543129431678514,0.725026843729924
5.343411120953686,4.463706362437481,2.552844398572408,3.6598688145258538
2.94428296353765,7.985049385721505,3.7178165761996764,1.7009096052317594
9.70544071333268,4.884865863345649,1.9126149130363164,12.960233561162996
7.4361251783519915,3.9900498765965544,2.037490134096784,7.1471679484772785
9.614213492858166,4.701904271409426,2.5044897236890944,7.206908970326728
4.843945408243089,6.425602721077158,2.216254150026011,6.336858170170369
5.275903066225484,9.998246297204213,2.0155153575602993,12.985193189309165
9.081596945665172,5.436931861940786,1.1986748236032372,34.364762455901875
5.725444062208462,2.876450274588345,4.346985327009836,0.8715447641412997
7.365510207151004,2.4656191775118526,1.2572061235651373,11.489889700542244
3.2695558974597696,1.3811477272877286,4.5494620624118705,0.21817691875508238
5.020538218323765,6.029355114264893,1.501861556272241,13.420272665885072
2.1110487922931958,5.901148823399508,1.2610469482506361,7.833797258568785
2.853820322892655,2.8471053410227825,3.2520190559227884,0.7682879096786549
1.0084907374086798,7.257964658073103,3.009767170298887,0.8080178620830876
1.3533854648379422,7.669963374667127,2.9649382753275404,1.1808194142188448
9.795554408592364,3.331883848439001,3.298017310005591,3.0006339101841664
3.181183256230861,4.0968978762676285,2.148226424476623,2.8241237141757214
6.969796385536018,9.91424505112531,3.6517970937184447,5.181630766957292
8.551897289196503,4.368380210656608,3.009608878828733,4.124419090237683
5.955944133129078,7.847215045804917,2.338973867829301,8.543098825555195
2.3783005007556057,5.07452883966946,4.306002667922913,0.6508993880214589
7.553047936025497,8.140103450748782,3.9108843853068405,4.019779309378228
6.402262690896247,7.921209149043831,2.574441367778488,7.651718061204095
7.581255304126376,7.00980422678682,4.390471140915491,2.756923766733931
7.927719605713785,8.693005116660213,4.681033000447097,3.1451025507477532
9.778693309162707,9.452966453899167,3.14746506833745,9.33097668941813
6.16206952024039,6.219849884068755,1.859809800627683,11.080757049233386
4.074770014215416,3.1372201650047113,4.6631686261879475,0.5878761734545173
6.836181012102133,4.587660654796675,1.7579184803820689,10.148628994933702
1.6159663831836353,7.824751421619639,1.1936929056690766,8.873963663195465
9.076575864894277,6.8579513661148255,2.3099480354925235,11.665732741803094
2.074429102043771,2.6001850470872387,3.907865377844159,0.35320241500965144
3.950585540972364,1.4611558703178225,4.693096345414197,0.26208313621411955
8.341708425635087,7.146654341878584,3.5491425872577596,4.7327208343595295
6.375811404976407,3.259711216264108,4.80735418786664,0.8992953505751003
4.542719682496979,5.4970321935614805,1.3694833571035865,13.314679027728713
5.260920934375193,7.720720952613348,1.2430149183520802,26.28856917641137
8.690926538819623,6.0640010259069985,3.416767802974656,4.5143415389492425
4.060039474539029,1.7497232480061675,4.864465289971019,0.30021293514856895
8.826847163309541,2.6702221310519985,3.010885235818896,2.5999475914953707
1.7932098787902233,2.9739536562782725,1.2060609037572205,3.6662902213463897
7.991185934877676,3.320778282803604,1.8848746243098247,7.469407967913883
8.627928697492628,6.088630527554538,1.9791716256630827,13.410941128751336
2.6363588755360485,5.535692018428541,2.3514285165478,2.639446642053731
4.873118791349804,2.8284403452778806,1.1744135343448505,9.993369063883605
2.4894979719729005,1.6079935911011836,4.6195708019916655,0.18758272254299346
7.35943716094796,2.542889840272463,3.062255778885981,1.9956722675053684
5.818129912554911,9.85943181356743,3.6837231718164363,4.227283069762674
6.717910120374889,5.21692254812325,1.2686913475800359,21.773919961689366
2.7683827026059005,8.806109542319012,1.2164618712145976,16.474536642683688
2.9057127584717755,8.63877220001959,3.345871088162189,2.242261675066143
1.3734759295891572,5.6036760171658635,4.549184042016832,0.3719007522383718
3.8986078167615674,7.360189376144891,3.113928003838188,2.959248278836296
6.037701952003075,2.7347680937144103,4.511276690280286,0.8113219874579076
8.721414225975959,7.195570344342174,4.243965092220957,3.4842437609252572
7.002347027128127,3.4514612133696057,1.303415143179683,14.225944255453022
4.918566910597763,8.488558870787358,1.8078298975427596,12.774897373736696
9.57808102954724,1.7535171979801891,3.63084267662137,1.2740124543534974
7.473206805182487,7.9582480559674975,2.7740055302001663,7.72876010563204
9.37148682576295,1.8994321591175758,2.162799254587682,3.805396052082788
5.748291759449491,8.93070313204878,2.6745354241919164,7.17674882919063
3.3301384731382564,3.7378406632150334,2.7807985850825374,1.6096965355915382
1.4754401772824979,6.8895402834751724,4.642209003286386,0.47169630059905926
7.534763663354655,5.3875205075825185,1.413833134819812,20.307771107282555
2.0917269820498072,4.29672830736105,2.11892298723046,2.001762488839009
3.7249761544477047,6.808976498651468,3.1502592663308557,2.5557168526573784
5.792238170955077,9.527706824961141,3.7931477065223667,3.8356174624284463
6.0797492900177295,1.3714277263715968,3.5225491558369746,0.671961624927006
6.4052487728842245,9.26967570294794,4.766570950949578,2.613294887387243
2.4962979731473056,6.481734895189121,4.182435699277892,0.924973184984179
4.417636643394839,8.265828706921472,3.228307367897721,3.5036977820633104
6.5547480440527,4.454874580908498,1.85873076669403,8.451980940805647
9.728369781704062,5.246586773538524,2.8034969256089592,6.494066952242225
7.548680239297198,8.819656766210475,3.7735289767779094,4.675492176712525
9.30343381384562,4.733631728288408,4.351848699344339,2.3253598194046363
7.859908524827594,5.8119361007417645,4.838944897689549,1.9509088059791124
6.325452720031604,1.1817543077589963,3.4218110645516706,0.6384203992547056
2.728210322227101,2.427382052542381,3.10767746921773,0.6857157203899902
7.000170867032617,6.775178571773198,1.0707676924845932,41.365556276638785
6.610416093639164,7.452792109574894,1.2883962766007198,29.678973909610328
6.422222534115398,6.2434084310604945,1.624419990549601,15.195340833303067
5.408072811894167,2.289790326480496,1.2190397247585123,8.333022032139167
5.75790943590348,5.008648857200513,2.603452955219706,4.2548665819575495
4.0099827440629365,4.195852897268709,2.3475141805554887,3.053137115833894
5.673814233780728,5.460952096315795,3.5494166314735716,2.459401986498792
2.7780031511063044,8.83296131098685,3.142660431733611,2.4845294399992075
8.246569576243392,7.9827529479278665,3.383883037551439,5.749039988199072
2.6719925922883703,1.7559055125024305,2.8879088117506164,0.5625607658343105
1.7646966090051976,9.01278277997108,2.1109485942170285,3.5692226496006896
4.926214237214417,5.245904360348412,4.811301259785909,1.1163710388103152
6.924766955554556,7.694759303973986,1.3456366390405559,29.426905498648022
4.939451424401872,2.2603530813791695,4.755563997861229,0.4936861478791963
3.4907871875617773,7.036475731363432,2.2449521874589387,4.873762651696679
6.023540655013966,3.1269341584851214,3.0506457814691896,2.023890517614146
4.1230210187097995,4.945428074268384,1.4353692913101845,9.896739466925515
9.395809211139698,1.1517658307389396,1.283724273484037,6.566816388432018
9.303806256432148,2.3644957413742844,2.7181817948744116,2.977434355934947
5.521346379748859,1.828724438112578,3.9667895055187126,0.6416747509591605
3.950955946164327,3.157697556444326,2.0774591101941957,2.8907314624500433
7.634191725609751,1.9001628102189003,3.2493915557412802,1.373883100385012
1.3304164913475998,7.227190239576057,2.1146013620912734,2.150305130216321
5.272921054392861,1.2613591198829743,2.5544522435721633,1.0192822119244147
4.026910548433001,6.559664505624982,4.625785273895299,1.2344760596646707
9.284822965922992,2.2663704774301685,4.423358501979678,1.0754748359720319
1.1080272454541429,9.506453114601072,3.0640701736705194,1.1219449172186426
5.975333881465142,9.397846657988689,1.952422509888315,14.731362602855171
7.6659722295996335,3.0295279226886636,1.7727356509320913,7.390166852466764
5.365161887716371,6.529791684007265,4.816349412142857,1.5102407517362733
1.7686272714644948,1.252047875252126,1.81086638604275,0.675280856907804
9.75215251025112,9.386096887460567,4.232673243650156,5.109236800296627
5.662093882384881,5.7068857737253875,2.475880838142149,5.271288290693659
6.527676198871102,1.389008362760011,4.942639390232953,0.3711467072992947
3.129488044367566,4.082499937073236,2.4726229614511515,2.0896987727318996
5.351482765961235,1.691645156751108,2.4060664996429044,1.5637529721732641
4.862345427624897,4.536499954360239,3.5498545155104924,1.7504334747859844
1.6740625780178537,7.029337079451908,4.846067226507277,0.5010801385645512
1.9554431819272051,5.229009172372956,4.904838423185732,0.42502570316667077
8.537252676568972,4.45349957247509,3.828824585867941,2.593514081682211
3.1583795698593122,2.072413409864183,4.018425462545414,0.40534879046222994
2.7546244434876748,3.204451411242907,3.2536087038921107,0.8338452234937969
5.544203061251253,1.90128958964516,4.0231029565293275,0.6512760455938131
7.918724182262617,8.267488584909946,4.439118619881986,3.32227302417247
1.5575186672108914,2.217158451862503,2.944381212780093,0.3983289909641452
6.1912712767443026,6.358360298940042,3.479449051320412,3.251651579739943
2.0728939855651602,4.084663722299613,3.149266780932191,0.8537181120839384
1.3281494574305661,3.0338054618966517,3.249882454114709,0.3815042424186633
1.4746955694599566,6.755215955428934,4.560191639495764,0.4790440218326467
8.507476973875972,5.113020784392466,2.422467320822281,7.412462106851128
2.061752352652554,4.601309205561032,1.8327361024024968,2.82434696314324
1.4063622797106277,6.335668044029994,2.8251204410945165,1.1163893609163396
4.94109898428621,5.421408656410007,1.8323407619250607,7.978536076376788
8.595941247478223,3.731357876964047,2.9936017026480766,3.5790874395989896
3.361675388403717,6.031551589887265,4.614032421428234,0.9524091030948609
4.795413557733248,7.025487188956251,3.469734081929911,2.7984021700129285
1.359302793073761,1.2402384272816884,4.421731413212311,0.0862256892714915
5.041706627213883,5.192845560169078,1.6647636784620472,9.446649314077955
6.198517725734203,1.519149561251894,4.603494370148708,0.4443376842483632
6.138163483769303,2.6776487266129996,3.407148657628463,1.4158260160558458
3.9918402295692865,6.044578606701758,1.1270391549619192,18.995956733799076
3.8397986259682195,8.795700237390227,3.5324758211401472,2.7065775363088873
1.959612570429381,8.945251112696363,4.805587825043672,0.759048831503231
4.301184885816415,1.6294960912476815,1.3166680019014483,4.0428615732006845
1.8954520198566818,4.77194577658036,3.3298245218782885,0.8157660010151109
7.899363502408464,6.247058347040961,4.661914411478859,2.2705918219111303
9.696468679733673,2.3236291409530905,1.0387806733374982,20.880105637495483
9.730670110000363,7.8888899507029455,3.523651705863293,6.182622053709289
8.785639894378544,7.698117325935149,2.8996091673238507,8.044128433937049
6.407129344056572,9.130069123361151,2.3879572745944424,10.258513935473964
7.307791275194919,1.0763741087509873,3.510145959781504,0.6384090363901461
3.5668522241237266,2.950158195901024,1.2108083783496677,7.177605530746497
6.676933781553585,8.444680428207896,4.012252185149601,3.5025459689710656
5.100845944958897,7.035220457442419,1.0179179076788305,34.63334258835754
5.338156057992393,9.049508683286417,2.227742975169409,9.733882542313925
7.819989043376421,1.5146168907723987,3.0158345507387136,1.3022486489125062
3.537265200375265,6.372675691447985,2.508089002266207,3.583468171599028
3.8623565052506788,6.1214191740430675,2.22990374082233,4.754799902577552
9.321776120157729,1.3210697472447914,4.323340581872385,0.6588484318058359
1.5060186536587503,5.621698692212352,4.739330297087635,0.3769328273434499
5.370708685720063,6.485682801789318,4.494850739623555,1.724077370483663
9.215207203670756,2.721638567818965,3.0897252521999987,2.6272163044977748
6.493267070363413,3.459966248121966,4.536656700773932,1.0915994176510424
5.9176636679091885,6.763126116679634,4.683446260726175,1.824595845343617
3.247697613064197,5.214708528399625,2.636953588189848,2.435570207195523
4.089479401580034,8.722122918114941,2.1337834380217817,7.8341078843548715
8.668435742242236,4.081435894082695,1.3930608232532813,18.231128664760206
6.032963185916123,3.3999369254938103,2.916367684196916,2.4116650018621226
5.6326797438110185,9.863793463103585,4.785187681753765,2.4263926246618177
1.8962174218602603,9.20022193117075,3.243630112281484,1.6581498998430397
1.144253408096108,1.2609347049908188,3.6702484071446864,0.10710848956855547
9.673166698183442,7.936557537759093,1.4515352739673903,36.43725507580513
4.392875505581575,1.9930129644268266,1.574078656569025,3.533508650211732
6.428917558895539,1.2473667534643385,2.85789304783869,0.981838543919311
1.7174356586855648,3.46325964369714,4.805059195934903,0.2576131590863948
7.148028571507419,3.4241129115499387,2.4431385663661156,4.100512671875984
9.393100378353648,8.373868861122682,4.509936165270134,3.8671794844845304
6.180987276976777,7.396005213485516,1.481154373702846,20.837921977422415
2.135037901378695,9.834484845988129,3.4680688277348404,1.7457489464401537
6.23549374726129,7.4036161028063665,3.4024519076420727,3.9877759399483703
7.897124917941872,4.764299979304431,4.439499000281074,1.9089747381873161
4.657748829166168,7.290348948506952,1.013266817619606,33.07323982768397
8.91853973147321,9.995131604677619,1.7597266687902886,28.786696995260552
6.83814658021628,7.391276943062753,1.878750501717927,14.319229901450631
9.093240264602823,7.855132203822865,4.799864352362949,3.1003750757222805
6.611547801226035,9.445285136712334,1.6147746250795798,23.94938595400379
2.181591748043418,2.02286135180515,1.1478494008822415,3.3494212815473086
3.787225399946702,7.3430586410295415,3.137845978967232,2.8244565935757504
2.8161545342721124,8.65725362170704,3.1142338497347266,2.513820025868363
9.179438479451761,9.589407401988037,4.3761878614714576,4.596380474083042
7.843600605587344,2.8987236074052944,4.795438600711208,0.9887024475227952
7.087585320190055,5.535361069518197,3.154181768560524,3.943399896128678
3.708696876684595,7.124993628800336,4.719976729678622,1.1861131038372494
2.656402948451922,3.227209565512037,3.9006366051993187,0.563443194476685
7.808059791900206,6.404255769252466,2.05823651198234,11.803783694184247
5.267421512911717,3.3182090424819943,4.713682843775706,0.7866491895513528
3.032105969355662,4.001113184784826,3.669772704727499,0.9008383785157101
6.549597803487476,4.973668268597786,2.656383730970535,4.61646793923619
1.3630046692460678,5.762710888719103,3.7209683380677228,0.5672992720283436
3.9355322871542815,5.044292844626356,2.6052513109750035,2.924856240378658
5.2170129513202115,5.438759678091363,1.456735071951837,13.370899710850713
2.3316250069846527,3.6872988065946335,3.875914988707599,0.5722931548174102
9.861890298317556,2.4306858462036756,4.2963504486829756,1.2986424685816231
2.8818762813065284,1.426149795941555,3.915224796077551,0.26811867947330037
2.1731781703893898,2.763808502425009,1.9164586710267062,1.635326093271437
2.8318138649820677,6.237492773552047,4.826540053910452,0.7582334331233787
7.921550198437518,8.07503903022819,1.1010182467646237,52.76740973909898
4.829550933446585,2.523228376986051,2.3307411895025623,2.243237251972823
6.088743457772842,1.976998219953836,2.040369738139582,2.891453463462509
1.1890824128772466,7.743613244943252,1.1925049104594039,6.474932683363832
1.309881777159831,3.746424974835607,2.622918771954674,0.7133118808448046
5.012429948443145,9.563494953046172,3.492459360651098,3.9300875636952077
8.349897188814612,7.428861735493357,4.530211453940405,3.0225010190199195
8.967149908368087,3.940804425187278,4.95875886476588,1.4371209900369932
1.780359108360762,3.6058847301433445,4.232358345617593,0.3583889305663456
5.845267918909205,5.713285476441781,2.874722074851299,4.041090896260598
9.219067176513434,1.712302014503885,3.8948177038681226,1.0406221753305263
4.491754789580977,2.059088613807691,4.374495154358563,0.48332047880536183
8.466092482855316,2.5827209318457327,2.8612287856747254,2.670885801417348
2.203260889594926,7.972512339741042,4.140217736102,1.0247425330381252
9.418550407010189,5.624716233422102,2.930609673251507,6.168345993320877
7.762809857781724,1.0951041049699866,2.545983963506891,1.3114840946932955
9.472009535082115,7.061648747248981,3.104363351135045,6.940697915853582
7.089555101972558,4.813211607944474,3.7034189505085795,2.487987812715162
4.270635387994843,5.597671284674181,3.9075282252743895,1.5656534470830747
9.443630552722501,2.9270461907164202,2.4269450755684314,4.692979625597318
3.480100986782606,5.966040055546933,3.2852810062241393,1.923680602759026
3.9895526985555927,9.812379157763397,4.639483496321788,1.8186924297738887
7.307275762015663,1.661002219051853,4.9052516004425595,0.5044325854152552
7.887846695728476,3.5552565969798757,1.908992364735818,7.695219805287792
9.364631354642384,3.186978335747468,1.7713246628533659,9.512035401382837
2.8432216815058853,3.2369437967606163,3.706742533714594,0.6698245147552375
8.181982316973016,4.408357218088396,2.6587355432937754,5.102523724255763
7.646914480572671,8.362988062697507,1.0968893536725481,53.15230068517024
1.574151006282381,9.215728209679487,2.3874474825891365,2.545120770931304
4.485008270891862,2.8199357871307598,4.2269789738890085,0.7078517209823886
3.5448891135408873,5.886549441533015,4.189707721532731,1.1887649628574166
3.7404138191862737,6.7320907494893225,2.9787405952663275,2.837946775687232
9.846521915992307,5.696447269274604,2.890311739550141,6.714250802075358
6.784996721319351,4.906687547772276,3.31802976973751,3.023970075205194
7.459085420141497,2.7277795527331405,1.877586842254304,5.771580852500359
9.789558735835083,5.393974232793147,3.104174499563822,5.479989547151235
4.394816042118748,4.61093344940196,1.0441854402265935,18.585501682849753
8.216561516075252,8.160070262520428,2.902238219132535,7.960088485236739
4.910778669740458,7.872439232466957,2.3442041850023703,7.0350761689311225
8.825803046334817,2.2059881308510363,3.6994784236146385,1.422579039980333
2.625917871801729,1.796671473067608,3.55341433661051,0.3736440844000513
9.529175593578517,9.173385489047527,2.523343520731236,13.728788594548394
2.968945375697917,5.81957550068048,1.0290919259143663,16.314928414771384
3.935984562828384,8.720208435543316,2.009094517579842,8.503143633196121
7.8057301069610245,1.5233600850976103,3.533391400756649,0.9524289932965136
4.54379627408866,5.738640548694672,1.2894933720700181,15.68157376628503
6.4739023908980196,5.854838631186127,1.4305696873338554,18.520940645681893
5.001161509624857,8.74631829287935,3.5881400982683487,3.3974836447584256
7.6813294338080365,1.8784899840673677,4.023069603797169,0.8915181357820784
3.0549812713174975,3.1640100730831837,2.2861988320508484,1.849347022876437
1.526121885131893,4.6588448249831185,2.9586922620662475,0.8122091427956237
3.699364577257596,8.792573278779479,4.782845459934634,1.4219045150796348
5.268777983815872,9.449949835635103,4.782174248703878,2.177151287635641
2.512180469734107,9.93452157634265,2.2300110978537204,5.018613419973504
4.193175606907499,9.632741378126694,4.239951500068361,2.246834963849774
4.599847164642117,1.0534758025991897,3.375776211227435,0.42522684075107026
1.5165265931944618,1.4293750730848482,4.90193797340152,0.09021123144087215
6.249765233657841,2.328461372418298,2.910454278844386,1.7179526078913239
8.959090851741587,4.139758870932458,4.098827472062246,2.207596563761745
2.3656862165774717,8.469262278882628,4.0725485184594845,1.2080090502325593
6.380272120613626,9.033905758019324,2.9897314705323046,6.448376575917001
6.982652844197617,2.6815096566512473,4.182520457189231,1.070344713608801
4.774012123773595,6.576977364577378,2.044161333227986,7.514144227049008
7.30987828627843,9.25625786558749,1.4890121451609155,30.517511048420438
4.696583891419108,5.173585623381887,2.700654978621265,3.331467003604053
5.541735591796914,1.9318921475750557,4.774522626534338,0.46964398714826305
1.0661774009898428,5.1203228507616245,3.002978432810115,0.6053720864946839
7.225481027212199,4.382154120592515,3.541036554587708,2.525187277181656
6.95208411050252,6.198921964594063,3.4966498236315013,3.5247385144072667
1.3456078959371012,4.947928159663933,1.5302914690781217,2.8431095742439845
4.314250966556198,1.1561133416834615,2.561187529508841,0.7603666512142538
9.811286567125006,9.94597960072304,3.827755891687499,6.6601660587559595
4.786629063117552,5.891862139575139,4.887960394322905,1.1803939999980257
5.517508646186576,5.262676799361486,1.6720709531881046,10.38580864528797
9.189371423437468,9.591556343536485,2.641767561356465,12.629486168994086
7.455356882791808,2.4027433082836938,1.3803751992109174,9.401161608023754
6.238631180118012,2.703138422907234,1.969505838597024,4.347534649162126
8.180242132069653,8.272132741565052,2.507037373304601,10.766189935186333
8.77929639810376,3.347479720225079,3.1625729918094017,2.9383028110869525
5.111992645635402,8.193043956623743,1.9222675289563238,11.334642987383527
5.275975284386519,3.4438013461765227,1.910250644714743,4.979206455127634
4.474458420866522,1.2986886720250133,4.111319916560815,0.343781882095931
9.700355260166145,5.6531325149804434,4.850566651787525,2.3307293898848065
7.274496288613154,2.7701779071417523,2.294451871005825,3.8278303670326093
1.7490075958726505,7.82061663639224,3.7519680745427206,0.9716602232737845
8.766636609817166,6.770796699089333,2.032321845431683,14.37102707991787
5.3250394675264126,9.31242401180126,4.711809019862528,2.2336247567186893
1.618785157802387,8.046895215391622,3.691609440661593,0.9558418995530872
5.9474552964697995,2.6269835935665418,4.21070741855028,0.8812079689569571
4.754478510781318,8.201424129983167,1.1974161727966592,27.195805171601094
8.899744643763624,6.77563340332621,3.3940238729624985,5.234770673464603
2.835951432484486,7.020564775845624,3.110449325433529,2.0579014780395153
8.438181485429645,8.49036597373134,2.171987627646128,15.18660084765254
6.019198220669074,6.164416622700462,2.0497199402292723,8.831644441695808
1.4914927289212214,5.1940316291771165,3.320099209267879,0.7027868196848298
9.74660771192936,6.729769318228552,3.8259425400289007,4.481018922770129
5.6135371969287995,3.6816168606252315,1.1326910281407558,16.108395124229283
3.617891688084242,2.6433741797838937,3.2696063276948175,0.8945884238465004
5.224661577903323,6.549290542641217,1.6818381157865145,12.097177149589163
8.720720051657402,3.1046353217692992,1.5614509255444022,11.104685429960508
3.7441281194655716,1.7192359841194604,3.492477952378738,0.5277385841130671
2.734087568380303,1.0049876612672852,2.243480468869892,0.5459194452961552
2.1616412223779333,6.474874612600604,2.763520932539456,1.8326918953353097
3.6807345855119014,4.259339051322131,2.4399952377590917,2.633290404887119
8.020432783360391,7.770798736061104,3.593345280610095,4.826869576135677
5.244637286757355,4.376587584817922,2.8804790642658755,2.766442425229414
3.04733443324186,5.374031034144041,4.85383464815179,0.6951048746106512
2.4956649964877426,4.663764755338464,2.4095310364258613,2.0047391629164486
3.994565288593412,6.855173119984115,3.9611373610513407,1.7452118178049978
9.45931935597138,4.205252458134714,2.029170270332178,9.660842006627282
4.087240413310219,9.67390884948078,3.0350123705045875,4.292509289866413
9.893116683591717,9.425322879386771,3.210279007607828,9.04781704478027
5.367074101888205,8.632251123915532,2.3164371242509287,8.634170581610384
2.612475264611358,9.282702435154732,2.8871221156505165,2.909352267020106
9.020260826141584,5.0422571961345195,2.1171145515939687,10.147413913938037
5.143198358213442,5.827873571105429,1.024003126695928,28.585173357116947
7.38704209154072,7.6788333330242,1.862593206551515,16.350452860232068
9.853404248882367,7.26531332444687,3.8002566899728025,4.956952812557207
1.451578152879766,9.016107360449237,4.083852097941508,0.7847286113600535
1.8702510380881043,7.446979245310257,2.12081146855568,3.0965344886941684
7.484110673164806,9.980962374056144,2.6321719952722877,10.781621742068115
3.536425029659248,4.136552198484319,1.1494626405544444,11.071672824605711
2.6587125725508916,8.496979680154762,1.9482516043907223,5.9517664893644024
1.3542569183775655,7.278713405493978,4.116877133489197,0.5815939375707824
1.1966204078758162,7.222478006935167,3.423945081060229,0.7372063257159082
7.970370428078118,3.93252035360499,1.8230820878174856,9.430550324885738
2.20990084632595,8.070416131807203,2.0297679804897286,4.328883741881314
5.209485543740358,9.103384201128392,4.26720809195824,2.6044142659242375
6.453071336615347,2.9669361536850665,1.8363368117796033,5.6776679023281265
4.855166205119616,6.629471534050337,2.336630903388525,5.895257497406139
1.243959871026098,4.529213461924977,3.6574347666185774,0.42118799332717194
8.05151352329118,9.905933073653893,3.2444495428323146,7.576887993141314
1.0946190208748814,5.3094953424851346,2.843480820935257,0.7188125119668702
7.857009049397356,3.0548815641724842,4.598964363918977,1.134831918141982
9.039740444093104,4.436718626996493,1.8788418508602067,11.361545105151988
4.8955592895145505,6.884545508349636,3.9656795634519995,2.1430995801313597
5.8198822578801845,1.6848043421461865,1.6362553624727334,3.662363996212318
5.292850533558884,6.432417281991138,3.4629353339285807,2.839063306252712
4.502877567610949,9.381022832610082,4.482494253645253,2.1023298115915003
8.986820818333243,8.653265088920655,2.8316071419125515,9.698846655906648
9.045401596029915,1.6090618299218504,3.8971780287653157,0.9582969261456006
4.022347281773811,9.940508908651614,4.281573411995953,2.18112920633463
6.535627786132282,7.288542313334912,1.544105699510411,19.97900878630564
9.342168059312778,2.460527418826213,3.8233075811284403,1.5725244573000259
9.658526490472164,1.1117448025248113,4.679364095954705,0.4903907911395898
5.580631363798428,2.541543726629362,3.305482439422177,1.2981091555650968
5.075423247558941,8.543583286171646,1.7444889781150241,14.248720329316741
3.508248843356732,1.1947539245064736,1.507770126355772,1.843735372463208
9.629846858713691,3.098325732562779,2.0389413218669916,7.176901729414892
2.2853287402558062,7.8157503580138785,1.4140530760667303,8.932806751772127
6.218466184429525,6.274994823083216,3.05357628634019,4.184842333258322
3.54295240766775,8.044621393241727,1.2788187308269383,17.428216673176248
3.5110746131301696,7.715354534441092,1.8936184985449058,7.554591246660645
4.644717286385696,1.4554124840962426,2.7596417756488574,0.8876463243323592
9.989136422340891,9.032602771847364,2.895659001608086,10.760836223380052
1.4946967615583986,3.0432865085404184,3.261593940587858,0.4275984783391508
6.206876363831783,5.980531962067873,3.822459851002906,2.5405458980132245
1.7431494223174946,6.798593408750009,1.1889145586618701,8.384021722240652
2.3906874699146705,2.5176538979658583,1.322483808703133,3.4414233847800095
4.956066475956089,9.78608131030877,1.243436607219123,31.3688534187533
5.594141182117972,5.393403604785781,2.6926012618596413,4.1615225644633975
3.329131675280716,1.518784260376541,1.1673917795317372,3.710169911406276
3.8481141778697454,9.435358403000563,3.984325067325305,2.287161455935302
1.7827031823033974,6.276410588739413,1.8920007241539114,3.125703575793402
3.7289780545982545,7.292738781832387,4.756849973159834,1.201825948630284
9.699025954424897,5.7265821094080165,2.9456150203884457,6.401351014831439
9.502366435052336,8.512641592992708,2.7853030097688065,10.426804379731443
4.013904611232865,1.298201159738898,4.1221547705580015,0.30666234522100133
6.137685426508854,3.41540528749433,3.8526159355719645,1.412327576169153
9.1863585199985,5.22683520762423,3.4292361637925715,4.083075481648214
1.0556544037680702,1.6894325468233904,4.74058682500148,0.07935940626507786
8.296152133038326,7.353160023939925,2.689037043948308,8.436399839818062
9.535325975100271,4.542970726500767,4.234126703089146,2.4162829153928986
1.8219316090020135,3.4540119124132964,2.520371782983274,0.9906646904607367
2.4530291742962893,1.0304096212757106,4.353382697184419,0.13337023762978542
9.646716724942198,7.4784728057495835,2.0378985158638745,17.371100719709283
5.837861292763117,8.504283779855756,2.15706829134413,10.669982966655901
1.1277697102455133,4.555364821133486,3.711478136069816,0.37294928311452896
3.3186879888717624,6.07796179330029,1.8508531798071854,5.888171494165066
5.0494930684197366,3.0491796333663856,1.9166167481017151,4.191410846770674
7.236180199222909,6.599778816521198,2.221049716069659,9.6810440104335
7.5984434032311965,1.1092371248368047,3.7157150786415034,0.6104698499172093
9.958793616329105,5.397795073888826,4.557552369692928,2.587973288162283
3.5876007944538313,6.79784933656623,3.6982706045079468,1.783110573598944
5.843980916816277,9.263725959067607,4.311256977376501,2.912639049911653
5.799911930736445,4.432022354100559,3.174242358777879,2.5511921835712417
4.650807335025138,7.886711826829268,1.2756928853805811,22.538865620316813
2.522457044581782,6.379183269491507,1.4018648460340026,8.18797613285505
9.797109068654583,9.343109016325725,3.217567913467662,8.841662119620466
8.679854679999274,4.5853990809348755,2.3112038745684385,7.450974549651639
5.4849972546481345,3.871858058856892,1.8822722945477706,5.99419604353076
6.429208804156268,8.984277988247294,2.865027709210483,7.036927210952272
3.045349482036961,1.443199612674602,3.665986963617206,0.3270255692141182
5.894083633525722,2.2274685364030913,2.5399677909434337,2.0350329869610833
7.254731198093283,1.7416399112564,4.210169028629366,0.7128212364788729
5.636503255479299,8.587989609187623,3.9540929862855747,3.0960467947261856
9.912566535264471,1.0954668103328746,3.939659528638267,0.699629248939357
6.502074906229535,8.754914399473433,4.9407587587095545,2.3319357160546543
4.338763413329522,5.061410158341402,2.1809199094865392,4.616980787922974
7.949368248542543,1.0362275096857367,3.5789023453635807,0.6431141081689163
2.5341626042347785,4.6148065949083765,4.421913360641254,0.598091353945218
4.4606423233563985,2.6812075694053203,3.318097735655644,1.0862992737802368
4.122630553398272,6.619604387249467,4.158008704461571,1.5784675726511563
4.886263855969995,7.114229109294819,2.657808743359649,4.921044708208286
8.036018433358537,5.387748133644998,3.3619653826192186,3.830555285776477
5.357557289470667,1.3646757289570297,1.2226655712173131,4.890811503193624
8.146130052393666,6.905159239304817,4.943070423299254,2.302138468148137
6.1884001282587935,8.578349052449692,4.200073925793669,3.009319027385678
4.0786249119179985,7.482918495937613,4.4752362865257975,1.5238872716203293
8.289808693151251,8.469621270597866,3.7771771125717843,4.921231556091622
3.1446070349778243,2.804585711957987,1.744200131234798,2.8989616434844976
3.0194468181981593,8.999991456908344,1.124113769672129,21.505470402432664
5.540526316493522,3.899741055831665,4.458626430944054,1.0868875655884804
3.3476432136588,1.1206433282679193,2.5853226149444923,0.5612767917897529
1.0817833145609468,8.590524816961636,2.0554595041596797,2.1995919701772677
6.834677745689214,9.47639142068254,3.2466918353557777,6.144391724967016
5.5998443932515825,6.900023776756139,2.6835940899028774,5.365286193108453
5.009660330438451,3.082929674170822,3.606663982750228,1.1873001773856173
9.702716631564838,3.2657001785427733,2.9351729322180544,3.6779199318524727
6.140792655666223,5.199335860920575,3.7889325617610825,2.224019317584807
8.770884200104462,9.080479716412775,4.413693078036571,4.088348514716164
2.2550521258464418,2.3463789053280255,1.7822280438231561,1.6658204313173535
6.122858168164849,8.433763026251382,2.3177315222619472,9.61278742489622
8.811816640578126,3.621725278346353,2.7472623462825556,4.228445022743917
6.247951815519082,8.277275524861881,4.848233792110553,2.2001787955872696
7.4621276031430135,9.282440778413848,2.461334454189941,11.433615841202846
4.348392110309867,4.847444847948882,2.524399398370518,3.307694869728558
1.8320456533335996,4.285455886949777,3.6138900918382446,0.6011508147555684
5.121102656143643,8.219991870741715,2.676798839559797,5.874939505457414
4.550314517549718,5.765345941414546,4.804894982558421,1.1363156490496917
8.803541641410526,7.160041436168774,4.577875041901775,3.0077732360028757
3.1959577211722503,6.605463132650616,3.053635111102692,2.2639666096871394
9.700608047815972,2.375999610803167,3.5791009357913994,1.7992745202374603
9.623243078240465,8.603113242606055,1.2321222475344822,54.534269091058896
3.2286847876429485,2.761976002718226,3.7829221121295924,0.6231473454276903
4.132467599295884,9.390539296637026,3.828803491796129,2.6471212653480154
9.060001667864965,3.2551416227993304,2.4367971825728323,4.966602447923926
9.699599988064968,7.604928759463677,1.8787315345010906,20.89871215167094
4.990951925524397,3.5618985414423285,4.660313607268067,0.8185300837898434
3.8889734107680805,3.8600686772817747,2.7068196032205107,2.048855733132482
5.734846119263878,3.790016675040748,3.6148244192068426,1.663368508824833
7.189922857291613,7.731030286234749,1.1333151799050238,43.27730355030095
3.461270638374818,6.0113360617245375,2.656268666307345,2.9489171244355896
7.6282585715716555,8.946572102627474,4.2690352440555195,3.7447479490373956
1.4649162140317693,3.7663544728364036,2.55030400160286,0.8483011831699804
1.443650434879748,7.227932698510699,3.4126446405475073,0.8959711199560296
4.476589346309908,7.776537396967996,1.8394232019381578,10.288929730374745
4.181258728546485,2.363339017269624,2.6661025953582382,1.390206617206647
3.8406989383043704,4.6053042158783,4.710550872212746,0.7971227288185911
5.41917786402019,5.3453574491537,3.2658069988041487,2.715996004291646
3.886602240804141,4.201186509049369,4.607725836371726,0.769075184500141
2.7303212662128273,3.899013363722243,4.608077197958173,0.5013361058392388
3.785225941797408,7.177779045978777,4.776591201697919,1.1908189699853646
9.774138455292114,2.942797578935397,4.581566640320421,1.3702848653053294
4.7000207529536375,7.384516707260159,1.0131245160412026,33.81397315287533
5.002414991725022,9.415397767516575,4.736059566326388,2.099829716291894
6.18890490956026,6.08677769059976,1.5498377563415056,15.68298678955473
9.85006691572804,6.502908130655267,1.1597050044446022,47.62683665657733
3.174411487921867,1.6203943191168018,1.2215541383122113,3.44713661479714
7.131538994791905,8.780292132560454,2.3956647807057343,10.910386368368325
7.443862241875517,3.56903008479879,3.4832163410751744,2.1897152244172213
6.465919751137593,6.535460489757083,2.60924478607599,6.206930107721851
1.7972050567297968,9.812009527703221,1.102217138597518,14.515141496466025
7.091850482448188,6.3595234051552705,2.905930536698859,5.3408906142583525
1.5768523993255794,7.522385387179398,2.7685229690815203,1.5475702084390301
6.365283845949072,5.007876564013767,4.027397062006587,1.9652712129102978
7.656230594995684,1.5432925916355162,2.1184515937017534,2.632850424245218
2.898729015579554,8.178394145408095,1.8701246951774686,6.7785144204875
8.574598067884967,1.314989571375871,2.023755830706505,2.753086484205586
1.2731842497970383,7.305920459990687,2.214959290519392,1.895984139384937
8.594315772924755,1.2062941583467324,3.396659493468666,0.8985877772702971
5.142961455784886,8.760747129190035,2.8861019418083194,5.409175601747903
2.9582914593848004,2.4187243224968253,2.3475782607162317,1.298336221084756
2.204003304945712,5.62844345898296,2.4972566331347137,1.9891805238871316
9.579764508241354,6.374356340348326,2.4836946406359046,9.899078557185176
1.6539902882304105,5.117908666360709,4.8896267788412695,0.3540577167209393
2.791840779423331,4.0668714041399845,1.9319879522118102,3.041881271178696
4.1304011268974135,5.2103286656287455,4.272246241089034,1.179084138617936
6.582113640650084,3.8027417849304284,3.832843350352748,1.7038057252126309
5.903209767484886,4.943101123727768,1.0222800224142023,27.92209262613941
2.1307914317108256,4.230216918982276,4.972704872501952,0.3645173547117774
3.6075518536439315,6.095843411564307,4.025757482534294,1.3569103871731603
3.1487659397742167,3.141317460204851,3.7297983454031653,0.7110194864617005
2.9218856904130726,9.897908994226112,2.6212988307065492,4.208948485877867
4.7002990283198836,5.50782958043949,3.2208123556571584,2.4956009091338562
7.336283073324912,2.747458696730587,2.0130835826698807,4.973746408905021
2.9570763899551236,5.293600746105453,1.14193362058279,12.0041664161899
4.300109917326832,8.797736165723418,4.344086633783892,2.0047191327492553
4.5182568415704605,1.1962611381195605,4.585937974724686,0.25700439853608475
9.788108764918691,7.115987071965599,1.6498825464569595,25.587501453842915
9.59199721191162,5.931710171145353,4.1482243833829315,3.306469239607105
8.201238244768684,2.52602194933122,3.964610693142635,1.3180001273864559
3.1749302873726664,8.357287953744287,1.7135000077443618,9.037146832242946
1.6123358268250272,4.319961601366051,2.6873152102991753,0.9644909797491789
3.852137239485623,3.644218259339567,2.6910316833364134,1.9385120680619132
3.4011509449044777,8.45312672671211,4.0398570332209935,1.761616194913547
5.553332201317545,6.746725415724981,4.350643623104222,1.979427815403885
7.999551190610138,9.08433175307342,1.379100485565484,38.209097966934486
8.724906449909723,6.668953333040794,3.2518769396168117,5.502375856875885
8.603776768694576,7.667358921389038,4.046993987715541,4.027817728566796
4.237080051007609,8.528013066336516,4.144762376260633,2.1033679507216467
7.185109091146146,1.492656723189432,1.5919740977216357,4.231762768957824
3.8155077777179804,7.984440629824423,3.1020205726031764,3.1659750766429995
1.5481498891166443,6.523358336646191,4.430234825450812,0.5145537506213584
7.314087390426481,1.625570168636739,2.2740743063411366,2.2990931273119206
1.0884479731280905,5.577201296818436,2.7004675956471886,0.8324268002526044
4.682643287126397,1.742122701855585,4.21743404534533,0.45864135993083244
3.9644134237186814,7.623524815509001,1.3572780847350492,16.405787528017747
7.240397846669672,5.9185154250809475,4.437973159555913,2.1757343668769726
7.89620925484341,9.582161836710675,2.244626866923236,15.017368464815425
3.7368517237415544,2.6482183441459286,1.0058012663645086,9.782172096274381
8.304643130003683,6.454301072683406,1.936636580225433,14.291372297914323
3.645250844544404,2.9042392111344224,1.3580025635820259,5.7406176820362305
5.016937239879051,6.526584862546585,1.3695396279849765,17.457234716489026
7.543166743127205,7.503847321247708,3.771342936570366,3.9796570300650127
7.236282063023097,7.500738963965848,1.8559053425562593,15.758246679450558
9.8863162508098,8.335665916143489,4.73896945190793,3.6695007499912045
3.026449217943387,8.681952051624851,3.065778186365216,2.7955631973867465
6.960861221856241,1.6954455364045935,2.840393031819674,1.46281680713003
6.487137174481997,4.0894044136516365,2.7371340728806066,3.540959837681265
9.235886090410268,7.184102683238251,3.7703505586865274,4.667535561516344
2.4072592748038755,5.48727658652091,2.8090510500944337,1.6740192827505624
7.766183472282397,2.7160835207931235,1.5144014249007673,9.197477788937498
6.114417546418915,5.974386131500282,4.520688722563026,1.787471691793232
3.4719928280911487,4.666920874895294,2.7135813957026347,2.2005110360857474
5.269914227324567,4.510344498888745,1.29601830279801,14.151125792215472
4.00398937362818,8.287783456920973,3.1174639499910444,3.4145103338858402
6.213820625096148,4.668385004489631,3.5893874338228136,2.251566101797501
9.001005497331994,1.2380905493238175,2.102329856631034,2.5213998307102345
6.123744859709818,1.5225700500198216,4.201361630695369,0.5282192701594327
6.685501764939256,8.706196375224582,3.679103384149455,4.300099282930002
5.668730624032385,9.645407290112692,3.6013646770577337,4.21572418986099
1.4604895580092832,7.195684028101368,2.683299811471177,1.4595942393415466
3.0957270118848483,4.279314646900722,4.847661205645151,0.5637315696733181
5.428015564888745,9.447402842152547,2.0967566717969905,11.66426697730391
3.792117553702343,6.965227777381623,3.3108220040618104,2.409602745185178
2.635872379850748,8.59900194279404,2.2362206298904703,4.532555462906761
5.537195577265945,7.892670736333084,3.979219011886216,2.760057711029919
3.905288141030653,4.412253841953332,1.1911659354804858,12.14420367444906
3.3229687885607326,5.308319807657069,1.183575471500197,12.591904735637195
5.175868756963427,2.6751893893128953,4.2434438780751655,0.768954890211627
2.1995583227395583,3.6281269039666064,2.737072644254684,1.0652346952022538
9.349711597678667,8.003130951578695,2.364720218401423,13.381309282365818
8.809318881273152,9.045805526947975,3.430107448701354,6.772891657486255
7.368585271664818,7.520143809262706,3.8075973754758943,3.8221543560318536
1.955924448296106,5.186563269909745,1.8048053873776264,3.1143756704763694
7.982895290227237,1.7785834204577278,1.7417249656189262,4.680319687219882
8.271615952981172,1.512531538286034,4.832602991039526,0.5357134675726866
7.9098815594290395,4.368930081515685,3.3586572255382774,3.063470540912878
2.0256929840731703,5.174395468908968,2.5604659091770725,1.5988040734839806
6.795171613609883,6.482085599919672,4.205766778678026,2.4901460451547033
8.508923161744587,1.058405692482975,3.1006358351116687,0.9367533282518534
6.1961806109770095,9.907506014196757,1.9666512414983255,15.872075177897855
6.8176663770528005,4.275449950636386,1.8269412225662953,8.733099768402734
5.1252713148367555,8.632851974210093,2.587437064679287,6.608936278195412
5.758365878956473,5.814700350988639,4.4395834410395185,1.6987995970515686
1.309391725165527,2.1739550908001184,1.2457916641770357,1.8341266408595134
6.750667197759562,8.178089972810696,1.8741040030190526,15.718503849465229
1.7330249160204327,7.388443674278885,4.572607275410366,0.6123926470259711
4.91513134906201,5.746924764363052,1.486938275877002,12.775701552200022
3.6338958790066704,5.63097782200402,3.5185028730566734,1.6528767710895784
5.908851551905418,1.7873164517583526,1.8540454724841005,3.072301050188569
2.2007470197088637,6.902640537164867,3.4234673900475534,1.2961432103895385
7.224790617759863,9.201206401788697,2.5324166673769284,10.365725688379596
8.155103832356232,1.8392042729922253,1.4067075857239675,7.579696273798919
2.4701900476884084,3.3716030558401444,3.3299002702164255,0.7511113991723486
1.9388177861669393,9.120771760978888,3.732170988338344,1.269537453993474
2.3096393450862323,3.55909518837814,3.7210904758632113,0.5936675530271538
8.894148057086515,6.8854930496193365,3.5481376362908383,4.864503076585502
5.753703355807206,5.813363484488297,3.000899123742183,3.7142587241458216
5.2053489640675235,6.366948445034758,3.0778904674373027,3.4984434790447234
1.9604063719211884,4.742100114195278,3.5425604392318384,0.7407681258620477
6.846004060812656,3.6999232349834,3.761037446986564,1.790665848731144
8.811996327055809,1.4368010565670208,3.6195069553255403,0.9664338101980174
8.453672823911077,7.698528453647477,3.347782259653807,5.8068251295235145
6.634492380827211,7.714841159748041,1.6233559392164736,19.42259167424407
1.6775084498650625,7.036531660708508,1.842466153971447,3.477157199983887
2.011573244584117,6.792704093076585,2.0408960841413935,3.2804752220445437
1.443780883988422,3.1934541895077357,4.678646628350009,0.2106306113728006
3.3173129484322237,1.201104403896621,4.037580367187866,0.24441330478442505
2.2209532044433997,8.278438571968957,3.211467278147513,1.7827105555269585
3.3404323622719048,5.420246821262442,2.0082277141761873,4.489477853616022
4.465522501470655,3.761543176323565,1.4435660929766847,8.060555785457721
9.48684505664022,1.9173871610251307,4.595036903919899,0.8614966940232172
6.493384538035229,1.5644943181124957,4.570664063291668,0.48628011169711
8.514764071146661,4.139800496156596,1.4427823827827662,16.933641838498886
7.39316350641099,8.242633582902464,4.188866664385984,3.472987595661295
2.0125281747396855,9.268513744004474,2.7865802772396506,2.4021988207330645
7.62328365736554,9.070762281517583,2.2958677313221605,13.118740375301394
3.4758899340321197,9.280007512746893,3.956418144834829,2.0606772369467063
6.751970622952357,9.169528088164084,3.4573181642429223,5.179631142947242
4.068657762786897,5.745022764403562,4.120120430373349,1.3769656082755857
9.979050369381932,2.9747407470121345,1.2973154425317484,17.637911599721477
3.3719633154710005,8.182419245531383,2.2743480798298257,5.33397166210756
3.512174236968427,2.9234167736732113,2.277267401666943,1.979879361547393
9.376050300061586,3.404865490809122,2.319012369151062,5.936271536259896
1.221799641726904,3.0992888964029364,3.009919490575222,0.4179769141655444
7.270200890858772,5.634841633262252,2.1320552123237895,9.012208527121782
7.527937516622903,3.896447573521719,2.777534440350079,3.8021210312223497
8.527407196693595,2.3874044466280733,2.471110372461663,3.3339471633486943
9.769953795746279,5.078560707044941,3.941184192082045,3.1943293633504686
9.780417272409872,8.865165149066502,3.4140031827002004,7.439031044975982
1.587490818098175,6.13497569454975,3.6145177292692616,0.7454582919946472
8.396553904776123,8.905020452988284,1.8423355763305778,22.029189787810683
6.816789402916432,2.7628496657122366,2.3020086613075574,3.554047475671624
6.826079209357821,2.502764863052986,1.0846617904482971,14.521206110641687
2.155149339532253,6.180194131285782,1.4334988291726796,6.481638445216085
6.85168449801088,5.169960113916457,2.0602169279555493,8.34562077799578
9.84234322541123,6.941553774822612,1.2618548852080842,42.907812228528776
9.206367125855023,8.151641119241035,3.41052960141881,6.451930702526221
4.952175947243655,7.761765660869588,4.992520463695302,1.5421154410758848
1.359531759574849,9.48035056292705,1.403260856261554,6.545411162102848
4.260641410001844,4.584307682413104,4.284920850677061,1.0638077106675083
8.437512804404996,2.857480680233627,1.4752649890605887,11.077906006047549
7.313491913186494,5.958213759530972,3.6796560751857443,3.2182991348854673
5.134092900345608,1.9966880817206705,3.5726304122360686,0.8031520399450959
1.4959138164294798,3.5996601099846828,4.610867739244798,0.25328107400622496
4.842052550409724,2.8709924973683,1.4557824547220495,6.559467645696018
5.221224457460951,4.569073451173728,2.261777864327591,4.663377839914082
9.356999796047223,2.0009491750199384,1.3631190414187428,10.076393254789737
6.769774932239435,1.2865757009328807,2.6295333032177353,1.2596567669418608
3.80487624989184,6.911146041670286,4.646372694229779,1.2180427236393923
5.727864380056492,6.492240804608244,4.126092604247424,2.1842855097587592
1.5944977703994407,7.375230424347951,3.8916004017812766,0.776502808252943
9.75311412084763,6.9434779624420955,3.132110019450808,6.903134730713958
4.240539117376534,2.0286521302814515,4.533942969342092,0.4184817750165915
5.3008061942182225,3.619709932380817,2.7977671929653134,2.451277895552696
4.197555768132304,2.165739489103171,1.598742668402553,3.5566862699011317
7.142605571045801,8.586751618437068,4.350340892483117,3.240701197703229
6.960089424966338,7.7221328981997095,2.1185533122069073,11.974938637000982
7.43790079476222,2.813743026264182,1.2145341640977922,14.18780927465512
3.4132890665072875,4.071783164409041,1.5041521226751655,6.142910532176872
3.841016330476594,9.699534930377927,3.436235664776593,3.1552311645000186
2.1272610798658715,6.347434220916863,3.42832785568469,1.1488261391275607
6.899589746615013,8.210400375710416,2.040732684328138,13.602394415604886
1.358174146020873,3.381319312918562,3.9087205917839163,0.3005885203539249
6.379141019711131,2.890476281613747,4.094560621598138,1.0998083235307659
8.827262963664705,8.055252359618937,4.682010504534473,3.243698258905373
9.0174893346067,7.172852097082961,3.339749994712948,5.798953115763824
5.041339843329655,7.1288013629058735,4.117693456590292,2.119602699586924
5.133733193917664,5.973711236462745,4.012398719086535,1.9048875938226382
1.6927226470721561,6.07220508498894,2.0312361938687715,2.4912159908568605
7.036885228987321,7.621277547756284,2.2409037117506374,10.679768865907256
8.39133478335561,3.4300223300907575,2.9139295830114857,3.3897673358649545
3.2018954914424174,4.174916192712602,1.076155870116994,11.542624206205353
4.791707934700282,8.844730934680495,2.189591092630894,8.839932104526335
8.549554030887432,3.77978680910942,2.895531493376952,3.854376905813232
8.894084208960592,5.916786142413692,1.432277181124575,25.652692994635775
3.1886198223780333,7.323755176060157,1.5051035511005018,10.308697569513253
5.955135710872278,9.99932344149859,2.8529469429493646,7.316020089931828
2.7324383557224436,4.9176219834579875,3.9238601263437247,0.8727271345471226
1.916908877256009,4.852835889624494,4.334995723682733,0.4950165586964624
9.200084512527617,8.583295414903008,3.1852555900189943,7.783184110866934
8.384567538088984,8.24952800133877,2.8989959501869245,8.230278873400549
7.840314116228565,7.579682935610936,2.537122273839021,9.23212562962947
1.4388968693182638,5.16906673668126,1.7717959697504249,2.3692690869643935
8.593559134392317,3.915452081446442,1.5862480112574588,13.372506014022035
4.942396683148454,6.478574343263638,4.167585806647232,1.8435203910201976
4.081556109662737,8.886009638184769,2.8600265288493447,4.433966709102557
5.9182872492283884,8.95399712387728,4.161280981919019,3.060264099289031
1.8221791845120023,1.9764851056339459,3.816332143602519,0.24728188157631
7.80981894417159,4.855152554318356,1.7755836575335153,12.027117889206233
6.241915691994663,5.182497605788745,3.041229056844903,3.497508238451168
2.6793108718585077,9.798538307713779,2.7760665216907228,3.4066276239581654
2.6940897979214102,7.101982137183261,2.695494024362787,2.6333882665548134
2.658237864154068,4.6652177553586345,3.1702841968152553,1.23386989478946
1.5130214879674058,1.234520973870337,4.928327604301751,0.07690320329739272
6.290186044345163,6.088466440892764,4.251602390682981,2.118683684232668
8.563133598296574,1.8646837807452052,4.614849726521566,0.7497608956933152
1.1574839258864973,8.510049616129868,1.1185583327041502,7.872810280647201
1.441041804741462,7.772667945133259,1.5613454671700238,4.594610291820419
6.154932490182512,5.144582439173609,1.339054640898254,17.65943590090275
8.375461168474471,4.862897015875298,2.0529240202611065,9.664025102919545
3.9406500151177024,9.076050690118919,2.767569967866602,4.6694696766125405
4.1465295892695,3.596125153763156,3.5682129906235582,1.171164842268954
6.367118477470983,3.241179658960937,3.003325065146408,2.2879227385591463
3.467916002117323,9.452776895431859,4.612735659652559,1.5406743163054337
1.2394752946991572,8.283212530781343,4.759423835575455,0.453239672359831
7.617056662914365,8.385630337604752,1.6540838047898356,23.345752708421262
6.630849216473078,2.7567443284833297,4.411651681059141,0.9392110871368474
6.226803991500932,2.2896639228784097,2.926888816053204,1.6642726875713383
7.675157160926408,1.234265948354214,2.8133178852695373,1.19690149745947
7.0770775380583375,3.1333735802681204,4.139757393938273,1.293946589114734
2.8529378936048904,7.967714425428923,1.3725620361795063,12.065966421166914
4.17232942249016,3.160345768877348,4.529972509676586,0.6425723860463911
2.134991275107625,7.561929552353885,3.683453418190459,1.1899216534440147
2.168713120760929,3.2671743883067936,4.501046430631991,0.3497417163829177
7.085761717208853,4.557632481556045,4.977910310830492,1.303261933469309
8.727400962842484,9.848460609202675,3.0720178094290134,9.107639316154103
9.664593254750251,3.2033055815572204,1.373048791635716,16.42139360698098
6.655124057945,4.387335645684409,1.666095451723546,10.518583493054777
2.6569119102486125,3.709784624186923,2.2944729702172397,1.8722332796244376
1.9508531090403762,1.9866248769700205,1.4142117685388382,1.9378115748296885
8.31565874383082,5.4090472791774244,4.261367304551079,2.476962874138028
6.208808287239993,4.408215969997021,2.187471404131074,5.719872457131842
6.564565189123479,7.253983772265521,4.903544752079461,1.9804425957765872
8.033158798792384,8.358350922563915,3.8103657277274228,4.624594182317246
7.329495049592064,5.898247430460747,1.6937214810222305,15.069993042760577
8.51012427570487,1.2897677987860319,2.904170587775761,1.3013771787875883
1.5059251491389063,6.570301206112494,2.8675368865332844,1.203290919751142
7.727685730718544,1.4985165701884529,2.9700466333345354,1.3127573691357626
8.657674815898858,6.547206912391224,3.1427646825717424,5.738965417594357
3.575215382124829,7.1652695434226965,1.1246923292709234,20.251970040897096
6.764025465939276,2.779908648557666,3.745204502974494,1.3405551484489389
3.827458574532749,8.37411533849594,2.948767101153773,3.686111704721284
9.621739598342087,9.199766184166437,4.1638615954747955,5.105494562791925
1.300812151919534,8.317782677024377,4.261398293041722,0.5958238718300609
6.218135594496595,3.7459827119087397,1.9221404879668698,6.304573371336658
2.498531923445636,6.27978711201071,1.1936917857071112,11.01147287457428
7.4099818465944285,9.23333634272105,3.8129354244492903,4.706053928206256
2.583012550767959,3.885982536005649,4.911051153855498,0.4161773545975071
3.1184493570852183,8.380250400388825,2.7866319463236042,3.3653982753945724
5.449337299411823,1.0852761813552687,2.038451238374383,1.423256931719498
9.233514549971902,1.0328203250620864,1.6266875783339239,3.6039894675816075
2.9054293493317376,7.837404943050707,2.1497823895623402,4.927125266527829
2.298160190062932,7.85302823914409,2.311678205485799,3.377246027224571
7.830791486686276,8.100794690670643,2.695498973737858,8.73081817360515
5.505575791005379,9.370241540993462,3.621628492858346,3.933197324775844
9.206066011435942,2.061156806382558,2.0926522243209082,4.333023043539893
2.3195310144385806,3.087864864853195,1.2039070538747039,4.941656475208932
6.813351037207354,9.133524283364268,2.4931144462908783,10.011858950614364
3.0959123153663355,2.595125779951181,4.422518464636303,0.4107785467360591
2.4108438578647537,7.140063408189256,2.993406043407535,1.9210554022229611
7.150864736415435,5.774167000367338,4.859135030981639,1.7487590207369974
6.343161579178599,1.7487430916635653,3.014486124354927,1.2206894969754112
7.793447125260981,3.5673729574737956,2.1035952676873912,6.282807287526865
3.785163188015641,5.683349947968711,1.7732559889808583,6.841418148666863
5.03174490743971,8.671151050154506,3.7780979871423055,3.0566726603664613
4.6492450869737665,7.367846406532063,3.1455251431097455,3.462076679944799
9.856805175698629,6.596948453094398,3.415995715981766,5.572430087948717
3.630240610654491,5.464296009472733,4.0205071573365245,1.2271790975847356
3.653355145120902,3.6881558543272086,3.9036138570595718,0.8842344997402093
4.190933879457466,2.0732042018733505,1.173453200672908,6.309883510799883
6.081346731612894,4.68168431109486,4.210287621180113,1.606121371113835
3.270904698373707,1.2566664452016332,3.1308132282068457,0.41934704723164423
9.237609463413465,2.899503003401655,2.5668341232590905,4.065252751205347
3.3911700837963714,4.892350382853938,3.1500777050722815,1.671955027014904
9.062341584041752,4.767446671047235,3.4498057938293,3.630253703149713
1.9312755728192619,1.3986588789729315,1.598025239495188,1.0577640080483866
6.909064321596871,6.301541381727621,2.66966158130578,6.108767625713903
9.162869665944193,5.947158302679126,2.342344840752735,9.93206019710278
2.518744945584066,1.7029387361882156,2.4016357792721537,0.7436505890832873
9.714942640893295,9.488467472143954,1.3653397536292329,49.44869595089031
5.075950243739605,1.894445010557741,1.6393739520009216,3.578024412557289
9.51143597596922,8.693507361136025,1.6473282703448855,30.47058638284238
7.091380392670423,1.0027875872350536,2.492898972886591,1.1442749072401481
3.7142818288619637,8.940529855408448,4.577966179499166,1.5845025832705033
2.6947227242539578,1.177477589838813,1.8241094876837707,0.9535971194144301
3.7336154160258945,7.820308287029044,2.664770030699218,4.111818953513967
1.837156683364075,4.2552173017022765,2.2464376611965515,1.5490990849452255
2.294811697089968,7.643951201226878,4.149533250205352,1.0187472815980259
1.9419439631183302,4.615706848824806,1.2005057292832646,6.219370622976312
4.8064918936740195,1.6381713009865755,1.7861735821435616,2.467971862249894
8.160205386318278,7.907560258558277,1.8425661694191775,19.006292728794083
2.2724519879470617,1.6412741678922846,4.971851201252925,0.1508827550386789
2.172883898551023,9.299083923650961,3.2831000718652144,1.8745992878467566
6.790860545655977,1.4587663221249523,1.5558330575340729,4.092461011613004
2.7746468377125963,5.313927499943639,2.088796557106262,3.3793334880412598
1.8784903429809243,7.5073098776571605,1.671288376491697,5.048827396450506
2.5016372038501986,4.539218183128339,1.498418278477792,5.057539238278195
9.313582562890986,2.9551012713319125,4.18872811363157,1.5686454507276948
8.393241274985717,7.831818652564244,2.9830105146414194,7.387249410234062
4.186581061195847,8.058652343098537,3.5248405473951254,2.7154572720343597
6.9023869059465355,9.304254855589305,2.325004987967984,11.880456252256453
5.835481063012343,4.3854859938796995,3.2147803442693177,2.476234577887852
7.094118371343075,5.556265610475942,2.0302761300947885,9.56249479829253
7.1440403721648345,4.268155985614648,2.2321450997129393,6.119829720931535
6.658606135539936,3.3137363966623137,3.608951777466932,1.6941003272392223
3.3949123168357773,7.7592966538384776,1.601400503676921,10.271905055515
1.351057786865363,4.0568666051525994,3.4688874366698474,0.4554956541139957
5.10010103791098,4.853344977931169,4.408939265692509,1.2733614844014438
9.018764962216334,4.63306291861625,1.4816929047230762,19.032632618892674
6.125475326667183,7.413951030820712,4.589845122279916,2.15572543430856
8.491519375317171,9.260160634996119,1.31778272119558,45.281031109110636
9.924619086651052,7.000804551766396,2.395636907823492,12.10653354759201
2.4725458372444864,5.244243364848093,3.4420372609519783,1.0944503240059287
7.225998752277841,8.01284603264995,3.2376590404741474,5.523603014571148
7.068642163300222,6.768741917099238,1.3855642899777338,24.922441695291297
9.819599026224505,1.5454932140603215,4.195652671143412,0.8621082459337184
9.870406605575203,1.8609722777695747,4.892613172581012,0.7673494509265201
7.1801075055171655,1.3412524966627,1.7249131567350804,3.236734080802005
3.1925331278397486,5.111346935856878,4.580523879261851,0.7777508050900093
8.187002543175392,8.432680909050685,3.227237768447002,6.628704596175569
1.963262207899343,3.8177485241621687,4.74373508498131,0.33307709566294946
8.026293737544659,4.457441647832335,1.7043438336670444,12.31647100364811
9.191765117302268,9.185293975311016,4.168085572717699,4.859803675959915
4.4455005529159175,8.532131007849895,1.2391263017813245,24.702848390972537
6.675717654847724,6.98543301144304,4.532785787210906,2.2696605109328494
4.871284588871436,3.4012340388302618,3.6966376887985346,1.2124567209594463
4.939885494893156,2.0533733441959914,2.48101913568972,1.6478761733094553
3.7933380019730807,1.1445294041210234,1.7618672939914006,1.3986276477986312
7.859166584052922,1.9630960534397879,4.266132394268819,0.8477140592508574
9.425589077498547,3.6333679926154847,3.4129652855792463,2.9400461410659076
9.46675773311015,5.966110572215461,2.4416634117920055,9.473729283697029
2.5730315638744043,1.5760007447714819,2.775343299210065,0.5264633095116472
8.872692846909095,2.226050004866041,4.306170624289506,1.065142945613597
7.6368829728440994,2.6297263207714696,2.355708773427471,3.6189575589061995
3.2755366062126035,6.687838836849756,1.3585307124397148,11.869415534645174
1.605561516293631,6.54210819082112,4.645128688813891,0.4867984330633012
3.4119754019594017,5.956891537349376,2.5493749586321384,3.1272179689179733
9.20987413103373,3.2545128222634565,2.393550044460854,5.231842451722871
6.6986080740619505,4.340077220968588,1.8175984755037575,8.80006998128918
7.489491948080847,1.8702074470396872,4.589690284913383,0.664929161544931
3.314371159981863,3.038145433822494,1.8700213347513355,2.8794966523694434
7.474493400173382,9.079347038253225,3.5466914720055347,5.394976506141348
1.2530935565013137,9.817225717922456,4.523060046432412,0.601322655400999
4.377892111957124,6.828936270762652,1.1396544584128696,23.01821948234016
6.640780136880981,9.251409628210782,4.315166821200783,3.299376166434839
2.3148690898718822,6.784677103612826,2.642397686759098,2.2493615049742868
8.407032170022411,1.298768374949229,3.6318983010608474,0.8277649937612241
3.1152816893072677,9.970863264877682,2.4896182529022157,5.011463415295726
6.8705300153660165,1.8905707151788143,3.7820650253899757,0.9080822459454301
4.646774283177967,7.143776213005546,2.0171796582307966,8.158123181324514
6.364392359298825,3.2755258276731105,1.087722169741585,17.619842143320778
1.967054973660173,4.527830016162641,4.791150059151814,0.38799583640266194
1.1522151992944658,6.813407663208444,1.065471056160331,6.915357898417362
9.186079846422711,4.928386143769363,4.296397158534028,2.4525964908228834
3.426670078904645,3.2549145303801543,1.6765503732898952,3.9680639993992983
8.37709302502413,4.010015681904923,2.5688809144081115,5.0903947801898015
9.994152704249801,4.073933052308587,4.289969506024223,2.2123378954666744
2.9028813219902005,9.633915140573924,1.8237286012493814,8.408367391381763
3.3865366706502003,8.187517143311059,4.462830422100144,1.39215385779341
6.9657380887119915,5.126938943314601,2.9910357564076056,3.991922275162271
9.689037711405591,2.798388283072277,2.4646138508691062,4.463657365009267
9.242329133716694,8.299144992363903,3.6497509869453446,5.7582207887026655
5.525879680590264,2.4146422444753615,2.36555888792383,2.384441606295155
8.155992542740522,2.894159954278031,2.389153435985428,4.135340419489048
2.2217126778991094,4.29412052656136,3.9341055637532127,0.6164106093062907
9.79694365783611,8.923133762667911,2.2393288981564314,17.433004590474383
9.679179106323879,2.1860800177069923,1.8030905934177004,6.5083288002333886
2.4735606209125387,2.1001077356907345,4.230584511986288,0.2902440882583958
3.6948081232279595,5.445774894747394,4.221484134908927,1.1290709988956955
1.9013949775609023,3.487694869843072,2.990342814827477,0.7415985414473724
3.4454583900836173,6.118551474833438,3.1066224646518203,2.184332113432948
8.34360210473686,5.0647301621490115,3.7843065030705545,2.9507831099620114
4.404840464487336,4.914631957160951,3.0370971670497338,2.3469498551156853
1.7955727043208254,2.0077567343829394,2.66815983587693,0.5063961570942326
4.080029723010141,2.2694472122485614,4.979576773186983,0.3734208363302797
9.83245000817152,8.38970719702165,1.5905617114102357,32.60674924076761
6.667152357332826,8.9729446381457,3.3709119169594426,5.264784014068907
4.7454485176554195,3.112151795967252,4.5434521043026415,0.7154283230670526
2.49884662147543,2.0211445137229216,3.748860164724459,0.3593672404382475
9.875591175553254,1.4807500474105955,4.523693196352953,0.7145926956445561
8.387641083368159,6.474678523677071,2.3453388814186904,9.872947812626226
3.5332957220582744,7.43817891250185,2.087971905040957,6.028334002697497
1.6306182614907052,4.35528990282885,4.405089547608419,0.36598213608340185
1.5096300163980223,7.117082807415756,2.576458304741842,1.6185506858627006
2.0834033455498044,7.416629340035735,3.838729292229245,1.0485881819702583
6.226917252529795,9.418080532572148,1.590994313656457,23.16851719074994
9.358870790849432,1.5838627405159653,4.023352501506698,0.9157244812334893
5.470690852053861,2.7306255090797182,3.1959305960994775,1.4625463477213843
8.586509342105774,1.6167338883728932,2.0744465596418435,3.2258984047522965
5.01297957873827,8.811945400024996,2.9780158558356202,4.980967654517878
7.377251911910427,8.133284440302116,3.787774503358814,4.182080052973613
7.586854635578508,6.171778635596551,1.0475456353895347,42.67034953313604
2.5656733531300477,1.7529706904606486,3.549868235256518,0.356904112479746
4.250944530782306,3.4598112278834767,3.1663631130930976,1.4669536994902659
6.735719408842215,3.6794786325266524,1.8811446709869304,7.003673300331283
1.6362694736592958,6.046688764138754,4.011924295904787,0.6147053381545671
4.253861689866609,3.3223950463304392,2.2138439385328046,2.883637271964443
5.8131951965307325,1.6566387752165936,2.107443726186259,2.1683568422921016
9.966020437401749,7.576860716679694,2.8848733959972908,9.073138907400924
5.270802063601966,3.691721904898702,3.704598713689459,1.4178273267933403
8.344510814028911,5.071367593209706,4.715383903505018,1.9032325632660683
4.88860556559956,2.1489997148407483,1.5654289725284158,4.287011228496145
8.16751650357738,8.222934730551216,2.5858724830069346,10.043906341451265
6.358733214580976,6.089786892316519,1.2679583700505197,24.085890603182943
8.979358973521585,9.114270635888765,4.034202989886969,5.028654065309872
4.698482971150989,5.459244067588,2.790931558725443,3.2930004870222525
6.43873977839331,9.472831046360918,3.8277165407527405,4.1629493522212275
6.670168125569447,9.026813839431934,2.288777695905149,11.493810736521887
4.7564464762042595,6.188138708133105,4.377268965625294,1.5361590641958769
2.2988083931873335,9.40504094334877,3.1393123129604588,2.193786793854927
1.84203466221102,3.9077987256509705,4.77443128729462,0.3157815050232006
1.150043955396698,4.290779464337902,1.3152585565761368,2.8525177887693225
8.86180837820693,1.4093015617543325,3.0571072981682974,1.3363029416547973
3.128274210148251,6.302808160874678,4.065820983990795,1.192730697937505
2.9035607435359125,7.4973157293604,3.4006105922944587,1.882447660657311
7.62431860383459,7.961672712178928,1.092776561707371,50.83263396460603
3.8801450177865258,2.3483465744149297,4.889354713375523,0.381159771180868
5.554402231706529,4.997431650812503,2.1930547723035936,5.771453924041856
2.4625995876771065,2.591768908845241,1.9971114654655282,1.6002412758018174
9.637711493157724,6.959146139688239,2.942639502426318,7.745612330721967
8.664232600155136,2.421517351795913,3.1686324300933957,2.089651979563497
8.774106606685029,9.137473155604674,4.065152550359302,4.8514920658997385
4.660963737148046,3.07571181095272,2.5730946306359566,2.165258974717737
7.8612509233645556,3.6226203965942037,2.759841505848849,3.738920260870023
2.2948853985080215,8.658156899358996,3.139839663735324,2.015447601563311
1.0775710233260225,5.126208491311514,2.5775483989665626,0.8314354016677966
1.1797563932022532,1.2159635122006573,4.658192316404624,0.06611165866473649
6.279415636641044,5.451276260823812,4.405007866537009,1.7641034337977095
5.098554147231467,1.7608900184211074,2.8198947803115133,1.1290507414781825
5.662138140176678,9.868102468185796,1.0007794493492685,55.7875583109958
1.0671682637549746,6.293004134100421,4.6037379821171225,0.3168616811860713
4.804179576916831,3.308793558498806,1.497346293757861,7.0899700455967825
7.462613450807748,6.07345911592856,1.9780496607761848,11.583843390498794
4.984243317706923,1.6918039304357935,1.6094451374615928,3.2553441678853288
7.58997285681,8.199021738419354,1.719262279924095,21.053193915872814
3.097170679571513,9.327952484777473,4.211510151559339,1.6288300039276464
8.318278040335528,8.869999493855435,3.318005766663697,6.701974247811578
6.295881164081071,4.075818420687066,4.824380652501394,1.1025244151081648
2.896867894869156,3.9319130767903165,1.9258140492948659,3.071170288129454
3.1304842826844963,1.3157885009467,2.942539632524936,0.47572171112611994
6.652274181125834,6.8626032283082505,4.90971347632988,1.8938550439193949
8.46945633891199,5.814143057708154,4.305774057099079,2.6560654553803684
4.740650038262396,5.134117341946072,3.9144627164819643,1.5883981212929734
3.32470386214833,9.168678580012363,1.7559008054831677,9.886891314422872
8.803104462195403,2.510910109745617,4.077621603638864,1.3293923574034987
7.023414625757514,1.086996400211641,2.390260490383671,1.3362445524043156
5.032769385547689,1.6598480690868889,3.1221475881870306,0.8569757052771234
5.391101757513717,3.01034294044632,3.4366448521581607,1.3741185268773235
2.8383082114275675,1.2995699433711125,3.4374548460970162,0.31216571853431635
6.641223670583596,5.52559339578822,3.9060938876540656,2.4051472780337
4.228682594885997,3.8268140971022024,3.6468083705688223,1.2167926211112736
9.960806590069144,2.624347072613194,1.2734835172423593,16.11866693260548
5.32165163735699,7.750756674537959,2.829388103796429,5.152351674481047
5.372970455706518,2.8400619360927704,3.656086426879917,1.1415878993452813
6.092666086696047,7.188445908944139,2.1839719286629147,9.182232437033838
9.250804028068721,4.14338415262875,2.2522267488655587,7.556322014813506
8.207362898737752,5.606449845962991,1.4982701910184621,20.497991089676084
5.060170628180573,9.404803358661878,2.6744599438994214,6.653385470359725
7.468293393755164,1.3361647133423156,4.947321737224699,0.40770032732954026
6.276119489026855,5.502380567297157,2.1412774451521495,7.53175081618028
5.43130343831124,8.689806642948565,3.1257475707443922,4.830658931491978
2.7308419550591547,6.291768235333136,3.9729490111163375,1.0885372624988814
5.1754263710940185,3.4918346526864097,1.0539890835370826,16.267753363035972
3.2123672832031716,4.579130216305309,4.601758238393195,0.6946412840831293
9.233579348664891,7.122390658557171,2.546200738899754,10.144031677412215
4.018661321467123,9.017307048824227,4.4764639468439285,1.8083732863337194
9.570376130800351,1.3695973637195045,1.1557906355979122,9.812136362365008
5.797497610852401,1.6438493970133878,1.5826542074547034,3.8047886000744464
6.683899408085443,3.925463712486288,2.290117817910237,5.002708762818389
5.88646400040395,3.095017159937311,2.381847092253115,3.2113659515169393
2.1644255527003082,3.3843779760016544,4.391176892112066,0.37989156255568673
4.382390971071469,2.9914299876329284,1.0448044615529408,12.009361726492303
1.8923150104986153,2.7624254396964196,3.564447105878718,0.41143350012174207
6.606586397650435,2.175615701823626,1.525249744714201,6.178419342208031
5.0218677568039505,9.405587186157142,4.292862602844197,2.563050765419582
8.00186474413843,2.2977051751553774,4.114293063831649,1.0861631425676286
2.9842343289943285,2.8396339728898257,2.9996841096448024,0.941768673727279
2.4810945258640142,3.2163915158270715,1.8507489020495007,2.329792364370084
4.6569900786739105,9.397133858173785,3.537981563862225,3.4961462764244637
9.33926844896543,7.801427202409763,1.6250332706305826,27.590680058706884
7.3937963351117055,8.107294872839631,1.7600951703706138,19.349562514685264
4.7703126231362685,1.9428243358464825,3.506759608901431,0.7536477119544613
5.655449527788795,8.526788875141044,4.964913784354497,1.9562719057204694
1.7579171005938852,4.673737736356761,4.5642433490101855,0.3943893208228857
9.861183067385017,3.3654072359114986,3.3724294307347082,2.9179705481206684
6.99766574225427,6.181750751682795,3.154147075069695,4.348112813885073
3.568636616170802,8.399646152350606,4.993539520032434,1.2021158841746618
6.272275547937199,8.007869359674185,3.1895885905355748,4.93710962233535
1.9853412946209459,9.009977343230188,2.6804660878377757,2.4896496745855794
9.692530019268252,9.353189674138996,4.638222143101366,4.213992967200342
2.5730648909502936,3.143098642849746,1.936737183477153,2.156092399982065
6.832272862496928,4.814721047523445,1.390103961187236,17.023222324030865
3.209090162850374,1.1316568528456301,3.5363601374473213,0.290391368888923
7.458052443836822,8.91389493338554,1.383398535074996,34.73748088763628
7.991392305162529,2.391149363272908,2.4925941478118405,3.0755728201274657
7.060777560202894,8.753273311084248,2.694309542326882,8.513890111304336
6.530495142296733,3.964485897879367,3.1901522681969325,2.543959321927863
9.032221845568106,4.313202309830244,4.966638182991849,1.579317250442566
1.7076403989078224,1.3521902903547343,1.8839268933327231,0.6505881403250613
3.9782328920217567,3.9419091078878763,2.503025514027648,2.5030311646039416
3.234587316677614,8.995273145211378,1.528960497642632,12.44631260141241
9.892125658588794,1.2299266100944373,3.430454104132939,1.0338691958772852
4.504508017001862,4.656947257420528,3.910692729231334,1.371643644951546
7.593514293163588,1.2825966683146701,2.9283072929435154,1.1357941408828371
7.162526474929042,4.338310825981584,1.9833250731598842,7.89949084922827
2.9087311372963995,2.553765767022621,3.4835530767269907,0.6121245207028153
3.150979121903962,3.2699655394153484,3.156630893475398,1.034048946054389
3.5315610719773067,8.89838535845277,1.684742893614871,11.071607069191849
4.700145504334413,4.924442985597019,2.622727602008521,3.3648215956464136
3.1089255908547413,3.4641819226172097,2.7407883665407797,1.4337057081332203
1.1768633447216303,6.30404540155493,4.930471015085732,0.3051887696921219
8.91453751126476,2.2789626384932413,4.397143328622088,1.0507388207397015
9.690488482427957,3.3345244667877028,3.9374831530943752,2.0842132898267245
4.074133483284111,5.916231708425997,4.55510810201179,1.1616707450663406
4.0465619148292555,3.1377073766326196,3.94193762331486,0.8171073798283518
1.0638263149693388,7.112149636607859,4.613607420502934,0.3554596758248332
7.1222561949733665,5.4234217203357025,1.218212459518032,26.028245458929817
8.428959061737658,7.947901632292218,2.824264837067666,8.398768099231738
2.3194747032400285,9.534200821502218,3.9875933409673343,1.3907600647145668
2.4369971443043568,2.04224400412667,3.333183186440054,0.4479652079843035
8.11074924974294,4.011985089860904,1.7006646566031467,11.25078726407323
6.5466167351873015,3.8759415659056593,2.361968346114137,4.548267414862435
1.4037450186494531,2.3606462740352883,2.271097500106765,0.642462207589993
6.602922914160535,8.292728236001238,2.045387652737344,13.088274667908282
3.780259505593895,7.83890833634911,2.3725422140558643,5.264405125422482
4.318526399237614,5.359829237509591,3.059413153844484,2.472921173326516
7.9275827646719215,5.839937000151486,4.419476099133104,2.3703221111696013
8.298416734053497,1.5358972420224664,3.9681306495750253,0.8094415164976758
4.603209641558475,5.99956617094341,4.340998816064935,1.4655521167165724
9.524376424057193,8.122073716176729,4.534414978252345,3.7623652271160632
4.65816446156865,6.164448162254715,2.664601824390429,4.044309474048792
7.946524317070989,3.3877573310837703,2.3841051361069887,4.736294555157403
5.3548953810783315,7.007934451009035,1.2304935267366472,24.784625139101927
9.077790938698756,4.253395869687229,4.721966487505737,1.7316901264147173
9.169851192851608,5.903859558571617,1.2632920717525757,33.92272758617341
1.7867512708397548,5.388088269510323,3.9645420614818816,0.6125093771747431
9.428439981792032,4.4305750086866205,2.5124332178623487,6.617757986353183
8.429813573683742,7.469901823547215,4.795123097996745,2.738629884289801
8.121796428814001,8.954885007872935,2.678408083736516,10.138147815064123
2.808202057169702,1.0469126662923245,4.266433405418866,0.16151351365562744
8.246072878791985,9.402548673073305,2.1306193286547064,17.07973129534884
8.65119461216533,5.603636224749025,2.1963548689753867,10.049419913177992
3.6023530100873584,7.3065869232693865,3.382077639513737,2.3010903863821928
9.570340705260914,8.700621095582894,4.991930534829895,3.3414932512242896
1.4487413175924782,5.203933230828429,3.070289671916785,0.7997676965380677
2.349183279224257,8.514766660284012,4.745234545573162,0.8883299102687985
5.838230242463629,2.59857837509682,4.144999312994911,0.8830150637644126
6.182132240100787,2.43250781031833,4.183457256708939,0.8592545923600892
6.80635074970813,6.917242319705382,2.7438399565150564,6.253595166780005
1.152722163839198,8.831287049965635,2.5461690006912026,1.5702694884013506
9.643300971599173,9.031835597824355,1.7676872323632615,27.87346082881936
1.401292834607296,6.793664125395219,4.855765067934614,0.40375474575951065
2.2875575745106214,5.729403071883858,4.83757444977528,0.5600490776991193
1.126130657734513,3.9825377892686458,3.9882709372407312,0.28195472679997996
6.101725899646852,9.820003740393982,2.185009799410678,12.550400055521987
9.39040195528875,3.877261179996254,1.9807181613691287,9.280339670670266
6.993524494724178,7.697674965084339,4.954440969547852,2.193139983884751
8.403917216323846,5.787836199145007,1.26617126043271,30.339826578366864
1.1195308311272207,6.4766110827281205,4.3742571685652365,0.3789441897129668
5.878137686317535,4.541324955297636,2.4218320019298987,4.551287877264212
5.136066797549697,9.68340812925023,2.675478878908882,6.947936589447057
5.490711497987137,6.14514093489344,4.327910594995348,1.8013740876618223
1.6499186680166915,9.44008867412911,1.3624120640214321,8.391153176152281
7.159918249623767,1.068322745565227,2.4166787140810286,1.309702646075806
5.52898373372771,6.1540352487200884,4.808097108678292,1.4718339987134084
7.886339648751376,7.454682007527443,3.7962636510850256,4.079358436625825
5.367615706555438,7.705721540459963,4.019756659223562,2.5597361352625896
2.3444347260378886,9.144791936035132,4.030021203821906,1.320071065814773
6.834312586700398,1.0396144810340764,1.242280332655778,4.603921812802371
2.551477258946496,1.002971433335288,1.8128303730417246,0.7786923848033072
8.851551070193334,5.250371147156938,2.965053024324847,5.286210529936682
6.518046151623174,1.2636433450483358,2.4726009299015006,1.3472056304474544
2.4148349520125882,9.770792982961371,2.643649172531414,3.376055849516842
9.661042517330861,2.9985865708725274,4.12578951450269,1.7018702615640489
5.665289170017886,5.253982564283603,1.058716940270941,26.555286118792342
1.6560860668448951,1.5502386701100126,3.641967705284955,0.19355718106453987
6.641496139735605,5.698435745541326,1.0004409272072898,37.812786282592256
3.278790163115292,4.419605126326676,1.2522341023049748,9.241150399987026
8.233241066895722,1.4019402598950137,2.633144479350496,1.664757425561213
8.360398662095715,4.016118400266023,4.363794079219286,1.7632138865029103
9.810526202691957,4.522924182005701,1.579983062257842,17.774882857324968
5.516825779220533,9.90929342147446,3.2184856365144463,5.277506865933144
5.094611917549634,2.870972847274379,3.7140209073069768,1.060355525742457
7.781280449018325,5.903016538330897,1.9181315366886422,12.484417869367467
2.192235907077339,9.885839942787658,3.049321021078332,2.330743953603454
5.922239624138117,8.128172871461217,4.645629132552769,2.230436350890289
5.9162284011776585,9.940307507938801,3.048914101462131,6.326366876593539
1.8052581052934848,9.714684831941524,1.629292247150592,6.606478671510365
4.761856769562222,5.4058558788473885,3.511257186750179,2.087927955627238
8.679563187104819,7.267382648835092,3.368800720034056,5.558085898139521
8.705382597951942,1.9939881424703598,1.107819039192525,14.144017494393015
1.8931389842771291,4.9703394254212165,1.3623776229902664,5.069598236713966
1.8164879447304778,8.281166880400278,1.627125420564043,5.681748373600835
3.3642592930174176,5.54801788879429,1.5451563102474797,7.81776252043196
8.872894562985941,7.324291295355087,2.0378630822437325,15.648795878420668
2.1601232656614906,7.711761969858492,2.816421292942272,2.100085191909146
7.479971223647016,3.281222271186045,2.4868651915959377,3.9685430017620726
1.910490576517929,8.881294356483089,4.562599565618388,0.8150729016431784
6.608240683730428,5.138401878182611,3.4484376376253483,2.8554145429330857
4.204605692072303,2.891665932593894,4.504577399847372,0.5991910051266198
8.100225666692804,8.788742936095993,3.1081572996703954,7.36915854934772
3.1032140394282726,4.760369254956283,1.3594818827573598,7.9929210716885155
6.752816464509639,7.752811945417477,2.8531497962657393,6.431244913705558
3.1211428111829647,5.932297649994336,4.288130187369459,1.0069331760259128
7.4229425480093845,4.436845770110503,1.7764150686684324,10.436659980453694
8.863102311046738,8.288887735347124,1.364857115010599,39.437342671827246
2.14121619214084,6.260229384801518,2.3177389533530404,2.4952940208740504
8.79936119735953,4.515058921843286,2.5555913225605584,6.083195272108389
6.3421772897286814,1.9863808330161432,2.2250307056236176,2.544654806981228
2.1439944178032158,9.059007823900371,1.540963142498224,8.17936865123362
4.847876698237409,1.319226268074999,2.003359438886858,1.5935037965522851
2.447742641365881,8.768686135312507,3.7291296184084413,1.5434242550898782
7.303130999799126,4.239653723948399,2.5437140651726557,4.785230860841802
7.8298132097615465,6.754048871512652,3.530197778474223,4.243434722342736
1.9521686824551905,9.299797514521167,3.14521511967493,1.8352284139885757
5.5552586742517995,2.3653595395350857,3.196211759430676,1.2862647259996434
8.331625504233255,6.102554280749292,1.994198231791184,12.78511792392029
9.425467373958968,7.879895761331729,3.0861721310727264,7.797997231245954
5.62166080067593,7.818254494471517,1.094378855452807,36.697717569217815
9.552513012502663,5.730687231395536,2.7269749692997047,7.361427529848037
5.821200734104268,6.622655139158122,3.2904912927596603,3.560600301469385
4.547714451399171,7.817742947195601,1.7279824854164372,11.906823110709201
8.633828156976058,8.569248739816706,2.0262340249958055,18.020504365330087
5.436844394122802,7.856317871882774,1.8781240792624776,12.109253997671702
5.247122595080707,4.186044488631184,1.2822318210616968,13.359553695529366
5.412812404688455,9.970537609519598,2.39142928456036,9.43683725615197
8.621065016827709,4.9105242434737395,4.915863065807757,1.7518189751996602
8.48747387519247,1.2201823248304007,2.4155216258544403,1.774930368529882
4.631679931961901,4.263552564269158,2.8421464873479025,2.444653126695997
3.9996987388347254,2.1500465911645894,3.612349003825501,0.6590156784909453
5.427352216352164,2.092983541555375,3.5939910046764285,0.8794271077929032
6.154952587633981,3.5338153609620493,4.799579920074496,0.9441959008634548
3.1450348956519725,1.4803794475953476,4.430256561596501,0.23721424240150918
8.145595762440315,7.1966096956860675,4.175802748420609,3.3617920959658396
5.378344891591806,1.6658999578171456,4.806508903113242,0.3878270201315704
4.0064099357796366,2.8296059989236055,1.9230615419326864,3.065455289533512
1.9613889366759154,1.8360974304470745,3.4682167784871702,0.29939667594707214
3.1496064436324622,1.5685095781272795,4.548787066888625,0.2387548762485091
9.543530545803854,3.409764989855875,3.4965526331124073,2.661664885740943
3.7458971813757396,6.147090708943329,4.909681898427478,0.9552537796315052
2.519733604303318,9.682170008021576,1.401410855625516,12.422138796442956
5.146055124894938,8.880009889146457,2.757322011172801,6.010531922385763
3.763789690242238,8.883405329007923,4.9094516316345445,1.387199282031069
1.3164332524407474,2.5846033243389184,2.518272114279703,0.5365218699645103
3.9083069555147554,3.384164741480381,3.9582255003972175,0.8441878498794492
5.896977615455217,1.6875398511577513,1.1216116043145967,7.910401532693874
5.965411348179702,8.006215059236666,3.7793484585212522,3.343749818325062
4.209030290591999,1.6283467133700575,4.738506930110313,0.30524312624652405
5.025724806273406,6.0102610373876795,2.530825140760011,4.715934438857146
9.689661264112898,3.2308801509155565,1.0851993517077179,26.583391786779664
4.396136295072805,3.1910107062587025,1.1116392175819354,11.351981903175593
3.324041319339847,9.916525497228447,4.568093222844356,1.5796323897848956
3.191203396600841,7.8110182628068365,3.890064428385047,1.6472084070590212
5.119881514337207,8.532454224619451,1.4267455369063193,21.460549216851522
7.835681338452496,6.147844168096114,1.2183611082047863,32.452455419909185
2.8538936576962586,8.839128586543744,4.219301454461918,1.416987853543092
7.383665144266913,6.809414852497176,4.239442531221436,2.7974625519076954
1.1903484101447466,9.515563343167107,1.482087359168196,5.156570912868663
4.770396801855514,3.532047274410731,2.206081615554547,3.4620860818342654
7.982785586825082,6.3578759120460555,4.120104258295559,2.9898548173453317
4.048596601969883,7.211182131432029,3.1016482838160253,3.034770636409955
6.073633913008595,4.53643574525026,4.826339442901197,1.182844483829026
2.844813095433197,8.917371841636479,2.92425058138402,2.9666167541304964
7.677958520135551,9.81822846793739,3.7078317502620504,5.483260227328816
1.4705119294188367,5.443925422353955,3.039133462966337,0.8667247017683902
8.672883803879504,4.515765893239052,4.771861982740183,1.7199633744582108
2.7837674777950134,5.247441357008128,2.5946363682704354,2.169839186889822
8.869582285374976,8.674630711587383,1.9191858207144001,20.889118325811857
4.172763171704656,6.809215829663509,2.3065354411239727,5.340729381068257
7.5041521702703795,1.4029513526628556,4.411100816660917,0.5410660404980534
3.873027680075696,5.879529194011433,2.9917542540485336,2.544141823884881
9.153205041111828,1.1557011046687284,2.417009214008956,1.8107650666937005
2.1397341296653694,8.006818339030648,3.1770400872379314,1.6973617054404466
2.6066781034533886,3.9548104618821736,1.5329188291073694,4.3870719857022715
5.437271126429221,5.2480673390559645,1.0214372185023843,27.34998116519201
1.7374459513433151,8.188102953168688,2.122338734773963,3.1583859361084476
2.7638216623158574,1.418039355571854,3.4200228791341694,0.3350736510376342
9.49389743990813,2.426873820324494,3.846723078645549,1.5570762716462303
9.788406950330984,4.581643388006034,4.306443865407866,2.4182194977853917
4.386333963973797,3.0693264719100455,4.706654237577879,0.6077433135879671
9.30957418912542,4.041112831975568,2.6484493878590722,5.363489538985149
5.903422081060886,9.983572641032186,3.9620671982298186,3.7544484309609283
3.4276821928639034,8.428729938164295,1.2986917207922501,17.129731019385623
7.321588489725388,8.955116334640977,1.2301199950883204,43.32929193768568
6.930116259173714,9.433491702091978,1.4991919679446264,29.086971044043032
9.9021278719786,4.068422922827761,2.7942763913230495,5.159598407737604
3.3854255866835494,3.6736926201682545,1.8451257539949997,3.6531217514214678
7.048535523955619,3.106562433148674,2.1476997677512633,4.747137800686746
1.468213795265022,8.471052201773103,3.5915206940492106,0.9642061830536898
2.0228143482704746,7.115966760566664,2.434088715211384,2.4295012703196774
1.0352653745598395,3.1255478423458958,3.2294862308720886,0.3102494107731281
9.995146129537058,4.392944462894094,2.649615026946369,6.254308571317622
8.220463274327301,5.560405875395184,1.6758770220792782,16.27490619967209
8.080507132601866,5.753260515463783,1.2960799610235765,27.675091534565976
5.587534677593617,8.998549556965433,1.9449259812395514,13.291885408348227
3.7006037461489596,4.425095196524946,1.2308018779641774,10.809830936653329
2.3613785601640833,9.176716274504612,3.4744478395592275,1.7950697477967432
3.562072649618173,4.972308042878106,4.182870405864401,1.0123063940747068
4.383740997362252,7.717354073131184,2.3589630729496034,6.079544310570722
7.8067908728226465,9.372288879865504,2.548444221409433,11.265953309319338
5.856956100128372,9.168181335669397,4.264764251037226,2.9523313974549823
1.697352638999344,1.5125758056611305,1.8904516494942412,0.7183863650162496
1.16226108063021,2.8513386547891284,1.4766410607794969,1.5198566070486834
1.9209896158065685,5.2921488297904755,3.004472469324346,1.1262131884533582
4.694488423276415,4.883988609577965,3.5847606781329486,1.7841960792282436
9.398736253441164,6.768024983534864,3.398617700185917,5.507148482729003
6.7366223308829944,9.50238145742871,3.8554921810967233,4.306406354157492
8.216433098879637,2.0116424015015393,1.2270047286920955,10.978465253170672
5.197371350540937,5.066727986208164,2.7128064510334915,3.5782750341811327
4.254994748755385,2.731699340984254,1.9542820957827725,3.0433886725637214
1.9756033544496046,9.046968385581527,4.036485038184097,1.096973492930562
8.883397199675844,9.681221672214875,4.490921936241398,4.264206554304024
8.048440261251125,5.308315137013151,2.1253429632256595,9.458241081341464
2.513062878379526,1.9360926795532667,1.380872316277633,2.551657922115388
5.610345074886345,8.067652000504058,2.0137118479655873,11.162001592598406
5.386373271291204,7.274272154431591,1.4160339562356787,19.54063426232614
6.625823974178758,4.192037439492794,2.289688664453815,5.298002739236902
9.51568204592135,8.986667265720671,3.152794313287303,8.602948186985074
6.217942975862317,9.782487008044365,4.894723817592826,2.5388651292434674
5.861955401007568,6.020684642171759,2.597481017405434,5.23098681072335
1.4529063964119755,6.091551202098631,1.8801596954184845,2.503664074441321
1.5661672841622154,3.6776215460240005,1.6672069614833402,2.072173678205439
2.6861211219411,6.260554323849828,1.692159064554704,5.872946042473188
1.2922369452257345,4.956780884723619,1.7703907330458368,2.0436363526040995
7.690176060130112,3.719719242352467,4.049068090149788,1.7447623617538586
7.509972735945668,1.604666768715112,1.2441108457296797,7.785832690300653
2.2245061098847865,3.274370737382124,4.989610827772136,0.2925688646470701
8.524710107157528,2.78069184709898,3.0907455646650446,2.481452540244315
2.3930743136150077,5.87837786098554,3.1770875772033027,1.3936551095383771
3.7105802829762293,6.415030195872345,2.4302555147984193,4.03029339536558
3.240792092452285,6.477145518754148,3.761021437648482,1.483963458716803
4.35076388715743,4.493629009411112,2.8858253635231907,2.347592089341002
3.291973893009657,4.791067603169464,2.316245139858199,2.939812547403295
5.400558337946069,8.50814586676576,2.0605536148321715,10.821955665074755
4.666670932192169,5.286095321654462,4.702604827733039,1.1154887572092402
9.879125417013938,9.889959989234102,2.163958060209681,20.864854218161913
1.503337151154031,4.956555070079784,2.745573037719368,0.988485545984213
2.2796323874861644,6.846228501560551,2.401365608465873,2.7064476783564215
1.4754330451774225,1.4532669909405622,1.3447153097121438,1.1857802608181016
6.632570754841382,6.880059319769297,1.7437375779290685,15.007619867001738
1.4905834967234761,8.662837549735055,1.758007901305528,4.178061549763586
8.52795763638511,9.482120546799667,3.7745980575586193,5.6755647453648725
5.60744767613735,9.975885504757935,2.6263416398632367,8.10987662092573
5.743068621233803,3.539607810843098,4.1278702522826345,1.193018214117684
6.054350569409748,6.1783305834314515,3.835803697336628,2.542295098162702
2.5373233567558966,5.056461869789326,1.7681990655841506,4.103554828009632
2.7792127280303878,6.074357325176539,3.2516676804804026,1.5966503370689304
3.8693559058570424,2.41707661470862,3.9716353841952112,0.5929121530708773
6.341467742396663,8.705346153363474,3.532171693902892,4.424785483806177
2.891059983461931,9.186120490101288,3.4000660323519236,2.297283202083672
2.046985544199351,5.046954968016303,3.958443549603072,0.659318547962358
9.73105197776589,3.5238687541621916,1.2271229570252276,22.772114310863653
1.1978363332866062,2.267500848877111,3.9256877894457314,0.17624362879691466
8.224276648024194,7.15388342300024,2.0906210526137134,13.461359743926733
8.092316346175199,3.810086556586617,3.2874890180374163,2.8528508867006046
3.674927024605864,9.185847129220498,1.9692199787860298,8.705214294289377
2.2206395440658206,7.0391122736038305,4.3552702888273505,0.8240730972287612
2.3106578203488106,6.811167926568166,2.922237417203024,1.8430037964016344
7.276884555134733,6.0346190430841675,3.571764848099934,3.4421486885554304
6.785259319775563,1.4119870548585305,4.176328173906912,0.5492978881895568
8.04471106826248,9.387301921170282,4.581261020285457,3.5981657351698884
9.437330551591941,6.65143743969514,3.928248388277364,4.067867472773412
7.227346269399328,9.946557850447993,1.595074304761623,28.254643864623766
2.402663828962991,5.8362076429559835,4.418129478343146,0.7183678157689892
3.190983550888696,7.390998027155918,3.4743116634620246,1.9538449793395236
8.579743577858032,1.5058860207959994,3.4377990335210944,1.0932146418769682
2.883754682507877,6.685625591410698,4.685362239219686,0.8782416271194758
1.6527008525903328,7.8818465043132155,1.9953262226635324,3.27185767589596
7.329520486380254,8.006628653673015,1.9583504739761333,15.301866709639471
4.6227371994112785,7.931004870072569,3.0527742187798474,3.934033470569587
9.280360472913133,3.036543645643009,4.00345226613946,1.758227482179964
6.8522956398429535,9.778586298447033,2.7889628329140366,8.614433280041657
1.8137708001249466,9.956639085624449,3.535565559569609,1.4446990303729499
9.530709105282947,1.6803628764544114,2.8100988968908753,2.0280800064629187
3.327015372762213,9.428017805305815,3.441548721947875,2.648301076992275
4.034912413656572,3.605042748739324,4.289049210454845,0.790719542678076
4.620343723151878,7.203556735758683,1.7219067843636933,11.225404310228564
1.4610186676388193,4.042998286625189,3.781514136023936,0.4130740054323213
5.468638800075444,9.709788910358094,4.1497029573527335,3.0835784888653412
2.1098664196776302,1.9135347247318193,2.78844562992713,0.5192385709484769
4.608732940195166,5.479721352607384,2.292934308271417,4.803488915350168
4.156388091928759,4.852430127478672,1.0541772956976083,18.148806305395176
7.95556075083853,3.9342110705018642,4.188420089336374,1.7841361159221603
8.22853460469458,6.809805917921338,2.3117546361439523,10.485128562164126
2.380715941501792,2.179501690795007,2.429237877632201,0.8792749527554269
4.298960686413036,7.449961763203272,2.344024652395249,5.8289880839278165
4.360178449286485,9.825329114243086,2.9949573232493525,4.776063519927077
2.3626939954247654,8.241028430217671,3.8099982928763083,1.3413413958807126
8.186081545460715,8.740150776185908,4.087452524002043,4.282422858793891
7.36505495501881,4.236730688611022,2.5702828816126333,4.723294258679108
2.7134360766733128,3.9239794583309684,3.6524081401806763,0.7981558774778452
4.300497177344191,5.653435192211199,3.882737001085261,1.6127057565012888
1.952245223708628,1.4115395328604543,2.187669326709526,0.5757899226200149
6.6538593738373955,9.508223210108794,1.386485878148373,32.91107630796917
2.092347320937577,2.29406655714573,4.57866288257785,0.22896149601136076
9.87340751762426,9.127117352512832,3.7084638871263715,6.552583873513974
8.026138672190761,1.7522399980032013,3.592441635505166,1.089734765900405
4.512146946255956,8.40362434910704,1.235610060847912,24.836305532999823
6.2070753905141896,2.367662732903936,4.271492230015706,0.8054667500554762
9.20207634594768,1.3431845268232543,3.2642166243442126,1.1600149003222215
5.986893523562435,7.475405052334678,4.391537669270265,2.320614702082627
2.5704863775815965,3.522387701569855,4.8982447349470455,0.377373588894857
4.408330200230434,7.430465375059145,4.828401283520968,1.405022951689734
8.588303785267708,5.9957672542553775,4.42435738556083,2.630581505875385
6.797917143906561,1.9792665120705903,1.0437894953254756,12.349640062591977
6.856519459004203,9.389170659710473,4.542908832947826,3.119341354426959
8.801393371196403,5.070827572871298,1.300249255310582,26.39836610687267
9.045757517162542,7.6100255001881925,4.404775880707069,3.547998453249881
9.278133146014927,5.5091851481406255,2.1206962744464946,11.365564782534145
1.853642739278405,6.439253274650842,3.4402733541334705,1.0084993867072618
5.897134017667908,3.724962331210232,1.1522729245995187,16.544443688642755
7.664585690964867,2.8032427360310526,4.084726784472912,1.2877256997816158
7.812341606143124,5.88313183067261,1.446824488931886,21.95624677991135
6.460445817730035,4.961970756739018,2.6427526867030875,4.589904430713188
2.5010860166530673,4.511018920905398,4.269784009301206,0.6188586476820153
8.17678498547498,7.053104755851607,3.7813959860333406,4.033282057031299
7.481002001634511,7.214559688100223,1.0241707874322676,51.45467427099833
1.7752219439413266,1.4132805048213672,2.6121293381701953,0.3676983422802419
5.174288422069386,4.048700448193049,1.167710067858032,15.363714552313118
2.565796595696232,4.705880952037396,3.6939994432738765,0.8848497033013183
4.037293411416747,1.872029450477513,4.875793967013285,0.3179159362318438
1.1627298298511688,3.123107800284595,3.621045049203037,0.27694780900909916
4.6029688156968245,1.4647761750048098,1.8974897244702231,1.8726233510808998
5.948892290405894,9.966178887553186,2.4209321282661604,10.115784200386532
6.576243335443781,7.629014826728601,4.906602222633871,2.0839372187248797
6.971413106158391,1.787051408524783,1.8962096481294002,3.464855766656695
8.52662181792214,1.182244418110829,3.2461162922177706,0.9566567155978725
2.9391661654815704,7.473590201370522,2.601815234726979,3.2448940077024386
2.0843364019462114,4.9527294911440025,4.073261191712886,0.6221969855750051
8.663834547081331,8.081170381581185,4.469557087919549,3.5047370199104013
2.409515334033849,9.311284340365454,2.363349097401187,4.016830711115709
9.772840732025758,6.393703501147352,3.6415854547975304,4.7118591775728085
8.582844064587732,2.6839758062552774,3.1961907900709092,2.2549889987932237
5.507889453006392,8.039746324418072,2.1137779602217335,9.91080269512354
9.832792824298227,9.60230568856937,2.087763211252007,21.66157023512327
1.876390561972038,6.2220815835396035,3.154526590129216,1.1732499815581598
3.727591850575915,7.1379770255266015,1.6160114941291992,10.188602255584343
6.744019735365503,4.037272255330057,4.243239585929886,1.5122088024561229
4.150061816258608,4.4337492519428015,1.276019356801608,11.300851519339947
9.355352967827127,7.611890480677575,1.3782979448332653,37.48577477815964
1.590634793600358,9.349939885661373,2.3689052357090703,2.6502321677254606
5.944706488548681,6.66089548501917,1.4723670327885334,18.26547062115241
6.31779640655603,8.108631176368128,2.90280008502197,6.079654773981528
6.874553113995017,2.544715156738357,2.5987035617674814,2.5904198834146537
3.30099600998633,2.907631812321762,3.887239183542868,0.6351874132829066
4.2810978476787795,5.78831218150051,4.8120166208388815,1.0701702224035337
8.593124766984799,2.588987730185565,4.014234338956504,1.3806247874298316
2.7544849207314384,6.714955631988312,1.7177946515224174,6.2681741531504915
8.441810624560258,3.6248786685522907,4.742085141857612,1.3607877322149466
6.063898806124682,8.123793568002029,2.568533730212269,7.466899013658397
7.859687600746739,8.27299311952909,2.8967574437076515,7.74896473292938
7.422466296371244,5.174087101798178,2.686304949482542,5.321956803070196
2.867603458463911,2.6272957153387173,2.122188093150876,1.672862731719998
6.119314627904856,6.820974649737393,4.580177151189936,1.9896865627147842
8.809508375245832,9.935083164372278,2.3289554635864644,16.136183066789307
4.8890461312173645,6.60331808148271,3.3143858787181855,2.93886889935586
9.69931693200985,1.3219722164260705,1.9601343374973208,3.3372735381038425
5.069935900915462,1.1556457819037433,4.189501499080722,0.33381243192399773
2.285070730010962,3.8832577344307557,4.096794638116746,0.5286977649526653
4.504912120699059,2.7620542617436437,2.185248553788176,2.6056546037783392
9.565321657514835,8.317460864289774,3.7262162925738145,5.729994750217543
3.877487644058688,8.603251003324004,3.815494132379799,2.2914555457299977
8.812883438803565,3.3275689417942855,3.2500456644190647,2.776298523592116
8.931256135137009,3.930802992549034,3.4023935290866807,3.0326670663198527
4.151678718987649,3.126222709436032,3.297818553163183,1.1934112774999706
1.749318922455689,9.175442926341375,1.3274576159793825,9.108664480967967
7.521021182429364,5.52384401160054,3.68106137885514,3.065999641720995
3.8036106911258742,6.905233396738179,2.879100039354765,3.1685525251110933
8.04631252831815,4.73933878029643,2.753829122165654,5.0285257069571685
4.983893634343898,6.67912774154078,4.439996875127203,1.6885860061263616
5.367400681083594,4.472698390495625,1.0929068538444708,20.098670533365166
8.00118466073683,4.057105939563029,2.0052596718350206,8.072896832106332
4.441269979554651,6.710320658561322,1.4856139993709854,13.503255387616967
4.988146107906231,6.3195587024409035,1.141364178438903,24.19788687010901
4.3857142189266,3.6417515875115467,2.10270799070379,3.612374075305206
4.30606463749552,2.344136052875261,4.953905091178711,0.4113087940746121
5.7335191921131345,4.317190244543239,2.080916692830295,5.7162744169794
8.279195000510356,4.736778752277183,3.6548232791830855,2.93588098902388
4.255914807303093,6.658159000821444,1.4731955601628859,13.056485338113784
5.718292484839631,9.230758872731773,3.40739052018892,4.546319467542499
7.036545928983408,1.3256631777963261,4.937925932553253,0.3825635398697105
3.4249550167328953,3.192949112876604,2.1673500938418613,2.328030849994879
3.497705244121533,2.743443480516043,4.392302465502331,0.4973873633135384
9.400718143211094,5.520649678244053,4.9902855214661415,2.084013036843995
7.511811159979797,4.867307263388438,3.354216354882976,3.2497599377289466
6.19468008600978,7.561338614381696,2.2376044017121415,9.355154294541327
6.8294804897855075,3.1817432129037746,3.6941250395966247,1.59231729472339
1.2636949879307653,6.350485291747827,4.379392825074476,0.4184286107384034
6.562926690055272,8.954715372399633,1.6854009718479133,20.689160050934404
5.585579859017817,9.196099659264743,2.8100630553658132,6.504887712651679
5.911747118014921,9.62906144252528,2.276750840495364,10.981680269040506
4.234814441477354,7.959350368719897,2.1334359878495195,7.4054725193878195
1.733265079416477,9.153891156330236,4.4432850429606905,0.8036415487820456
2.74005310250847,3.110777847867468,2.686616027287354,1.180909930584522
9.556702418914046,2.7782284991542934,2.356305367215651,4.782036426578063
4.678296060438406,1.0583927540247382,3.4140421657040547,0.4248120221963118
5.200148402477778,7.361599216861885,1.877606318549525,10.858724916451706
1.474388108680951,9.4372046903237,1.9195739622723158,3.7761174479800856
1.3380960658958254,2.6824181053750875,3.0811549234860185,0.37808260306135777
7.454633023420819,6.73249217884191,2.6370909145847365,7.216920503430625
5.842851977090001,7.718137832995998,2.179929535689298,9.489700428693942
5.5783538579464,9.348528116332508,1.2158045290964088,35.279448272466965
3.1881207738040183,6.821742016154995,3.0830969545540863,2.2879982710505793
7.7027565846693005,9.732643594738771,4.2664368224043,4.118569091833494
2.514129211976427,4.10205826911293,4.405508821144231,0.5313702906919906
2.70941269294918,4.149356803942669,1.9417599189043209,2.981706403020337
5.146409542134479,5.88711259012911,3.3985648157899533,2.623104372383394
3.576518759007468,4.451516930043164,4.423525237851761,0.81363855128611
3.2271668310983173,1.0128315545877937,2.634903713105059,0.47079207270738715
6.807138800979985,7.585948225782886,4.7285472692301145,2.309505552933607
6.858745706966901,7.76545337330635,4.611914116518212,2.5040851648016207
8.420653628199364,7.722771442180934,1.8325355896752376,19.36485056290699
4.759377102756783,4.1051859994942,2.035859331600815,4.713976596407489
1.6577658192353522,5.700605259800548,1.7217679945838755,3.1878280585081553
3.462997464293119,4.239761663590025,1.7842174058188092,4.61209318671943
9.820049168771352,1.1443276002758118,4.631448348693992,0.5238782705557609
6.366327177094319,6.062040471442769,4.724551636770492,1.728966528006338
7.387633763209182,2.1138459947560992,1.2075889647405238,10.708790675445295
1.0662204666287307,1.7203719168229654,3.374413422688819,0.16109155712760523
5.663851589642688,7.799491618271085,3.2569262514302864,4.164494676973669
1.3377579177862282,1.0855558217629506,2.5621905868978394,0.22121105563320967
6.123071908823031,9.631075992478536,3.526790371292428,4.741162891057448
9.286937646724677,5.637298277013192,4.789471302043401,2.2822772095140023
9.715772174503671,9.847147876355336,1.6810195308885847,33.856515893298834
5.8649740785003175,1.5219781522543758,1.4816436388658225,4.066183686493796
5.123843247269944,6.251765939793219,1.1335622833159027,24.929167199443476
9.505153848236446,4.143943323783201,2.455333231360574,6.53359295222811
7.062488487970256,8.591342435328572,2.350513908311464,10.982295671898335
1.584093515845685,4.251004617108577,2.7232787526345756,0.9080049114300955
5.191530199007478,3.344388211516142,3.0132401235237958,1.9122496278421879
3.162205166178735,8.71797814389922,4.031295976121818,1.6963538533826905
5.228238893038134,4.371877824879348,2.5684535618300735,3.4648146283258265
5.0991901480572555,1.1514998787450532,2.3224524374449342,1.0886078114470394
6.239303225332678,4.512601907554004,4.307515281038508,1.5174327799896228
4.210934413143261,6.890700421098477,4.3991866826146255,1.499329417979451
2.4784340451033526,3.2892358492574365,1.9310638571734127,2.186145736575763
5.5334749113096064,4.8878883318264155,2.2586872908452333,5.301600570739437
8.471825959111857,1.5104362445400297,4.3004654836403535,0.6919082215966208
6.976110052608421,6.292835123625615,1.3176329771910593,25.285454539604032
4.0453107933269425,7.806654314743544,2.3033871215629516,5.952274803560827
9.419707204829715,4.719813052609993,2.793400428163445,5.697650556490582
9.209868141242639,4.78209369521314,1.7482864608022841,14.409413516699182
2.8841355944568887,1.794542487264248,1.7196567864427927,1.7501926819308802
1.3547582660832669,2.817467780607843,2.699448232054115,0.5238063527199653
7.67177837515686,2.392077728151214,4.018086898939423,1.1366655192137864
8.44849235214238,5.335189917953842,4.360931918190509,2.370120822360462
9.710781093562197,5.763299868556751,4.916940370144694,2.3149173931944595
9.008527546794797,9.54046118155834,1.2959362003668762,51.17477438783603
6.404812913857733,1.6590835384951053,1.8667288045839707,3.049384895956746
5.770471052911427,6.398811758395424,4.026519369536791,2.277461351577921
1.2505694613632765,5.738486745954172,3.1623948242226474,0.7175844531432521
3.2199080216030005,5.646097881422462,2.310719095849673,3.4048466931100383
5.136532765596338,8.858433586445438,1.8223586449889742,13.701221696886067
6.6565351007521105,2.849846236259378,2.121910206569792,4.213234687566798
6.015266499865696,1.3669594690723432,2.7171558012038077,1.1137338713219398
7.683723907135215,7.050443568707733,1.708604878024131,18.556877820819857
3.5179023779833676,4.106417177223822,4.856903823507002,0.6123896530029044
6.084573468872259,1.1583092459127213,1.4303537783994975,3.4448294661785326
1.7932801905171292,3.2623660656137243,4.942309737956876,0.23950849577586172
4.722989712248863,3.783940967951307,4.367573144002691,0.9368735506515596
7.751447496591409,6.551545391058179,2.6926064700549563,7.004558939503433
7.240607680861396,2.553272146443449,3.9592653375528406,1.1793505357093188
9.915784634549611,4.717489131580582,3.686060974785544,3.4428092708392533
3.501020133889804,5.3422789997604925,1.8531476717957238,5.446294443417615
5.483703692565812,5.133136522276819,2.3562803444757856,5.069940634348575
3.9657737239659703,9.765466900001035,3.0524902512218315,4.156352491467215
4.965428026532573,1.409538140112665,3.5513767195509076,0.5549323413244024
8.712551168824493,9.558713678071594,3.171579925426486,8.279297226571664
7.1578816766963795,6.2374349259463,2.8919498440258953,5.338374404627272
8.941970722128236,8.161549434728546,2.7726090938196006,9.493548477300115
2.831599974986978,4.873533562144679,2.9930579971800717,1.5404428698937938
8.860250060572941,5.084540931312824,2.7374060793838813,6.012004154252373
1.53786046760546,8.913938491142412,3.1653203101828638,1.3682052018347377
8.997393523934372,9.063410466627118,4.551941196186667,3.935637397587135
3.9616640151465514,3.1481999328816785,3.5313172522184466,1.0001530729686294
3.8312887007265983,2.7931769072615635,3.8904834999541604,0.7070272720833877
5.608797190287976,5.4661165648295595,3.389932534923106,2.667881374393997
9.466211689509086,9.102493244149224,3.572070729656009,6.752995777664404
1.4300322821326483,3.9011958406555864,3.3133993137927207,0.5081548068344663
4.170078775636708,6.8681315380521815,1.1074660887832928,23.351887503439908
8.709147898150022,7.37336518966541,4.998393528800079,2.5702804850546395
4.5644902969192005,8.008071984047403,1.1344369608515867,28.40269309635574
2.7924120783736033,6.075320121288669,2.580592032934615,2.5474752324542225
4.823147631982706,4.622096604510727,1.4204627131957337,11.048667334376875
4.469972513425024,9.703143899190756,1.3877138017637298,22.522547387347103
9.238745813200332,6.501976779725674,4.1741078066979345,3.4477130239339617
7.857409381687874,7.557086904699437,2.703703117432308,8.122987670086637
5.546040001696057,4.104845611262905,4.2045548331950595,1.2877743891572662
9.89533510049414,7.029542629027721,2.091145882723326,15.907023129940182
5.18749778148331,3.320178959477133,2.025851167224939,4.196665407491135
1.5241404773824772,3.2058722577577257,2.0049255272578486,1.2155552950108481
3.360468896334864,7.432499816284837,3.464582505631677,2.0808126096125177
4.924634321973814,5.692552626366416,4.2599975593824,1.5447647162914233
2.412123617315081,7.149489493801507,2.809044040300962,2.185533646712295
9.528086136916388,3.424946416732825,2.5169955625643294,5.1510356570868545
7.901640080359958,6.388510069510573,4.894318216806598,2.1073293793254306
3.4145848038499538,4.9954028473280125,1.4670161440465552,7.925718329930207
6.317240801661242,6.372642581609751,2.94653072817957,4.63687132061131
7.4930424139861485,3.6179175901979743,2.6339510127257375,3.9075223796306395
9.471510360161181,7.439058672842115,1.3925063863475615,36.33647812351497
8.934718142578696,8.25336429543519,2.0728014483528767,17.163128919205953
5.636730035243923,3.339248264719513,1.1137648503164481,15.173610397700472
7.971873578137158,3.7055850387007787,4.5078171559318285,1.4537328454289014
6.059302784448265,6.950388427471837,3.4313981159616045,3.576757644127025
5.974335010409861,7.260266568731898,4.260073991481002,2.39005477446818
2.032677625043727,7.336897159577051,3.0862178096119592,1.5657693665908872
2.1352389221453687,7.144286542982531,3.3980393176875774,1.3211390908510177
5.765802535202117,4.535269452572849,3.8034179112366595,1.8076517452809715
3.4197539048110595,4.553683069633105,4.63204650985686,0.7257914239904312
1.1893321221442177,3.293358612799433,1.367007551303383,2.0960437581896056
7.505552835101911,2.4115032990672667,2.3237935789429076,3.3517795910904713
1.2923793702114845,7.233196414572151,3.836104762800002,0.6352422232679172
6.3574915699364904,1.8386990737508155,4.8334022520055715,0.5003692011978736
5.852744147145829,9.440130581081034,4.923229713960022,2.279488160860906
9.71933221520024,8.440176733043062,3.5524120365490495,6.500418262634798
5.357918254128775,8.717551659615305,1.774393911019469,14.83510197493632
1.5724129274001761,9.160019331536713,1.476835645655827,6.603872252801952
5.965191710258155,4.677444736509161,4.784174577121702,1.219043022143351
8.569865535544913,8.62030651015361,2.73571075785003,9.870891073705424
9.971643558532959,2.422551702624844,1.7792641330507393,7.630604639393172
4.8730885632016525,1.194776151474121,4.735570063110405,0.25962488470264833
3.8826886824706826,8.064022551974652,1.4180970862572475,15.569417841542002
9.15987967256799,1.6731698319724537,3.9182843874283004,0.9982467080482129
2.721179161685092,9.896722005933295,3.5010521101733367,2.197107760285151
6.538860235296339,7.073167866414003,1.3509386575235673,25.342226095245863
4.65142981762853,7.78104739217895,2.3549951825577686,6.525961193335368
1.3697412845999977,3.2122347065007935,1.5997227581600426,1.719318631156844
4.12559626875128,7.064788545277193,3.417994370132645,2.49484292171862
3.387056702524071,1.388979435294615,2.908452126709715,0.5561532041171344
7.1748203854913815,8.540431479312408,1.0171004986419638,59.23291577990558
9.539114479227264,2.526616837284152,4.902842265135632,1.0026551853264403
3.4124246864077397,7.276222601503935,2.3983385995581616,4.316662134567676
8.303193452365136,3.020324511094555,2.0328175713482,6.068787789383852
1.4982383524456857,1.6160785248343847,1.8897718231764107,0.6779920956984222
5.843089090358318,5.333443106944548,1.6352635846942714,11.653990065447486
1.6349505733890513,2.523575892455105,4.996548304866039,0.16526497305574167
9.406296920175754,7.5649958949389475,2.1804378715264194,14.967178810660634
7.897161525016512,3.1380925904513637,2.6220539888971266,3.6045704245746317
6.921549200841331,4.08225300612246,4.485423664712355,1.40441767915772
8.415067434621978,6.106953261380256,3.5675500141715126,4.0377744555177735
6.827678160131469,3.564714498195804,2.47477764698109,3.973977688536669
9.72049957456862,4.401893045889655,4.593313743695412,2.028036889377492
7.425621530782943,8.34059593936348,3.9988968088544006,3.873017844078456
9.32192748624022,2.6128886460492313,1.9116020301667986,6.665483471872579
5.654187028095742,1.739814305337403,3.574955978399682,0.7697180495647052
2.0535797168367638,3.9552200661971737,4.689593993169606,0.369327570303357
5.753599492807154,4.819390903124903,2.98584351380165,3.110267162701555
2.1418554525678397,5.883933539229109,3.9344496113266687,0.8141228448918497
6.332441312587646,4.351813265575063,4.884414975956637,1.1550913110122192
5.342437544748966,8.109205302005247,3.7616565635808517,3.0616776572117694
6.603178580495035,1.3538753890162594,1.4097547590643225,4.4982604513403786
1.0904228294934843,4.885907843787022,1.9782382037251574,1.3613915080549115
2.753564424898277,4.440303231907642,3.3803857493705958,1.0699792293461003
5.421973887209178,6.828206417261732,2.1022232614876244,8.377344753997141
9.554532054302214,9.696486267076564,4.83016682155656,3.9709968963740483
4.4524813631964255,5.593378659659759,2.621408136088695,3.624157351825682
4.819348234482712,9.881891622475484,2.8289216229294603,5.950953607716189
7.4322648010596,3.720244554218777,3.806408373880469,1.908367026093069
6.434134815575062,1.277813192882149,3.0969989253674965,0.8571866821436107
3.690335350884999,2.4909685072877146,2.5285838675550734,1.4377366536341756
4.69734756010685,4.556123962971106,1.306551500618315,12.537044310500015
2.959298189715092,3.84700518269697,3.3857823580314554,0.9931010119086091
9.694193132171877,1.873487178850399,4.470320123176139,0.9088352102614597
2.1757094340162375,4.893940969216452,3.7430497670402247,0.7599909461505512
4.3465310610977745,4.043041944936064,2.5259800401878088,2.7541729303203835
1.2325507499801007,2.103572984116946,1.5109042584925176,1.1357650604826945
2.9960154274019177,3.6650541755071804,4.2653527476169755,0.6035517827617848
8.024240245421394,8.977924498198515,4.7669934489248185,3.1702299281939235
2.810577090599915,3.7184397894040617,2.553091963185059,1.603331549682103
1.7205706227606905,7.425598809178465,3.914568756736246,0.8337505506386488
5.27007861860071,6.5084237169198005,2.643053759563023,4.909993526444171
1.0897231126106663,4.8446304616753455,3.0090677554087977,0.5830595109274661
1.7628953898369986,3.1512307312330226,4.345905522465639,0.2941346464959385
8.268632826066776,4.321132294113509,1.3336973688446143,20.087074077462805
7.943260103736457,6.328964921239385,3.1213413951468203,5.159990813162279
9.236249383644065,4.156778932744194,1.8584810986848899,11.11568629799106
8.690638923196746,2.9340679021680867,2.3592237819830495,4.581245778591091
7.1485800691583625,2.048164740024689,3.577715298569097,1.143860637085759
1.4709957157059654,8.917902441186087,1.1089136493473934,10.667893382187481
8.045637561879918,4.962816781767151,3.375300395892651,3.504804889998765
8.609597297565044,6.62687489568637,2.1337689578149988,12.531320133364023
8.19173931194759,5.413693250231248,3.6779374432322887,3.278393582993754
5.576311317772235,8.85309866522167,1.5663254076522168,20.12233294808741
3.0961165478453347,5.922413672033898,3.9432464152647144,1.1792563002256788
8.607969781198541,5.32703276154202,3.5825588790519127,3.5727236759039442
7.544465287661247,9.321408913795414,4.884967331521405,2.9470445252196362
9.826850569499664,7.4772063644081905,4.644941453032592,3.405596810223508
2.4012333798033962,2.003949166121716,2.1332114527988093,1.0574339730576
3.0309812474684956,2.5993401507713263,1.1092662909017479,6.402870725373097
2.9061833489335243,8.084105766454977,3.621474244447031,1.7913654561497316
8.13285790859203,8.522661890619588,3.41154955601869,5.955456760693081
2.6821656680510637,5.9067174618126685,1.1097150750657843,12.864971403339894
1.5999384684097548,5.990097050799753,1.4907101168103707,4.312714825037845
9.987047259270657,6.687396665663001,3.3388068181439423,5.9911694895430045
1.2233549030063422,4.952041968543755,4.647309056173968,0.28050052189290503
8.51719654142979,7.121792111355136,4.626001106053628,2.834487178043234
4.288301573955875,1.976331318097741,1.6059402184482994,3.2861419776451664
8.574539137820338,9.651513181306477,2.5382957856209982,12.844634115352068
5.991584420900304,7.751393414154295,1.172811457408696,33.764868483691
9.11468106537724,6.680567836081062,2.8770873854517163,7.356119051881563
9.33573687773164,3.846898513085326,4.012333838692823,2.2308235009343647
1.081883631526984,2.4485993871105625,4.159890845462446,0.1530856267555799
1.6787095839350945,4.684086674460502,2.995957866386292,0.876050395026987
3.2532285661376994,6.954190665166526,1.3834786988328736,11.81996572678935
7.023838747271515,6.703387690807999,2.5254559007262656,7.382259229600627
8.994449768603555,4.4437703955901435,4.728407839897457,1.7877070573108311
5.1394775616456645,6.519577544498168,1.9184502260788587,9.104107090075695
6.462758046468389,8.323734660107927,2.279017799650906,10.357160117766671
2.69649867516005,1.2365629510384637,3.9873087018522835,0.2097281473813198
8.244701504935168,5.055589431372481,3.9343231555437526,2.692815982705954
9.705953002181229,7.826997056201119,4.64880915209973,3.5151990295939486
3.417390396231377,5.915300234170395,2.5524747628815017,3.102762067873248
5.453433564404917,6.86328479136163,3.0583948954971647,4.001427262242154
1.7750449945573643,5.650087533448079,2.8695698448819105,1.2179541585534936
6.032229908166715,9.926870902140799,4.711008684089812,2.6981273852574326
5.5250509766201255,1.491593828401344,4.07732235529854,0.49572037596800655
2.2999283573956983,5.419403395951395,4.325767119335393,0.6661001274403131
4.978595918062675,1.822748942030659,1.5323930753176436,3.8645005366269323
4.006941868779069,2.4380700590221336,4.167386771472639,0.562511758750887
5.696477877746704,4.447345153764356,2.731915064229988,3.3944769595602775
6.270889018859193,2.399860823504386,1.0933547313225884,12.589051021193667
1.0764602074648857,9.67318449360986,1.2403534109731384,6.768252630145073
7.849053846545998,9.521107990526431,3.711631758939378,5.424691376891391
7.417128626755668,4.024986815985434,2.4880497645838795,4.822610056759164
4.2965774758587,6.757729408339116,4.472462292893922,1.4515435482145578
1.4764234201193642,5.803779885344075,3.937092535503466,0.5528032834878621
7.794392858065454,8.340282824641918,1.086720046667847,55.04624675749566
9.596576444303192,6.64701048835248,3.747553247344008,4.541999338917551
3.1613643641981275,1.002272090415059,1.769409890929425,1.0120530761470448
3.911721523633341,7.86856947048765,2.6903302748156483,4.252580226313156
2.6543160053363346,7.721633091665063,3.498940808491851,1.6741277532782437
6.1924251101035575,5.587504350098329,4.490871365182771,1.7156054070538438
2.3935725518270945,9.126270759097483,2.824391553567757,2.7383574454795054
4.205745491152415,9.176015851213615,4.233961816764538,2.1527979387983445
7.273117125408366,5.715205090339575,4.131862651202532,2.434785171145074
6.041043847084135,6.471894080768839,2.6581540514050332,5.533285713897737
4.478163078951417,9.968698647322052,3.0039206537316114,4.947222677661819
4.782246416267877,3.6893821133027576,3.8019400401992525,1.2206047663392865
6.058997943609065,3.9215551808032965,1.124593738587759,18.78744893657963
1.0527825509844517,2.6449651239714673,4.563245655196984,0.13372448382520666
1.7065888160824887,9.062802452420812,4.079264637750773,0.9294534579571603
8.931322609867106,7.700395509543396,1.9976635256093216,17.233922227280598
1.7009109018216169,1.950785639832177,4.924719812755902,0.13681321896908757
7.361232365894546,9.835906160781692,1.717561410358475,24.543718192246885
9.280343476981473,7.578655373450045,4.656346694817607,3.243886059142332
3.43615243871558,8.654698986444771,2.2978938332924446,5.632023659103331
4.334422933535628,1.4333571025588083,4.052586840656543,0.37828666182682885
6.120292652602447,5.544648270479509,2.8255063729917804,4.250632987856514
8.935380726747262,7.287384580543353,3.9458695498000087,4.182147102516828
9.477150285343782,5.886519261146572,1.623132191757465,21.17525039324841
7.656069233001412,6.999827191293497,2.078025833545931,12.410557353107302
1.7795778476922464,8.360866572314253,1.3994312978881025,7.597402207519548
7.022387399813657,4.369033566641766,4.460575925751213,1.5420139171010045
4.6927334968539585,8.638018080568386,2.185171951077997,8.489239092281261
5.236308995419554,2.4662449428876165,3.7779049176666537,0.9048142409149424
1.4423355131065934,3.4379744952373725,4.2808847909661125,0.27058384711433653
2.7195592541172235,1.390110579345932,4.605672945517384,0.17822215239833403
8.11462246780283,4.27984130201726,1.4251884612468713,17.09823924533153
5.085629497430738,4.419185903417083,4.57205973405045,1.0751354881360624
3.7149601746803396,8.247435374865258,1.789011110922878,9.572976833186692
4.456171665684623,6.878176032606904,3.9476080463638463,1.9668314690264577
8.689595619931122,4.930503023401,3.915396077458445,2.794727016052031
7.740991156644612,6.869025807613734,1.034012566963817,49.73247641328335
3.4508385746297447,1.4750501546412205,1.882495633241017,1.4363605764585463
2.05751656191136,2.622443824165385,2.967634058659469,0.6126731388721925
3.267983994796645,6.642530697175795,2.6801388266531285,3.022030967226622
9.286808059492603,6.77230137302772,4.674293919538439,2.878529676688191
6.234299540647799,7.9672119283668446,2.4389634780100926,8.349941648272859
5.801321878703046,4.62699783148242,4.747934859343849,1.1907394835298286
6.367542397232154,7.502986869545406,2.8377172735701244,5.932910325569321
4.2942543917186375,7.1558229930417045,4.857411586560663,1.3023794919133393
8.263963182875614,9.67054040532864,3.9494192400994446,5.123569626276127
5.709576243702248,2.9361720378221126,4.317338366528624,0.8994006570446271
2.0507311249191598,5.965116073773755,1.419507553396004,6.0708877971509265
2.1615861234615665,6.415879978994224,3.344565732969471,1.239793351412855
5.831732318523565,9.987830964407987,1.5708014393174032,23.60620552120305
9.429131962637552,2.8106572794998654,2.1904840082038963,5.523310173279888
3.7751690950857886,5.70896217970563,3.4942616246690723,1.7651545548259995
8.825870519732964,4.11566776942275,3.9049028187755632,2.3821955085120443
7.876860279209914,5.733036717210998,1.1567351280450033,33.749707718475804
3.2303119861621616,3.0891574189279534,3.123774924289459,1.022645331449164
1.327066734846182,1.428511405847393,3.2612559451595455,0.1782406296547228
1.9166253862814446,6.1530890850792,1.3153119884408047,6.816679607115139
7.556445404626962,4.022688842747489,3.0027521368030543,3.3712815241482663
2.79702764236582,2.637472615735903,3.855369120199306,0.4963097288652837
4.341438284548544,3.915420094702304,1.2129091395021239,11.554614484475936
5.515292494057824,1.4435218130297043,4.041071105295848,0.48752727314057165
7.529213516051465,9.55398010681093,3.3057060196165473,6.582721608150575
2.0190810093321283,6.230331234759344,4.3329088330871635,0.6700477880476448
4.6572976474971535,8.332918132123224,1.8722502914162797,11.07141922572978
5.365656182284258,4.808063777929574,4.333094736852473,1.374031508628586
5.867443575743857,9.129832008095672,1.378243901069872,28.200677995156706
8.36524577255695,5.34986399397028,2.6153187857786855,6.542928581493853
2.5451037553889524,6.165507899806025,1.797939166098594,4.854274866839208
8.270483066439601,5.426145820563912,4.504083329163496,2.21212418568773
7.235905849269869,7.599504662808864,3.819679265207095,3.7689849117458802
6.002837327790634,6.099904698418562,1.1014471086429127,30.182299889832546
7.295750833623147,3.4443903122235797,1.0380934224558245,23.31897591800168
4.708159650564907,2.3098557819038166,2.164997017926679,2.3201787304826547
2.245578273713121,6.455119499946799,1.5731324571222616,5.857359785022563
6.991887162388306,5.402619653923326,3.5212179102407832,3.0465829038863577
5.7220507601706005,1.8637812702650165,3.655187735530239,0.7982285802893248
6.754373204884979,4.560557192139416,4.767803614645469,1.3550840788281344
4.04198902925641,5.632987798004082,4.808159698183363,0.9848637965187196
9.161799196058523,8.442039104430311,3.6355868216453824,5.851660041493532
6.286328817180192,1.6849095025002612,1.0227004514108349,10.126905984493794
1.7686223586178644,4.136458134214026,2.4359916662784573,1.232855416871202
5.048235916339858,8.403905104393468,3.052566052989065,4.552926524784142
7.807204492692708,6.835815385944208,2.9967190260338636,5.942837153653707
8.147211055590452,3.609624896234081,3.4133625180089067,2.5240979838793542
5.4513734748738285,8.60801609820378,4.842205931219041,2.0013474698078757
9.05272813748171,5.439642225064231,4.540770767820615,2.388309789257058
3.409015934748678,5.485167021794145,1.435632133801953,9.07261634754488
4.695388275144399,9.789286052803458,2.063921565573573,10.790365419816906
9.08737219512073,9.524048529127406,4.332437669678545,4.611001559253121
9.06631044824421,4.226794150328595,4.297227635276828,2.075223915883219
7.171414919422128,2.2652121579677407,2.101482896486684,3.678425925626079
8.73082492409998,3.9310005905028467,3.922352122744478,2.2308236002017985
1.798959402606094,1.2743493428024923,3.688149514871429,0.1685360552203035
8.784954785869987,1.1869109803935207,2.894095859879846,1.2448925109409905
3.8855791589520408,4.559699226262772,1.8058198107161174,5.433042856386898
2.604983611853947,9.469178404275107,4.554572723576345,1.1891099485485654
3.154328527078417,8.842216071089869,3.711404737227339,2.0248432628736355
4.761716572124984,5.602985505258607,1.6759716995134988,9.49838303120419
3.260728041440205,6.087037430537476,3.819209379363443,1.3607351836505648
3.8851082741484912,1.0534014707145083,3.9657348783079196,0.2602254050608008
2.2148063746447786,2.9395104025038896,4.547521140484163,0.3148192738735335
3.6655908900309866,1.2229671424094537,1.8913570209677397,1.25317507839427
6.150554330878011,7.790855794258488,4.955016421653626,1.9516827728873156
4.976683372819576,2.3108121642384796,1.613573690107685,4.416996427886213
4.120468851123201,8.821423922291352,3.4027555674383323,3.1392349582152383
7.718069159714026,6.789918823082094,3.628706021093914,3.97987724806957
9.04158974253986,3.0647680886414204,2.675811581063442,3.870181709532258
7.811103006121574,2.4194828537492477,2.900150835081546,2.2469517253279996
3.988006319059113,6.648622308307478,4.563640386888549,1.27310630959697
7.699979510537983,9.107532822540911,3.5810969186618475,5.468373434160516
2.3678216422664606,7.465241970229434,2.988003832938745,1.979842188060567
2.172861892821618,4.136919864430398,1.5133982497340988,3.9246666691310907
4.110643333325431,6.286452357417824,1.0293505008925385,24.388711947416386
8.269321321396513,3.7968552583517923,1.4998744726073339,13.956743014626218
3.217134225180717,9.99234610100793,4.824738269906021,1.3809855399345057
1.5692806800881163,7.73955269615666,4.056347131965323,0.7381527840850454
2.185385816857196,6.529434757810783,4.868465310040991,0.6020319601415666
8.72870471676622,4.809332284892463,1.1428348388326874,32.14161123710044
6.704049562725588,6.563370612336016,3.720881615434557,3.178135718420212
3.2788104703297902,4.074544562206013,1.177174105613672,9.640820225301686
5.997662427953632,1.2597835551222767,4.128225875475293,0.44335442755129073
5.748216601828154,4.555796701209696,2.523800690940777,4.111377460352807
6.898923805965952,9.374327376218803,1.3830614404259793,33.80948206796095
3.0986879897945467,6.636709852964793,3.272186567150061,1.92067801514259
8.779626884749579,1.7556013276381144,2.1204807864055524,3.4279405144457424
3.7843170587201156,8.964942520555233,3.638295767487274,2.5629434417923584
7.247184885786132,3.4198736440736335,3.6326990380551614,1.878108003102267
1.145121817349934,3.193925437744547,3.8200298964830113,0.2506357044792455
4.353914169047325,3.6738187190228873,4.9698603151110365,0.6476035504497267
4.165388361629274,6.194820125133617,2.5467908397896215,3.978301023843289
5.891359857247131,5.90219284090579,2.8612618979404036,4.247307680530931
1.6546263559947685,5.422723791605936,4.218446804101363,0.5042109441809033
8.111182363534976,7.457831771613643,3.3134800920875414,5.50970082104536
2.960027215908117,3.848839582014631,1.1490288427511985,8.629063275511246
7.093340333938092,8.03858069415188,4.372314081039426,2.9826855497140583
8.228909109196838,2.577895105407392,1.2059947277521639,14.585344416617376
6.056892606173618,8.043587101693085,1.6832805459671372,17.194384489403493
7.667948860497869,6.974290947252546,1.4083198678967488,26.96352429223188
6.95674280993505,7.148874785928278,1.3117085315244807,28.904732310149722
4.199768174368069,5.33398057414534,1.1027395012188408,18.421750008830994
8.279726851302087,7.003013794127782,1.2201108558894695,38.94954681079389
3.6523123289697517,1.7181734190351166,2.76975675671524,0.8179968746495062
6.140916259763655,8.663960053444306,2.0114090799304556,13.150697980068117
7.708579652273856,1.499925101388814,1.506147533675275,5.096932797470749
4.410603188312568,2.338673588843477,3.634822170906104,0.7807307076824755
3.7249084685568254,6.191107376475127,1.904447642537034,6.358371031726421
5.134114091555404,7.654703099110224,1.0757966213792378,33.957328338146745
8.361671449142381,1.686264079116281,2.6736791350693108,1.9724232537302493
9.369295868310983,9.286883327100877,2.2417319679132204,17.314484776775412
5.9057507157390114,9.762468839206287,2.274417725385971,11.145365346947788
6.953195847912867,6.4535515570693995,2.781080112726246,5.801713078956773
9.129462600150227,5.331191098391529,3.6756557089371107,3.6024653622421594
1.8869216627164815,7.672554750517747,3.465916480151976,1.2051959966639196
3.0887072007954854,3.9552161709448486,4.749046439155502,0.5416691884053206
7.380100056264242,5.439379906945958,3.0708666652100858,4.256863479556217
8.413700157210698,9.245359241329611,2.8902796389002887,9.311745438911814
8.713261254975201,9.600898827173802,1.8536577408675878,24.346331487912536
4.735964591694393,9.343622044460666,4.021525155392627,2.7361640349542733
1.8040591206268015,3.3620326026745615,1.5631031048571389,2.482432422181093
4.94003329569658,3.0922213619508705,2.9645315592819363,1.7381541755414025
3.076611311863484,3.6789805533638282,2.685288793549778,1.5697053044079243
3.6207680949696175,4.971800011496142,3.633203513617613,1.3637504589334106
7.950408011537553,3.8275067151276723,4.670485879826636,1.3950226259061569
1.679743774232982,4.3679151616515215,4.78638236599289,0.32025981978821544
8.44823095732632,6.585732569086836,1.6711970686526336,19.921156107688752
4.8490217724175215,7.862731093845783,2.0472688730687127,9.096572606793924
6.3645753799053555,7.620023784411253,4.2465412798588265,2.6893978981169546
1.8068700811211111,8.329812103712367,3.0731190497967713,1.5936882193867965
4.036231705215517,1.2896596289386195,2.8121382734229274,0.6582302727792306
1.807308271133612,1.4296041071088048,3.8425018095228234,0.17499267176253347
9.653893505929986,8.104446646197664,3.407699810427887,6.737568769951655
8.265354843936255,5.797709400921687,4.8828562176853385,2.009879749236337
5.136694789208142,6.203266063859083,3.335898609153068,2.8633766955102105
3.01242293491304,1.4732817419293938,2.863895305389013,0.5411123886107234
9.40109594724867,3.297824210541438,3.1712694483127026,3.082759891039408
4.101369361542746,6.745188743969299,4.234159266787893,1.5430805944422932
2.4488598851863728,8.732637010996086,3.4507002271408833,1.7959526420102314
6.068479496085594,9.252850574632623,3.588192365546871,4.361179901685777
9.493967083103344,5.503775462515735,4.885755520146368,2.188995992776211
1.0344726145029033,5.909268094643778,3.4735819377018293,0.5066378081871555
3.1431235892859886,8.497446679620918,2.521140993338159,4.201996033572035
9.446028763693668,5.838621406726192,3.765304108051186,3.8900883297738793
2.5397737017144584,5.651726729835857,3.6378375879092455,1.0846498607102446
2.019191064758379,9.145756339848583,1.0553905420255276,16.579470133777825
6.13168494219824,8.109394489502922,2.8693171871433325,6.039641213096382
8.75659440965347,9.181652737251651,3.9716144115295973,5.097085770552242
5.293988359245335,2.964223493030384,2.996165830884516,1.7480837400117828
9.951078310160723,5.719379379898211,4.118484543741557,3.355398980961045
7.112545295841936,8.582249157340222,2.8035347857104576,7.766301842162682
1.6666741648940295,2.0003304472039805,4.933286390548943,0.13698713809924232
9.935489185137778,8.151959388645656,2.1715663568155548,17.175328530475362
4.671048131021713,2.646760450733825,1.3684904325842941,6.601542869568447
3.586622804609343,8.27306879486789,2.7200472046163893,4.010508667256782
6.02091265220097,6.508008438011813,3.166836099495676,3.9071425839048177
3.738768326387779,2.7391239233638043,2.396374926729846,1.7833258382875488
1.778117564081371,5.26018761399521,1.9691246404718359,2.412210995605182
1.0128550877125906,7.137146498146945,3.688234765541956,0.531416225962021
5.046250176282361,6.704676107951881,2.5085003994250084,5.376730035504329
8.53177080003933,4.845224766085339,3.5254741164025476,3.325967853938059
6.150836670670689,9.094298760288343,4.116285794395104,3.301356097876758
9.992865690490968,5.673370730390599,4.044010511040095,3.4666233872815466
3.5816198108247996,5.552805686758195,2.501237242542765,3.178938943140111
3.524095582840498,1.5602553094730884,3.271592915800699,0.5137180555213828
2.4377451421054976,9.299083508178734,2.7986328977709696,2.8942535695998743
2.4765722943880166,2.594049118105357,4.4832210108386406,0.31963101018925527
3.5666793640904304,5.755102240928988,4.515033919199997,1.0069202566961877
8.135560407461744,8.232108412602791,2.374966331552147,11.87363353358872
9.15181111572803,2.93907949260079,1.366949791514923,14.395052543756941
9.775784527369131,5.74635960973757,1.670329933296078,20.13445568451275
3.090606886868074,3.1661641830100677,2.468006968523535,1.6065137110322891
8.931677910526826,7.837254980199206,3.2569998190519627,6.598748267822517
3.9542958034960334,6.079070510858356,3.627148043857717,1.8271565993911107
2.0155649006519596,8.703782743556292,2.325484185144001,3.2439791047530764
8.83022432968149,9.051022025896446,3.669996478495943,5.9338704927064585
6.724950711792567,6.838601342008583,4.7509599346950235,2.0374814191080097
2.4825780647295557,7.5285212154305,3.608056508675802,1.4357073735482353
4.868481317617023,5.942980898981773,1.634260917777405,10.833157374554975
3.585319253893609,4.459858597606447,3.3186756519105103,1.4518418287397685
7.631151118391773,6.833061307187512,3.167582067067931,5.196962942072714
5.080746075618412,9.174597611385959,4.482800443593683,2.319613905288369
9.903519505957465,4.7501234238829415,2.4012122208518973,8.158932975186435
1.492704840336356,3.829690237364158,2.69178244022672,0.7889648908175295
4.1951373952262205,4.495932446973167,3.3946362219459747,1.636739201126446
5.337101503989796,4.918578671904396,3.097701246968102,2.7356845872333575
5.5282019927348784,1.662049260799446,3.876066369620697,0.6115688898646171
3.8434224014707308,5.485976563914949,1.1615559636499833,15.627582031761474
7.563162241878112,5.448828232450537,3.2540640768278393,3.891834228008176
8.872723661400773,6.295994448764708,1.486687572015501,25.274459115443907
9.448473717800766,4.265380274241983,2.2608359700788854,7.884629799805534
8.245840391195735,6.517968363600308,3.6465074461295615,4.041968856705807
8.655221775759394,8.903946792467828,1.6296568023687108,29.01806498780458
5.954907705579959,9.599238914456478,2.2353673420185154,11.439684110143542
8.43299403784133,6.252509945269447,3.812025931341248,3.6284779808037153
3.73153518233157,1.3833185857328179,3.6032209701073357,0.39758314056258787
4.58630885898293,9.72312397540398,1.3641586768389522,23.962898169264367
3.8522171243668986,7.352758548066307,3.3090739739692956,2.5867121944794316
5.206486019031329,4.023672836982869,1.5890178476745578,8.296784642128808
3.5702165461477273,2.3244193086735105,2.0090855148579707,2.0559482923701404
9.654502980290022,2.2907675101264746,2.836845114543115,2.7481452681826917
3.815601652051013,2.5096996552564246,1.4373872931927565,4.634865935524279
1.8824008429984584,1.4101526945243827,4.974587871674267,0.10726648187219892
5.741354494453721,9.119387697876205,1.6614782442160045,18.966654125629525
1.5138917060065873,5.866914095446027,4.125250513714418,0.5219199344342688
1.9948884967772247,7.299634714424535,4.3193553800929,0.7805161230700873
2.9745045027662167,8.452976583414767,4.9778558795840055,1.0147046704219183
5.179152248939275,8.123869056998803,2.7146128714090736,5.709601326916512
4.899258390781251,8.943450613559573,4.49637808055736,2.167254005189981
8.19722675802512,9.705291602724566,4.830157756067404,3.409988442383696
7.6552718849570205,4.9516355326774555,1.6915765795786686,13.247257046588775
4.836864645916312,9.553019200015514,2.9177443562381304,5.427628441657328
4.003337868180669,7.509609535085347,1.2400432754243509,19.550862338853154
3.8482190565534875,1.6360137127727064,3.4828960480968063,0.518998019267464
7.965955785646081,7.136048090911109,3.3256246274262655,5.139835320488065
1.4686516559914278,7.180449936443638,1.8165051386527886,3.1959295429736954
1.1153948455954525,9.152745074132744,4.191611035576504,0.5810560794111529
8.159899527339832,4.356389192230829,1.1490748910541595,26.922464543710692
5.2943173839014435,6.26420350244636,4.224909296510228,1.8579800719917818
2.177930246982184,1.1096879591056825,1.1065811646554695,1.9736870546968293
3.120093411350511,3.988677179632024,3.627315248545401,0.9458578698961401
9.392535577876442,1.5601935354290284,1.3150780556596051,8.473410783673478
8.735526780624081,5.696856754884073,2.004902077249292,12.380496658958316
7.388065452015753,8.357028854562579,3.8876533972473433,4.085145777143238
5.340027073035939,2.8579842291616204,2.121619198501547,3.3905364174102823
5.682912635722472,5.746969410020006,3.044695394870939,3.5230772369651113
9.777200817555627,2.8360777285969037,4.660993078080457,1.2763675341185503
9.691933994958584,2.086196210616164,1.1985374161463134,14.075453847200347
2.9374214120725086,5.598971127409082,4.244319174942694,0.9129740069018761
8.299941096747864,1.7123375885475487,1.2610879942739581,8.936626724231397
2.775183995503151,6.286191680241904,1.5071793773467066,7.679793024168679
2.9218373009555627,1.2820371460905364,1.4772764155568434,1.7164577145774371
7.084837307481191,1.9604347468153798,4.976409132842905,0.5608543805296231
4.6450098872879355,5.949977369386221,1.7207452773261336,9.334021224715038
9.383899663958681,6.322666716090224,4.587047385025073,2.819792766696394
1.8010876140640795,1.2608823708438228,4.963728651786217,0.09217079804563458
5.6037307672854375,6.160391092014026,2.535139081649192,5.371331603683912
9.266693773988091,8.546522727912734,3.524194174114742,6.376679739741004
9.137022944315547,7.500845595645585,4.11636501505445,4.044708094481985
2.4087629207416708,2.1806659352871876,2.570580327344833,0.7949152660683708
4.299739300868108,6.332271828072534,1.6472565619912292,10.03411748514466
6.572092600420266,7.050272500667921,2.7350509751702448,6.194107341375681
2.4345539629426196,1.335080815770626,4.087550580011778,0.1945363133296819
9.712199548411649,8.698129018152603,4.123051050993612,4.969423595076663
9.232743958548943,9.156406575608472,1.9221551686836533,22.88120925872701
2.5025516113102224,8.654070460260328,1.6998625595629862,7.495072754944751
2.0903991513488687,8.42168321190202,4.682242808401399,0.8030087154591496
1.7686763452743877,7.70468678614804,1.1759961222332422,9.85352394791973
9.18499297632968,6.700888281537641,3.9389539030603475,3.9668831614715283
2.742614288159147,7.107643044894267,1.185685541787016,13.866003159198318
4.746564356899192,8.257557640014848,4.351600203443951,2.069822057471047
5.039662290868027,6.962486125251742,4.621659253344408,1.6427441633321194
6.391099397922108,3.949542610138639,2.189676496916396,5.2645646332302665
1.6456180937268248,4.383649919452186,1.2957425740667903,4.29662509399009
3.0408275566046434,9.073517215350629,2.9227381453897143,3.229889349916415
9.383413482270335,1.154098772174457,2.1938521469819072,2.2500342162458793
9.175690965417125,7.289385231198539,2.668544571241516,9.392490377301893
8.03161582665123,9.59299797182694,3.659941813954721,5.751868088207335
1.1746112105639388,7.356053529621763,1.8393041437948678,2.554064871347796
3.943060916464919,9.945207894086039,2.4278062780563454,6.653027097667972
6.65162861808617,7.187904149754977,4.130249961170694,2.8027063582326357
3.476711905961281,1.3092672629517497,3.5750477998112866,0.35615029463506703
9.186280255483997,8.443088934822313,2.3051019646049546,14.596904710735144
6.705005156491977,3.5616692074538716,3.6572064010397143,1.78547492475454
1.6471604558480104,5.014515030979968,4.0612516915678665,0.5007777613491611
9.181050299521328,3.808827243163739,3.36994232381115,3.079205724643634
9.619899923586003,3.416986955887115,1.957987330004034,8.574210089595498
1.6994117655255294,4.882651333028068,1.0009811620479723,8.281376405531788
5.791242113751834,4.408763035966064,4.211396427953126,1.4395814099640005
3.730278539927534,6.700047236583305,4.290534221264657,1.3576767656871855
4.535551688332621,8.318360808887595,3.790418005577448,2.625993590821667
2.616860961598077,3.673797878685167,1.3063237254704552,5.63370728574468
6.202648918111713,2.9234903753981567,3.3408891500321847,1.6246310012672356
9.621814179240015,7.002057437833081,4.284082685086429,3.670852595609009
5.527653402444481,7.032880592477035,2.5586732804326626,5.938057242431496
1.7462312325503304,9.110181153575546,1.7920029368810164,4.953946707701816
6.580012001296676,1.1435111780797977,3.3505091889658827,0.6702633507591133
4.062006950061313,8.67736595904859,4.305226509203512,1.901676170150917
8.70332670632168,5.689019556535213,1.1954798348282623,34.6448115481876
4.912103334848232,6.59171880254889,3.387804868642943,2.821170871977666
2.7355564804802106,1.822342965052733,3.5726951813573677,0.39055650178514273
2.7199506042203048,4.893534395848411,3.4094681573931185,1.1450129140152285
7.918877626490444,3.045721665146714,3.600134736948194,1.860871286606064
3.3902883847662393,3.2880252707425814,3.525501230416618,0.8968711359217219
7.9051005474330065,5.536856032084247,1.5216155399213962,18.904306915081456
2.8529857968993944,8.312103553628011,1.9397471077956614,6.302608469100651
3.8951773183117844,7.694028371303705,3.4759760211560407,2.4804328387727512
5.189382751957295,6.318999631773584,1.070772644547083,28.6002282389328
9.488762647241057,5.854763734781203,3.5389780748929778,4.435710698450767
9.385582822784421,4.845754389110409,3.661546495140128,3.3922944178306325
2.8618468788005904,9.754389762052478,1.956699039446634,7.291190321706164
4.223971371187655,6.0417329881081,3.3925313190125586,2.217352616173978
2.3445944960839507,3.285697584809999,3.136360242895058,0.7831472903647435
5.5898657138214745,3.070817128360356,2.042766192612455,4.113561605105808
5.145242956251999,6.502177276976276,2.8518960474990185,4.113365585583679
9.106841462056591,5.705447745798359,4.6384981176487265,2.41491994806442
9.370048400119654,1.069280226592415,2.7064111218395315,1.367873169424786
4.452106519065628,8.470588349762014,3.5193767075180067,3.0447217688571566
5.425641487170905,7.3371011880919115,1.1414032841627768,30.556060852410436
9.066126242315198,6.956463607102932,1.3112004532883952,36.68361258304154
8.260370269705554,1.6190259192789305,1.3252322932132738,7.614989275169761
1.0329068021018435,4.258502651552423,4.112963054505782,0.2600210110531788
3.8805360776522426,9.418440346595077,2.4010275792138107,6.339812586737438
4.795968177425133,8.763303172072273,1.9104467534632534,11.51527340228266
3.0674465531490855,3.569886440825801,3.9892982738068907,0.6880791331438454
2.796144543063449,2.4135299568922486,1.6798402502246979,2.3915328212883047
1.340060559361117,5.0417916145171935,1.9859701002811225,1.7130258058750243
6.790327525627845,4.202473408008948,2.7237257730800835,3.8465283353164827
3.362592614348491,7.140037390353919,2.325752276058453,4.438618628507638
1.4711246058818177,9.697913290758876,3.341568844146577,1.2776942201489345
3.078813794752573,4.267013049843053,2.3513624762993905,2.376119225088634
8.217225575525138,1.560017553870178,2.5718065434355677,1.938108563548846
8.663402634818919,9.078526075081466,4.451546432997944,3.9690084967363894
5.347596206739724,1.3415475721588372,4.53812575851201,0.34834664396851756
4.744636033678176,9.574893074379997,4.31084476325363,2.4446239817307824
9.800683241516035,6.981214852081358,4.4593237308185305,3.4407201714051334
2.805081936292629,9.475202875977542,3.278914677356468,2.472144416047307
2.9382335456914763,2.7969371798408043,3.584932859005536,0.6394505602113213
3.6268045933275976,1.3662981572842687,3.228692666219762,0.4753529847934514
2.554815864529786,5.393889804488427,4.14235233621168,0.8030962576821653
4.414290383837679,5.055610731131127,3.204001943045777,2.1739471617634267
9.197508042907785,3.9834304592939453,1.4443078582031221,17.56337069955937
6.538130565657169,9.618908269498277,4.23832048182744,3.500997385298791
4.707518937510373,8.40325358945289,4.042340682710146,2.420882553218507
9.409697151140932,6.954238192380339,4.281202381130502,3.5702094170248966
1.4361780922824008,2.4657246247404494,1.7617178535590474,1.1409855882362596
2.8924856011167526,7.608910673966722,2.086468210859868,5.055570218911483
6.092997445915831,7.543112092297516,2.18300678905412,9.644314958012108
6.539973608738612,4.825613562544067,3.0323221447426945,3.4322416817044092
1.3560175590635182,9.323073187426123,1.5355083366538391,5.36191653547211
4.6273488211641896,2.502800940061094,2.5415270130994694,1.7929537557160997
6.842385683477855,3.4060380617049786,1.7286326443161184,7.799228184226233
7.282634917630615,1.569019053255703,2.059050852130946,2.6951479551995403
6.743259122646424,8.159058623598288,3.8255505382337094,3.7594301046440917
3.885069019248321,6.5958344748585755,4.419244625269124,1.3121165158512291
1.8416811123811856,3.834462751131246,1.0916234663887354,5.926158070404118
4.844012017774007,2.4743229723488382,3.2635878534200016,1.1253069031598342
2.158789936312499,1.3613299302586634,1.1442390482490685,2.2446066698189426
9.528612926686003,2.5007101176334294,1.3409969800462012,13.250657754027978
5.276537794203654,5.079561817038924,3.8203361384564363,1.8364205744397057
3.855332569211808,3.2245927210954552,3.9424324260084664,0.7998493572050213
7.896736640070101,3.3308395968877003,4.255922692691195,1.4521581350062003
5.481537333240375,8.880187300009428,2.8969660470812197,5.800129521652736
3.7903062161120507,5.636239061149905,4.439229928064753,1.084047778370305
8.307709681517215,7.563267758155732,1.6673531665664973,22.601412924360144
8.804369359010098,1.3213985412532878,1.9988656545400105,2.911822282610071
7.057073496598093,4.286470201102258,1.5380085904078853,12.788126598873122
1.4226798016690057,5.312524126558976,4.190149042327507,0.4304761938753628
6.096905921498789,2.6777516968916624,1.9147004735464757,4.453260570907437
7.869654207975534,2.081723873009848,1.6220449710331826,6.226629013778274
2.22852710875224,8.832734006498583,3.492442750352225,1.6138177284657982
3.0580367624614304,9.454884643898168,1.3083281054426976,16.891397982488826
8.942455945613228,1.7092602824086667,1.1796011088806901,10.984863538802339
1.1810954966776663,4.141168412881988,1.4268705942098356,2.4023635542326334
7.774544240433784,9.624570653300264,1.0009635359486704,74.68266214432927
5.263959632629806,1.748455598192184,3.78796061688717,0.6414403088903563
5.020949429556461,6.792772355908536,3.2489412868579146,3.231090939998203
1.0638687924539845,9.74999233870305,1.8395004361508955,3.0654381193264637
8.374584078698435,9.804013017232371,1.9320197919103834,21.996013835569283
4.238424105729099,5.24100997813369,4.243874393880159,1.233372765327866
5.866890681704886,2.4647419700414255,3.0072804634412016,1.598937876928657
7.095706177020935,2.8187588347969497,3.7941134283269586,1.3894180080261846
7.323666187941242,9.006412556119551,2.8110218050996623,8.347413913108328
9.60382052943465,9.205147038967624,1.9508721040831691,23.22828619541024
5.7820595791294815,6.470916794861993,4.881611202731627,1.570080804522329
4.597475958769849,7.895587595229202,3.26259025350159,3.41019217878781
9.583332638425372,7.659381263233674,1.5239276150716496,31.606876023089516
6.77899211522969,6.956394381901963,2.624360168735627,6.847033444589141
3.6833532064890004,8.445492593847451,2.3173496477876028,5.792755783200192
2.1381782086321404,7.16865960736289,1.8563498743540854,4.447973511008673
8.582990513186632,5.806020751727494,4.733759956961038,2.2238462236505887
4.259634425147365,3.132607263293411,4.52367998183901,0.6520704664183192
6.944227492279881,7.694993297067572,1.7965884660804656,16.55522056630975
5.237347774293083,5.26094081054447,2.408591556222067,4.7495067569338225
2.790368018155345,3.653125156067584,4.0492615666832865,0.6216907049265956
6.415179477584186,8.217516481675979,1.8340241925608627,15.672535948971964
1.5461476205561409,7.270422403177255,3.366259450416978,0.9920085806248021
4.720082138840731,9.4360560681223,3.7991757684992664,3.0857539658339213
5.9195344569730395,2.4889747601698997,3.6158893028430654,1.1268803152204194
4.924422767067211,6.842703561728438,3.825634561102002,2.3023751649709094
7.738049577258917,3.198155212793584,3.826798356115052,1.6898956480451641
8.451324590907813,9.132246867714775,4.859223679395713,3.268651681817433
7.941187666298602,1.8954947283095411,2.3859955580812784,2.6440446125930843
1.349316530306219,6.905456258003895,4.514361697503358,0.4572076775347622
2.7471589340137497,8.11977149375227,1.0872282500604271,18.87061857765116
5.829467583373969,4.194260563282365,2.152811853293133,5.275603487107409
9.413398363994212,9.587242714454284,1.1946231279965263,63.23802868811103
8.51461097546905,8.656576161274335,3.604815839823361,5.672112018995177
8.582810575166215,3.6515646971641305,1.4031614829264782,15.918172912104222
3.728873743837074,1.067869834443988,4.382827454608185,0.2072942475250425
4.865031073708323,3.6699145850625476,3.586366735161039,1.388136518752721
5.236353525843437,3.531794234236683,1.1152616042144228,14.868626477756825
2.416344250149194,9.00968146750818,3.859109461738492,1.461820505324042
1.279613172200107,9.704090604292727,4.448139789027844,0.6275909763509677
9.522126095144651,1.6339598737323433,3.6444840306485977,1.1713945851552174
3.1664132709715607,5.241653456799851,1.1220968637401287,13.181814778067206
3.1595401335126816,5.934987986768162,4.431678193841626,0.954788737103281
1.7504114839188358,1.8362049519673298,3.92985565173614,0.20811726560562704
9.356569767494006,4.397479382237703,2.513805249935937,6.511142712448529
6.217634034457948,3.8537417565365555,2.3145210332620105,4.472862021973297
7.003331714128185,5.824507188943786,2.9192807256297604,4.786434973449019
9.204191985367473,6.950718097587442,4.468407003751484,3.2041282877481563
4.110581520107106,7.331365994469099,2.00823740747823,7.472364721359259
6.593565800242757,2.230795212520488,1.4038552449648045,7.463377183991744
1.3491950925599872,8.316529317501592,4.4585454918442,0.5644564905155731
2.680952754080164,7.10687826811683,1.1051593955228918,15.59977005420234
8.481212245809482,9.001674250720477,4.643988088976258,3.539965505787406
7.9009152070450215,5.044024534918907,2.2229807772056027,8.064606413580707
4.155784223114322,9.045007864499723,3.0328908067530707,4.086470700818892
4.391295649967912,8.79196710120468,1.5291820990089122,16.51050363132484
5.801989901982215,4.945683991233427,4.609019877506741,1.3507848144297547
1.0021690421662108,4.430289837636808,3.999344893537619,0.27758462398887374
3.1711990243422505,9.39530813473231,4.696622346432137,1.3507135200806815
2.87408627747393,7.436482610845939,3.73291620447265,1.5338076010099524
3.254346520747871,9.354208117942681,1.7387751069693045,10.068945601402836
8.253152582800972,8.172773010062318,2.2330680119449973,13.526499177444732
3.5170647089179887,6.483676953622729,2.9473943004138934,2.6249754633744615
2.7236918984513334,2.042674993033881,3.4290328214408277,0.47316647598083106
5.538371147137283,3.6233260532118865,4.705837749345095,0.9061822985774917
8.790805327354587,9.719581663885524,2.535805863156556,13.287529215848531
3.172147334537499,3.87479888842784,3.8122880876285836,0.8457287470333836
1.7068261851351882,1.839293828068337,4.844035395643287,0.1337906595431283
4.207642622646983,7.367980203273878,1.609496253661812,11.967608011212523
7.7288664210848,7.606038290893158,4.450838355118193,2.967499571975753
5.956214902253151,3.569119482584357,2.6828242815727945,2.953568102036755
8.351140326169126,3.6790478141167338,3.929687103717347,1.989597699829556
9.636329328483106,5.220036869579055,2.1741533549483347,10.641549177791369
8.133962290764554,1.1961005478602997,2.335936873064006,1.7829847955973943
6.434227709593781,8.103907093250474,1.1085328994722645,42.43201994287487
5.440074292471424,3.8537990854671302,4.885616612667839,0.8783247738833313
1.3606217771344,8.683867918017798,4.253810300923138,0.6529717458116848
9.858897809326372,8.223673794400304,1.375671831704882,42.84148838420569
4.4513301031753825,6.952618298069048,4.998035182655098,1.2389094660536195
2.3700539252518014,3.9238738038935983,3.4200983888117658,0.7950529606624502
7.000379698568111,5.64684905495053,4.414914551857532,2.0280710726644107
3.558594601859134,5.003463318381631,1.2666430531114758,11.09789840234864
6.272004438379429,4.049936976238068,2.5578047139676947,3.882575011579533
6.280911170601321,8.633226603728604,3.6786044892144396,4.007094629922045
5.011568388125823,5.351563671198988,1.4257348747988061,13.194010096201893
8.525067539905383,8.494507880174318,2.9556113546160026,8.28974934876185
3.384703553998987,1.9469662672764185,2.770711498176566,0.8584133250917185
5.037693324559608,2.269223097403022,1.864160897894319,3.2895927285204154
5.839229157318743,9.79588274601679,2.201079343407209,11.806677515636903
6.9726224869056965,6.289916163454807,4.86847341797993,1.8503564695057397
8.055746654550305,5.587927061491441,2.154593944039744,9.696737938590237
4.5532655459043045,5.708404568297005,1.8537045358736441,7.564090195933473
6.814422496869364,2.9374189662957386,3.1448366842733337,2.023945237465494
2.355498577616672,7.468335545517757,3.6838321362811914,1.296304426836641
9.393832904882307,1.7630256135677893,3.9003724442782595,1.0886525485241367
4.447529257789032,6.159913417927209,4.016988737987665,1.6978221429180453
7.565692797787946,6.136919169273113,1.1473299660590124,35.27137844652426
1.1830697369395988,9.2276958172016,2.575041601518253,1.646399083457908
2.846684286143263,5.735645290943743,4.095832319132361,0.9732787745913665
5.383742898912202,2.2335642637676156,4.619408407200518,0.5635209203046496
8.90427220959112,6.1547793332334635,3.408800493331133,4.716368682766702
5.745296349556094,1.8219487992879912,1.2092274140387427,7.158674808076536
9.368834340644911,2.834144517699295,2.586583223420525,3.968758190251708
5.354172069245167,1.2799772576867452,1.2969084634738186,4.074515071859677
5.414041870623549,5.619642242135485,3.994151450738338,1.9071340563835548
2.0777210965047868,1.7607935376421513,1.254021877126661,2.3264057305568224
8.223906197369978,5.224549406781962,1.742924266940709,14.143925340597393
3.2226887122035626,9.396505317917297,2.667833695859097,4.254683064988523
9.096512404350836,7.477852717173988,2.850593468459488,8.371075361885243
9.197417982973565,1.6967050680276374,2.625926801260049,2.263117220298797
9.489791006867348,3.017888309879589,2.853586586424,3.517043186053779
5.68207440192781,7.062961779040908,3.8529566080807993,2.7033702874225276
7.093844063052799,9.052316749217653,2.477075291822166,10.465571877471497
8.00664292055497,1.296267280875584,3.1910018366024766,1.0192739176685628
2.1791315678541903,8.312060185485347,2.213477030114929,3.696937361370425
6.408614754977475,6.056324923044778,2.4145099803619305,6.657563580170693
1.308681111729805,5.914821927667534,3.4551958361683233,0.6483808406247666
5.478094750498533,9.620318644780221,2.96197860654808,6.006965834057083
2.3935841345820466,7.728801513370957,3.8921451794371245,1.2211887337227683
2.6463063336587624,8.651069812505007,3.242154352206999,2.1779231901743787
4.285428100233414,4.1859601259020005,4.2142963415354915,1.0100413596300324
4.891934500448527,5.989276367455688,2.773632851978866,3.8085270258219643
6.608551820789685,6.538651096849937,2.964134479467206,4.91811474874602
1.6698557659466409,3.8942554632621857,3.6798853956037583,0.4802139936793018
5.533225851137002,6.1322331245265955,1.8849757776481955,9.549607159072634
2.64362617227791,3.1298984153174243,2.5437181477250435,1.2787696144810259
6.165776575285677,2.290381039614156,3.4993649760468313,1.153232947861413
6.736641510350651,4.365732333495994,1.1155050770629455,23.635099762496672
6.010383308975685,7.653606658717933,2.7478857345357666,6.092155354386015
7.644659594304769,9.245684332664988,3.3953997452244673,6.130775170136304
4.020483198168112,5.119426463484093,4.869502127912791,0.8680214167674901
7.885959324698178,6.785413194478885,4.508066246470685,2.6329963240999565
4.8949037353737435,1.9273341787759044,2.1229678117706325,2.093217511952723
5.357660484903371,9.140173826970958,3.028840416115699,5.33797899518004
6.832919145349643,6.11743792212941,1.2256574906403652,27.82515582516045
1.1652254559930157,8.023044228626414,1.9630176592712285,2.4260555295487944
6.885947992782235,8.149970808292544,4.099423472272361,3.339444457684729
6.567266341649038,3.308324737312953,1.4932560491013782,9.743706568138016
3.7886240507795192,5.762570078636646,2.0307620993358264,5.293947534056266
1.7721485640954053,9.644317764048797,4.776170006943232,0.7492246962436361
1.8184190492173702,1.80671090338745,4.295423201969832,0.17806178407508788
9.309013722867057,7.14744908226607,4.127310850595649,3.905893363345495
7.203513891032534,9.660376702316547,4.458229961208627,3.501172651984292
2.1439235239366634,3.7051939724861995,3.9984227463294157,0.4968700501979512
4.210508523780157,8.753031292639132,1.4823448644729398,16.772373527578587
6.3323469451143675,9.402917908674445,3.0662453059409254,6.333059282411638
8.520145345815838,7.723775884553426,2.776975683209288,8.533604547009709
1.3929483584170768,3.0819548107626247,2.2446063130815204,0.8520810803634584
3.12969818323008,4.006006469439345,4.336161638878422,0.6668116487920829
9.00774091265842,1.3222836497595765,2.8565568094969347,1.4596703389783268
1.0824899516543485,8.483079108208198,1.2411904054301988,5.960745383618527
2.8125919251449867,8.646500678599718,2.099862334881073,5.515253235472944
9.631217583756694,6.694392789695734,1.9144842321177804,17.590929881201056
6.52061661869954,4.172750661374662,4.549915539245134,1.3143300318108209
3.355042299737558,1.6912992487592848,3.5897524025559995,0.44034134672922814
1.6029198495626285,7.777518489234185,3.2415050635283005,1.186477346155898
1.2537220640249993,7.538735742489306,3.0265969667148203,1.0317883125698122
3.2027057167323454,9.21342269565011,3.600452110165862,2.2762709391267704
8.933372376300195,7.57478818904826,4.019502187108499,4.188334817407749
4.743222888677585,8.458254480196016,3.2175388233260396,3.875312139360623
7.483000322493937,7.7135915611359955,4.753141660610442,2.5548822373562237
9.26456531841962,6.676184694810848,4.907336682601539,2.5683941983547345
4.672364154425349,4.842697547719084,4.981369266435292,0.911856620030535
2.7214963393365736,9.1190557777805,3.677564440354579,1.8350041204284595
5.654061377712275,6.858717147167228,4.730481867023514,1.7329763961283098
9.17275318353869,4.585197897693181,2.6179187812318188,6.136849246981952
8.239369727239305,1.751223656637615,4.438369564989541,0.7324680474364635
1.5924685902683842,3.6163437031394388,4.636697194958724,0.26786940036844725
7.233155200698237,5.893540613471483,4.616561889329102,2.000169222687727
6.147077702130584,3.4807183301457507,4.323385131633526,1.1446948630254214
9.16716858711783,2.991118131261119,2.6263966465650017,3.9751008670095547
2.102332751652675,5.746541626790624,1.6356299279229374,4.515833450109284
5.8063250188419095,2.5283831130616115,2.3358254253777835,2.6906887366582124
8.91516424160703,8.203690569925932,4.069154277192371,4.417029580726978
4.690214080675688,5.359313362083922,1.931542045319901,6.737417883520676
5.337954259595803,6.164764965663852,2.9130882593038896,3.8777882100766274
1.6341460990026246,2.3264494083761367,3.261598071938688,0.3573745411830474
3.5032927640401974,3.9211870206643065,3.415434249751501,1.1776117494562717
3.920559842520526,4.690807149350376,4.742902193515194,0.8175368321486414
9.506102038703983,8.273915474648526,3.6459720816572703,5.9167997888860056
3.5440062448704315,7.931435707775373,4.1451952643092085,1.6358982959936996
5.147818617426868,3.0067972730891324,3.3275133915665336,1.3979375157227676
7.041739812078518,6.54561173446307,4.334321275447853,2.453511034650241
2.4596503516708967,3.191107219947978,2.0546544522790513,1.8592474065481337
5.37798148427687,9.894224401212208,1.839510686675157,15.7252090695592
7.646851355283168,9.569114903177836,4.705280195031879,3.305091117121734
8.801696917243595,6.069382484685584,3.7739235054295137,3.7508071099184894
6.636333471961841,7.290123147047287,3.6861023082328845,3.5606418799886117
7.021481637852531,8.212873439877805,2.8691809545137996,7.00499800869096
2.1365512532611204,7.488985780404135,2.506789037174042,2.5462482759334475
9.511988475217125,7.2984582197417875,3.222764777914555,6.684135181691964
2.193166697360341,9.626986071545753,1.4822653976866684,9.609704763558995
7.972056434636185,6.368104956765549,2.818850244332431,6.389054153713171
3.3833468960048694,6.726724046371501,2.8214708178619237,2.858900329420024
9.402338293311264,8.643418753943632,3.153346051777061,8.17293717144387
7.479635854325316,7.029017810725661,3.538742457468809,4.198335924164816
7.784323416805321,7.596393598157703,4.8292734639414485,2.53550652939831
2.97153255753895,3.107518175769782,3.6086765083670276,0.709084946348087
4.9873597897164474,4.341402317035638,4.534900607813646,1.0528468138619165
6.560318751303578,2.325712111407037,3.225215445876655,1.4667747792353885
7.929762563859408,5.551888981013249,3.507711530509959,3.578106114067421
1.9356343832115062,5.101546606122216,1.2793478124382784,6.0332028128181365
9.661287848090755,9.974465328515112,1.5330548915376623,41.0023960569827
9.011986034991004,6.500877875339882,3.3186817407901583,5.319383549015904
3.433137314460259,8.07800340874981,2.582851479832117,4.157156157250606
8.404842187290988,4.006132036818888,4.195242079462007,1.9131136485863518
5.664915307358411,8.483907982085169,3.172711499496704,4.774503383252746
5.156258334058168,6.53576469838915,4.5291641558053515,1.6428388059350012
3.8299069523026485,7.272930984385946,4.889326713849165,1.1651975750316
6.228717279684332,3.6498770015450894,1.59054074048594,8.986431177657785
7.56900205933238,5.937745525260194,2.5793110066225062,6.755426632073926
4.698396144664825,6.706332760722478,3.6599241009521233,2.3522884276251683
6.662972737074629,6.301852082349229,2.221955021601399,8.504831518773521
7.293816290397734,9.236743402821098,2.0681293508859806,15.751368913983756
7.400096353137573,9.084453980432981,4.254954242515346,3.713183531235661
1.4676948831806222,9.738856520891835,4.921513876234972,0.5901281339914992
8.737730251165601,7.006852054062905,4.095213324989926,3.650635910584539
5.124279832885431,9.747227171131161,3.094706491216454,5.215248350904634
3.3617447352659298,8.492302000287179,2.770044927781259,3.7206304614504857
3.1758805673171344,3.4374892630596334,3.1585908821214597,1.0942555487609378
5.347127015595554,4.846921025961674,2.8513588087509434,3.1877385989742093
8.981483855220633,3.1455319797010883,3.0115522271426722,3.11502402102499
4.405128235143822,1.037774447475087,1.8138122021169107,1.389558675780651
7.74753172105189,2.6924387783221775,4.614967797237311,0.9794264995056066
1.8713685788849674,1.036545276581881,4.0181400060930725,0.12014272555341067
5.284510319359556,7.47854615215441,3.72390969077288,2.8498608017303906
9.925175263534621,4.829808679490796,4.799699883897892,2.0808460330603653
7.933940225131033,3.8131725437007242,2.137577327651352,6.621123864715211
2.894756395965517,7.855488019856692,1.324637643574457,12.959582402490494
5.5129732632811965,8.492380971576805,4.304554641421326,2.526730395002583
3.102622872837099,9.77769584784892,4.993667854597019,1.2165394820649105
4.686048345362583,6.77812226207717,3.3137297520807976,2.8925574206453293
8.020756213614682,5.153760626860466,1.2352375516507275,27.091845355585903
7.9410233376136325,3.7473787144669233,4.121872160619764,1.751519681858624
3.0529034011214664,3.0008638829280367,1.2949961953833662,5.462888976305071
9.300009863393742,2.916333554343411,3.160055945037125,2.716008102237099
6.333113644883442,4.682704372478189,2.1101298968421083,6.660328359020316
4.419318618658131,9.926077197591368,4.660107122369581,2.019952525612597
5.5174202270277455,1.0076832769366293,2.80532485303794,0.7064701155462136
6.445641280939693,2.7748530750790072,4.593853393914213,0.8475237210881557
6.039014786612069,2.6955368416321646,2.1963243410182702,3.3745697997410877
5.377645319825604,7.454075369790631,2.549450335285405,6.167268020561413
5.544395236804601,4.172362548382557,4.788476752988322,1.0088845086089846
2.5877071938509757,5.115347241326385,1.8052578037265414,4.061736924323008
8.314596138742115,2.3376171742291447,3.3140046066045805,1.769735379147778
5.875842879469138,4.644973349892529,2.5540413142404454,4.184056731915207
2.1797187553423276,1.9287983071525243,4.096667540274909,0.25051044344336276
7.895413914245001,5.797389590997248,1.5171854846854296,19.88520309764283
9.391995805396157,1.8814452884457036,2.748859876018674,2.338537182163933
9.52576209313266,8.114575430558407,3.7957305073810526,5.3650625736370126
4.321159591700555,6.0994154578644055,2.628064940024639,3.8160700410224933
2.219651862046786,7.515710863961652,1.2341269571015068,10.953054537490743
5.665596639697586,4.766647479874155,3.8204490453413755,1.8502476573432902
2.013483064142986,4.433421639180046,3.0127933107399323,0.9834410694334025
9.405886766613555,1.8838800014397723,1.0452347467204022,16.219045976836004
2.652216646196314,5.7147004633854035,3.450623580913492,1.2729381323721118
3.2748927395604768,5.630519483713828,4.679524090115146,0.8420583200539488
4.659728741964734,5.212918400046448,1.444103792846756,11.647822537401238
4.448480217032132,7.664665282142043,3.362684940036676,3.0153136911597356
8.151966031581,8.49253960029119,3.9146755270505214,4.517606507615109
5.106851384958661,7.757107074536573,1.2830946805612218,24.06221466057559
2.536914340030032,2.2947916852615946,1.0904618326567452,4.8958503248232415
3.404889059374667,6.598535583538973,2.856783466579789,2.7529345195182744
5.582020466687698,1.7229079512058005,4.164746748937455,0.5544677667551337
2.327085256835214,7.2516005869642886,1.6428776403973133,6.252241321206959
6.504901080814127,4.43655186905014,4.346549088859692,1.5275557961564163
6.0917257589603135,2.1924906063965794,3.6263090216943845,1.0156602698326083
7.4323208474403195,8.75845771278515,2.3286931511539426,12.004043353194294
9.43934153841431,6.526075051350436,3.063303193969798,6.5646835637380985
9.210291049910401,4.1925247115277475,4.862299918906954,1.6332982548051114
9.514680562619482,1.2765446168544958,1.8657478825293552,3.489187403953987
3.2024403732133084,5.835792331032494,2.998141590976161,2.0791058627325687
2.1840877597541914,9.309032906376093,3.497946224430483,1.6616838282896378
3.7204903044680364,6.367418494321291,1.552058421902665,9.834390342319406
9.055766554896831,9.744855441575439,1.1740883544932386,64.01755137782015
9.748481271611395,2.2280600644341266,1.0538398117258851,19.557559206923056
8.733924559634284,6.114745941353531,2.298771426400065,10.106395117136724
1.9901594901478923,8.183125432057865,1.2957891779394615,9.699255348989148
9.526851982538139,5.7298665801314455,4.215079810164458,3.0724323055428107
4.810222246157074,1.8195972038872532,4.9892781086469835,0.3516130438664909
1.0837926168611831,6.245974013924959,1.245215286937856,4.365736038486418
4.981543666733742,6.505641152582245,2.7309051037337584,4.345510739220579
1.4146225270792083,7.558383236278173,1.102928491930299,8.789714442958546
5.894901290450058,7.8509036364892655,1.535963563029053,19.617079746437405
4.046986246933462,7.936954193895465,2.2916902436426962,6.11608863635937
5.2609144023464385,6.970999542750694,2.5747928522305994,5.53186662072795
6.518533246688054,2.9423006777679235,4.75913178571456,0.8468012191168468
8.819209862360383,4.638121802555315,2.5833472350275835,6.129234776622437
6.957114188247357,7.985169753529588,2.9851106362296087,6.234367810268615
4.906439816303626,9.580842850607318,1.9823334730954656,11.96235713172548
8.374850683033285,1.710522683529598,1.000500555026302,14.311041551233808
9.15023923815819,5.819830100174753,4.597337826932541,2.519590249057622
2.077839697889775,3.812700441918758,1.3268590281452193,4.499820154321826
5.7873967979751235,3.028545048851468,4.856995364144916,0.7429882058197641
3.560607637681997,5.552296151677435,1.523376416401041,8.518875788126033
1.4235507808925267,6.4548040650088305,3.419513923001761,0.7858275943859647
7.016920256025868,1.0879500827753312,4.997642351426547,0.3056505375980032
8.76493699713303,8.02185914981072,1.5538583842787035,29.120642983916024
2.4661238902965463,8.378939181335028,2.695772339759297,2.8433970122312675
8.311722918615104,9.689597421111397,4.121694675885906,4.740729285598328
8.680561601832474,2.6257935990222547,1.128760599399873,17.889768707692358
9.229063983998351,6.350973061248532,3.759131004560178,4.147849646906933
3.3875658017744716,4.83962836128755,1.321493351563198,9.38792881749565
9.135577586709003,4.013450663998156,1.9460805690929055,9.681269419590025
3.88596479262789,6.0907010629375415,1.6403046499734417,8.796645973843448
5.971042121099526,8.041447839011951,4.629345726587745,2.2405010537326717
1.4545672374905392,1.207475051006891,1.7218268671267234,0.5924244950061479
1.3949297953186925,9.72460101309568,1.1617363820606288,10.05099280116697
7.483358914589826,8.288934271351398,3.3505027137910486,5.52554758061326
5.000319801800119,7.760383332810206,2.384723701638808,6.823462655537101
3.306631378322958,7.843486439624532,2.6228248825654656,3.770130146064228
2.713721464224192,4.501546386567873,1.476250979450188,5.60539990622839
7.029581417732962,7.764584957603324,3.992937965732778,3.423438934001068
1.003613896228059,4.4809318774266185,3.406214598574072,0.38760645022880597
8.253020522771688,9.088361466173138,2.45686817899312,12.426098899826195
1.7132464551693594,2.595001449758227,1.686299775052544,1.563463988624847
2.723406534173075,3.631126817936363,3.3738069566822415,0.8687872391776421
4.4761275576918065,5.962037884291685,4.114389118029509,1.576472721208851
5.363728657444932,3.8728993229854525,2.2495891354687796,4.104843417028569
4.194956042325476,4.818135207657461,1.1034415341543884,16.599986827819233
3.8864094848586452,5.431804204587352,1.857375939011936,6.119177256524204
9.675244108658696,8.707180139321578,3.729591275571317,6.05643387872532
6.774217131190548,5.7087302824782356,4.95638550982769,1.5742310717296786
1.2108965983064939,4.262138637531044,1.053504957635106,4.650091129735221
4.871583175998818,3.229625476316042,2.224614248528403,3.1791634379826235
8.875078297695733,4.678083809129775,1.2480834817953554,26.65341862085751
3.713105677696012,5.641624939729329,2.2653971510521287,4.08181032796109
1.8510071029694941,7.7150337148291275,2.623657372509685,2.074587109861775
7.82546294430926,2.0894389855510482,4.6834483677850205,0.7454323899362922
6.454124487424732,2.994482694152358,1.322243197619915,11.054432763044737
6.132812570438535,4.416886142818059,4.10853621226308,1.6047288410425717
1.4821890364666714,4.243585646075632,2.5821375842518535,0.9433607658450243
2.264491088159656,4.525732788446906,4.2450513986677105,0.5687136057305566
6.602944565918024,8.141691381762922,3.0536087413024853,5.765347737545565
2.8704145731295223,3.917389626659558,1.1571281553736403,8.39805033309565
5.536630717735819,5.517083623623982,4.784823538859355,1.3342071778720455
5.903935174264541,6.615163295721069,1.3309362537380873,22.047920756550713
3.551564712438455,3.089606951652446,3.3907340101350245,0.9544111866971908
9.535826399873436,7.46825848432785,4.510671051734063,3.5002201760955614
8.582176961520176,5.924001877644529,1.3190791910007755,29.219374473003988
7.501361568695186,5.021030467282403,3.2155735536640515,3.642638382560624
1.7019447976846818,8.288056240644824,4.297159502097809,0.7638977148185429
1.955170173781175,3.191457332666638,4.945298834583183,0.25514585978536836
5.435032112784601,8.948583735528908,3.897309603256085,3.2020389138040626
2.446420142718871,6.049438618300334,2.1133375018531746,3.3136634592291134
9.804389171765267,6.482573914416924,3.798281319381638,4.405485374526806
2.426682106246685,8.875530677520485,3.8230670772305575,1.473612786716678
5.387210519175766,8.358244190644024,3.7998640484184696,3.118479437731753
4.277089511573549,6.414058619397103,4.417041748372423,1.4061066296104232
6.754477793086882,7.778689334633567,1.3495202500779637,28.849573277102355
2.161327680004824,4.899875412096072,1.4336793816617335,5.152305118235546
4.872847852381518,5.926399781497716,3.562468496902232,2.2754732319055644
3.472345295264293,1.5586312303766001,4.815524384392751,0.23338831409286942
8.989763722045193,1.8087212620004216,2.8633545556769837,1.9832143911101983
1.3652714092122558,8.464828637676987,4.842250806502701,0.4928816003322841
9.223547446058133,1.5370449011424698,4.752341038064616,0.6277248805634744
8.496947246977005,2.5245921306934656,4.6116389529372785,1.0086570964978985
3.678136447967339,8.162493930553975,4.639403899456341,1.3948462565659339
8.103615892093941,1.0103135556543066,4.593275173311945,0.3880521552319566
1.280922043048728,3.541638959612779,4.279557534156728,0.24770184819805405
9.701789952640542,6.256347920439596,3.7799158344213213,4.248234685579805
5.739354483308104,6.359049383223669,1.097632714370433,30.292921669687164
3.729529234589007,7.994376174065263,1.52901436862421,12.753091116782644
4.263248913352093,5.553336290429534,1.5369282181258686,10.022763781533826
1.5976481811444763,5.584616825778733,1.0941611371183595,7.45267116556093
9.904145626378353,7.527795179866304,1.4668070736945467,34.65283894411576
1.353627506356232,5.487620169396552,4.678985734268425,0.3392968067501193
6.894164108330731,6.476419779072551,3.655217147643144,3.3418753172806785
4.984623349358125,9.07996661429546,2.2482920731816898,8.953877339453884
9.540245963698435,4.6130590685113475,4.17344004894672,2.5267380984768963
3.2139976627611566,4.466125638273,2.9534779478194038,1.6455422131127275
5.788781415442102,1.0319409267829418,1.5685081476635063,2.4281104039836667
5.341205877244777,6.520836353691087,4.53800832490597,1.6912664860722957
7.325797996450913,1.2679471666641877,2.35464778494589,1.6753447541001056
1.6120920875717846,5.537336407554847,3.7954369221195767,0.6196795995673519
2.7441021702101938,8.23810410129004,2.1623766419984296,4.834648116144645
2.9310833808356485,5.949289634676968,3.0002850026952,1.9371723580634397
7.643356793575207,3.426725486950084,4.265010846121662,1.4398696177319898
2.7022482669406607,8.075515793044342,1.6271093856974708,8.242558104616954
6.16142587501879,3.4274530367428495,4.909005580957114,0.8763259839450271
2.937194384508583,7.597286028513088,1.2808636914429048,13.601453990571176
8.754624550755807,6.492326096712081,3.1360356389620163,5.77930842573736
9.479669090406746,2.5299666707320108,4.664102077407792,1.1024829556822255
5.6664367744801645,9.146204873597672,4.7827755395301015,2.265640365619836
4.170779957882605,2.805793146614761,1.928435851519104,3.1467521262637743
3.106519975157492,9.906283667266027,1.5759399248592345,12.390978237871852
1.448029013707394,1.065794397894467,3.897612001271564,0.10159059154902188
3.4165006857774585,3.3713503942861274,1.1678942731049484,8.444585688853524
6.888122019507861,2.7987426754677895,2.940955876121257,2.2288804983414603
5.802552381782897,1.1259406915341637,4.185420907172728,0.37295488997395393
9.496371504528346,7.59131110132584,3.2410188980673356,6.862958285310098
4.5664953624253055,7.240832218896366,1.75205306309602,10.771520068182703
7.244770080955551,8.131158679194375,2.9481771978798528,6.77750548769145
5.4039047272760925,3.3102869181810872,4.685098865795572,0.8149590776964257
5.613185943317905,4.999016503746729,3.468851912177107,2.331967426114222
3.4099688314370575,6.932021694593927,3.8859625102760793,1.5653559548777793
5.094556991577997,4.957916534993292,2.3450555186500597,4.593031016970764
5.237064973114365,7.2759319328612415,1.7539351006704709,12.386526909569081
7.359782695740406,6.70576067596398,2.0225689195984144,12.064418190691065
9.465759992675025,2.0318302271995883,3.1327103750411798,1.9597578591878355
3.9638914973425385,8.029388089692713,2.120880614442815,7.075738310281189
1.379804217231686,7.486087231832665,3.1678591497044044,1.0292968037951762
5.466656129505758,6.902509488556648,3.8311677095047076,2.5707890488435354
5.900151989342517,2.395842456439021,3.9375835046812058,0.9117208820893015
2.515964960187237,3.411968039158273,1.6587397586443737,3.1199887914684874
7.8441814564846,4.538593284288404,4.0017233953354525,2.2231807076249654
9.864361975973425,3.5193665949079906,3.6907525583694363,2.548611562062167
9.51197245307615,3.050292616085183,1.0480205334748267,26.41633137683572
2.7739543494128696,8.248219031455982,1.2354887003590034,14.9893202776188
8.878269159106846,6.744090217241821,3.5849980074415213,4.658797581005438
7.340442727705162,6.089249183952253,2.5348155982548386,6.956539560786566
5.084619074262204,3.033574397679285,1.5844159983026636,6.1443314436546155
5.8654989489225615,9.262689060417772,1.177586236678533,39.17929388103783
8.646401574842123,2.7206473518758463,1.6375933626897234,8.771937239729544
5.321214456745358,8.154558395422093,4.8300558572864665,1.8599741268928849
4.358866321946142,9.700054000347638,3.910262566283879,2.7652592992695944
5.439227437233872,7.543834563018125,3.1108216837371754,4.240129683386099
6.212168236315442,9.935728976661668,4.766162000218367,2.7170982676116786
2.7016988840051397,6.85946005280152,3.4764417507264156,1.5334053023406116
9.108169572402916,2.957143092435055,3.902580753122669,1.768477956483986
7.067682539466524,2.834375443448602,2.1306072740234883,4.412935704059019
6.6994202560374,3.9210785582992873,3.3559273743567832,2.33247854734513
1.8954660356257431,1.0641701819890546,1.573908977191361,0.8142689373375674
6.437565443553326,7.135286230745511,2.6179325807911016,6.702180817155296
2.088645960146431,3.418010061650448,1.1329612999464405,5.561705856088986
1.7082790767585916,8.336649090634776,1.866512350330722,4.087790285105298
5.7457980607815395,4.232553855033702,1.2994745176906988,14.401817927230066
4.6250698064184546,5.319608441169814,2.5511152780289255,3.7804003189800492
6.299292431406009,9.691200249043323,4.372140658553961,3.1936041697360666
1.8029995125151475,3.179549107425494,2.5117364253802124,0.9086842877600649
4.878847565625326,7.491286876867656,4.326558503978573,1.9524886436421136
2.5730804354064216,7.796060103748754,3.6259932503155494,1.5257190140916317
9.883900773317048,2.9889834177127166,3.038117786523311,3.200683035034288
6.05035191191657,5.50897152950976,1.947566773045322,8.787522509346564
7.1869317484678055,4.151817327816715,4.688624371376609,1.3573469653533372
3.9287645261434703,7.947156190600802,1.216803235368133,21.08759425490407
1.8526502330140975,6.602349871261337,3.755652070795261,0.867203988358847
9.78283776505183,5.283847493744924,3.4849595712374755,4.2561765748375295
3.576331318448649,8.014269385429465,2.7641660890261073,3.7512275804578845
4.814273666562168,3.1164001300757533,1.9612838211704213,3.9003456514436197
6.8487752953231755,7.782596925259232,2.7227837473810674,7.189706410140564
1.2222756791750016,8.788368808835418,4.491090902213683,0.5325663880517353
8.292332174655582,8.907594371268152,4.347064441019817,3.9088136520374253
5.829203710257582,8.053062337176435,4.765524999908116,2.0670395634128815
3.5039546836193995,4.672127502984418,2.231172826500992,3.2885673680333416
1.5544718676322233,9.836272204460442,2.5484166334754916,2.3543582257471276
2.462485739269973,4.416342794401959,1.0749046106394533,9.412319230538309
9.055304729680932,6.747628591921831,4.771799978880033,2.6834269539916105
7.174218015423019,2.449667602625218,2.3175603672690754,3.2720476386945734
3.2491154947320084,9.824040087727534,2.616655286131973,4.661892437115164
1.5904068845052657,7.335873296781969,4.631218445789578,0.5439632201908084
7.215537811479727,7.780397907217315,3.1063937206672527,5.817782968554518
6.151669533709886,1.5919903307003014,3.264698167021912,0.9188557810175432
4.640675720124115,7.870760327986046,1.7049313526036673,12.565625597025992
4.272503042710575,7.972510862985412,2.994640083274618,3.7982909934109768
2.9513284833619746,7.0459545372600685,4.672834403635097,0.952350040140278
7.026501308837659,3.6271865241130925,3.234872352431704,2.4355369597969596
9.736012250144835,5.407210379447934,2.0204654585590323,12.895895887370028
2.5814372125314327,1.9939093417784481,1.1247234565390514,4.068885503515037
6.3740495801395305,5.244283598132373,2.345207093816272,6.077699286541347
4.817665501713786,3.1944146734036436,3.290363656257832,1.4214779784958418
5.020198495701984,4.141872878446739,1.1704531534833205,15.177826449197083
3.2873255211503296,2.4634036756332875,3.439170309164625,0.6846536548839524
8.426213880952773,3.070489309722073,3.093655308472451,2.7033123052417944
5.36730043732517,1.689117776381046,4.133741876666283,0.5305534333970747
5.890652669784377,9.279112297932292,1.1155526890878473,43.922765028624426
3.7428482151759317,5.7736961917786305,4.12338937927495,1.2710055510320688
2.6362761910025476,4.570677741364657,3.0835081830324276,1.2673054395961225
1.7731934938253844,5.815262914919055,2.482117331118846,1.6737125383959903
7.427072268324244,6.654639056333974,4.861531905435296,2.091201461543246
2.7661085351907007,9.296909140324141,1.6404781889442122,9.555796273483045
7.2106781876991795,2.60823657057682,3.165300476364426,1.877125057847496
4.513388014422585,3.659972487716958,2.2839258943699137,3.166769658434951
4.741973208906863,9.782104027097033,3.109945515181343,4.79607330124807
5.222597464834945,4.34073687983672,3.2091018103216484,2.20131921141454
4.309376573147889,1.2030548568159487,1.357792993699383,2.8121128855148894
1.9055797950033107,2.3287914337344295,3.644540587673399,0.3340966738250281
3.786686290025612,1.2370483157369683,3.5379259836760473,0.37423853454078015
6.973609246245446,9.909308281786556,4.077869098537856,4.155606216185293
6.992059613219839,3.5098376409210075,1.362633974636684,13.217025366882902
3.576018765159949,9.311884812426033,2.189034187614751,6.949159751978727
5.140923639019192,9.962976481837442,3.600442398912405,3.9511045674194585
2.741025052107437,6.398570990288028,1.546923303662434,7.329231401996604
2.893348733768522,1.298766835590056,3.710392843153769,0.27295571083662534
1.2074237956594667,1.7343246734823428,1.236106843281692,1.3704970710801068
9.070718949169702,5.3343014959709,2.339726211838511,8.838716176734035
2.896359985674156,4.655548116203374,4.386844489330077,0.700678642646815
3.0478048924281698,6.455595752035909,4.097165161524641,1.1720780871078418
3.5164128938061863,4.949630287402275,3.5790428609083516,1.3587477117574254
2.146672645258861,9.40669164344336,4.481833666500405,1.005289764648988
6.753365948632266,5.812657438721599,3.837078176688802,2.6662060996269807
1.6762865785982792,7.24353455316198,3.077500420843212,1.2820429119889123
2.2078218369371525,9.06836745378247,4.918870001543146,0.8274894094491229
6.802810539310836,2.3218468824988663,3.779424319157278,1.1057848754920387
4.0569455843329845,3.0676118870667572,3.4054687072520125,1.0731138664667255
7.371530440310702,1.9658679442661355,2.6354822438142587,2.0863723340351497
6.016822702031278,2.2567455930692106,4.609649994316202,0.6390192116209188
3.3041905575536177,5.6132557024080985,2.1828363824199712,3.892579977895402
6.857451554403952,3.8906133307071764,1.0368783768436107,24.81562302557641
2.046463122635926,4.808555555740794,1.7869620897294398,3.081682434670548
5.827693447720273,9.842408486146557,1.4380699677694366,27.735630996558786
4.934332945405312,2.410339130163533,2.2759750966922883,2.2959984471949504
3.410862245356967,5.86730863718268,4.30351470983382,1.0805790176967505
6.436044979655501,1.8898403954828586,3.6061187414600298,0.9353284671165394
8.842002331062542,3.8664668193749074,1.67592235693485,12.171864907584947
9.99014229786769,5.747733313071388,4.155286884369354,3.325571251311181
6.469864918690821,9.51968571368804,3.016879464397611,6.767089280694995
4.642352868962531,4.521053991551347,3.0508584964731877,2.254933362775735
3.0268639019458146,1.5841602659320284,2.448448723923493,0.7998526415904315
3.3138648045560055,4.4934530316428525,4.458465459288094,0.7491075604795644
5.3150948033478915,2.3116705828657995,2.2733092154231707,2.3774967765394517
4.305499311526383,3.0699065196230078,1.3765590426787546,6.975237314507578
9.224330703624497,6.562815608484914,2.2109159758877803,12.384560273501247
4.314659208901386,1.6068147958331351,3.861414185071543,0.46496423225283284
4.361001320308919,5.182513806250336,3.6303275472133154,1.7148852448512444
4.451810611905793,6.48515427409688,1.7520686142143114,9.404912782096446
8.529581893308922,4.796725531307472,1.4471371964197681,19.536789582309183
6.857094887622116,1.1721371556135733,3.6434630336069853,0.6054661347774131
6.527519652870034,9.869674212125789,3.705507342619649,4.69197456323281
4.007287201454759,4.304041906064818,2.464598548842283,2.8394523410722448
8.361137591491955,8.007194682399403,4.371205534116319,3.503832229463535
1.3452747522013102,3.930818429687079,4.912820815199668,0.219094828297297
8.837174551043018,5.27515081294077,1.8225808937975816,14.033780744561293
5.614749098145366,4.496172783498968,3.3082748628241134,2.3065887863282093
4.584252113770715,4.08285306558647,1.0213853160157567,17.941263507205726
5.474505526459171,1.1966623948700086,3.8522175841051496,0.4414636232853721
7.00673977480448,4.240188440690531,2.657128454253271,4.20800304985438
1.1148888386610762,9.00540991359577,1.7730769076126593,3.193595491527387
8.84396670812423,7.2135400473431535,4.008887687057505,3.969609331204822
5.020655727802535,2.3088057318589588,4.242595190224323,0.643998185486374
4.086698677300704,6.320395041604653,1.4446660047037492,12.37604655615769
2.244210090706514,9.030077739539843,1.163983047352136,14.957592236931484
4.955188369225979,7.300306368683699,2.336313766676469,6.627334922354255
5.4669049415594095,2.3381595312102705,3.5039618630441423,1.041110725463157
4.6328202504413,8.81049247061047,4.173678108754532,2.343191222162835
7.107940844442074,3.7138961195997884,3.1842499865218308,2.603509972266049
4.788068758833035,5.0866852988110764,3.3229951052279225,2.2056461744904543
9.65275820061916,5.735284837202317,4.1994328870115645,3.139244405231046
6.393497660412327,8.654559439403757,3.1153734968750375,5.701160056122446
8.267301420867181,9.384467456328949,3.444617960905202,6.538698028118599
1.9842031279853096,9.366875900115005,3.064869359906237,1.978595246846266
4.5756216365131515,1.0715876315068658,4.521832933470816,0.23979977541835898
4.031629313024374,9.296996370269115,1.9420664743403555,9.937910319150332
6.125341493229326,1.489482694014151,2.0559743381620375,2.1583923262507385
8.75002168055283,3.3919629113569183,1.511845846407303,12.98509710863897
1.70504395985806,5.6348906925504965,4.277867005977686,0.5250087226820765
1.653173182402397,5.319331201039546,2.6471091622494294,1.2549651941937041
8.65285937341839,6.442388144986528,2.3915757635249753,9.74626566687277
2.9156507743452167,5.315016058633052,4.925394868348625,0.6387898083155638
7.0187792900483235,9.409381116763788,4.707213465759142,2.980539341381967
5.885903191247246,3.164939633931283,4.887950728499046,0.7796952828373304
8.496042353985064,3.4662222463463728,1.5691959870347714,11.959656228949774
2.1258001885276316,9.286641421237505,4.565007252592665,0.9473232020811811
2.1680466915035015,1.690655623707306,2.314838397549806,0.6840414661903175
6.011365242504768,6.486047397143289,1.05062708084745,35.32287561629777
9.517407880225338,7.135623568590497,2.565193343932275,10.320729711375467
4.734979825336788,5.549875510867655,3.0367854125522387,2.849529552004277
3.9424789022922546,7.248086909408235,1.4328816942696214,13.917848389730255
6.460203908780972,2.554791814107703,3.150710467497025,1.6625884172041114
9.37403740490528,8.673690094943858,4.277854336706926,4.4430233754478055
8.532350495601612,2.2602312052289704,2.510603803356776,3.0596037817644244
9.95935249659898,4.607311998841747,2.4105792261372088,7.8965230528572485
1.203117248821394,1.6773184117738522,2.3552416809227097,0.3637914689629442
2.01572330241486,5.906899709356601,4.692377783534768,0.5407600179802142
6.485209870299598,7.027712266830752,1.1950323951607964,31.913809643617167
8.385187954004648,9.470994715857614,2.7803045679718212,10.273623585477976
3.567199080760899,7.654025763064007,2.0583978165988674,6.44404615059794
3.1528997923079687,5.86992624808736,4.5752281015499765,0.8841324090371949
8.08278219443081,9.393553154533004,1.3842090543352157,39.62665391082625
1.5074366846790843,5.3059315423678886,2.645771066721643,1.142605201181205
4.3244438282432665,6.0508508778898245,2.6272646081243427,3.790871639361177
5.552283003330968,6.364886749030862,4.553577670188091,1.7043421217856354
6.043138069152911,4.689817532979101,1.8619737801638778,8.174690907860192
7.557536411134992,8.546344215092418,3.5795816412064445,5.040760747709812
4.1936115108759235,2.666583449605532,1.5376245075511563,4.7298001437102055
6.514159102071464,5.993579713344472,4.815902856322171,1.683407320096149
6.268378805118607,7.5000993056847465,3.3720598370891435,4.134582880768489
5.928544905883724,9.135785546889196,3.5050269212826812,4.408707581688989
6.76434963827991,8.955265567908505,2.7350936066418887,8.097671005492213
3.3350425396126866,5.578662604871277,2.369130850665289,3.3147698338099136
1.7618387822616608,6.788453060470075,1.8507057179795052,3.491903645701258
2.0734450483576907,4.548139625163709,3.4159510153290356,0.808170605069934
3.02124144388511,5.213599865921803,4.818246981392952,0.678492442145542
5.501781419705067,9.156392133157446,2.439163816369612,8.46731619820165
8.56398475491418,9.376335938732266,4.532627554648217,3.908489731561358
7.311640078795457,9.058726522603177,1.5951052513889987,26.03174395253191
8.101365437818425,2.245337756322744,4.744504083527203,0.808087246405885
4.158780615334822,8.650756191975725,2.4019451355923063,6.235824973109881
4.641883674836952,9.535273579193323,2.5189088463733826,6.975936322202118
4.543136973915516,4.251247251162442,2.851369028137313,2.3755563631502636
2.7268586596405138,5.667816604795023,3.872977079790601,1.030358986870919
1.5509499232921482,8.011857302316962,3.878613734756141,0.8259959523515426
6.318244835445041,6.058703238090839,2.918354338878661,4.4946935690314795
9.902950150785275,9.941351695356245,3.0926115972557437,10.293409978321868
2.5014673445523656,5.1014202864114555,1.1200419510965647,10.172257930224632
1.4201633790934638,7.425484400866399,2.2171868062333027,2.1451542616010606
8.015785136415396,8.133320261768898,2.384068296922438,11.470346987790155
3.273274060162518,5.446903741825955,3.2349090749030376,1.7037580184051675
8.466794248176356,8.712854251402382,3.233199069485218,7.056909777844989
7.3354300033106385,5.915391320864768,3.8395991909114926,2.9433185945279567
9.51106183345724,4.704857171214683,3.8681091848723237,2.990735460753525
4.680345121810048,1.970413064667523,1.940842896848332,2.4482422698646413
6.9577285550557075,4.5407221871538175,4.080748604419298,1.8971983197802342
5.183693027319436,7.605428092599557,1.0784142721851282,33.899374591638015
6.675298275776892,9.291577705120966,3.864647538426882,4.152793690071242
5.046390154069636,3.2651146347427926,1.4082444140776924,8.308510696449664
2.6976902178166737,4.197119655974523,3.918592833684876,0.7373660673236132
5.571076744030428,2.3856489469398356,3.1084723622736172,1.3754716929568396
5.757257812936981,7.21650604806072,2.7490180027323685,5.497781680916239
8.29543463434145,9.641695870089327,3.762665559045716,5.649387146784657
7.619686352142231,6.76856997863358,1.1454833349889308,39.30578440989654
6.974124615472997,6.553688770056037,1.8938813027023134,12.742950714062113
2.0204838599731527,5.981409374503905,3.465760569870616,1.0061478413174254
7.485546615973435,1.7961016661698288,4.388861626523272,0.6979923423825143
5.502746407190633,7.565534437864453,2.524430547780468,6.53269312637943
9.046895824955433,6.418445891944157,2.0350458905342284,14.021066842689205
9.278838407174884,6.953290919706584,3.0749457431559772,6.823529877147569
1.4964093154160691,9.089299837246795,3.4892610095473655,1.117156246683191
8.38577404319031,8.055647083549161,2.680412125622986,9.402437165331511
1.3392765138040357,8.028237269390734,4.50684273063902,0.5293533252490058
4.304526631255204,9.344653919914128,3.0937548354400537,4.20258814219693
5.880699780589712,9.909414563166996,1.14329435028234,44.58213795115854
2.332907187644147,6.231544587649537,1.8922158188247615,4.060241167703567
7.716824313121691,1.9799345442804919,2.802588123671258,1.9452296974046552
1.0751923375492471,5.132169169978927,3.7909020760677334,0.3839741536184722
2.5173914359063314,8.0884103181548,1.8790089751703554,5.76708318642213
6.227171468681282,1.2495279228566427,4.905029758869684,0.3234100390890842
7.4294880583356315,1.5119869452053416,2.274233032752334,2.1718858898174354
9.249787924245245,1.604420041445392,3.1299208274423536,1.5148971540925982
7.349469867411615,7.579321824954797,1.0758655389241647,48.12495849554744
7.046013432293794,5.510499657068548,4.5395628857232175,1.8841105141052403
4.549070317155978,4.320081491685342,4.155338614100733,1.1381558885203593
1.0115598297412127,1.9505534073556239,1.7818320171823707,0.6214638969200703
2.0814333286205975,7.590162251853002,4.7329467649593715,0.7052617407946471
5.8109909028043525,3.8891782949580973,2.2633590551896186,4.411650898511338
7.076168972599778,3.3879166305820045,3.7687451535204683,1.6878636787114198
4.757034555068163,6.870872813981959,4.2759052720663995,1.7876893995379741
7.576111103755512,6.031098033371576,3.9636578449487234,2.9083750291055126
5.696760657989609,4.261695776319715,4.670331136119365,1.1130510138520122
1.66758576034881,6.773387237250293,4.457099041362834,0.5685772959787855
2.7281462587115395,3.4409936834570636,4.97844605636644,0.3787598305100808
8.559984009195485,8.153472354438941,1.7304456503045822,23.30771125589874
7.524214719619955,3.0638705527688854,2.2190472049068,4.681645349885389
9.052857883112456,2.429539258438141,3.54490346972652,1.750252862885318
2.058015242088429,8.041954685489873,3.9321887435663347,1.0703886547499413
9.912002811535665,7.371028276281399,3.1384202182228367,7.417666576274474
2.884660425549402,2.643750781316186,1.2957134595464597,4.542524405688599
1.1060188865797782,2.046211774209442,4.366380907201528,0.11870523820724464
9.976806451481988,8.54559179638023,4.843497424085088,3.6342562380488723
3.529664969006018,7.989386339770192,2.622067375305579,4.101655807964059
7.012175072613039,3.9453163632969783,1.8992499267953842,7.669558203793447
2.5901408275867466,6.9237766739203,1.0772550198483501,15.453589646702273
6.222056789792275,2.117441678930297,1.949196144374341,3.467642688380193
9.136314878091033,5.563428931429103,3.799675099353689,3.520632371977129
3.8816305068559473,1.168572628543779,4.646357550690922,0.2101089963024975
7.032285784399233,4.5244169282939986,1.3740522657270633,16.85204558240596
2.6911322991857487,1.6735853932426457,3.2130367486477196,0.4362661727723272
6.623158588468527,5.276324621411943,3.7821249940473294,2.4430080964332843
4.028053166357592,4.795134821676049,2.1055232844250744,4.356883221216206
2.900874327291565,4.999465239742504,3.279588156681208,1.3483848022116134
3.8186384563327165,1.4079817184319467,3.8609937040230915,0.36066780010856947
2.609569616570194,4.254547071536491,4.350876972541507,0.586500806800661
9.117244970540945,7.808354641899249,2.8099994032799236,9.01593347634759
4.574681976854159,4.320229360182581,3.9914288756758425,1.2405404290374464
3.2075137447693063,7.436547573486226,2.2071318869593988,4.896472461716796
5.035670569143396,4.325308512703599,1.8521869870886345,6.348991471856628
3.88482550125846,4.809154973411678,1.7492549843626697,6.10568012615938
7.699773284319933,6.075029015463395,2.435490927302905,7.885936255049909
9.740979206969449,9.556137431263743,1.1435187271553962,71.18663110719775
4.942302910278821,1.9797440198198966,2.131967350660999,2.152669215489706
8.749300599750164,1.296223917950563,3.608891297772913,0.8707746284405045
6.092767662036575,6.4716146542904065,3.591676188640547,3.0565599347464967
2.4151209858481013,9.541873800355837,1.294215225965965,13.758134485462548
7.215604678732074,9.907508192992434,2.1496624683224805,15.47022476590349
5.620910474132381,5.357478226528016,3.2782306587116867,2.8021286319274465
6.855458709268931,5.212734589765886,2.2742085500124114,6.909419424152639
9.007186713144984,6.804673936706766,2.671952096755494,8.584977270527054
4.963911135904414,6.000712814844729,3.851243028463056,2.0082833625161944
9.1105986089562,6.706792518527063,1.0370673178265202,56.81302163161392
7.756021128534894,8.865994829841048,2.105574176353722,15.51048456962598
5.397444332901863,7.716755525388484,1.5694889751400667,16.908550338161504
6.428999220921673,5.47189652518116,1.510436731057967,15.419708817043178
3.930230192671103,5.156780131001526,4.8361608657889885,0.8665529910802054
9.852375697648968,6.756415736618044,2.506241326249671,10.597698386666643
7.006160467453564,5.101356559782677,3.1083543396385593,3.6991736448568915
1.3946216724696692,5.120014161390759,3.9352875482785303,0.4610782426861466
3.939597151732079,1.1467531160785434,1.1897898994402007,3.1913996146457535
6.609829903831518,2.5665772366657755,1.9640905542307934,4.39765957783513
1.5069995001931582,5.396622759961778,4.32859114937485,0.4340522728675685
1.214957721872285,8.403881131453321,4.447962452711524,0.5160821539579036
5.0502181557502235,3.5085430605441172,2.491803682563208,2.853706492011969
3.99421161723403,5.703790898180341,2.499446398607073,3.646758560518558
4.944687472298493,4.10465876283309,4.027587508435527,1.2511976935889577
3.3642397889200466,1.9432359058563011,2.1802809069994766,1.3752687228847957
2.482459722486828,9.624686347641706,1.4683763245599923,11.081385140357286
7.202290212823039,8.692064832252715,2.0301418009623338,15.189407275717882
5.631140046410205,1.7064318202021576,2.5493789265430995,1.4784835137148977
2.8013879012443015,7.4780853622145615,1.208818838380393,14.336436915166477
3.876304836339985,4.128219139217501,2.914721016800699,1.883591322680134
6.326271168969933,9.953648263556133,3.9600300510911137,4.0154399001914465
1.6500641344523006,3.7215866784607994,3.0549805779218464,0.65797903496263
2.327077083395616,3.148646008263399,1.2875813620580279,4.419623186037345
1.659210436966511,6.111014934748646,2.760598525383834,1.3304798839719056
8.310855994427069,8.516135470088837,3.835618432171331,4.810802462195489
7.771683098908083,2.7326698463781818,1.2323866159607597,13.983255777097618
7.779816386913314,7.384624927473981,1.239388758907554,37.400954298122976
7.446928091284253,1.5526592482700952,2.4824056127239307,1.8763239656318391
7.024468813028823,9.270412687994476,1.7798558564948364,20.556202757581662
5.292927238403575,1.729674245325689,4.739123165233682,0.40762822818270794
6.780503471564034,9.228082387097462,3.3253744149589726,5.6583825239198555
1.345253993091772,5.417265245074326,2.1493015976235847,1.577573735520619
6.593179803911061,5.032820015163279,3.8191069164598033,2.2750067293303395
8.000899349831894,9.75976371550339,2.4997162054373154,12.496738990766245
5.503225243459512,9.913457599283971,1.52846257751604,23.352469950307945
4.217619955845132,6.851603133649108,1.9489289193743216,7.607949879332278
3.4968406132088123,2.1440736267134364,3.5709891378375027,0.5879473997189503
6.785218451458742,5.555530770896823,1.2075044239879666,25.853058605617736
7.235210787669178,5.762467908600962,2.090756160192255,9.53790380180864
8.838708398762883,5.630017853217788,1.8332459105686985,14.806660834239597
4.081006742148917,6.125426546680088,1.804540442706128,7.676626468998051
7.9279507664702695,1.168522424149516,3.7310496479038844,0.665481427087978
6.052202417704041,7.401045533234521,4.303267667017458,2.4188548046695018
8.94552841610271,7.411548717576892,3.863466432257035,4.441817193214902
5.750308974660586,2.0392279766009915,3.582911263202049,0.9134501614661475
5.658668455581705,6.1321549820122065,4.665807087271456,1.5939467727190166
6.200893732968182,6.115250641921971,1.2335695216971874,24.91961277406343
7.74383819628191,7.142053781713601,1.669932343904963,19.832690452843533
9.682214309456148,1.7685792292157299,2.6576274226821286,2.424437644146236
1.6620701879418909,6.638529765394868,2.489806574015471,1.7798772334764044
1.4809114215191546,3.5267675567170707,2.67220641185209,0.7314184583536947
9.437953036666046,5.5630269144655475,1.825819620170824,15.7497343772393
5.768880629663855,7.95991197433669,1.5980132623209133,17.982044124971786
6.534127131102425,7.35081342726712,3.036772989831712,5.208327969556414
5.341812414352559,2.0701271591019403,4.712210096275175,0.49800805272034426
1.8429170734672704,6.320663084044659,2.567877849399668,1.7665246939750763
7.912804405767999,9.722048778466647,1.1734128564781123,55.871012518607955
7.725021805797282,2.4109249360150202,3.824669371558098,1.2731970008459976
3.805329893435308,8.676163789528733,2.1644196221086998,7.0475331910186725
3.7561532070556036,7.322932724983993,1.9803800292195683,7.013442910593403
8.540572428149666,7.966029816187837,2.2970320027918483,12.894212279879213
1.6512153196719397,3.537624944283809,3.895262095631505,0.3849835094441453
8.929946335209092,3.591000364418582,4.275277547481217,1.754428485794845
3.30995520906323,9.154175101988393,3.3522242693558546,2.696343389090064
6.336862729799446,4.238488288833028,2.2899150148782064,5.122082360907796
9.423947611015999,1.5671385162352944,2.2419129324691127,2.938344844613203
7.103102513829818,6.405370332215051,1.497233399621852,20.2961336148383
4.72986831220333,2.123359021376584,4.733204192940779,0.4482930437903866
7.205807880148736,8.169366172671173,3.552557595875278,4.664324814995185
4.095816726847332,6.775717982509517,1.107898479423456,22.609757494055913
3.495325747142675,8.872538546990874,3.6494683807467228,2.328500526209405
9.970149501412116,8.063535248043717,2.7886136967740316,10.33833133833778
7.757112080618089,2.0090228350437656,4.890231852187678,0.6516674655745696
6.802479796436359,4.429636087909801,4.276275299225627,1.6477980938517693
4.197606788973869,7.971042249231285,1.6852630153311927,11.780981794308417
1.4424474623954335,4.756073259396931,3.880444475499466,0.45560196909958117
1.2795118843164004,9.751289363019804,2.9422640153410535,1.4412625019873981
5.987631299039189,7.621664049041043,1.7481806546797127,14.932489968687367
7.85829448935146,1.1394992502128893,3.7949596293197962,0.6217675080754193
5.8364127139946955,8.919871224047528,3.1895503147769815,5.117356397594226
8.567065647452031,1.9072430638170184,1.121495515086282,12.991014174826267
1.3008387978389946,2.2647135176207724,3.5863518021153036,0.22905035809853402
4.300768687833461,7.610431605499459,3.5399483594497627,2.6119299134883085
3.1336335205676025,8.784717034874323,1.5763406442058505,11.078369193490992
5.025456713414099,5.827146651096004,2.3959509079867716,5.101238797143154
1.6513875387471022,3.6014475965120125,3.3435958830041597,0.5319839617448424
9.587184774139653,4.16183990727858,1.5551320564269195,16.49840348378888
3.009298609624248,4.086003966364504,4.410893511339026,0.6319910415050979
9.300769979352262,3.94010293428561,1.1099441851508152,29.745699823860644
4.833038395330136,3.1861870463948483,1.4113496598774198,7.73076135715276
9.869717199296963,6.479803851663098,1.4644276794195363,29.82158419943686
5.986525451141897,9.103647867085606,3.1124285039002206,5.625893621495982
9.377495777582267,3.7637417177500705,3.480456048674501,2.913629881019525
1.0481408982480056,2.6802486771527088,2.614963186005946,0.4108313715561382
7.734149255628101,8.547198997342823,2.154667310672665,14.238882907192748
9.127455877922639,7.676049978007329,4.23726950250223,3.9022524455465186
2.2574851028105867,9.377533284039194,1.2731439349056806,13.06046069241775
1.8651326655893634,2.4896776204441866,2.121167444531167,1.0320552271722354
4.8211534646736,2.298261827049324,1.156462315215883,8.284904163990523
9.403110155196416,5.87286454874497,1.055560539865072,49.562729432655395
5.881479041713948,6.529902893515858,2.413519547728805,6.593129945229382
5.747108173495589,5.321560976736306,1.779294649779728,9.660345713606114
2.2701350646938967,6.390699726914879,2.073463419352985,3.3744838465606204
1.007105599838969,2.623417919875642,4.283788629819872,0.14397478013840947
8.291260816709151,5.316523787476751,1.6519203849968855,16.153629336671443
1.788171066876144,6.922833048457011,4.120933468607204,0.7289566728459755
6.7046483686179155,4.894358043238333,3.700202492585454,2.396739093479008
9.231548090636723,7.115026022349381,2.3057821005633308,12.354196428972383
2.8778672184258793,5.060721524984556,3.1862245807051512,1.4345986732942215
6.987455526132197,4.002396227580496,2.777742439098155,3.624559128857599
1.7082871903675851,3.7324454237838314,1.5135812619906615,2.783190064269243
6.433796294538517,4.6981185308972915,4.628741286936703,1.410800031631155
2.4753854885788247,1.2078066041398074,3.2784718703430404,0.2781616905584855
7.623582044636602,7.016726246015024,4.52096018318182,2.6171718913903095
3.7110816531451736,8.605950768822357,4.2953060472531615,1.731056091217217
5.170519079241816,4.191643849988067,1.319103701237693,12.455484974771664
6.394874878248595,1.414298225275467,1.8290826640738098,2.703375545136009
2.541460695996156,9.880980376470019,1.5810444574993232,10.046048496305554
7.674740367558588,3.373284299059603,4.323118131147675,1.3852317314724272
3.723763065731331,2.139590095216957,4.449786505820809,0.4023780387233024
6.961346739214782,4.327772571757252,3.1118860392334637,3.1110739028398524
2.4245474562943627,7.64701336570201,1.4167122900320277,9.237601332969254
7.193058932857152,3.6452493720150914,1.5424664741720648,11.020705462340779
2.1536926552941558,6.1723288352753904,4.254195249753069,0.7345103937695644
4.828208466429853,4.74003994993428,4.716760546117321,1.0286801439359436
3.224854663649891,2.059875930489566,1.7979027404426269,2.0550330981549836
7.735377244853643,3.972583112428992,1.0445503058886922,28.164092982883602
3.358315040561871,7.523834551426599,2.3238116206031116,4.679062358160192
8.935455757558566,6.5080350759830115,1.1219975585915254,46.19370217030312
9.026381902659516,2.078005418952049,4.311899664312152,1.0088418437735505
2.7679718370050725,2.469901687428777,2.9660490289050063,0.7771139097354586
6.524613505069518,6.766600233767009,3.5674431150520793,3.4690550893920484
1.789458775479679,8.32073872888782,2.6459395045461687,2.126785850324452
4.523833896414663,4.145270463623524,2.3820301880499275,3.304950811071674
7.4198955655114505,6.3577967665910515,1.8888016523043394,13.22305260920317
6.934809221649246,2.5357922987689476,4.082130188152583,1.0552964912288292
6.622306024659472,3.8023870321479145,3.7821903376621173,1.760268043359695
3.5428677729619924,1.1824318510574734,2.4429159379843446,0.7019626709446711
4.402224544909618,7.914483530195703,2.284464537196732,6.676147591782071
1.9265153023025756,4.609088377956701,1.004971514594716,8.791844425197878
7.471205383902409,8.345130162885585,1.2542085201818898,39.63549595582352
5.534999171121462,7.375356964204537,3.493022099570539,3.345784295625413
7.378890691110891,8.458698391556293,3.0584292409418468,6.6726407317272285
3.240491723171855,3.570928026245945,2.73921281794009,1.5421991623093085
3.919944057715596,2.6659785738506074,4.310008963206634,0.5625746740381401
4.007938035341032,9.747151143865034,3.0155928176113864,4.295891445477052
1.231681687724946,7.455950083367826,2.5379743256292797,1.4256963163085
4.069430855475612,8.506380411340032,1.6450253900999399,12.791847214721054
8.229741161662302,1.1182003633894035,4.282752032858477,0.501718303907888
9.075686461747647,4.190154582662979,3.304993000484751,3.481516365378677
5.663964840723347,7.685350215195985,1.3698398636910292,23.197683062987277
5.099515256972982,1.7018454969098498,3.5955935919883033,0.6712863708598845
1.2774215682943324,6.106059366120421,2.70028298195364,1.0697362385776457
8.912839038268444,4.861654907095029,4.245544894351983,2.403993650964409
1.1170919208328545,1.1585485642699656,4.675658387983985,0.05919944123765962
9.502750721891907,3.1237801940750627,3.401863252704984,2.565051564200413
5.402946238192816,3.563127901600428,3.9264512772534657,1.2487101236731442
4.077410442172539,2.0067395171169022,1.2263633904086628,5.4404782567125975
9.31796591358394,6.683832187683944,3.241021820004629,5.92901767513574
1.2195189379908706,3.1815808862670014,4.021359913421897,0.23993059390609445
6.232824053821784,3.498575496574495,2.987048597912415,2.4439456333421883
5.940392720494039,9.084147383801326,3.3742003580173487,4.739773566676977
2.9738836109024387,5.204107834238255,4.595792742324177,0.7327391300951481
4.859986882151896,4.529153322723451,1.7923982881247977,6.851459248761582
6.870376053493932,7.514839344832455,1.3929860302076476,26.607660310227224
7.544180771937348,9.186524171946209,3.762574452558004,4.895455461088916
1.006451728359218,1.2253270261369944,4.291395622089777,0.06696499718288564
9.431680870819138,5.034149618998568,4.401960754330254,2.450320446766478
2.4807283515353116,6.497032204701525,3.566577988364881,1.2670413248509074
3.102223908001233,3.8670678831339065,4.332853672683214,0.6390088770613317
3.371261011244634,7.951669499109175,3.802656822893161,1.8538578562092602
1.340381228968318,9.743293632432465,1.349507663627163,7.171061017981121
2.1074691123129243,9.490846296252549,4.048174031539952,1.2205281744751837
9.877149306497458,3.3938428544194768,1.7174387582013186,11.364774656186716
3.8369506363955743,3.037044505937374,1.946437370363891,3.0757887193879503
2.037709813051444,9.61741477919099,2.5786025079946593,2.9473511564739363
1.9629213505716099,5.127656386883193,2.2582682653053476,1.9736527785522786
7.475139709029747,2.8746795077622256,2.286606953211648,4.109847502487084
8.691117976293768,7.362972672673764,1.677038096816183,22.753225809929916
3.3125706955762286,3.5597829151341243,2.1754841884381775,2.4915913107556062
1.1881856110171147,3.405222775639471,1.078650359903527,3.4775103624556247
3.0078101660082024,8.913241387700062,2.891643786753304,3.206243530909022
1.508641217170816,2.462312380392131,4.074363835079227,0.223773936039295
1.9305544296703736,1.5795365181961274,4.448989476899358,0.15405967046220814
4.883573078628782,3.422677961545185,4.281714235837754,0.9117344641359265
3.0692653377546932,6.4625087155438345,2.6658308759804528,2.791067817815065
5.643512906728811,2.107790680629435,3.921705924655425,0.7734405793257252
3.2814437793147135,5.244352050491144,2.15156309638085,3.7174799304022357
9.464835709926529,6.646033993827878,1.2222498908704718,42.10712832914599
9.153495711336381,8.638632933338565,3.7038861015650664,5.763904236234951
6.101254945094194,3.068826320820289,3.595184658945624,1.4486019959287908
4.1898159278864755,8.356116910445106,4.206517581851502,1.9785819101202862
4.43032193831262,3.114156350181147,3.4644248268115194,1.1495117502664882
4.7066705483004725,7.090898871156765,1.6275664998956656,12.599044426513181
7.548213899214496,4.8760621433420965,4.412649568200793,1.8902295667553004
5.064750959669541,2.0321311814080314,3.509011152074803,0.8358730793115127
8.710569518553076,7.428371165396639,4.230438796140016,3.6155078945157544
9.49685307337328,2.95986356694116,4.096428481504163,1.6750996889591638
4.023515380410405,2.589610834221323,2.1914579489003536,2.1695710946157716
6.046250332381121,4.224906357304449,1.2982118994082095,15.156957772281485
1.8555088314930799,6.879612202835352,1.7060176363583395,4.385912376994437
2.8042214298972308,3.1059683091156502,1.371449337253003,4.630733481132224
4.721191900391441,2.6529538490369715,1.9736497283205456,3.2154457751967356
2.85582444311601,1.089582631420279,2.838129092103972,0.3863023830746832
8.889044417098457,5.244787873915512,4.627242419925132,2.177401404765745
2.4245763045318824,4.857810123836645,4.488075023682539,0.5847310767720877
5.100947393977828,3.1048096927363864,3.874399260382912,1.0550598197545031
6.451293164138881,1.4828694760872168,1.096449438191304,7.957423730379854
7.226775173447599,4.863302871362532,2.365556805282214,6.280715160602358
4.447624327538561,8.093845999644682,3.729393705938079,2.5882520512722125
8.821891618522557,7.437539181944593,1.5161155873562735,28.54475757698458
6.11487235970133,8.747154008741532,4.204351400063635,3.0259110319727953
4.955570024027966,1.0862441894184007,4.658294719950375,0.24806595197782624
1.6051657064683296,9.697773851241386,2.416417786551302,2.665924693655646
5.182205216006485,4.072710273647035,3.8233722474553336,1.4437930814699191
8.386622567341572,9.913580164827684,1.5928165306748534,32.77072976295155
6.530869163991839,3.273575145415972,3.763265796452108,1.5096056463328222
8.489462083562065,5.243827488204203,1.0858216491481731,37.75822551592159
5.44610503539375,4.185349089177733,1.6030860272444039,8.869600168122943
2.0661553458503366,4.201846434948724,3.83952578643468,0.5889086997893499
1.1227586125229296,8.580538888733942,3.8474008915052247,0.6508277716415675
3.7289759204673207,7.717770457636049,3.5646508233807084,2.2648917350104547
7.2819142434801325,9.929362917070433,2.909456097536813,8.541680604023838
8.112339135475244,6.521632144457612,3.6996323646877802,3.8653182435050124
3.661775511582965,5.169309439550524,4.095203193155153,1.128686513681504
5.460885287949224,1.8106647665220201,4.865926636146975,0.41760913594002175
4.790070139906735,9.96905277562471,4.554564126194419,2.3019830718625234
4.6947050591628505,5.963775876390546,4.1781368102644985,1.6038520888907106
3.0821384188013545,7.3042972272112765,3.7790300668574917,1.5764125426893087
2.2273399452651255,4.6606814847218025,3.296622181729469,0.9552071764702968
2.770197024080918,5.929441373613123,1.482435293407665,7.474341656146898
1.497991484470115,9.483199587035985,1.6622273683935718,5.141423500030544
2.7831766764121935,2.497774941384425,4.281118242683598,0.3792971980641854
1.082808078628415,3.6313532589722914,4.213251648828882,0.2215058434862884
6.645325605723804,2.368537550002291,3.4578357038934517,1.3163998705578301
3.847378666489146,8.129943134242971,2.7553605308646136,4.11998442516414
9.758302402842178,1.558407343796466,1.1041305992944226,12.47424779480767
2.7434534569866806,1.7346848486620448,2.3087077701141756,0.8928535973871777
4.112457132786345,3.6864470150863182,2.6825586302612714,2.1067399690873727
4.220570427773799,5.6276936282891015,2.943265144693682,2.741844516255695
1.0760634645621447,4.656473205036279,4.717298394244837,0.22516884349345276
8.55287157735513,1.4033467960372654,1.4348375992005713,5.830039017513752
1.2879501412989225,9.617424020838564,3.0754676791190816,1.3095903931713997
9.461618512563172,9.575825683222753,2.471689187833119,14.830437042979435
9.028669159842586,3.514206909166839,4.9603924768642065,1.2894929951503635
5.819697244773672,7.5837305374172335,4.447456065131622,2.231310208981516
5.892360174201628,6.2071787024490135,2.7551434169556837,4.818314158038227
6.884001306605407,3.1372902550506168,4.998782437419042,0.8643052956614888
4.483450107413983,3.359543965674539,3.0562529858859855,1.612553264081561
6.825000550580699,5.420378568794054,1.6684711863656028,13.289079153438538
1.4029154981963818,4.773132473476242,3.2234987673068582,0.6444362828661535
1.4864286461475391,3.6210639540813783,1.9048230632145864,1.4834433978486492
5.115073776575899,8.26760436674634,3.545251360305008,3.364631630708058
5.946600709954314,5.3331662587364645,4.7497606995357025,1.4057576051084089
8.990358763022371,6.893632561502151,4.1447943073401134,3.607606730005878
1.9419457051710665,2.7034615015108794,2.0926547616762208,1.1988424174847565
8.403831344745004,5.80156896264838,2.1874344998640285,10.189495272299416
2.8904260356286264,3.8617844450195937,1.2771528123612481,6.843277657234546
4.5467528365902865,5.737722493553904,2.1434713425851095,5.678132504941837
3.849421913446716,8.027432500698353,1.370499198711269,16.451844834688774
4.601397455788591,7.920218890821355,2.9977948773025713,4.055301105936226
2.35445948265327,4.187986102308484,3.8333883179930304,0.6710128281626927
5.532130669631995,7.248494053716752,4.0047246459966335,2.5003159742247076
8.214783308482305,9.471609553548493,1.2381169289927163,50.757073643069965
4.973806093410072,6.631023969324158,2.359823592952808,5.922572288482935
5.415522183083792,2.3356911104437343,2.152687066189735,2.729568162830214
8.638908267531828,7.117377663511856,1.4172012919493384,30.613698051768
7.354523031742278,1.9441394771438019,2.4498852437280227,2.3822670708258427
5.414089676678063,8.848993679137244,2.1972804365569445,9.923122480278906
3.319260833702617,5.649944462217462,3.537996917357107,1.4982029914408321
8.9643407216047,4.466266626804216,4.533210654934852,1.9482792239554
6.193183615215025,1.5130593518472315,2.8193668834928634,1.17887221519079
2.9903284909962404,4.427053611328987,3.986660691067274,0.832942710926034
3.4220777737420933,9.128860011242105,1.584041468442697,12.450114037292991
8.228197800426212,1.1888469665767287,4.5798655145754585,0.4663642233548562
1.3973100587870992,5.271833420036244,1.6103789528603691,2.84052288568929
9.92882968325938,9.380422819995601,1.7684047223975572,29.782225219195958
2.173165117433126,4.55356899788519,1.425855214350706,4.867363606939224
8.164616728572437,4.853581187159353,2.238718006082146,7.906773834590884
4.552977850945146,6.207040496792079,3.2096417868621043,2.7432600909150255
5.429945649587202,5.166436002194652,4.9519764456253075,1.1440088814915421
8.9258551971812,2.5174152211379717,4.173472138630176,1.2900592398781172
4.716200706302919,1.1669998516287436,2.521743211567928,0.8654886143328063
5.83744378305911,6.488304921808314,3.303384231614282,3.470849479370048
1.4436969616825295,9.28725928307031,3.493232123756831,1.0987748806332158
1.0211272648070784,1.9572771972444907,4.290908884989388,0.10855094873464903
3.203198857015533,2.8985744732747802,3.945807141679202,0.5963437266838876
7.125247836268906,4.332065372424761,3.2771645078845615,2.87407760799545
2.0913840402322306,8.278680061190077,3.676732108158627,1.2807693123370054
2.0238576292409447,3.423342848238798,3.9836704438515986,0.43657970925106815
4.698645472323129,8.938489638508916,1.5325762365336173,17.881034611773615
6.830533347474039,1.4946208718505978,1.8018218452215198,3.144575038690025
7.408647930231375,9.468609591330413,3.754337155630067,4.976896669539551
2.606056066885373,6.046723700863884,4.401702247950528,0.8133220682564695
1.716293326348382,6.928999106389341,2.6370491307990713,1.710116025180211
9.463573305509899,4.309205702827178,4.9195612898848236,1.6849989142304043
3.3459974430589154,8.037948569599543,1.8642869306934915,7.738295638426007
8.680118478478516,2.4990962507596546,2.6667971281737555,3.0502025408003512
8.771423054165364,1.4402064275063833,2.5140921738530126,1.998630039107789
7.9527033258629,4.559652487968014,4.721183762905716,1.6268395282861523
2.519502459873131,8.683261425829356,2.141514070290158,4.770411011770317
8.396213133287803,7.794341529739252,2.8831631121688623,7.872713738817599
7.92325503317428,5.654403734400622,1.7489353584613179,14.646806151977545
6.370506910955954,6.149239724488181,3.0850649542497752,4.1159187281211285
4.034818316520575,2.169035436688799,4.429616677854364,0.44602411456638014
3.3625774383988967,8.56613357755824,2.2161578475622568,5.864834440221735
2.0970029087232307,8.082637146677772,4.243168288651313,0.941394381424972
5.587813602107842,6.908233544982485,4.645246328702504,1.7889220791467997
6.267347879588619,5.195719326960446,1.2918315588582545,19.51271512455355
4.234050914642085,9.680133414515613,4.025698145277004,2.5290359567685616
5.2782316091278165,8.91128774688824,2.0213737446019633,11.511599448326777
4.271630116323401,6.799874441631567,1.7013106501465165,10.035229107348389
6.769054515886311,4.346208979455591,3.404489568100144,2.538251204729314
9.11133287016907,6.562200508133611,3.8224104649147987,4.092199204340039
2.475282358422504,6.178968338775988,2.579043942940855,2.2994460929390432
4.432679289128111,4.548177890514247,1.1566948283287624,15.0683661825522
2.2678174355577516,3.760065745192685,4.634818096787173,0.39695213359852627
6.624493933670488,4.663097130135902,3.92298766738998,2.0072121756750643
7.559834585397362,6.165202654300581,2.0866672267320587,10.704176451071245
9.387214593377102,4.853213602399849,2.9874554229789596,5.104618436956149
3.509847336348684,3.3721703938124548,1.111171159868312,9.585964498836965
9.551900852788872,7.848669859847279,2.3571311272237674,13.493306378599602
1.5693640463860732,5.783207463616717,3.090140942340473,0.9504644872017128
6.427124770281294,1.6090764690303998,3.0688944604650006,1.098068689701064
1.5141944740899698,4.31484855063513,1.8327395120341645,1.9451169926214307
9.043967689857503,8.964221114907943,4.1069894647355625,4.806449514774278
5.768281513630487,7.797128780799567,2.1954486341065738,9.33113759627635
7.024135156865165,3.909221055496064,3.3216400927118905,2.4887309062693252
8.484165333194074,9.443648368400583,2.086088902151899,18.41125129304062
2.3527956023557186,1.6894261752238915,2.7006714919470807,0.5449791638672514
1.3473240574432046,9.6511123350297,1.830058501000921,3.882571741504947
8.90993031321567,3.2113458323620807,3.5320311701281533,2.293571744940738
3.8343990471303924,1.0818476227217735,2.702337440565403,0.5680469683897766
2.1608101713444876,4.904272328664941,1.064469217951057,9.35244104619646
5.216151133783779,4.230733867183078,1.1126599760670643,17.825468004108263
6.38475468126417,5.851801046861144,2.8845372738856887,4.4903630647898956
1.278735430802591,8.170955745128609,1.7329034676214174,3.4794036556347354
3.4740609243137897,8.581877219354023,3.3401681925789695,2.6722867299524773
1.2951988684920641,4.611069996505226,2.6327671270880852,0.8616150531732315
4.783018502759491,4.868611693357152,3.617679342158891,1.7792913147109848
9.055900261596198,2.333599572965263,4.809580696255806,0.9135735887330144
9.843871703442122,1.4279284799304715,3.1149445391810144,1.4486776615077372
6.733427981532648,6.770934912115222,4.149514414360398,2.647831249198814
2.4547392440613263,1.5799386299742304,4.012163985263749,0.24092853131084543
9.152644509993753,7.6044710747931035,4.687164417295461,3.1680733691215384
5.646230408800545,5.851811305200227,1.8560714689520248,9.590903480509763
2.383743808926263,2.7872468040347504,4.3093078831397635,0.3577832103212466
9.295540025064952,5.855706491613846,4.622081514018747,2.547878562870207
7.8172214565079265,2.6469794494188896,2.5710519237903107,3.1302663299696962
7.585347454508364,4.948634867593708,2.2552647783958726,7.380160639483119
7.382626334149642,8.19604284618006,4.808143638713151,2.617340593820586
2.803058389867981,5.1572736406957365,3.510531288555472,1.173023259160549
2.8990602253677347,2.338293864677934,2.5227059409658734,1.0651801576637232
7.194636985845295,7.514458136406506,4.167310883726521,3.113112065986656
2.977504750993572,2.6809157464300797,2.2178956064628603,1.6227567618973224
4.948045271227439,7.646948869330985,1.7056303442794483,13.006247773257483
8.038016430345472,5.314170602942499,3.175878543190822,4.235031178552066
8.055572662880568,5.083675831848714,3.2648481796424136,3.8419197341953906
5.079355952732737,8.662915340717273,4.302985929069353,2.3764729038332155
8.129709444477205,7.377431719066019,2.82810942008172,7.498731544157787
8.547596165782512,1.2961971725944532,4.258346158021366,0.6109886480692991
6.892981761558342,3.6655688314144212,2.245290717393354,5.011910957580894
3.0558326707757812,8.838285947649087,3.3014728087111678,2.477890830744142
3.4661060234699277,1.1649355169067879,1.8338911156028632,1.200595292953624
3.833570398678618,5.907281016357733,2.5417838036663856,3.505208515756425
2.051236969605568,7.550431022565495,4.4301587913314044,0.7891307985708074
3.4584365833295063,6.596704769361183,1.8639527737430202,6.566546973150199
2.8856730188127893,7.844789818939928,4.240957851597071,1.2586370695625395
5.09795874827742,7.531226640232712,2.131486631389625,8.450780234873033
9.175937930850385,7.22827625637802,1.1379588787178148,51.21911525040745
1.9403228507856227,8.393858748330869,1.439738280227385,7.857213442915164
7.48241131552656,6.8112160160458455,3.9835181812831526,3.2116826440733655
7.185547039718149,4.6217664483128384,2.048283706008593,7.915668750592261
1.861787787970219,5.247181989231288,3.616582368965089,0.7468950530911087
9.3031516441522,7.450523044133055,3.7967956110289323,4.808198900076859
6.116249819411376,8.886754267001145,2.3804738577387394,9.59183179994299
4.273529690221158,3.449969207557981,2.899675948844561,1.7534888622173783
7.80884725145776,4.078691163739637,2.6150683618232424,4.657379816818591
3.3162891256147065,9.376654567261713,4.789395985418135,1.3556226366354012
7.241588533416884,6.2066061316850085,2.2797954494063495,8.647613400341296
1.357400868150225,2.6106563542150094,1.733292168899843,1.1795443683984221
8.554672338483448,6.973256250211445,2.462371371502313,9.838568146933559
5.033537623191866,9.916859399854417,3.6780628304080487,3.6898540430118096
6.730236229221475,8.411082080233601,3.789450761445861,3.9421182038544518
2.991140378260153,7.711670228962625,4.696229261440028,1.0458915754374953
7.0936634139260315,2.872419888396423,4.527017939503237,0.9942465025118905
7.950162483039489,8.885258062156066,2.153282081669102,15.235061008694068
5.258918681959589,5.732099591819918,2.8206529958703856,3.7888800815727888
6.559542316556149,9.0036101986476,3.989075952733736,3.7114670703891
5.106933314401587,3.968450464823914,4.6661491224081,0.9308161773679071
9.04682232332061,1.5584594737188948,2.3486600514275673,2.5559435187352957
5.480822624628873,5.283783717937715,2.7777657367079835,3.7531813207000666
8.576278381259371,3.4285384433608987,4.597913081814435,1.3908694837948437
8.212168524432236,7.437063607986683,2.4339354926336907,10.309585897292367
4.694543392135209,9.613958975704291,2.922051944766943,5.285909924169201
3.0707604267172752,7.218767360364075,4.618016564872315,1.039436608369562
4.654739193037939,8.982405367382832,4.208972871959393,2.3601290448681973
8.435956381976982,5.077216122410857,1.9737237000392112,10.99479823100685
3.048692822374531,7.944766634757715,2.2991802616477335,4.581933359888926
5.719927112719744,8.58739093004533,2.4118349098373564,8.444162353371999
8.254870731646728,7.397880648251881,4.650953893724239,2.8231472370925164
4.181297276155409,5.569995574626081,4.995734948418157,0.9331836445177063
6.779886733024276,6.632794986538312,4.09601720862176,2.680374435830294
3.210684166439331,7.304562961109923,2.9373052099740264,2.71827675858771
1.9835150083134394,3.277759628992842,1.0406952722699159,6.002959724220818
8.149458025835706,8.286213348234863,3.7899522263918297,4.701293524467985
1.8907176106783614,9.55292085070546,2.5574446579911387,2.7615337783223146
3.442432555716261,5.187153836619424,3.5319458809144217,1.4314180446975224
8.695984797976962,7.3096046479888965,3.426775853849715,5.413040342081489
4.118223583708005,7.633233152113186,2.9233282262975493,3.6784367199310144
9.75740814562745,6.960227927693323,4.777549590905291,2.97541484806211
9.817609012964738,5.92403597495772,1.0925853814213666,48.72060230743976
3.4144841840820104,8.934831591173296,3.848529937890353,2.0597842730578746
1.368804000249014,5.04034038342005,2.639359473198184,0.9903849771574138
7.345569557848412,1.5499266083794323,3.855161801966445,0.7660398971015429
5.0588785238350935,8.601007381409442,3.7008785901585277,3.176829415854958
1.9067755956361867,7.065831450848957,1.0409520103039815,12.43373027233241
7.367705370802385,8.64332763849682,2.141353980698685,13.887890898018078
1.2805741820072911,2.2469269820022486,1.7563660820151217,0.9327464779001547
8.831770214430179,1.276776464587447,1.6679454117699692,4.053208675264544
2.2478727620197336,9.409370863442511,3.913906736484531,1.3807382804675556
2.145806908720525,2.3295547526551683,1.9582053963724984,1.303608175534316
2.5810506817172607,8.286870988634067,2.8989504599492033,2.5451039363118073
9.6423972264286,8.408889479625723,1.987955981142718,20.516824131280295
7.238524242284614,7.378346804941027,3.3209352937413197,4.8427078554942184
8.21234381917273,2.1813598998358383,3.882295072239872,1.1885497557991576
4.578714871594777,7.006587621047268,2.324298954792706,5.938355366775737
4.0268145475446,9.00177924994179,3.412083393148488,3.1135132153521616
3.1103560610485292,4.829784803207949,4.2994190976549564,0.8126776692650555
5.32583225481168,4.721651689407389,1.3768971406579666,13.26411974695999
5.966458601807517,4.985724786214772,3.8426823961650847,2.0145402625639584
6.685973592874799,1.740447016085858,2.292579777741521,2.213994558280177
3.3140665359882506,9.028230121269761,1.490599826099777,13.466096156760637
9.537886728126916,8.822645775824594,3.182616830457395,8.307728461219728
2.5278264838642226,9.981183896112576,1.905049277070927,6.952114065602996
9.690878572897711,6.266648273485721,4.285447170676631,3.306786686290058
1.133705102567534,7.760724728062472,1.1715836381243045,6.409966870694955
5.330131226351611,2.8240471567657424,1.3946115850835898,7.739328993699063
4.000310543049065,7.0077593640175255,3.0839845039432676,2.9474640233412983
5.0421107253722575,6.847595638816516,3.355767136307827,3.065962594597803
6.135981210827102,9.110878622574512,3.9195466580909875,3.6389208109111255
4.920302422114381,8.477134505551668,2.0370429130087753,10.051723069976948
4.733621652714355,9.446198163559869,4.367041632853168,2.3446387069772987
7.594510738719759,8.819501254314467,4.812569359095132,2.8919436311950433
7.172886475778181,8.818245054089669,2.9961572143794544,7.04606953860949
8.499441538322632,1.5735099401984645,4.042125459879205,0.8185407473946932
3.24963083115546,8.613657574263602,3.099393418175171,2.913856878717493
6.485756587786573,6.467305550528064,1.2778681176488424,25.686915422081597
6.266753068535685,4.424000065893651,2.3044460513704843,5.220650453896542
4.327640297854199,1.5086316194925609,1.34994675850806,3.5826227655783303
5.374517877124128,7.09906397291242,4.955516477020054,1.5536842120639924
3.8240392897515587,3.953815754838557,1.9161036482935088,4.118136880510796
2.276599578552867,5.209986384874313,3.543601677662875,0.9445684648866
2.9242108959645954,7.135555933496208,2.1373804077797494,4.567440069206201
1.94962281761081,9.205970923217286,3.6129848614237035,1.3749531938124702
7.1476261767111176,8.428932240444986,1.8416067634819298,17.763992891470803
6.946546537982364,5.055374161932399,4.141080263640298,2.047834982331307
9.555457344218855,4.490048417017411,1.443246411346542,20.597832854743647
7.567105722825172,3.1580176495964274,4.5806016003611205,1.1389359818018214
1.468412548805183,4.351840760583714,4.361686770163178,0.33590164824727603
8.958206565360587,1.9994174856270848,3.7152293745535423,1.2976372225166186
8.764076466511533,9.739949575282791,1.2696585085713914,52.95281004816765
4.9898828869542875,6.16525699563621,1.8342761133157133,9.143492571375718
6.2727674547512935,2.150252585156916,4.437446382764303,0.6849871571193078
9.784704992252669,4.175254083393152,1.4878977372103805,18.45374347080627
5.790739274633497,5.9233522925859035,1.6237283852320803,13.009925477683161
9.147896455384808,5.795970729767827,3.176013295022083,5.2563321451624505
1.7473488202916778,1.3195303184676912,2.096709758697375,0.5244720530405997
2.7194668183781454,9.557569308062002,1.888302799775718,7.28933560853504
4.966794490971861,3.4783811332745014,3.3032537273927223,1.5833228889854603
6.262811275035743,1.1456620203870207,2.490306705832116,1.1569648501553222
8.346050666765201,1.6879960805525422,1.562239587078675,5.772410041914903
9.894359036288682,6.221754129231792,3.1394150701818577,6.246015143682762
4.499663468267048,2.2400696860758718,2.548049613114491,1.5524792459031607
1.4267407252607645,1.3755231356815294,3.9380670970950775,0.12654550831315795
8.210543529657922,4.416638197714402,1.4110217692823568,18.213621360467396
6.439426471745273,6.604850731061697,3.4824529757838953,3.5070315596112085
2.786885729813815,2.0065582435745113,2.745973307772991,0.7416146654387363
5.453456109592781,3.81995048936184,2.6242475002096164,3.02496233798196
7.68079220980352,4.75984604462088,1.9291507520333648,9.823507677250108
7.933706083617794,2.4351408800809047,1.1217041128108445,15.354779150634412
5.496565707988858,5.554665086200391,4.3907567774585825,1.5836913402495638
3.7469307711597324,1.766926782115938,2.3056403441377036,1.2454064109896639
9.763683238346442,1.418666467105618,3.7243641589193883,0.9985957364795359
6.9702634986084355,5.6785183043962135,4.790349599106829,1.7248439413674324
4.674137674116688,3.231072754757881,3.2599611923285265,1.4210958695203668
3.5241690178418716,1.8583642710822477,2.588587610079465,0.9773763807367303
7.579926847032059,4.815213287388691,2.073094265394815,8.492634673204682
3.1796510103439095,9.236266655656552,4.7361751705899735,1.3092434353929416
2.5453899007631935,7.5177320198873945,3.7283072722045714,1.376631685374043
5.7685050006586325,8.34054323812325,3.661125573026238,3.5894537476506834
3.609886533797277,8.847225898827729,2.704633300581108,4.366001552804306
6.660146304312535,9.75364967256777,4.380194851469723,3.385821523571904
2.0614480738681014,7.869219161627557,3.8546887480379484,1.0917555499076015
6.8944699411058945,6.475671297455317,2.1327330871240644,9.815505375846545
3.54966875197932,4.288832922720225,3.398314640100192,1.3182560785602386
1.0021864099106146,2.6347891290194445,2.7207758184050626,0.35670471834437156
2.1424245190675872,7.179938865849649,1.0263606513188521,14.602468869978592
9.402538400515846,9.954549875097477,4.2304937260071895,5.229794596817487
8.80619175203822,5.206228161570271,1.4913213956788032,20.614311656003224
3.1024812883261315,7.513114312835269,3.0398180240104566,2.5225163864027276
8.005347140909421,5.455832049938405,2.3449047723392624,7.943113000088921
6.477144338565768,4.88740081027129,2.36835616480271,5.643746561815733
9.738142403048824,4.692750522039236,2.909459533655232,5.398572590664137
4.362450935806532,5.541622146385278,4.98809241607898,0.9716245584356957
7.133145512654542,4.302060956788376,2.633518722525903,4.424710110627497
1.5718215018152673,7.7389598963962705,1.7293169192662896,4.06758503148712
4.566226121347654,8.86844823932365,3.4544253521974757,3.393543535649922
9.674358950693625,8.945967759806656,1.945150832158085,22.874044368981703
5.850827870051085,3.0492884208324336,1.4221965468518016,8.8205686909373
3.5909155300136013,9.063182248583416,1.2006966882637164,22.574559095661364
2.0824386681574616,4.073961086695945,1.0915250960787355,7.120682885017768
7.331755061633774,3.7837689893676787,2.724658593244255,3.7368733380033174
6.803704390867541,7.540804516584123,2.7069031194935746,7.001928850277081
4.365448422433971,3.742267060776605,1.7421816003118118,5.382410202140574
9.558472166792509,1.476697650487391,4.136076215084837,0.8250931812796529
1.199825316890653,4.362559950792772,1.517082511679515,2.274264779215128
3.733514664686432,7.493190403225141,4.66126877055721,1.2875862767080546
9.289625376696232,3.9426257824315885,3.3503039105730896,3.262987045752373
3.8884189448749633,6.666031503956319,1.1104655044197185,21.019881722274338
3.2702755046965333,6.941074998368173,4.851890502970866,0.9642487754279856
5.807983689381226,7.603624105537206,2.2317650381834144,8.866436074511062
8.41421574928484,9.074174196798428,2.7998998383114135,9.739479881141607
1.9283208479052494,4.893080493415883,2.1370747719782086,2.065961489149236
9.487186386811626,2.4978886899621138,3.91368519213511,1.5471724958172288
8.155655930630477,3.8703314388870047,2.9427208828781546,3.645095497877642
2.6312522999639674,4.889505296565873,1.5294918376100104,5.499625113074112
7.408071650783464,7.425023223953017,1.4168158094378152,27.40161764838996
4.464628503738014,1.1180991300547016,3.901501653298299,0.3279457798696769
4.6206521026868685,3.8420684509589105,1.948325619725086,4.676762182937579
8.049610831949797,8.018583229173851,1.55117349855389,26.825743835502145
9.66506327182659,7.037719329976259,2.997710387991371,7.569327541348008
2.1399028556247455,7.5856597622704465,4.211061150145216,0.9153861176217227
4.785672131909374,8.306296924952752,2.115130983492522,8.885376999177728
5.328474472758732,8.04912146990166,2.105726446803231,9.672694416679112
4.386806352594979,7.139648495375003,4.335525041041508,1.666256653421633
4.268702113446025,4.956953791335315,1.5913351782751306,8.355787614128122
1.4704180080543687,9.852384959903386,3.466910367146189,1.2053049999734053
7.169847585063609,6.121658760310663,4.820053931930342,1.889188292105588
4.925929754080409,2.824922884319552,4.36521259830923,0.7302709271130972
2.7531442237953407,3.6353156959430595,1.2472609351189168,6.433635522915596
8.344301520718616,7.24206210373423,2.2796435062465017,11.628357098090985
8.22304673336465,9.322656086795172,1.5694978623704654,31.120815206132285
5.377524652800044,2.608481162853078,4.7969625507485585,0.6095894734173635
3.6860559503298447,1.7411184617120772,4.943766264888325,0.2625877030357301
6.742834532168072,8.933779432378055,1.9399720821601516,16.00614577855042
3.5933692219966273,9.237501810215509,3.67879617931501,2.4527027986369436
3.1240713729134084,3.487414107843095,4.366526928188474,0.5714157172110742
7.57463188623694,4.395571519341159,1.934721137657906,8.894880737105112
1.3629271574885564,6.941691977480725,1.75072253728391,3.08676337889154
1.8529162393113456,3.9693701875822733,1.0448440929891212,6.737121932688395
1.061093566212308,8.894428374430476,2.6478498277661036,1.3461238604449766
2.3764886782788355,1.9682083244247646,4.597749849578866,0.2212667394560059
1.620910078394135,1.341839988641757,4.6119185962253955,0.10225778629104128
9.962221310019267,2.8763758606851058,1.5109725100360651,12.551299550281426
3.5992897295868063,3.574790003844721,1.8174099221135798,3.8954851447707983
2.3434121140232254,2.0163393215998755,2.6321893237381344,0.6819900581189
3.1689663219632616,1.5912138640658204,4.122498180654808,0.29670525110822354
9.425130143861212,7.800469421516184,3.4474059341269143,6.186189859493496
5.6814420072195615,2.4784890931203165,3.0553989740808656,1.5083764150511074
4.283362866770712,9.225299791596736,3.3677275368904125,3.4841068027440594
8.860523121182975,4.311996953032864,1.3847987752091866,19.923446455507626
4.554912434941292,7.035452287492109,2.910654569019628,3.7826026283914995
4.015077129619263,3.028619032919202,4.9682531581565135,0.49264162626360375
2.86554270294762,3.1629049164268017,1.3537845877563512,4.9453142041391045
4.400171415184703,6.172382825808178,3.0769867105395456,2.8686080216207386
3.8501592041523343,6.045786326313875,2.1825970466294984,4.886347571295918
7.095735633683269,7.918563052108732,3.159653187447836,5.628141064178065
3.606244342036544,7.820319751248394,3.2952750401349866,2.59714574619596
6.194797717803053,7.03618988197295,3.3098915924779035,3.9786628722397555
1.5930294852877545,5.042175093041418,4.4088351412435465,0.41323206900277665
2.721602410268629,9.015763476525555,2.5589896586946437,3.7470555274398207
4.666647444502139,6.603206411991689,3.0654166506659837,3.2792976757099432
9.432543285178259,9.911786414161215,1.0437135958709942,85.82583950943777
4.395267871441259,8.374328361409226,4.158202406319067,2.1287471692373487
6.976667090798507,1.398788301144936,2.0379508295034117,2.349700929274609
3.2957850017925834,3.8853451637228598,4.2662200961620655,0.7035613364612273
2.1433021837590855,6.146881448238565,2.0625546655212688,3.096900897978896
1.5268294007204513,7.493225840843384,1.043153985049969,10.513867349071191
3.748721486884762,5.9530284798574735,1.619325272773787,8.510458295569954
2.4189492411721716,8.075173802159636,4.942731610288671,0.7995480635792366
2.5660940321451178,3.5439008748161016,2.279204983791954,1.7506017601176762
7.84683377548255,2.6552084610954254,1.4352956080509887,10.113706918979839
1.142542638503868,1.485250154107931,1.4750352145030021,0.7799508672120463
6.02029113161891,6.159823701143699,2.241370856228895,7.381733037291438
4.415152425341184,7.1973956860794575,1.1505801644670521,24.004204348708114
5.5589499991769245,3.9353474540742543,3.045954352487815,2.3579200155529905
6.065472134931426,6.52225766370289,1.8549636619572807,11.49719112321696
3.820309250115504,1.469415077679963,3.077242565587489,0.5928154989458272
3.6559797416585678,1.8936401166712327,1.5630568747968807,2.83368560659955
7.600616644014151,7.315792950326485,2.7194289160699694,7.5189087070421134
8.841492893090415,4.312627346955689,3.391667433604978,3.3146754513414027
2.733234692126751,7.04200627992705,1.247999753352432,12.35789023616444
1.8785688448163405,8.485490082519263,2.5949972370042342,2.367174349242509
9.080162257528233,8.673601937285053,2.210095283958751,16.12393729100243
4.149059172826588,2.5495088091800584,1.961439265954536,2.749517038001772
5.961856515965327,5.3765701511621184,3.418138504337986,2.7435161639158947
4.235888300680031,7.605340512692378,3.354167943061629,2.86347604922541
2.1322210271144617,7.965825366402194,3.522799226710774,1.3686336651260023
6.303984804529552,8.062083826559899,1.6355306817300854,18.9996270332924
5.726267665926667,3.05350600942526,2.142836979449311,3.8079580789571317
2.826942032720775,2.73281335951396,1.838715111980315,2.2850619803118764
5.0668214018705005,6.310112214463263,3.1620144199913676,3.197753526135308
8.172527536140812,7.669772179643977,2.8442627568384653,7.748175110378651
6.313834927971022,3.8722556398077397,2.321174950371,4.537759702602147
1.8722559436029536,1.942346411761794,4.1440592354737324,0.21175808280853017
5.932193475062215,7.450717446190698,1.3758949776335312,23.34763149528136
7.324644693606282,3.6972804824200405,4.899586755022568,1.1281063839981769
8.134330652026762,2.4972645188054967,1.466176311261275,9.449611894985349
6.662058207708401,2.3295117555741847,4.092283250273478,0.92670596210069
2.3739234808670537,3.834185927740447,2.4729207566433273,1.488399396748405
7.391559399311446,6.33410259322371,4.461048916527222,2.352595130688474
7.096076614733647,4.225620148244349,1.2966797951366482,17.833774177049417
1.2198419464656989,1.1859566643408843,2.498886840769351,0.23167501675146215
4.705729008312188,1.8721759121002997,2.341773626000945,1.6065111561750138
3.99655222266136,3.6145292247875718,4.972628152902141,0.584204992301043
7.024708578282791,6.937340339323827,4.942195979558502,1.9951768042437215
2.9452223107982864,1.8866356612168045,1.759215834665552,1.7954274883641146
6.317847306768327,6.045911681506136,3.5197878427933555,3.0831733989279306
9.218853656327552,2.078972837416038,3.142077679643761,1.9412966305603092
8.18022134987747,2.9045379461444334,1.617493964962955,9.081482956810818
9.293119625948773,2.549696748001865,1.6711188244176922,8.484678581952647
9.80655370239421,1.6050577201372944,4.957006913918219,0.640572096149115
1.0960311430554648,7.0419683564793125,2.8109199744837308,0.9768322750284063
6.604671487397298,5.170631926474311,1.503205168000294,15.113265923350069
4.715554579830158,8.479480968076043,1.8591601549570171,11.568270614416113
8.738690413016096,1.8900175598408526,2.0733922689941986,3.841928190764363
3.2663323180821853,2.30259640004265,3.0436690532744772,0.8118640895838428
9.829265402035686,3.7581195821540554,2.342192518025237,6.733587037958455
6.523371725893726,7.892793882449273,2.820047143559684,6.474260223043405
8.141836620059479,3.751829408401289,1.6659982044054509,11.005668023107793
1.7703959754049148,4.675768367488233,2.306914762350025,1.5554652238040296
2.6511209628297854,3.7144320966744813,1.2812663708710161,5.998506202943093
7.8256330573078285,1.7220186262092696,4.5588410939033945,0.6484080767956646
1.1978786983539125,9.454902606065687,1.795009908674313,3.5150879919513183
8.351901873044046,5.936850928640699,4.027600541714955,3.0566713480698398
1.125541168227203,8.09049869366947,2.398207152813384,1.5833002805880285
6.91406955155146,6.925213829667665,2.8975892757591732,5.702867487769771
4.285845282086253,5.628288511557775,2.1650441578449073,5.146113062372537
6.503453674472792,1.807104309934421,3.7857650844294795,0.8200115126515332
7.264282662902024,6.784601907432739,4.37818567709883,2.571157928579548
4.082276972676738,2.398333203431489,2.1450807389583524,2.1277700945543314
1.97166203299752,4.729448524206489,1.9688705746543698,2.4055181595082105
1.6268128097343908,6.662018291323873,3.7257610618555876,0.7807525387516862
6.3004242030629305,8.040061004249111,1.7806122422708834,15.976823050383645
5.685898183607004,7.165406581377576,3.559359062439089,3.215853933784379
7.679809082090193,7.043801761491659,1.3777123187745421,28.49971160037888
5.587619590035434,2.3413798825768675,3.4805486398427488,1.0799491307311544
4.8020121102779125,4.115156860644291,3.0536269360417325,2.11922802958272
4.582784604126077,1.3862104539417475,1.4556228623052334,2.9982019269321474
1.2380221233790072,7.475292038588181,3.596414539458399,0.7155122607441994
4.020014815269914,9.573273831856772,2.7862286281363033,4.957407674040812
9.784181417720449,3.376993511611682,1.8684602032683428,9.464267758919481
8.8620001860438,1.7892703824607838,2.413536622808709,2.7220740895778
3.964402603307959,5.280130690782882,2.9684084225557186,2.375609833779948
6.29015864559735,8.710284008148118,1.366216909057528,29.353142484033235
8.625670709819445,5.967767757446017,4.8304379325134175,2.20613343263005
4.971469030750618,1.4209943517110197,3.662248624848485,0.5267219788721818
1.1616207737513586,9.768450164751513,1.410139925150784,5.706444759870687
1.6705941563677607,8.457849189663406,4.2914487373138375,0.7672255139231673
5.593534492138359,2.1843466934635916,2.2902197237845816,2.329451050179644
9.724954381082906,9.29617980853158,3.3871981468527355,7.879721751352139
7.23888587996981,5.056194597446698,2.108571366318293,8.232256639720804
1.6382457229471257,4.347081915174471,3.933623779658429,0.46024727451389147
2.704247882126765,5.149479974744694,3.892035900000409,0.9192977492013749
7.94190828895165,8.511147611838524,3.208173827489672,6.5674565373256
8.572957839606204,6.935317104581072,1.9637023698863123,15.418626300550859
6.559251275697318,1.533236071597548,2.014815230048582,2.4773812507473116
6.7998085266683495,9.618439340045539,2.5314511867797718,10.206155461332003
1.2550370534504618,2.33005720130486,1.5800486695851412,1.171337916426001
8.456772336233577,7.71011156561816,2.3506228527636943,11.80047239878222
8.094476873537467,6.725228773853179,3.73741840499325,3.8971974446710163
3.331316296930124,2.6877524315190477,4.323381120237685,0.47902490058321223
7.378090479689563,2.536588685017447,2.3303291619734456,3.4463508472767814
2.933691457824983,8.832948343342228,1.9343610330174559,6.925403101297959
1.362971449463617,4.777254311496375,4.330570313340537,0.34719617410018383
2.8102288833133953,6.891188627567247,4.562816109543685,0.9301862134273796
2.6076598907886956,5.536639034710059,2.6400860932482573,2.0713857223596803
4.039731970613625,7.546181653683636,1.1076166153985354,24.848540366024775
4.766045474579123,5.313181375353975,3.7798464835766077,1.7724112595033203
5.576850023479372,3.5864192373001154,4.136132944732518,1.1691252538233043
5.290784879574954,4.270450338968468,1.072097012657761,19.65737885156241
3.436071453687604,8.731699250053083,3.3801234133660527,2.626006764924001
1.2625360171666702,5.212312236304543,3.3534750329767,0.5851726845422001
6.445914600134357,2.9210439902014835,2.514831634991656,2.97717809569369
4.56170346862619,9.411448492695278,3.999069303403351,2.684513915770604
3.6880494164879476,8.169404108485391,2.7127161524574426,4.0942881492862755
8.80246938547461,1.5009953145057922,3.7071038071654563,0.9614226846118462
7.720689770183438,9.99048665782466,3.0684692185406077,8.192174683694097
8.71988993535198,7.254340267960921,1.9938584188113757,15.911835960249997
5.454845152412149,2.4423993913652824,3.426003452040527,1.1350722789066328
2.1783812691409974,3.134509131687368,3.9476339793833666,0.43815692134184037
7.265992925091451,7.232009331173923,4.895622693748015,2.192492265037453
2.854664019434577,8.017849497512099,2.520435787209654,3.6029781313528373
4.971067021825451,3.1513234883482553,1.2578901786654044,9.900500555215476
1.5850071005399964,3.3127196850934375,4.951884884885407,0.21412867030159696
8.427775621806841,3.7640862538485473,3.495226637702145,2.5967004200787165
2.133465769427505,6.382165283529731,4.785801832643077,0.5944896569549383
9.127877563443787,2.5463456047114925,1.4153083440444774,11.603393490400322
8.778075420354014,1.9381887899629975,2.3681353594818306,3.033767820445389
5.181244879953215,7.1097768017696215,1.5357467954908972,15.618914597130779
7.6993138387359155,8.01188145813853,4.342040618328237,3.271890599643646
6.575005664363379,5.5083646397485495,4.5213709657172645,1.7716524566235567
8.227680781039703,4.274494392415468,3.005246799500082,3.894053362079221
4.886245907073208,4.888384421738287,1.7464248706481218,7.831426135578987
8.07227635819915,4.495670504847567,1.5084758761588342,15.948276510576164
5.162111353586331,9.639864174139078,3.352656440320827,4.427108640265362
9.468692090585144,7.912809146972262,3.0255052983412023,8.185116201817006
5.377348907426328,2.8727849336509923,3.77915640947067,1.0816371562587785
5.163573447403566,4.457702368485821,2.220829050479965,4.666928716844936
8.065646754071615,5.896110622267988,2.609471980097449,6.983924647952402
8.394199225847542,6.516872758573196,1.0854442954046295,46.43050773709496
5.990402028890537,5.213655064258904,3.440572180302116,2.638377397695242
2.6181803214556787,8.291139715107633,2.6925740853859113,2.994183857672651
5.209824078618215,7.908454175124085,4.679058535253791,1.8819050365444134
9.712652526187105,5.546421267653501,3.5671451908192195,4.233593264256197
7.7768757373526665,8.689864481035574,2.5947779657987753,10.037319779684264
8.300463434912189,7.759805773981473,2.0543567234934015,15.261649537162254
1.295429489373161,8.00723663848579,4.621139770430555,0.4857336980540768
5.210735163707439,9.607607014900749,1.065060296469773,44.13324292220593
6.819590202917999,3.398202470882824,2.307649869009569,4.35178767919775
8.470294152652672,3.4088334613016427,4.774022335152139,1.2668797192486803
1.4434628822449431,9.000570301215761,3.6161320279262963,0.9935439704698591
8.671949970776858,7.950037360471115,3.1308762851331964,7.033218652658159
5.935608430677205,9.338909872920647,1.8141388716817097,16.84303569418678
2.7758257351845392,1.5681714429200775,4.333499097017548,0.23179727065207884
3.8552969480473003,6.64981369535437,1.8167962503711044,7.76702785709334
3.537365965764047,2.301655043111027,1.9930141260849998,2.049743293699801
5.777731308596282,5.5350747846332435,1.767404571487421,10.237852926157002
1.4651711192001864,2.4017223866809982,1.6325978422780878,1.320239491194968
2.426825426499312,2.1527065808639136,4.813249983915211,0.22549999619316657
8.314237390382042,1.1095151084382984,3.4081263845652336,0.7941897140087582
2.1934359167213,6.672149311446139,3.551348528040376,1.160390368316594
3.1005664251231426,4.2312035502107745,4.817301862715134,0.5653237567182761
5.080335450437416,1.9466945639107451,1.9223002205022506,2.6763799883950514
5.654087993019974,3.9055399995817885,1.0236701543907682,21.07286429093512
7.872494316527428,2.5204968230642644,3.3955345982811647,1.721005230097139
5.02599183999569,9.475253483514935,3.0313794128966345,5.18241302961482
8.10878158931985,3.880043971852133,2.9106015095931763,3.71387044507498
6.565116763409117,4.005581709604509,1.2475208449847965,16.897109863939136
2.0178976548144023,8.558722030596272,2.817739466299138,2.175236026151566
2.4069829455355474,6.829801851574038,2.1502382603627956,3.555559466968758
4.9333035290479375,7.391544466627012,2.0982587088972524,8.28237637373943
4.572004537801356,6.7240162359006455,1.8895263207163713,8.61052266674924
7.691898426735651,9.515766555537088,2.330113439018283,13.481033579866876
6.2266342581761664,2.8630074840224067,2.4125323005736496,3.062877071044466
4.493197729020244,9.90135317580216,2.23510310544799,8.905431319277755
2.5368425510534705,8.478605598008619,4.915010862878036,0.8903668521234969
3.0415339209294565,6.30075329988708,4.730924342037948,0.8562353114630097
6.179509166221531,6.9613446195662405,3.298040398099449,3.9548969563437697
4.810949244098133,6.839432888505526,4.92421935364124,1.3569882465696388
5.6343475797460485,1.5255660165323852,4.964792041276761,0.34871651563035566
2.536096917720103,2.9621484867874477,2.42375884006921,1.2787741811673579
6.9661562711010925,9.653237960722743,2.780750182958978,8.696455436664754
8.672848667703704,5.8092798597344135,4.836247107938663,2.1541061535612083
3.3214555610821055,4.405182429357208,3.434504797194746,1.2404066614991538
5.423628032486439,7.858346170501675,1.85171633134909,12.430028921630024
9.779745961188116,5.720670483902286,3.7575226733460014,3.9625183527055476
3.9991756649565486,1.1184649428870783,1.82298472818435,1.3459433973931156
6.355417104313851,7.6261383704360615,2.357430974687383,8.72109000101446
1.8117613018021994,7.589958040475752,1.9102406523814062,3.7684624116878687
6.454135022314989,2.4863384089897695,1.979920863735369,4.093573773006748
1.8066859597415612,9.60994079581792,1.018622326267129,16.733122865794865
9.633118917914398,3.015173183870029,4.522835328797807,1.4198995834017156
7.440963868650803,5.119744306439793,2.183961981103175,7.987066857777847
8.093438093221359,2.0326236513482323,1.345497518091178,9.087077287019875
7.336939246944731,6.429540875055296,1.3479496227243541,25.96256289186082
6.307561324688192,4.379060080514913,3.2240731058438086,2.657251271848234
5.049215029769548,4.17856115988735,4.9716822021357485,0.8535793683254479
8.725360417849561,8.442791894988526,1.5800898690807665,29.50569731000866
9.611521007887568,1.0860554156543043,1.3984871237986378,5.337368165062535
5.491325556136732,8.181520938031802,2.7532155216083627,5.926943939606476
9.383815442397358,6.143037091732708,3.2533250153631816,5.446376875442837
6.249996189896658,9.874886621321792,2.177521435511762,13.016283308994844
5.845457682067899,6.304988985438241,2.2100883700554657,7.545422704717327
5.09034459659821,1.4984122073316213,2.697906007395798,1.04791210112496
2.8835898537710785,1.455807937993537,2.256582460602424,0.8243946322318679
1.0334769473625327,8.948376877346487,4.661326334274067,0.4256239361335628
3.1735560417045514,8.570927309599478,1.1678182851625158,19.944513255656954
5.587508544432087,4.113010680238209,1.9382806394810985,6.117087909466519
4.419639570337773,6.562292357630235,4.234211184909685,1.617697811718662
5.036367052023704,5.4063222135004025,4.335832498659827,1.448352613831105
9.825833976076446,9.70447649622447,1.4462203158568046,45.59031765751684
4.152451336023948,9.549648107892024,4.895053800050867,1.6549199121879388
5.069646454240971,9.85455107686697,3.7734193995964356,3.5086848588009145
2.201639962175376,8.798039025708377,2.0903722239343825,4.432869350451581
1.431619591932889,9.185964316975912,2.824151459257818,1.6488320427746936
7.978685631332452,2.9555090089042277,2.1885544782718687,4.923216312032138
6.136148575647808,8.47906110090797,1.6000889994176775,20.321480865749987
7.846343254395055,7.379714018838472,2.1647122589956607,12.35681322547957
2.3487651899789648,9.665078579452631,3.3203677499584736,2.0590771401711323
6.1464589406442185,6.1413564559835745,4.303878779341875,2.037835993431339
3.28278226907238,1.766504500395007,2.454116299558309,0.9628675429066177
3.0525563521001793,6.376590020684376,2.391606162191367,3.4030854776167567
1.1037341264768674,7.17922835219159,2.8720028043252905,0.9606662177248821
2.173066512121647,2.9828892584118547,3.578222399857385,0.5062621850368921
3.783413003497258,4.547020451614555,4.006465049729237,1.0717363050322695
2.0519088453184513,6.38653072646512,2.3071980191978954,2.461803184983831
9.872725963698437,4.36695163584855,3.345409871300556,3.852270691487394
3.777693836715556,4.374529455147975,2.5574433651235298,2.526655623443949
2.1729155203209536,2.1977797525551765,3.8655994014535437,0.3195901012021119
2.79174081545162,9.466720507698994,1.6586996820680833,9.605923607756392
6.2893290550732885,7.754449460455869,2.0276994602051843,11.861732235948896
1.5763917147830966,1.011190949794918,2.704241679370999,0.21797481282715192
8.761907171270412,7.890519556199487,4.557659159685471,3.3282854064298775
9.653497113134325,7.658154933920729,3.293303157402761,6.816248237623036
3.220726786006428,1.0875786413997068,4.861584475925646,0.14820364401341066
5.050857417317734,4.326438678523881,1.4131107411243353,10.943173034064412
1.1992100592654737,6.460729212929776,2.8407016546037394,0.9601200814390183
6.766392022544993,5.074755866722323,2.676314120181537,4.794001209206799
4.7253345224733,8.001875068484566,3.4008247056238736,3.2693079592348115
3.4305261949140013,4.829124993709906,4.247858434830313,0.9180981590920276
2.8615339955494763,2.3847667250845332,4.365792102332241,0.3580294169687612
6.886207698928844,9.787740618464458,3.680778434822033,4.974886967269819
4.7459532792908306,3.178359934984419,3.5661454569822144,1.1861194552700216
2.616933601269208,7.459230794871991,4.79611816817923,0.8486077597389391
7.201981733381416,2.2884068049766473,2.5347496065536985,2.565163888489347
6.085650547330243,3.961113524055394,4.331133256753953,1.2850534973167305
8.728048494365465,4.978248475873814,4.6860149083691764,1.9787293160037298
2.0572830898884362,2.730088040743575,2.9661569770607876,0.6383846652606737
8.070999417500104,5.0496361873174855,3.916410314413201,2.657119178921031
7.061651081355331,2.41446540692575,2.5080794266836244,2.710470413606936
2.03509843145288,6.031058850873011,1.6355160567816163,4.588485477333287
7.253386568845486,6.973419272681745,3.346015525889701,4.51783845626883
4.9739255999184735,1.561908556252097,1.7858866033981275,2.435830868534973
9.504863070002587,8.840189089739512,2.830396523215476,10.488487261094987
2.274502155561094,2.66626796537832,4.491517253313333,0.30061040101159925
6.785500517341642,3.0282618278829143,1.344072750254722,11.3744330172414
4.437820409166513,6.952148560747567,1.1217141426585986,24.52022076902713
9.6113320353179,5.2187595439097265,3.4259113895275504,4.273646696982962
3.9697740576124882,5.494560392539591,2.3242453063795803,4.037707135161408
9.659673185426202,2.153394861068194,2.671750827703661,2.9140312198018643
9.11337265990674,8.251622396887674,2.622842354633326,10.931357536420341
3.433449117795907,6.55348821493789,1.3464809160382543,12.41088449085714
8.23187599143785,2.218438389785104,1.0142657307183782,17.751811892624367
9.960437816231554,4.365994303230364,4.593692971457058,2.06080862534998
3.273967019541541,8.29368939461527,1.8711942436149855,7.755044983686769
4.930994523909877,6.1151954138795865,2.7043159674571533,4.123158168049528
5.681626629100837,1.9778390121963743,4.887703186684314,0.47038555840523083
3.6543802222347788,4.35499341210358,4.3070503279346095,0.8579092316242427
1.1373835568142678,3.184249586101611,1.4317234210508087,1.7668341603692346
2.98116319777774,5.657189982883537,3.034076126450343,1.8320341651938605
3.537431959075826,8.590250159847905,3.920316105980064,1.9772051491814369
4.992397311863685,4.9264042132397785,3.7935711399968497,1.709002579580702
2.5399223057206166,4.900078273314907,4.043367409617881,0.7612670577568462
8.859289210225054,9.148158120943332,2.829818619552141,10.120811642239818
7.344200194582025,6.185668712565452,1.7036917173211283,15.651253991846126
1.7668042980369578,6.0957197865766615,2.8594897756774906,1.3171533651435796
6.850832060259383,3.3571890268785043,3.591548996693168,1.7830171697806818
6.882908287650584,6.469504730534137,3.434368346420672,3.7752809105125604
9.605990562792648,6.183194206756568,1.2820882151544297,36.134265113643174
1.0271878422054512,4.571663233076776,1.259809736328767,2.9587902615992956
3.231392048252265,9.916260093092625,4.861031324620848,1.3560656710538486
9.35012331437784,8.93701868453278,1.6072218201590842,32.348814141847036
9.389205238584548,7.74627661069134,2.1778498560468877,15.334370856158731
7.485277774335737,5.836110295717004,4.0705379286246615,2.6365001524990803
7.89186988942786,5.158538217051673,2.6387083032926997,5.846874897758697
1.8233466213668241,2.6640765570087943,1.7258594130401308,1.630816535866886
5.624882513004103,3.7516372661316133,2.868929529239126,2.5638613516106576
3.0842469216009945,7.965647198408892,3.2757998830534634,2.28947276283447
2.630962392522555,5.083740585437963,2.8110664371123026,1.692605709811446
8.292729692109994,8.940425649125512,4.675784301888436,3.3911481877039376
2.215343230124927,2.331200227109759,2.1387971803980173,1.128967378930731
5.217864732967467,5.5751238641227285,3.6453286427986837,2.189142139670238
9.447204156274298,6.8226911561917785,1.4491788856395909,30.691281143731835
2.672488500088083,5.651636106771334,2.5691418306561062,2.2883048202779785
9.801940813644112,9.003042024264884,3.9639730063398946,5.616166522438089
9.948591871849532,9.906069536462258,1.8992677623578618,27.32062269794678
6.000554392141626,2.042511925072328,3.3590841826176505,1.0862110130201963
2.5312846615944213,2.169594136692289,1.6137481168362413,2.108861163976045
3.8449439914680608,2.17291702204109,1.4108067654454843,4.197571405405862
4.820435494088816,7.130593864634748,3.0929309957001707,3.593118290692303
3.7839180192240063,4.354084859462541,3.7000439843441146,1.2034410849984063
3.525720218888642,7.5998319513931545,1.4534682649379338,12.683547152013409
9.750067382947218,4.6492432559828085,4.67110500949166,2.077545890747026
2.3802834467417107,6.648460491988573,1.9030890507898675,4.369498026472742
7.599951178451761,7.928722051110041,1.4799012326372,27.51367051108449
1.0036926049525738,5.933943195894285,1.8107956334008422,1.8163738124982427
6.365644024621392,5.855532314050055,1.6782898261273678,13.233502595535764
9.24348703558647,1.79410892757071,1.362698602451796,8.930690168141435
3.591406846838971,4.697035686184913,4.191356939114829,0.9602386257710614
2.6697337773194727,5.9119943790244385,2.982151098976444,1.7747724555091462
6.865118153905843,5.15782743099769,2.554077761514731,5.428084407606926
7.413412665685539,9.107038001695829,4.8025117079365325,2.927240868492544
7.192274670567832,9.158775689075405,2.484033548259163,10.675513483736436
3.8738519201923665,8.397256425298856,1.6678909041887575,11.693516973934663
3.2698216194339778,4.37768267835808,2.096171567706385,3.257726998409302
9.603269199658397,7.455692365187809,1.9558661343543857,18.716680601467527
9.309695574429366,4.557596149626488,2.9949651182532193,4.730290166766922
5.115849489035383,3.0933423907818316,2.166020495818296,3.373033297137192
8.615744795389361,4.0861237919579345,3.0642446887454473,3.7493627650939403
5.070911298708665,1.6386816995698195,3.6771736997871556,0.6145430718959705
4.819501162652593,3.9859975810418247,4.109195142853031,1.1376943151107068
2.410866528393652,5.146679955350544,3.8406311250689233,0.8411920037103675
4.837654508427756,9.59932805302747,1.8223628658254438,13.983180648944229
5.836752447398263,3.8206952759766244,1.463598876971015,10.410450903573157
1.2025389468581782,9.122081852849686,3.1698006364050038,1.0917651299355364
4.997017046578658,3.0597244824114735,1.7956471648325807,4.741886385941995
8.032205965556802,2.7187200798332447,1.339734887086053,12.16638618731105
7.120414507368428,5.670959107889485,3.1083773719176686,4.179211155638996
6.716412899775415,7.052602323676654,2.307176740431182,8.898669013051064
9.185998855934823,1.3989902572205328,4.024596047754015,0.7934078338817911
1.16228808842707,2.9895927854249504,2.256766522193672,0.6822641669916598
6.013428275730107,5.101152998511848,4.9148685482232555,1.2698916607874728
8.086139635687363,3.979039023848633,4.034092765042832,1.9770956187744433
5.872018444311405,7.413589714134897,1.2307728859554485,28.738236750185354
3.9150599732234124,5.6004453643718515,3.0354909614251047,2.379595264205956
2.226255085827801,2.443231950435102,3.2504820048564413,0.5148065827819268
8.988067646345723,9.050188413835814,3.7812108427263906,5.689343610751965
5.236861531488427,3.636151079350236,2.991187188135033,2.128265604803821
8.903036772871314,7.580179980679811,2.9337743936582927,7.840870070029768
6.272669101898515,8.01924201194869,2.471754446710451,8.233321038939478
7.067729049535007,9.668419302304919,2.085845535596695,15.70619843973799
8.238350389406051,5.486567198716912,4.784800847906938,1.9743003805333166
6.932399901401209,6.54251963917989,2.2703866785374878,8.798912168823481
4.58249356611044,4.013886641315803,1.2536852983213227,11.702803178194715
5.622700455357859,7.103613640708598,1.669138957173649,14.3363730343331
8.227409722082918,5.170451372796878,4.429106544165158,2.168499510506617
4.362852667356858,4.9388712825198,3.3465338364935358,1.924012166282461
4.493093110916474,8.69920776204495,4.115122197508263,2.308126726128385
1.8612110445220105,1.451519591488198,4.235126184558777,0.15062109961357456
9.231259916995729,8.937661850486815,4.2929457568442935,4.4768660121666315
1.8193268345089755,8.668628540457012,3.202454830978435,1.5377831318333692
6.833882597037003,5.557296282056102,1.7084823827964195,13.010981375153658
4.718750309225179,5.411825687850654,1.592931008944567,10.064144507162654
4.650574512298981,4.256266312319411,3.2959376815004497,1.8221218567260256
7.115966529154155,9.94756412513561,2.4660574147427057,11.639766731137303
1.6038435936689086,2.000523994784571,3.2321929649830694,0.30712220502433696
6.343352046562911,6.311937120657463,2.993911376951459,4.466872921301915
7.948286073751193,7.135134311011753,3.408792318790194,4.880615078059546
8.453914820979348,9.4089700739525,1.1284471629462614,62.465108246810885
2.5347735045439777,8.021831471710854,1.1313467225204934,15.886244654053124
9.076771450703562,6.794624825303922,3.886380683394035,4.083252193403918
6.90531482662698,2.051310851309104,1.7725089752908794,4.508562299969785
8.936693207386146,4.363601651483206,3.6087938487682254,2.9943171576002223
5.367526453991784,2.2495747829318673,3.186303643165818,1.1893243437403755
5.8783001058748185,8.930914592189623,4.927177885618494,2.16247555506603
9.27134449325804,7.746590400072787,4.341623515532249,3.810210679664622
9.099185890192047,7.817831081175063,2.6525380853253977,10.110335407383879
5.033447860321018,6.870308659961897,3.46565128037266,2.8792017717044818
3.469713684721136,5.563391832430387,1.469157828901888,8.943270775174032
4.538533911078377,2.3497395351714747,2.545544171849524,1.6457885391817357
4.489878956767748,3.9672539803454656,3.9355509643594973,1.150041615257752
3.5818018748451457,2.232242132292015,3.4906863365146146,0.6561773091757804
3.4172164389966992,7.524218285671089,2.9378852975094314,2.9789567756025255
8.749566428317475,2.442058984198045,1.7061164162106763,7.340495194203172
1.6287572861619553,7.31902195154517,4.212583704630179,0.6717572067328644
7.098500638896347,7.230298506363143,2.0926664176463077,11.71987132650545
2.5553804631080705,5.1337403109216,4.281916326647638,0.71550572562168
4.100553040546569,2.2170578870624706,3.446436251179974,0.7653832734341084
1.5538873072135317,3.8332074352063303,2.4909257117951498,0.9599758109388798
3.4297627316991584,3.8808379816799627,1.162420887839966,9.850602136689597
7.915789640055179,7.303466198289641,1.9296753773775075,15.525827530221752
8.965137920925327,2.023687174723519,4.556283701952656,0.8739344078513192
2.9937443671213035,8.461617815944816,4.27189737558287,1.388118356308036
5.171930553330297,7.849065611673225,3.2994132517363917,3.729041489915787
5.232916431434857,2.6767622635684654,2.865289855848508,1.706147113818873
8.862177751837608,7.472479436010005,3.5885707173204366,5.142356332448705
7.8651914758822485,7.016618633210396,2.864992511373206,6.723419200113434
5.617694965312449,7.7330872009983365,3.577219362876561,3.39484472851917
7.03672480424596,2.70035699903825,2.2296163986406317,3.822358792986144
8.6261954851843,2.4183128994082175,4.3539888716459005,1.100416665057296
1.0858505862299044,3.128355873304788,3.8076715738610667,0.23429728600751537
4.626010279450437,4.292845328340781,2.319902513710767,3.6898810287906687
9.165188505493708,8.142984829322211,4.322664459293765,3.994127982923915
7.662817277595563,7.64131543730965,2.9493701234127156,6.731286018364659
5.885572369006672,9.329064330506798,1.698555458949846,19.03125064960027
5.7668007433162005,1.527666031887539,1.3108498480141066,5.126930989796701
4.12993087843994,1.1040065291276704,3.7984229905488816,0.3160150550598362
5.6846848027736305,7.292249467307192,4.460483216832042,2.083550771262531
6.898448795171079,3.513587462147491,4.2297679543781745,1.354781097579441
4.7652673458591375,4.006710059804358,3.6226041208886075,1.4549009708794893
7.427378317529566,5.92121823323061,1.5655002224190722,17.94487121945836
8.751090045343473,1.9217181081411865,1.3761763039066142,8.87981021710555
2.3921636336637504,6.784249748932448,2.3801184920469014,2.8648082189806523
5.0639232053568195,3.926327016080352,4.419643561595075,1.0178858761907021
4.67218082156573,6.694436118708925,4.846945081226657,1.331365951917211
7.187183236447553,8.506062217660473,1.965443419388285,15.825818488040788
3.248807187321364,2.540002000036867,4.04838268232688,0.5034946718038383
6.762258234570487,9.377857836230682,3.295476867628823,5.839274091402498
8.897403175583392,5.776193269561994,1.127229468311771,40.446441611384216
4.763184398142604,9.306349886565716,3.171665399731759,4.406583890140436
9.19914129981298,2.869570739816003,4.223761611957421,1.4796719041313748
9.938473650401306,6.4410639814381385,2.104491133376106,14.453835349728392
1.9548284495315686,4.634984055912442,4.589446495881844,0.43016619013723134
3.097478691863728,7.967999720404119,1.9450416274985476,6.523787957022607
9.553417763338839,6.453180488919667,1.3058925305762172,36.15078280856324
9.62494917833248,5.450639112624866,1.639757237758256,19.511324876972413
1.8793654784808265,9.216868657879077,4.348011474883673,0.9162485086986358
1.1349865033942301,4.394053577545122,2.669223676158113,0.6999807687915396
2.4499002093078004,2.9798218440836335,4.187782254486631,0.41626558781921663
9.964115050440235,6.472910681668825,3.1249322439583804,6.604761463411588
2.619996549496182,6.616255934555324,2.9222364991777257,2.0299357594680867
5.522928460498209,4.951851594146879,4.227652605969862,1.5301656611601866
8.635759537874598,5.379490393204441,2.6939504468495037,6.4012158410977404
1.183614496193857,9.6359807286991,4.208130924265474,0.644062052679031
6.440400840326135,7.5941712225712115,1.4026486598537824,24.859676940643368
3.493229039826619,1.995415763343193,3.545243262157026,0.5545853333611174
8.761014247957585,2.9091706378354987,3.810348226207939,1.7554733761098473
3.5511503433767126,9.78018970992003,4.596389584566971,1.6439275530656674
7.18080148253718,7.538189984141781,1.8972956748647798,15.037303523629808
7.067976692026572,9.23540613530188,3.416879520371406,5.591029397600476
2.99344193973676,3.7347531758984984,2.733026254756892,1.4967357664111565
1.313192798815151,7.6768017407793305,2.531086622176116,1.5736016433719633
4.683246164068576,7.426024376711603,1.4268542208478299,17.082213596951604
3.6027383676928273,3.6522098689543756,1.536933322379769,5.570297580180316
8.280799746523378,5.9573469290563486,4.347953845790585,2.609488118703763
8.203277696098109,6.646736001432657,3.999013729302248,3.409494959729406
5.1132155697336295,5.330186297447185,2.529364521164402,4.2600396976329815
6.45861002790897,8.444608359922114,4.313946325558524,2.930684725832525
6.4383356438823265,8.495821376181905,1.3230647392943138,31.247609300019523
8.44442333584861,8.65540493471401,3.4990956681326746,5.969607189550666
4.825021727108778,8.230812121883465,4.472704210857153,1.985187834690544
3.4790201181145815,5.3927512947743015,4.355456924124997,0.989008185754127
3.3853142632649273,4.432944683341065,2.4911310397674393,2.4182330744241045
5.825730513539837,8.482386553429336,3.9809354122279563,3.1181585064364397
5.042333824589913,5.411813127006401,2.70987258207951,3.716008035912187
4.961086938864426,3.217342587651837,4.360552657559797,0.8394427348562904
1.820236051807365,5.5660917908999465,3.123047800620092,1.0387733827916872
7.46743366621176,2.276648397273179,4.059428196420164,1.0316624163233368
2.923630191837196,7.22466541538919,1.3142863291666869,12.228134196072928
2.7725826718784923,4.023291534615157,3.3601038864354513,0.9880083117984475
4.714824882496541,3.3459291860270888,3.2011367098773547,1.53947935227614
3.0500050745602127,9.608578716112705,3.4399068869406406,2.476659715927586
6.254724405772138,7.991928961824769,3.7825664316623606,3.4937084909884217
4.343170054010244,8.083625524515384,4.672435880136568,1.6081491303700848
5.040205503335111,6.613497723512651,4.142728327104124,1.9422563262298858
5.83452389443626,8.552555294592674,1.8785519657396188,14.140178337283478
2.8318197023362437,7.832462330470431,4.303585077168384,1.1975761216266758
2.401764605789768,6.388963337202549,1.4883187104603826,6.927379073212398
8.923797125862443,9.650119616665457,3.4887943427002783,7.075084745236142
4.903513325482789,2.724354547159807,4.531015232983773,0.6506987033191405
4.708842486692852,9.49041747095276,1.4044882168596158,22.654958983322793
1.3205093524555733,4.612943457989784,4.398770613241043,0.3148161350075992
5.481786723286539,5.7555908506133795,4.194482936920982,1.793309231638998
5.987527494499001,2.1046538758987805,3.015101735356283,1.3861947920017075
6.029567838591999,5.860966950296119,2.2355904091816163,7.070839552526357
7.363280523905959,6.500860766723741,2.6217529122861754,6.9639988827764014
2.597336514919106,9.979313876276716,4.874632542800847,1.09080001872556
3.2700082080755695,9.776731699643738,1.8067902246073855,9.793255282737372
8.296574187073714,9.697575626868586,3.318417151319581,7.306342340838719
9.524535551590546,4.135492540918516,1.3329629915147354,22.168426355475116
2.2233947263058855,9.92139848870539,1.8715722567566888,6.297617320123687
5.478845990546963,5.099303364355998,4.0532655522980825,1.7005516482980378
2.9275862746562815,8.666526328857104,2.210396161442109,5.192954623454128
1.540658515194842,2.946879721170748,4.943064282250939,0.18581308002671207
3.9295300431352187,5.552498616909421,3.00326817237536,2.4190277216273586
2.2931886266579147,9.694108865148449,3.0661573012309713,2.3646061176613746
7.389397660908217,9.523282572310848,1.145258957342941,53.65229640443444
5.803528723043,7.15361390039284,4.826106998309064,1.7824762092091355
2.294510238912798,8.18032890297754,1.6969337635376718,6.518249558277879
1.0831742956496293,2.5878402694216125,3.1533623952417704,0.2818954353916618
8.273413441217915,7.494926945357417,2.5826984398349264,9.296184429540103
2.585749655478228,6.5624572750183505,2.662338802978423,2.394011986509479
6.455949779986894,1.8239656217612148,3.5732006641444336,0.9222782775026035
4.03229721769071,2.0184310593070864,3.6483547083699097,0.6114660447411123
6.26937344483532,1.975992559761357,1.6171544594323874,4.737033320946974
3.840882642840916,7.519212413468521,2.998346612487569,3.212474717589635
1.7824560462302874,2.275436874228152,4.161909796567428,0.23415222798894975
3.0065500770197824,5.209590440030234,2.773145934208918,2.0366977082422872
2.6925270983116802,4.2128362528998196,1.6632178833063205,4.1004957859442825
4.852174171956794,5.95453726693196,2.2528677726267627,5.692630489121328
6.924554050835416,7.3582883849746255,1.8495182564202808,14.895372523540818
3.3742546745172177,7.162502834991988,1.5032698716593482,10.694703732388628
1.1086294177055616,5.63967924322939,2.510324509741415,0.9921585286180777
5.670436278382812,5.17901386249347,3.1637449727923004,2.934003393071878
6.451835404230748,4.580340356100328,1.291006101106527,17.730641172757714
9.665834446016287,8.757189534739414,3.4152934889127335,7.256848248541989
6.305237227839221,3.977666243853805,4.97209776067843,1.0144962654298588
5.240553034403277,3.3342923905074535,4.856499728080335,0.740856446434105
6.1606146330793345,7.6898394428974415,4.316693927996635,2.5423702765445015
9.351105668758244,4.237871155270538,2.065364451209612,9.290034307115118
8.455403310414816,8.622987397815416,1.0896303859174692,61.409232238775765
3.906808600274272,3.9509984677343026,4.334166811531404,0.8217084477474167
3.1352892729142354,7.317503421171294,1.222880927914853,15.341654822013544
3.3637025112946626,1.4059810565680249,1.8225123258830815,1.4238233154860713
5.539789357436917,4.47006592099288,3.1778128617871375,2.4521698168823054
7.6964450610572,4.089071574707964,1.7135121565745743,10.718660275362225
5.528972864646659,8.35010865348331,4.335153325194568,2.456561611227342
1.6101675624530132,9.70349862905479,4.108638785039316,0.9255577020042086
7.512226303959828,5.147931490236653,4.023078022948999,2.389376073437141
8.253731158038585,8.423526494383822,4.264510463590306,3.8230140696540573
3.605480786077477,7.297252308616286,1.8788071210584483,7.45346391048588
6.9771316535501535,9.706473888973239,3.9155695045989973,4.4172149521346995
4.83932710948954,8.299976629085423,2.421126010367059,6.852153155394488
9.002074201546986,1.6973025936735748,3.667379038273598,1.1360312197235964
8.607030023446658,7.419535501440126,1.488086914524699,28.838551282967764
5.72888798478678,5.8194974388013625,3.8223463202580596,2.2818954656239896
7.22354991232235,1.1479245213909444,4.888430911603118,0.3469964628692958
8.950147309198936,3.261816628528993,1.174401461274865,21.166865971583285
5.461453090704479,9.295797205242037,1.375315604668339,26.84046942976895
3.8192566643993975,9.334552355080776,1.4945470693520555,15.960744536204936
7.7829952411862315,8.189654141805711,2.722255619765205,8.601110363300371
2.980596293062226,9.836016429501905,2.1631207397322147,6.265574234704494
4.496780332054378,8.258907021617844,4.227680614162775,2.077877347944907
8.791545133961144,1.0918376855672067,2.895148956803846,1.1452003277475407
7.519801062423836,3.590509062713606,2.9381493707542097,3.127624719637716
4.634299047227493,1.2756176401398658,3.868152405301415,0.3950912553264639
2.9327005216752164,1.846971718638035,2.447875930142983,0.9039598845009239
4.203715517490129,2.9695673525569846,2.412828989681854,2.144240099139516
3.556937343046897,5.532026916929702,4.027705550509921,1.2129560709971425
2.584803591494685,8.62778803115816,4.120166983347059,1.313703569611918
7.68999622209091,8.757700805413972,1.057595090131278,60.21121329460929
3.2686289816515437,6.545816727015668,1.575161903362932,8.623410686827333
5.087507231509875,9.353583451596116,1.8523927245939191,13.868098948304656
4.472735021524981,5.500560939311873,2.4064018750315053,4.248580347451324
9.838696407720677,9.001324397198815,2.165792333727812,18.880363394668503
4.5198301973339845,5.086587306988109,3.674080193553106,1.7031439646174151
1.7198423451707932,3.4950250667969405,4.312540935211833,0.32320083319523096
1.8084317731487562,9.247716262903849,1.7683479294240967,5.348120557666643
6.316783492177583,4.491415681109824,3.2519202424077935,2.6828690277477443
6.394271965644391,5.530636979600155,2.471265004324144,5.790654038674936
4.768830914343894,3.959745692776095,3.0231115001842475,2.0661930124675703
4.886593230808267,6.965538402616568,3.4830313671335755,2.805731504902738
1.485393245567841,9.955281025054319,4.574399274728044,0.706686557915314
5.64891859350336,1.2296219397829269,1.7691706713091229,2.2192051795921994
5.542655278423165,9.098632054063913,1.3480263482242414,27.752186770947578
2.345943867012501,1.0353345129033886,3.50884767618141,0.19727373949629567
1.934554474998348,4.278050930315899,2.576523395090506,1.2466907395810396
2.1121524153954145,2.5174612566056287,1.6516107731719543,1.9492728580490781
1.9092542184213266,7.816076026052961,1.4683486694193788,6.921403143530314
6.487373759830838,1.4554975668145613,3.2356391474961193,0.9019038506272533
2.768343871626268,5.981364582258951,2.2018823781127823,3.4153253255279883
3.262871369687171,3.654335204607814,4.989705518343912,0.47891507139420847
2.5621492973629576,2.203032239782319,2.623603277322856,0.8200285178379381
9.620517740036528,7.946363908923767,1.8491464350607307,22.357553856725897
8.691557168366518,2.9567515082973106,3.515396180469111,2.079523655620883
3.0744535361636878,3.01307690849445,1.9770195587620276,2.370042966818623
3.9480966452991337,3.475691066241307,2.9763441729246445,1.5490400375944247
2.8890355807449746,6.2809008744522465,2.9303047348840296,2.1132421105251877
5.426883635147414,6.936993385216734,2.814230518862949,4.753379106862778
1.1764947922682825,1.1584227133121048,4.1843427850783,0.07783995265371846
7.042312080071161,3.176826725024113,1.8664520058647356,6.422071562063584
5.7084233483587745,4.878737582547545,4.61722922028188,1.3063536463720162
9.087750354709929,3.987792569451098,4.165362012854137,2.0887354802777107
2.4795341589557274,8.957535926597973,2.332489456973295,4.082434971040807
8.236983214550186,8.089378577977769,1.722410025120554,22.460025882469022
8.127649130200442,6.633011939849448,2.118140098026965,12.0161782552942
2.144630702951982,4.042381743973358,2.3305449876363133,1.5961542607319585
4.5870330172971485,7.306051103615438,3.2277326752281867,3.216765885607331
2.531373770300652,8.59274211561215,1.1854726752546005,15.477647715164336
3.2924845041179402,6.35347339623088,4.657436519408213,0.9643641717442137
3.369215573474899,8.060153202040413,1.394699426644444,13.960817547823961
6.006127546231955,7.741944652597731,2.1170935764001393,10.37443619385379
4.702698385844189,6.1456358004429,1.4371497518118663,13.992969800868812
9.529595236056748,3.8096489513935987,2.0266913061026406,8.838614738706665
2.137331277523046,7.712039422011446,4.350695274435234,0.8708106863918141
9.763229213651789,2.861167297218458,3.460703245532969,2.332426770722453
3.0757477619283753,8.015395118243804,1.9092929003579227,6.762862180619943
7.955865427436677,8.240920229282796,4.48703411919735,3.256449854482435
4.050729335555393,8.399303916133357,4.202848236873939,1.9261455639158238
2.2877325587558253,5.256243738806118,4.014597129286322,0.7460996039334027
8.721002667216158,2.732326909933795,4.390530793542851,1.2361324966918592
3.779748093128169,1.8975124005946187,3.4785987260732605,0.5927053020312649
6.92969863804158,7.690251254391318,3.0057494408449292,5.89860517443769
6.09799316577964,8.976352460768318,2.4957401046855576,8.787960872569055
5.245806784517869,6.85754522953216,1.8950560816307935,10.016980710428498
5.462375253836852,2.2974405434953264,3.2296466305875793,1.2031389840760423
7.590141226830588,9.414068036658167,4.557969382856353,3.4394134261387284
1.7899562271109652,9.901918130853876,3.3759271559693,1.5551618991725735
7.013625957621146,4.900407489414297,4.678427446882547,1.570272403006606
9.06230891258721,6.353427603463941,2.4276694783726542,9.769398638130797
1.5200937731787774,7.99505668001492,3.7805518901099906,0.8503182891484453
2.265880053103001,7.627508110450402,3.5946618898505647,1.3375299011455337
7.449687430318282,9.710084727401043,3.6817353762509675,5.336492823533465
4.935534834201558,2.0339478197091,3.5801680489631704,0.7831901262989536
4.631937587323195,6.226523795285251,1.886618699748467,8.102892580247739
2.232699710898123,7.227382777057829,1.5743635931325959,6.510304414333021
5.560930366460092,9.010885817689031,4.914513024928235,2.0746935778318605
2.138907800767395,8.866986649463357,1.1811805153700048,13.593633930036841
5.289584106794863,9.801998142051609,2.8709459481130812,6.290513675144534
7.8725376906549105,5.6087060854391115,2.7003212685674476,6.055451869155758
3.3243792209844716,8.476847801319039,2.440075832860305,4.733019541302034
5.327075513617546,4.84553537314595,4.1279354143068385,1.514833267193144
9.928143724571521,4.80082490070429,3.9814011532500637,3.0068519574521657
7.179853810186335,3.280135280255731,4.620899694119761,1.1029460614932958
8.572210941746787,8.364135583173068,2.5819501047476887,10.75519336195901
4.733628459044912,9.87233595232164,3.2567181117178388,4.40609396035886
7.910748308132698,3.307075555125321,4.5692281893684825,1.2530718946613495
1.3645825564718965,1.505184292189651,4.975392251421537,0.08297262726205329
2.106200642880205,8.339881936771066,4.87717744946142,0.7384524392946616
2.8276353362805593,6.582070472812806,3.8713754850749367,1.241810526509382
4.617567321536976,9.637289204959039,1.5729102312407184,17.987062887663917
8.611703904931868,3.2701529716925704,1.0927440471721064,23.584151669379725
4.116394457091374,1.6392489220115296,4.300873425611767,0.36479474077180457
6.891590741639166,5.431980347798514,4.363768097967302,1.9658679528801704
7.383828653231351,1.7691942066863273,3.9854436330538783,0.8224391512648127
6.275641186795073,3.3561100099243673,2.1196939439968805,4.6875722506742745
4.215177713531226,2.1338007473725145,3.5592714383941066,0.7099823184801934
6.193480075421898,3.0171896169407084,2.264993767261097,3.642531588869218
4.080390335107716,1.9553018753925266,2.8025929844036988,1.0157701961507564
1.7548636469681087,9.585153994845568,2.529740339922042,2.6283946810791408
9.93523580367413,3.5070644210476196,4.654560347160222,1.6082908527478281
2.1446420826925983,4.995078273933089,1.9366293229755023,2.8563019411208326
1.6511354545245163,9.087506268708001,3.310443618295001,1.369162624604589
8.906776742864404,7.095894291653269,2.4439261161354366,10.58160532017386
3.716511948036056,6.562337325055969,3.652284447656903,1.828373407652143
6.852672766661568,7.350068713247534,3.2582525647099,4.74440659800183
3.9610515669600956,8.459400313948436,4.6959107254637615,1.5195339565166541
4.523088437150241,8.899023410665848,1.4064486068048527,20.348373199546668
3.3590167481511686,6.783757035985238,1.8825633590270536,6.4295895735947495
4.087396052137092,9.01006547224652,4.065391855324224,2.228280411274877
4.696303605278888,5.818577746829292,2.4751473595793736,4.460370007280148
7.483744621831086,3.495617706415811,1.6631351449148957,9.457749510140511
5.603825748113126,8.9206903799546,3.013285036981551,5.505574685697684
9.492086954412793,5.873255446717784,3.608568246445545,4.281251605137691
1.3769235445489796,9.155238288105108,1.1793068566139944,9.064123858457338
5.527614903688254,1.361510325555231,2.166487557469779,1.6034163957144285
6.258023099485463,4.57764176387112,4.2376901507841715,1.595219928841865
9.281772874668466,9.530245165262214,3.080978266440777,9.318751709588637
1.4424267125928483,3.2468508348247247,1.14151686069328,3.594110558718351
6.161496264416944,9.473826214346433,2.1278040210988034,12.892832866705756
8.682669356751614,9.585122150163249,3.5565626239176855,6.579456114870258
3.177349553073129,8.93928082803275,1.797437878312099,8.791435571770977
8.886631136715437,6.073012405839688,4.309565624877657,2.9058575822182613
1.1713906834686263,6.822455041725746,3.706303628334657,0.581782238720599
7.5920916622035675,8.826552986048823,2.8855162437911726,8.048325429721272
9.398018990517878,7.983073741502659,4.6624951242671395,3.4511964252149188
6.91477895476056,6.670844645098704,2.567203083698647,6.999043241339227
4.951263195824032,9.840334670836324,1.940293642256341,12.94168904626394
1.4039291482544622,7.171089727003247,3.6456119701068035,0.7575119081624637
9.28102431990366,9.77933793202985,3.293180749880594,8.369012725734413
5.232666004224173,1.5164962714638166,2.3409916037249006,1.447986956773914
1.260970699023532,2.250643336679912,2.3746582452959086,0.5032797312796025
7.208389641958857,5.063129614004415,2.592841234536407,5.4288200929937185
5.336535282186324,4.463915147958836,2.164554269917477,5.0843841702311785
2.119107856981697,8.044613572213251,3.84096562544369,1.1555198439340786
2.9284462837923364,2.4455262382228335,3.6054336202048214,0.5509276643802721
1.5804161241026164,9.784856612003397,2.7631106101855707,2.0254866109017313
6.168641857377162,3.835592877348226,2.5914187031169487,3.5232777577395993
6.598265313268083,4.860313369661435,2.4602050774388204,5.298481530277222
5.551680685198999,3.472705291960206,2.133873285569014,4.234041933968386
8.353919197023535,6.214272555938925,1.3427866526282375,28.79164880438984
8.749079391772122,1.5276583038032556,2.072818742090002,3.110755867114218
6.54061957014814,2.347097550134039,2.28480539477226,2.940705938324362
1.114808317366875,7.712179330768517,3.190736025061373,0.844492055502028
7.257066901729621,2.6785052506432354,4.0951540363121985,1.159079286243725
4.761992952283164,3.1196300640099657,2.5828085793361266,2.2269343008921023
6.090017349037483,8.136840121523539,4.779027623408368,2.1696777282441353
6.841725418169959,1.8397106052152825,4.309399853764649,0.6777687910923519
4.152129528943691,4.937264404937569,4.93920739153498,0.8403162358275102
9.253886546546148,1.2075704829750429,4.5048121641659264,0.5506596894517348
2.2057738007480308,4.121266593861135,3.4669037972375167,0.7563243826987622
7.043606265529337,7.29083262349679,3.3939171512668755,4.458304488768475
1.039236219609224,1.8109295174550548,1.5181045070168682,0.8166058424860757
9.321859948646628,8.99501164100884,3.889596995566271,5.542364591984009
2.0125371991428236,9.185491386466444,3.4008274303706854,1.598369268709372
1.8539580713281718,1.9449133761262158,3.027728413583939,0.39333839221175265
3.997068697470198,9.91659192738199,3.7731474902291544,2.784174753132962
4.3620965743517255,3.6777659805594003,2.776191371351975,2.0815199013046586
2.9287006509059075,1.7569150401844544,3.0954386496331447,0.5370087258582151
6.266094948344122,1.0456040304753604,2.5934092192130254,0.9741416656637553
4.986226882377672,4.676706061874763,3.8694835734827593,1.5574212489933006
1.3075803013697866,6.668289871355059,4.506443882191553,0.42935339885502577
3.8768685602977055,3.9896132491298193,4.36337975653041,0.8123923959353523
8.293896222158534,8.530456289271605,4.144101088197875,4.119743502110794
7.207313813756818,7.449456480085451,1.0551508181782037,48.22463390082029
7.523837682218924,4.151453787712294,4.647521855509837,1.4460947317820336
7.283052316751712,7.6087869994774415,2.099502882893576,12.571754907480248
3.7987571924472996,9.464389632723249,4.551895771853504,1.7351999569972543
1.896975298690983,1.8378639868871538,1.787872412357506,1.0906916728970713
3.452204656297864,3.7549356414185517,2.758583005698949,1.7034403052197817
8.486067701666434,5.169933452050239,3.997595177307655,2.7453253485054283
9.82423718004764,5.481911149792917,3.56111578110869,4.246769045886125
5.444623132674052,5.879760803974663,2.6636877521177196,4.511914437630819
1.0873031943073799,3.7056421588478368,3.7144954269611135,0.292021270804187
2.260403309208061,7.005336813841142,3.195798040186558,1.5504447796242224
3.898725177846392,6.805760531768468,2.102945226542129,5.999891050617834
6.2072681373365475,6.200393556444525,3.585317781988559,2.994087252682562
1.6758428122478257,2.0238554953978896,1.8169883453780935,1.0273265169456607
9.490215688388934,5.292711019863501,3.775953137036662,3.522906151223207
4.285753059559607,4.20604198740438,1.0124435104929712,17.585679166361107
9.213257961323407,5.4193462285431035,3.195090055047079,4.890957872395156
8.024696224813196,9.296797919635233,2.604270510224564,10.99992707022572
7.79893545264023,5.324782088425675,2.2124150952077892,8.484064066423679
6.460476218040088,1.1258271265556066,3.06283186893855,0.7753359586117953
6.641054353466601,4.949530642757178,3.5812465301435523,2.5629056293690997
6.742029116946233,8.385833620444439,4.86124906485386,2.3924403589527223
6.658492483230239,8.020548308963514,4.332257959552391,2.8454526046409563
5.983554082585251,5.620510661753629,3.868599532335243,2.2471261143222914
9.877726166346001,3.2479211157338375,2.9158676467165856,3.7733478308441213
7.590615106831265,5.185797966230906,2.568576478657417,5.966333988488248
7.992517495532691,6.0733199747637245,1.1301186183439889,38.00683439891078
8.852165335753067,9.998842944467205,2.4363876122361927,14.910990664382823
2.9407578645326424,6.797602811524396,4.393508554690467,1.0356001371639463
1.7542374318555471,7.248384370563521,2.53609832790516,1.9769578662665077
5.346049929387388,5.423087292112467,2.846339996248586,3.578541472079011
5.6267262605734585,4.190405957042769,2.087337696099619,5.411609533604793
8.46263601954926,8.316576852824854,2.096531035253467,16.012077220211026
4.994052213541021,5.454390919053125,1.2474870435669936,17.503594839436623
6.137677229898815,9.952211169680726,3.455215702479203,5.116503775037845
5.743638446621125,5.114085168412397,2.7922776121813855,3.767366414015683
1.3438250538165195,1.6120025528281965,3.4238432299631785,0.18479095789359085
6.536934069372226,7.143203233810745,3.187547600115411,4.59572203900904
8.45238957196827,1.4197730583322996,4.195378349188699,0.6817987034173566
2.4175049326822347,3.2545143719623297,4.004047649245891,0.4907441017293318
6.348985605339362,4.18364427501913,4.085815412551518,1.591115139838243
6.342494900017729,7.655352270591949,2.9969560277667022,5.405857146551525
2.4776646765072288,5.448123337668515,2.415525405415722,2.3134826184934396
2.111172163576624,1.2578133817923094,4.733746362131811,0.11850314954075164
9.820467486788363,6.551648661483299,1.2170790948662158,43.43553312383524
4.543472526877338,4.702926136839961,1.6104852314009213,8.238394244099734
3.0467955585117634,9.296510589703963,2.678396368706559,3.948331304193264
2.5419209000893748,5.496060800262119,3.4558306102720446,1.1697920518678993
7.008415422249115,7.380776313454051,1.0328014992268866,48.4940170453782
6.485007675945509,2.969816430965922,3.877291277244568,1.2811006275595325
6.791969106886757,7.848762080784879,3.234906171159659,5.094170652475642
1.7920542476030703,7.488597794353051,2.938811034707701,1.5538472876916227
9.041811251485932,9.136735376871775,2.693980155311473,11.383025249164325
4.503397571281434,1.304394775472793,3.077948126962498,0.6200500505410639
3.8203246578732215,5.027506278557061,1.6471429379269904,7.079299987139423
5.1612530252296525,7.112398624656671,1.43484695710793,17.830358598117737
4.510594591728655,1.8564751007219353,2.1585499150073537,1.7972096087934752
8.772193028252314,4.695436604340212,3.8380191679412987,2.79621062821362
9.363348776781029,9.479319427595758,3.3531515353419854,7.894088626982482
3.7310789480464557,4.923410418020154,2.9204920704760506,2.1537159090011544
8.775422267139593,9.868643051325684,3.2860838635838414,8.019885701751848
8.033708165797604,1.5115515497183765,3.2370320521573728,1.1588974704467514
9.377269051102857,7.460467985268021,2.2281677019597015,14.091158454330412
3.2117528096729906,6.229146126234426,1.3898237889789034,10.35740955468132
6.192632351088812,5.504857094189129,4.587129474652203,1.620090775960947
3.4709012626640017,9.737626613365084,3.3996450504956583,2.9243424306002295
8.416850414359368,2.1668536044201576,3.7909919987234066,1.26903454404402
1.0479177151395782,9.06399056512822,2.8559888974678205,1.1644841921792404
6.083372465977565,7.221163700229493,4.02592231990625,2.710321537808823
4.052830881447262,3.3309646596966944,3.3379890559146688,1.2115983961892973
3.9041533637003822,9.115022310690641,1.215204488388761,24.098270529682242
6.804156914784253,4.8636542607491196,4.560388141574764,1.5912316196605287
8.663360043825946,8.328045952657638,2.2221445871515475,14.6111651483756
6.482758522539936,4.4995286534266,1.551563109685342,12.11680102571077
8.678556807820502,8.65837744689917,1.352164030817263,41.09843331985355
3.3813740069292697,6.729662066005438,3.8817612553684433,1.510180382449278
5.67551669288483,2.2694197022535443,3.8158734672174393,0.8845701823290257
5.054828851603684,6.846968471225749,3.8006484992530827,2.396014112546532
1.104804095527866,2.7221028643168537,4.663011090726264,0.13831106048520028
6.011309288266661,4.707303651047464,2.395772087990606,4.93003821526861
6.953718917315574,2.5326602582683035,3.2445322254356928,1.6729766644212292
6.32722963977163,1.1981450410040673,3.477982331977398,0.6267123436995315
7.6265190890507935,2.9069788550496174,4.91792731426585,0.9166510136832435
6.142055756077694,5.827348213517132,2.2493845748743673,7.073873666457356
1.6007522936568122,5.3340487099961145,4.825324799615762,0.3667144361152379
2.0480097167624027,5.513473859824574,1.5949373323295255,4.438846076489292
6.368271197895572,3.229181906019412,4.056005824111368,1.2500198811436476
3.4748127277627616,7.166450805527676,3.531543600081651,1.996670414378152
1.7168061613128924,7.3383695813831125,4.26758414908795,0.6917619286034842
4.86642469103692,4.22171043003699,1.1147422945593886,16.53291718376966
5.988903382752898,8.930530796267568,1.3125241717562233,31.04630779499633
3.958713895146459,6.79620894971993,1.2787831182765834,16.452316271846282
7.4839033200320015,7.417353477327686,3.371837821989151,4.8825172777567305
6.793935472911202,3.496059261450455,3.411744270302152,2.0405500980945113
3.9953652498250474,1.0055047164002833,4.624419557419905,0.18785646319982313
7.793852760177045,8.788380508918987,2.87041405807378,8.3132712750138
6.838255382797319,8.401819461218277,1.2721962200198558,35.498537375448166
6.737008408461119,2.108726992385472,1.8381176064900617,4.204756558202759
5.980849307083613,4.366946214606759,1.0322923792713716,24.509545654341636
1.1025070127969752,6.952053775497243,4.1068581005136195,0.45443846950784705
7.268564651292002,6.868997714968554,4.262397747523098,2.7481098090818983
4.3843761199824085,8.74315301327701,4.9917616651365435,1.538396204175684
9.4834873914279,2.262413454718857,2.6487777962123773,3.0580810501389495
8.361862939694849,4.869457730066069,1.07719350160637,35.091036421394975
6.28925022578181,1.875019761337823,1.9389195259614889,3.136787905413497
3.269637836373425,4.506357235947654,3.3510754706531833,1.3120695288082915
2.8334565394989992,1.1359670102893396,4.847771868210946,0.13696131798533442
4.063463539097942,9.084457585991142,1.4143142058831772,18.454554330247685
5.289111492220167,5.7433959714581295,1.4862920806429711,13.751280899202877
3.664589590350524,8.648220347221184,3.807035941115772,2.1866442692793653
5.634365458532345,1.5391423090302738,3.668828220086198,0.6442716681019883
2.488333829618673,3.0471229942562856,2.0020254212473323,1.8917313144785146
9.7994153154295,3.3344199569906254,4.252579164058076,1.8068231519520304
1.9713209946849448,4.480223451749092,1.5151150219098528,3.8473864754777836
9.387497256889349,8.225797351577915,4.702967379107039,3.491273696928052
9.222202102624253,4.479020863583434,1.8041277213296856,12.690629391352603
5.728244336375482,2.841881766816943,1.32540949089202,9.266748742550673
7.52419244652476,1.5849123430489158,2.3580883458954185,2.1445935661959687
4.92443468175329,1.715425735174187,1.7513651541381798,2.7540694853590564
6.670311197881944,7.840424853648797,3.1077649001441316,5.414886750632973
4.065183436790068,5.003226919329697,3.7473861494869043,1.4483497657502307
3.7104311780690082,7.535630098000137,2.963686313913165,3.1833140306591443
6.2040680755256234,7.140584095873278,3.6424293272439106,3.3390892293636374
5.483167067655823,2.21826215584232,2.4596820575999376,2.010418178207915
6.2158273223498295,2.2859914077304047,1.11169038895456,11.497563922803417
3.5799452315832068,7.798078138907205,4.896256496900596,1.1644896785929526
4.302620486352957,7.491414641368755,4.277654018159982,1.7615118349357595
1.7550816456601837,4.4022769018687935,1.2936752963385123,4.616619805811566
1.4704873504498515,1.6968003699955607,2.7967055846253377,0.31900577401030433
3.2811141670571464,1.10888219528607,3.5400762802874985,0.2903230461959528
1.668221733974912,3.5934125451557035,1.7623770822905516,1.930026096561129
1.9339723777126663,1.0830004622850424,3.311954445451086,0.19094583935523624
8.316355648545434,3.0706535899333307,3.134594472470748,2.598969314302654
1.3498632731502038,4.775506661902047,1.833060754138819,1.918472233875499
6.930485145412685,2.0927418878075876,1.564841237109813,5.922959181247493
3.453019739338605,1.9384998204839161,4.03584915847455,0.41095566758342605
8.843911126373138,9.067936921468629,2.290345784598535,15.288002687819237
5.364930561197496,6.269230261206003,1.9761621353689733,8.612578218557662
3.7501881339504317,9.410101180865032,3.9515134112239547,2.2600623888072837
5.6587504212049105,4.112435474071113,3.944274768091928,1.495840590340365
4.437622171407419,7.094304435962468,2.1056066253449166,7.100773619821565
6.078709582028472,2.8422250715961135,4.490273845007415,0.8568882850093295
2.030795814937134,6.5650628555194706,3.7530006602893695,0.9465593866865463
9.97291452531296,2.16627157008986,2.3830568712861524,3.8042248950728896
4.830002899270458,1.0187257525865718,2.7099586007386356,0.6700070364323577
4.134075757366318,9.38378621268621,3.906838743722471,2.541590414279389
7.391888634846384,5.994049385576884,1.846335331581968,12.997342731508649
4.275094658457992,9.342465965038356,2.8750431699008963,4.831906471155661
8.499468745258818,4.004483713318648,3.6142333690323984,2.6055891093706083
5.088436519243827,3.950074622455811,3.157994192034853,2.015426697087182
7.476025719388915,4.605895015957286,3.433313383617973,2.9211773766412223
1.967078947976979,7.354368855623514,3.1848499979071185,1.426228903656509
8.615072669996007,6.092277707675568,1.7969097751600804,16.254967086979793
7.621461881002989,9.32819416389206,2.6408213798904856,10.19430925815981
2.905451006157691,1.2289681101919543,3.127941981910183,0.3649528774410136
2.30757408771208,7.373763441752828,4.120250969383784,1.0022995004781239
3.8466311385306193,3.972949204298989,3.6156169486781704,1.1690382691884467
9.784635274287139,2.6221028663661508,2.706363780743739,3.5028538838685837
3.311484171103528,5.59356060268089,4.897599328636582,0.7722261885082596
5.105144880519699,5.545574057619964,1.4311820867189007,13.821806140186728
1.2701820314560268,2.2330992581958555,1.8272194742198735,0.8495570761160891
4.575047766096093,2.817064505196009,2.365250440126656,2.303764917192245
6.141880138897925,4.6734819841139945,1.9142883079516406,7.832983578735175
9.578121512571686,4.679302711530838,3.5017679872240453,3.654994665578346
5.650624404460579,3.8580232565771624,1.158202917345021,16.251444650436575
8.37196593559919,2.3369063635898284,1.7097471370936637,6.692756020256776
5.924148783120105,1.0393631119088158,2.1733889506344175,1.3035219442557908
1.367065120919663,9.732115561852185,3.733383100317266,0.9545338753822543
3.835074476707966,9.491493067335343,4.503459530324513,1.7947989567826976
6.179945570479929,5.352853412585216,4.193967082212218,1.8807019101124853
9.555345693380119,9.955465779475052,1.7283237330010195,31.846213343290046
8.7321732377611,7.062888977040189,3.2616230337642764,5.797452402143934
3.055200527609629,1.6197178384678739,1.120090581378749,3.9443259323539346
2.9809884701724716,2.0594637917436462,2.2421471014114447,1.2211984738788302
2.8105567040251067,9.244997594826739,4.223935179313306,1.4563463260020364
9.302490066722529,6.670469819346656,2.826662854973358,7.766182906477896
8.673995377915485,8.58865263991616,1.5997652891033383,29.109294905239594
7.973950890276539,9.084426846704599,2.7542135259532508,9.549395380477769
4.534616028018048,5.031478101541475,1.7921317018489131,7.1038905385275655
5.5394263386889016,1.4367335641902375,2.5727658314558512,1.202376586220451
5.178985703156376,2.694523140075898,2.9513338909913736,1.6021011780035024
3.280582968034354,1.5991475257219159,2.3982324500441137,0.9121305591895315
5.5452524153389025,2.698658611286566,4.747875801735443,0.6638509305893028
1.2744689306747903,4.694796338102892,3.250121190225528,0.566430850859366
2.1862933614771327,2.063771294634869,4.371570695787587,0.23609945872225116
8.979306365520518,2.5005992302480893,4.042914188222321,1.3737187810470652
7.7651179032828095,5.012396038645113,3.644665237071106,2.9300709955503175
4.805815681531784,4.061538553496406,2.987554993210329,2.186884637305871
5.654353260554895,5.208923117692369,1.00869513512635,28.947498014453966
4.329989973639797,4.862548249831558,3.4538704022083353,1.764975734801698
7.667018804446052,6.800302233818951,2.423829812009991,8.874634950826648
8.057684613088716,9.43470593988269,1.4710486672052752,35.13051783752735
7.869566711828432,1.9707790459981824,2.7785050544483108,2.0089372660875062
7.5035055235100465,1.8933413437827542,3.942213289133219,0.9141403726018592
2.8405390482351622,8.675254999818119,4.846711178794816,1.0490319905046293
4.041729813164309,5.5575703418721325,2.496419564488328,3.604268125194526
5.2286089148530746,7.89764521211598,3.170893194819907,4.106960738199657
3.9771369228489006,2.938797132465533,4.40497753345434,0.6023553261932928
7.79446180142496,8.459763158507965,2.3359976798000592,12.083688561207463
3.964181718249592,9.314619617734262,1.5690289798832615,14.99880809459573
2.2440887810680343,6.719347139918394,2.1275273249307562,3.331323586766051
4.5913640684347365,1.95291119326422,4.596491319233552,0.42439605403728575
9.819229895041422,9.05765332740705,1.637572433847351,33.16592273513258
3.032932716402183,8.132389546330643,2.3168842440271282,4.594859931620322
6.509427930489061,7.757899988630409,2.8585612420013624,6.180050125598191
4.896757448557357,1.33055370015324,4.38845289396368,0.33831255709407027
1.6392211088439397,8.190662727312741,4.750853134611899,0.5948580880595117
5.390889453982536,2.241559094215213,2.7032412385330193,1.653640159266797
7.3194789578348125,3.0014755857719955,4.727816193414062,0.9828648733150693
5.618979782450369,6.194213513823318,1.6458363794310182,12.849029476678021
8.84895457371923,3.3848269562519473,1.6274091675854816,11.30927905440962
3.600433149918244,6.9521338568072775,4.797003278539192,1.0877594039491858
1.7762425417356842,6.472634029291735,3.0387205341133248,1.2450930196335515
9.429090504922055,1.9733463821193635,1.7436313414158158,6.1201743525507295
4.403767145753971,6.904131216323557,2.9519614823022473,3.489088705607359
6.1876499630827,9.31559418842437,4.132844621516206,3.374723091438423
8.128028135171764,2.449989146672498,4.307681462894095,1.0731543641430146
3.918822974880225,6.373558188485987,4.455877026596969,1.2579726739160026
7.4454808435985,4.076788347430247,3.278283612349674,2.8243458092081855
2.2187696483604524,5.136505045962435,4.467784057471521,0.5709467264307219
3.621643724849547,3.583001611710729,3.0401208352130187,1.4040127018373896
2.302395725228679,4.187175727129257,3.4282396095643093,0.8202737640988482
8.30107502561222,1.2602064093990155,4.034879209086581,0.6425618650300955
3.003843117041068,9.833965641254986,2.701741170842034,4.046862528002053
7.456631998646893,6.623199298654734,1.294325948555099,29.479710743486702
9.489685575210872,5.506350314444967,2.4006654274307904,9.066765524096558
5.749949881619893,4.453438145502941,3.4957768671838414,2.095424780901222
5.860262730346189,5.8543710294162485,1.7693294785579075,10.95922651511022
5.149302112880308,4.4209539884422355,1.5935414539985602,8.964738725377813
3.933011290542785,4.23917134744306,2.1723221783657505,3.5331143357493824
5.280895278324254,5.175518875498118,1.1284458491112854,21.463473448556364
6.425267790400834,3.4838473030407173,3.973691592347679,1.417627174130963
9.873924149535934,2.620449099701069,2.034862408753355,6.248782624822614
9.439881033864019,6.009453083622642,1.496953586546398,25.31540034380818
8.759376624638096,8.58488892535271,3.796517663853741,5.217194536118689
9.002174821343726,2.3754535995330306,4.3717120501731515,1.118899028680756
5.210642649628387,1.2946090654379678,1.0795023834471138,5.7887223902316265
6.916998944597183,3.2213057063863255,1.9343990829648994,5.954667225134777
9.055600506425927,9.817485791084298,4.780929299478334,3.8894920998465445
4.536556884922177,8.458822663690054,2.541016543731101,5.9432130090682
9.655862305109219,6.362794481757369,4.7543682535277245,2.7180242369890357
4.742074558622647,9.363240237188224,2.0968501534827095,10.098567041706152
6.409743988538941,5.007512051535202,1.872270542287728,9.156415213676679
7.388242419451347,9.849525423176566,1.8564336469119835,21.115315746900862
9.555328117683445,3.6667184060735565,1.340914641699753,19.48591920474137
3.2015464664703943,3.162751745643452,4.585729154036502,0.4815131061545972
7.71517880414778,6.742433810323099,4.9193400905316045,2.1495571276439938
5.68734027529674,4.403385711553243,4.818035229086552,1.0788374142759851
3.4170142655857694,6.63728987778632,4.408112559309096,1.1671649209197197
7.989461558167515,3.7449596647241723,4.387551630603901,1.5542474939102773
5.970000521564619,6.56126431154192,3.6443418686759506,2.94933212329721
6.948764385847082,3.4817163452653275,4.304854847802455,1.3055212574790855
3.906109617201109,1.4587486193700094,1.833369457372191,1.6952154454858248
5.331465566448445,9.20922311730865,2.551650521548514,7.540970100545493
6.556188258892604,8.94884681686116,3.5633451731789916,4.620646057416865
4.6441973284285964,9.737183343454047,4.499085330246386,2.234063697553128
2.7853528586293117,7.448744585992642,3.6418778494751347,1.5642730145409096
9.654764430837735,7.144490599617726,4.356087833336824,3.6351278919024725
5.603207860383557,6.031027630673477,2.89579806339719,4.029874349312433
7.605283332589305,2.133481747172704,3.869214950820177,1.0838236297728336
4.699424742004523,2.7031177985434303,4.919923225500346,0.5247990252648507
4.196185876231447,3.605227198052826,1.613954228519031,5.807710080188105
4.664478686204125,9.01140726316055,4.70768276926356,1.8966244761522746
4.682769794070849,2.556725721427676,3.089455791367611,1.2543622596545323
5.897621043477582,9.305858570391015,3.572872122920232,4.29930608942392
5.891228829832269,5.705071597462755,4.5114760276420505,1.6513140770628616
5.474384342945845,7.440126719257649,2.638616690209268,5.850096189506056
2.213072064256943,1.9922003801250987,2.6747702995602025,0.6162480958401222
5.46467930650478,3.421301938983198,3.1087273453884015,1.934598368888534
2.5219351037858635,9.626667473632837,1.0764083379874023,20.953461140873706
2.1352220766618863,3.3953495223675825,2.986664723773403,0.8127455383858877
9.393811456070509,3.668695483520315,2.1643490599769213,7.356968500023539
6.444550118329338,2.7783764635697152,4.711816729567126,0.8065047268955824
6.935410523121258,2.1616629877614657,1.3509411950121253,8.214616052451163
4.616143033000274,3.0993187730859817,2.8372818480792072,1.7772173517545613
9.180828027233778,6.7809420275571854,4.7898726815094435,2.713463252645132
6.741374406216989,5.098309601532072,4.60414100127391,1.6213524127515135
7.922528825712287,5.983802527041087,3.8053937694982007,3.2737225905711353
4.317062221249424,2.1012834588942186,3.3574442079842988,0.8047395407305548
9.640106927372129,8.219048024466101,2.1229237485313606,17.580635847605322
8.384151611424835,8.056852305218632,2.467828451009819,11.091610032666093
8.685536167130893,1.1943092002840785,1.360539459016509,5.603909681255781
2.5497484068317884,4.451635850592744,4.144433191032951,0.6608253187552843
3.4386688708409756,1.6189354177403303,2.295479071615247,1.0565090129316688
3.5706393971521937,8.128952014734622,3.6711275961208294,2.1536820760220245
3.4381830092218406,7.63542714813134,2.4303791087944537,4.444411685293155
8.698673458938591,9.117892848638405,2.8573217655850507,9.714695967300639
1.286963156877329,3.1276356305780313,3.22000988950558,0.388211016174924
1.6848999008269687,5.10666294815019,4.207409633562414,0.48605084787596703
3.4652338356691335,2.6603908944795798,1.8446255101627216,2.709327956152396
2.798856771844993,4.341114410267076,2.5950615473194256,1.8042079051538606
3.0867365249456356,5.700189264101956,1.5203262875672703,7.612288284840964
8.181488703279701,1.4799771085473008,1.3030420196850372,7.131329306190555
6.068139345028422,7.433833696096467,3.4186974246751674,3.8596422929055243
1.051935951636712,5.889640243339677,1.7563641774356107,2.008394041645367
4.863904891337757,8.46063115489606,1.2391973677043953,26.79827700141324
4.67096434165323,3.446024510720775,4.588391724825621,0.7645465595849071
2.0255074250008915,9.12988994742329,3.1372576791415834,1.878879811911042
7.085276097413114,9.988248277273991,1.5385128296119386,29.898118792201917
7.31887469541542,9.27368594539907,1.2137045097901988,46.075575118866766
7.488038971468879,8.001032282498386,1.4794402136546245,27.372803512519827
7.556238510027328,8.311319225864027,2.8853489612824563,7.543604839093011
1.0004754423906712,6.163698182901278,3.673861020675591,0.4568802143861278
9.5852872346205,2.7113847662134942,3.5651202999441822,2.044786197906133
8.327878903491968,7.093366166329456,1.577692345057994,23.73242646352581
9.135835269303568,7.414777018539384,3.5339558073508353,5.424055525682508
1.1407896577669072,9.86846626241115,2.6194624968703977,1.640706376752622
9.404729162071654,5.871711846306896,2.8589751371978602,6.7560097950528135
8.288096758192943,3.4423211352255074,4.205721624981269,1.6129657620300881
8.534972286628287,7.1530526956555605,2.3299974907185534,11.245600033113721
1.8395864624977167,9.814382376998092,1.587996188653415,7.1595259563582925
7.649002260267379,2.594925174421846,4.493812534265362,0.9828782530744034
9.639250206778819,3.933981266820424,1.848522303465352,11.097525485632437
7.106926072763446,5.87692858395413,2.1761194822185708,8.819962465011443
6.135052641621458,2.5319317139380435,3.8263602356104895,1.0609589308700405
9.510667099740973,1.199985755679445,3.734201268230429,0.8184490086791568
4.9864340956099245,4.032848101971256,4.201600085135315,1.1391279856489775
6.393642096794308,8.788337213509521,1.7354665657917643,18.656171773697867
5.287044641449295,1.3912155939134334,2.409119573256813,1.2673328789871559
9.395615992242693,4.860361531152257,1.5035329558250443,20.200770267425938
1.6847625408895652,7.859806956334742,3.164156588674417,1.3226186479702942
5.5100773074281335,9.578643372197968,2.170282370154805,11.205447655108335
7.182571972468945,9.86927859103989,3.755742564034251,5.025436188737295
8.127158845800132,4.797724425478675,1.0013774719381643,38.88466964083278
6.247167826997227,9.553458649412057,1.238731993838317,38.894580530028996
9.180259697093085,1.3187707595277738,2.7302412020773734,1.6241354415151583
9.477923021954846,7.713252441987007,4.832736623902274,3.130145082010491
1.5788730087422516,6.784714311702516,4.563405549436732,0.5143996131249713
4.6213348558723695,3.245696718275371,4.976036112247932,0.6057707893206106
1.21113119549039,5.56586650611684,2.6673208994561795,0.9474873943458244
3.9647499163699864,2.1659836398444607,1.1862739450950062,6.102404434682462
5.831813961735419,8.84437435856405,2.2238245680790496,10.42964989981442
9.19715437458954,4.221082769910831,3.703083408695806,2.831068358275135
8.618988902188626,6.634400234191449,1.540655239069661,24.090569065365276
2.1474975400478717,2.4289865765853604,2.199888715040004,1.0778451354690501
1.8372733726680615,2.855483601680864,1.2246646581794347,3.4979941705900455
6.303406048810003,9.927607337228368,2.899868153560937,7.441549421252221
5.789061752129044,7.7777775499719635,1.8356827107803517,13.3619076226717
3.397398772870215,9.657746827966637,1.3649921075960094,17.61010970386368
9.095077760984516,3.662660486908397,2.644863237929916,4.762079477920709
9.346297685153981,2.4810658895783835,2.40490161749662,4.009435935410037
4.623502945061464,5.527616171309479,3.1500709477819693,2.5755402814181307
9.012723014021683,5.452014540046091,3.9961546212545564,3.07700684200152
4.455540048366753,2.574518623821891,1.450274945706021,5.45375596183363
7.6313514864673015,7.598976126232692,4.164502360840034,3.343723147559756
5.283479957929517,4.255997809948607,1.1051599195007205,18.410738434706257
2.103248408564647,2.6772870783746554,2.772407609983391,0.7326074763141405
9.351407811133194,3.9878505508895956,3.349721147543528,3.3235220233518734
5.086869340397829,6.072928296715136,4.827994692559191,1.3253029603163577
7.610383362901633,7.538238389623989,3.2956921074785988,5.281814419902048
4.30456432988163,5.3370179745173605,1.6349967730855544,8.593974650343137
1.169927907186112,5.730354908455362,3.0701672213756366,0.7112406335263345
1.904773228226523,2.2505134234847355,2.5831357887656647,0.6424368042308385
5.465975315409319,9.23221832237409,2.9174222704009747,5.9289139121034555
7.209679214137261,9.3585177819284,1.788388058636349,21.095969501705707
4.012617939213511,7.150839313762033,3.0033081692450874,3.181156496865478
7.259396132598853,1.1586826804062222,1.6001590571635074,3.2850251813367564
7.287720304887604,5.833667943129934,3.9761723227634795,2.6890755607893757
7.335423165950478,6.662970748797522,3.3756250409023916,4.289282784138779
5.432696686184576,9.95188800662299,1.3141107663671332,31.308120141833644
9.233975351093536,9.96460259675317,4.55845787171592,4.428052924806308
5.40276866182554,8.718501117930018,3.4655184184625534,3.9221281268476336
5.052386741469744,1.5744789282350218,2.2644282205113258,1.5513733337973183
2.794427371095643,9.57948751700857,1.1825695981092412,19.141751889147503
3.7688957862070285,6.513951224367992,3.528906783086532,1.971415914794094
1.3810104326647301,8.207980934312616,2.4937610453933474,1.82273538702943
6.701817642545532,4.664735647172682,4.63047241951395,1.4580386618329113
3.236821695343836,3.877025241111308,1.1395113308566982,9.66451598774083
3.737397290369186,5.169197309354272,1.1564097413689733,14.446707943976385
7.937330694978891,2.3218706167194423,4.797197147627742,0.8008245102528749
3.944990648453085,4.213595248779755,4.8594957827180245,0.703908767509567
3.1797630281182796,8.718557497914507,1.1109689070905544,22.461335898394438
2.5215197422033517,1.3415543763479334,3.86413293976531,0.22655128749938735
7.973725619637603,2.35790242142144,1.885979409315362,5.28583037041817
2.167356321910242,2.1260454368453696,3.80557106514429,0.3181728997454808
5.083783842253181,4.627679884302053,4.474931186631935,1.1748371287110624
5.56237104469475,9.972882108017755,1.4033259154491016,28.168488899638078
7.186509214171432,2.5602213719024443,1.955065667048168,4.813631130009492
6.699551340996959,2.3093438463933413,1.0963106733059793,12.872622590320068
8.296486056506573,9.23550156798539,1.1753193817777632,55.46804739824576
1.4027629053361435,8.938454652693691,1.1184714328710967,10.022981338109677
3.6679665230145746,1.29016332996899,4.202729425705658,0.26792127151191353
3.5212070689784176,7.765353641613835,2.1931707137231067,5.684704939432275
2.314152150328974,6.899191313287866,2.9728457582879564,1.806530687593844
3.602604284707988,7.909667288674381,4.151377054388066,1.653447523060463
3.7878878272861307,5.4505220931633,2.9797746508268723,2.325243137810473
5.696960157347305,9.92241296603466,2.7167842504983843,7.658613951004764
6.9733403103363045,1.3946231683986687,1.0462928259578352,8.88364592658022
4.429904622506326,3.1093442776342517,3.2721580101470247,1.2864551579779597
7.4752320818204305,4.568913882762535,1.4989723125483456,15.200239496923079
4.02548804721622,5.048001474091328,4.058592963164105,1.233635954304663
3.612553095832843,9.292306624295668,2.0309508952600783,8.138398000944775
5.870692502713219,6.04003927669533,3.6967496432346203,2.5947111423163256
1.2134472427521155,1.405998959683545,3.5848941112987176,0.13275571743504047
1.7181021127060032,4.6707666708309565,3.4667024117200804,0.6677348130696305
4.7617258922787435,4.748413711321629,2.0678080301487705,5.288012913151956
9.486214402525809,9.689418445940063,2.0683591087022726,21.48516836880166
7.493606018590812,6.392773819189974,4.45219217376532,2.4167536952874724
1.7931391255050197,6.720859640430449,1.051229330521708,10.905457082774006
8.616862115027864,7.419277281261437,1.7260905338158317,21.45772149625027
7.590706935473629,7.930353841139109,3.4406836705679402,5.084933727657325
6.498518731323879,6.7154596318224025,4.268185017612679,2.3955411965913913
8.382636645482595,3.1347491602054194,2.4333820346914345,4.437750090386321
4.6369886296866145,8.866413229070478,3.6137738344432004,3.148198162329398
2.9935094576846746,7.589078203695672,3.2286256784809453,2.1793865665815937
5.608210501978834,7.676834365872603,1.2581604179281416,27.1978416360264
5.939575800341264,9.969010653112743,3.4870007877227125,4.869713355938928
5.844937348089209,8.222738813769844,4.2556138890899735,2.653822798102033
6.085664123320948,8.462362628396379,4.969793281197637,2.0850811488777055
9.538344264152627,9.562649641391426,1.1185602906068914,72.90082485338958
9.120210607866083,2.360205998640045,3.640232690335472,1.6244131117244496
8.881453329030455,5.4795463883026105,2.6581982125918486,6.887378056553209
8.212751298177643,6.225103212317088,1.0391515548248211,47.34536232456812
9.490852965387568,3.9634815630021185,3.4574437748340454,3.146819516154535
1.8864517751146292,8.55463009505055,1.489709194222542,7.271833833314352
3.3861093530116557,7.861776594811511,2.5142674007565464,4.211130972862372
5.455503510891264,7.487947670573116,2.045468369953609,9.76364777765949
8.618810438110646,9.9743449578235,2.4446536090843973,14.384575515454323
5.546491403704592,3.334432360675515,2.9707823260037984,2.095552729782473
7.732312654074298,7.619115265078792,2.436838129958058,9.921117356916415
2.250639147240246,5.962640274153106,3.210927482358157,1.3016178124547448
3.2717243167890415,3.8169026424448846,1.954598760931415,3.268681057034332
7.585984855339051,2.4452818365081326,3.5414470697135263,1.4790381723440365
2.4826060799895164,9.062954533607924,4.415052016499414,1.1542661683651694
4.162203411894341,6.359099344370608,1.8962681876608496,7.360704653612158
3.383796320322143,8.424404538767153,3.03150886342249,3.1018853565344404
4.148755248002306,5.908104856013904,3.5947591381995547,1.8968212940842524
7.374916441701733,2.979793725886176,3.2585045248536644,2.0696964210049456
4.31062463028521,4.037939317902927,2.462597784768904,2.8702057175720888
5.997369903471462,4.433849582261919,3.5687988320229933,2.087842122840979
1.899386893489687,9.75641331253332,1.112984824840305,14.959777738809338
8.24515923911165,1.0506995054324424,2.479624927985732,1.4089824640984052
4.328997630833124,9.870994207220564,3.1304488585640127,4.36048722793517
6.836807431300082,9.824154715988476,1.0824526353434587,57.32324095551532
7.528506414956494,9.96535711477123,3.0305953187371992,8.168565488825418
2.8869482990053035,5.289293610276712,3.6170178430625133,1.1671733949992713
8.96207486458015,9.674280726588997,4.03683079085218,5.320422990594279
6.546018264462576,4.560392636648446,1.4534963256377216,14.130306168662386
4.858526275763333,1.2366499660154804,4.9622594995667795,0.24400144714774663
2.6410166522039757,3.019124677345881,3.4246708053403823,0.6798522269507515
9.48070844111086,9.507666204436461,2.45277517044932,14.983015706288986
7.795613837184626,1.1238822400185997,1.9963714178268552,2.1983074887148386
2.87222106459924,5.913947218806776,3.2915874467336583,1.5677778069744566
4.039396972518021,1.6804143000521115,4.526846588666283,0.33123891287402013
8.28706832279266,3.5775692058482065,3.082261584565459,3.120685305647157
7.26109896893805,1.79283565640698,3.645888222419841,0.9793459638930587
7.892058634441519,8.735757590017506,2.4307857581622407,11.668029301300905
4.970809919916391,6.319636386829353,2.5526091523558905,4.821149548820363
7.448286363779502,9.118958191464817,2.144700423087568,14.766185339871788
4.478443505775223,7.195178795862055,3.822549177472959,2.2052738503398897
2.901366252443768,9.739262181205897,2.43675021366626,4.758900085708644
6.69409331357224,5.588898892843659,1.762865616164957,12.038700237296368
9.784125330389148,6.748395235865871,2.4776022846649517,10.756211462891276
3.7954087425579663,6.186779379001509,4.415308831331025,1.2044839326489787
5.148726329912857,5.358343865019514,3.9530081743076937,1.7655294411583817
7.066012339628682,8.613634288807113,2.3385633778542556,11.129163731990083
5.873556539102391,6.8007262210332415,4.6272358593468095,1.8655769683591776
8.590850161381443,8.211810383699255,1.2993305404698678,41.78647760773192
7.855684358225643,8.077275429421718,1.199015165654573,44.13667012542193
1.5246748347612133,2.7194064458976577,1.509881419140965,1.818719291771246
9.985791105313966,6.851471792658793,1.4658190234344124,31.842388991651223
7.771622083475205,2.796832172632007,1.351337260049362,11.902839491640972
8.775129846647019,6.249884304193937,3.6453704479919695,4.1270733944833555
6.860779408858117,7.096912160016704,3.4033695186216955,4.203631870194095
8.70656615242086,9.975115644288282,3.5904220423268587,6.737113135703476
2.011446774358385,1.2748778033476453,3.75346421664812,0.18201724849948092
4.12964052003384,1.8211815470234884,4.027519009922719,0.4636500295343134
8.887788492440436,1.6932402673410833,1.8287077099456415,4.50011598241895
2.81489690140203,4.58525157640066,3.4892140529391993,1.0601576119608742
1.7041788872202046,8.394295253372324,3.320194637345493,1.2976941106542157
8.093070459506972,8.596506995084221,4.774640103213895,3.051785881014768
8.519375400789666,7.632816361490365,1.9294708969585943,17.46691089432773
2.4638699637091053,9.071904176469529,1.2348917374973256,14.657451567903806
8.689113845044439,3.9057394975250728,3.6139802788581727,2.5984071605638044
7.180910160374527,1.7933917982706922,3.9606913609468473,0.8209423693239054
5.680744148949255,1.523377251908651,2.1327840232302027,1.9024749120361597
8.472251735032465,8.669194476574477,3.283393723758676,6.812894592078293
4.7732432438706915,7.573926649183221,1.2381442621366023,23.582625950252716
2.745945606010575,7.287537754100088,4.840179364673157,0.8541808609161012
3.563674089495523,4.057087046911019,1.4396998931966745,6.975387847394568
5.5464761646398335,4.419146697564036,1.2702821446079828,15.189909361577309
5.7819771340585815,9.623021760093874,1.1764406379784762,40.20201318617786
8.250227437971102,1.5742426968814152,2.7090876260134107,1.7696667991478752
8.122174512871009,7.963585632440133,1.3886389738287601,33.543028462353476
6.232299014841174,3.7866999133755384,3.978592963822301,1.490905617459956
8.027069350289288,1.3514915657130047,4.595496642505623,0.5136951300728698
2.725961124643039,7.683130996682104,2.040875729299428,5.028341602914438
1.450580743839649,3.9782069711053714,3.5150924770055956,0.46704182183464027
8.8627044037123,7.4993276686851695,1.169353788047271,48.60676754913401
1.6799904438649262,7.368889448063081,2.5462578867711816,1.9094314788081481
3.220195867695976,5.813081878898036,2.1717684537109134,3.9688226052068276
7.257870546619461,7.996358162894939,1.9144763857614353,15.834393312434928
4.685031438645782,6.229344917541191,3.5788939585147963,2.2785429887515187
8.886825729239579,3.579731675634346,1.5209117854341452,13.75273541904873
3.681818151960426,7.607037709579771,4.442842093187954,1.4189142421663266
1.1068421200242335,6.3022583428995125,3.6593436254749387,0.520925350917949
3.705900765046697,1.114545535209285,3.842940714752232,0.2796818173577917
6.202675442663485,9.114797599932784,4.741377234630672,2.5148788364673247
4.38344537862964,5.910792564918821,4.769491486010059,1.1389827898088307
5.813854801828797,8.817645389315786,3.206609295276943,4.985683625530197
8.88938306951517,8.944631550840203,2.981519269143922,8.944557008267683
9.212365488073317,5.0046999106157966,2.3415264329076404,8.409130102315217
3.393766581887009,5.568939968061079,3.862286440809873,1.2669677092230602
5.159264259429106,4.741789489080418,3.152835547919252,2.461089489999809
5.94229613717306,5.04493097777241,4.7315003189604985,1.3390961847533587
9.542012111994223,9.05632443074555,1.9545037948504214,22.621369814078005
9.987555872479462,8.093296125711198,2.241010745001963,16.095214735717576
3.1186652395737395,2.1387310868402016,2.264361789679875,1.3008682266691172
7.5428188421123386,6.492770033860863,4.223993818226829,2.744840735475429
4.402279560098757,9.96315976347708,1.3961613273686093,22.501087285865186
1.072973771975919,6.359956311092372,2.822596483955919,0.8565360493789612
1.0832727019231212,8.07284463033795,2.7103229478921893,1.1904805626651354
5.145094068060302,7.921553260430539,1.2925584840550344,24.395136960241537
5.395014217039011,4.152857732850957,2.6431879941773886,3.2068861421232966
1.203127269160984,4.34664372433563,3.0535119331359253,0.5608753732748644
7.182346750968723,7.516687796113629,1.260418770019653,33.983112759341175
3.646030497354578,5.499851784443516,3.0394485137786695,2.170609505838078
6.039037913823544,6.135136382173492,4.836951618733604,1.5836109306695694
3.708271658488769,7.416152113283538,4.915657292646129,1.1381171727081103
2.504208833823765,7.998175243351453,3.1267191143592448,2.0487252569974705
4.664563647389878,3.443649199597642,3.060387730411836,1.7150509367390316
3.0904602831145067,2.3211438349326663,2.1420326656655657,1.5634105599461774
5.813208792272513,3.626151820513527,4.988461886848406,0.8470881143623954
2.7894567725783195,5.5678449258286795,2.096916684100904,3.5321929244370462
5.575653789801644,4.079271855673352,2.8116052017598254,2.87719814727313
2.416406633819808,6.1152648296283445,1.011736231210706,14.436126642332317
7.038772385372065,1.481191517130656,2.3969291636365475,1.8146703303616767
7.7854391599728165,5.587753704523905,1.2857612024352956,26.314779580602075
1.993548108249404,4.311864162439371,3.975299081540529,0.5439414748918184
5.210221708336053,5.812000794035941,3.244057812119729,2.877429546074599
1.6378453058938622,4.802800193964791,3.288687509150626,0.7273143933512546
6.383642009878022,3.558032655737882,2.146045143598812,4.931746522181798
3.3796386813668082,9.136971149118722,4.259585161011895,1.701915191552598
5.74862011154837,2.662884895792212,1.0130837013250007,14.915071767870506
5.657149084458621,7.132290180225037,2.3344047166567683,7.4041349240284
9.319189115744203,9.321802413241727,3.637989961835471,6.563795253899409
5.941749003118506,5.848029637168898,4.631690149667683,1.6197383698866736
6.246986317464841,8.887676397215339,1.9384638277009323,14.775540799369043
4.614878131879422,2.1236633058995595,3.164400206909672,0.9787304302403158
9.541716428645351,5.444098932307673,3.151965682133284,5.228649783699043
7.994673184956486,5.113227524328455,4.496697476174799,2.0216617383833664
3.568647612725574,1.0730692633329537,1.2020675582393694,2.6501695999749413
8.597886271986088,4.98931607223401,2.697902244282829,5.893595085304209
4.891567241665809,4.32126780744338,1.7298626991677262,7.063760109687574
8.458004291802347,7.028188549971539,1.0861304011943922,50.39034890199678
8.40599261464152,9.444968007188667,1.5881237620819313,31.478991299639816
2.6998316808656897,1.7721197943583287,4.905882691392796,0.1987904182198743
7.310270182452192,3.9472874804316076,1.8593940380810716,8.346210183641517
3.61578672375878,4.996582636548267,4.7401230933432,0.8040751506125271
3.677434029934014,5.09666840230945,1.8210173705237667,5.652012220131806
3.6671326919252265,7.973287487580284,4.725180909537938,1.3095653240820422
7.530114228039534,4.990560992500967,3.6184837408012576,2.8701043106721578
3.0684343761328248,1.2444517130828803,1.452874310007707,1.8090009724974156
1.008152517214812,7.390936851335482,3.327660620506311,0.6728955804264168
7.437131681343698,8.963467256311045,2.2740561501611145,12.890778309170955
2.5406626945161275,5.6251424129470555,2.532612623912281,2.2281426828809843
1.9403415577705119,6.229976695286548,2.7606838313398923,1.5861025526525543
3.1376450853465414,2.466427950721415,2.690828090121338,1.0688095969963962
4.419104700904336,2.9858135021106134,3.6564355619321156,0.9869181150829298
5.2831569472588065,3.116532152121506,4.073472274363052,0.9922831002146282
1.4011303664136774,4.876677773931657,2.3167107568044853,1.2730896159434864
9.735159993646244,9.35330698806078,4.697455846742759,4.126509684719676
7.444567480776023,5.696062900433974,4.753865256075506,1.8763787745679128
3.9087465879190253,2.728878806812174,1.1627617486045736,7.889333062127657
3.868275315568576,3.3947896228205465,1.059635155532074,11.695465857834193
5.036882944316135,4.456135267544658,2.700265320604244,3.0782745088945633
6.636203404867296,6.609330781235195,3.362581003950634,3.879106171309262
2.31735759930071,4.9602983770360485,2.1116189898082465,2.5779218047301176
2.700368323884571,4.5320035975923245,2.0376550043430974,2.94748728314211
8.734911245501959,6.082557403590953,3.7133353188367626,3.8531540813836846
3.306294315001653,3.176514954590189,3.406817138622279,0.904887872788113
4.421754981776598,1.7101294532612397,1.6685874999724386,2.715974505942301
8.841446658551053,1.2197288333999992,4.538003853060635,0.5236690427055563
6.968330464598402,3.2613324712041436,3.7199042806442795,1.642329459146162
4.075406914075195,1.8243283073002183,2.4503049966760333,1.2383222706301755
7.153295911521587,4.027065746686901,3.7344987599646,2.0655241250910854
1.1771489384327234,7.9564018632378,1.4506123470712637,4.450874884914967
7.620783940102287,7.446648974381545,2.8730244982962243,6.875145168244331
5.383144364646156,6.498348605092259,1.6759376382382372,12.454414723870581
8.318639325560152,8.672502194915308,1.1657249845137465,53.08899499841655
9.591738868058215,3.5386086208984904,2.353305081153199,6.128771261905947
9.332096945451115,8.965483777269691,1.602941933923133,32.5624737022379
9.183385391098067,4.593152527022612,3.534071827815299,3.377247849295396
5.609529603404984,4.608039864399639,3.696271576070841,1.8919729659824138
4.241279027250442,4.648164522629694,1.5947692249064134,7.751444538831229
5.185317922576055,1.882849296168833,1.098452022413705,8.091494882473397
7.209064029820247,9.779414484979501,4.171242246540642,4.051920459921382
8.955979991840682,2.246561000426433,1.0082280829142491,19.79309686662427
2.862876727001076,4.0679715202226605,2.375652356735155,2.0635489516489964
9.263738426155328,3.8737028829408144,2.9783331921826792,4.04544245085463
8.336622087729001,1.6721148953503868,4.274568754153732,0.7629070295591791
9.809704136604111,2.3703411710068902,4.354234570984563,1.2264310180187192
8.922265959535185,1.4037250256684723,3.899757762441822,0.8235347794192479
3.51943596722716,3.6316404420446213,1.9887904901595914,3.23145299151915
1.9536032020964291,8.799912316260158,3.880747737276683,1.1415209262970787
2.0101696479242976,4.05497985163646,1.9861567915077667,2.0663046474452345
3.621009867204485,2.113226488606413,1.8584327669268066,2.2155525012186894
6.5276535158608535,6.811244815455262,3.1885118169221296,4.373282405224749
8.238882934874553,9.969408208494194,3.7154177753362503,5.950074480280762
9.093252762834082,3.090914105787348,1.2122070636467224,19.127251970213646
6.613780459323095,3.516139048335125,1.2400904044984338,15.12199610256056
1.0506818147324837,9.746623488527097,4.136682747267159,0.598440497213766
2.6768509886668017,2.608986587954384,4.437989003861919,0.3545876447694161
1.8975358346803115,5.600926607132475,3.417763665367576,0.9098416447073242
4.26992028012109,3.156869197144854,2.715312038827544,1.8282553966191604
5.512158942703714,9.391167081111195,4.3812659183967435,2.6967586023156858
1.3905746072070477,9.833689131186647,3.9152681311013207,0.8920470283426876
4.136301782160897,8.332280615080139,3.3183767937250743,3.1298585432476784
2.6126170716279034,3.833054342315295,2.2790284877950535,1.9280630376885473
6.823631496329865,4.631387277524545,1.791980246627265,9.8414757655431
5.17845132391906,3.180751152997792,2.6746921570860627,2.302406396562095
5.457858822405179,9.016821703080923,2.147290303840846,10.67319032059043
4.84922609230115,9.231024499193422,2.3570343509378437,8.05731816213883
9.604177394379104,4.769835960214425,3.06252422124813,4.884324980472295
2.932616126094069,6.908797629127017,1.6763758278064391,7.209662086857702
5.6499783385948685,2.4899786179722447,4.224706720295302,0.7882233015897677
7.624156315288023,4.914423103270681,1.5821178468590698,14.96878934969188
6.011599718211063,6.683491960061478,2.9239745576838096,4.699442136852799
9.36118797145121,4.468628066662176,3.9838853523217463,2.6356728994637737
4.401715200771557,4.2183957311781395,2.940082830758385,2.148078391818307
5.173082251958602,1.008990930402484,2.444088254354555,0.8737815662306959
1.7967008369325557,8.238641173994026,2.899565223291004,1.7606198482057576
6.480991999467356,9.004038508193034,4.394682795496562,3.021508094066541
3.5939077160329544,9.725171765912489,4.96172679313583,1.4197062934224067
2.4427813556401197,7.47344246562294,3.524573157157742,1.469576617792651
5.9007816361405725,5.939130811328961,4.173776170594802,2.0117505277310768
5.7907923704191955,3.4235606782783843,1.0579547446371547,17.712580699444768
1.6828447710164278,9.993695283671485,4.5214576380982905,0.8226464509391288
7.283939081450255,6.30777569078895,4.816199039711673,1.980768370796547
6.613949715857676,7.130386650974016,3.300677367030282,4.32880296918995
2.7011555447184747,7.141655457597859,4.015219448240879,1.196547421696365
5.224913759386395,8.607266161814632,3.0509789718402995,4.831321411540414
7.48290624830704,1.0870528496222729,2.144814961822359,1.768240371159063
5.764921664871489,2.9822224638823465,4.408991887932052,0.8844124510276544
4.559401685652132,6.989806001530126,3.387346847983767,2.7774972689730375
3.9010461227284927,9.05631163142111,3.317532335165628,3.209978432209128
6.493544799796482,7.168049037292206,3.6365288153648256,3.5197250771964184
9.451978284792165,4.721421623443121,4.424012663315393,2.280146634557025
7.045703564297351,4.253999462832354,3.9276245030838575,1.942951125782281
1.6727131327268396,7.641532074549883,1.844496776862981,3.7570424809272933
5.146164761339204,7.671139274234741,2.867294177629278,4.801744511799991
9.017417183595647,6.463521932551213,4.921193327944825,2.406636705613511
1.850161832209782,3.6232032168760333,3.2182428550510984,0.6472391565554525
9.89988140923789,9.326393365514893,4.7529814138831945,4.087064477470369
9.541624542808792,5.9669194790677516,4.253477945252223,3.1469086054773663
1.7044703265688828,8.114431206234975,3.6640937672350353,1.0301829774426923
9.400719884045994,2.928774359456485,2.397460810639021,4.790093516381505
4.26819331233516,4.096367097532551,2.217277390101756,3.556336877829035
8.602382503682762,8.871215647486082,3.5736842611903517,5.975435006253812
4.765450039419443,1.4509632694597157,2.730244963385643,0.9275922472152879
4.967696014322643,5.610837801309959,4.1950144912669085,1.5838563710557882
6.708187818797883,5.335349318596081,4.041826958160783,2.1908499815060245
7.970296773483851,7.761071700172739,2.248521946954057,12.234942325665296
1.3041023585342377,3.5370439353939918,3.810915132247048,0.3176095702791944
6.338403959744208,2.9716013967363955,2.978200760388736,2.123550178812893
2.6805969468763386,9.335195548959103,2.2931684032559883,4.758642073118318
4.1135456607688266,6.145386867626183,2.65186637105856,3.594696911161882
4.131717995396949,1.9422061145528904,4.581407468849047,0.38232099674301107
5.221543061990382,2.73732545992889,2.438070768490162,2.404543763695017
4.00722770688556,9.989434535628234,2.149597093277832,8.66304946775611
1.9662500660560098,2.7604809662697316,2.4072288828405513,0.9366745838094046
2.310658646729063,6.494279602183108,1.8584737448347668,4.3446411816108235
1.3009418700498792,4.781152710960563,3.1785399495853146,0.615651806712003
5.232241767958789,8.970391853648518,1.589745745290129,18.571367128716112
9.590029253676896,7.79651733065795,4.269775145747666,4.101196431434359
2.041077012833049,6.3725625663563426,1.9023209889825043,3.5942302944805253
9.516380437027738,1.0966508361818423,3.3922201101585827,0.9069265600176499
7.600253632588842,8.918156867441137,1.5001019956795743,30.12046104166258
6.737489226407469,5.002007237548447,4.913812592857305,1.3957422388164904
6.807499797912066,9.384198877167188,2.8183018355745886,8.042847482920527
8.440548835566538,5.459851115687811,4.288685363035258,2.5055502422797846
1.9622787794183925,7.24802040264453,4.074591342599935,0.8566669224763577
5.5427889120898755,1.6236338451997794,3.8547721885827153,0.605646206489507
7.273820244346827,7.706364881741072,4.309459484818439,3.0183286656278705
6.281384005662073,4.0419642818073065,1.4018544346388233,12.919389034311154
8.49501163920965,4.162231128986027,3.7139887898878485,2.563356405508962
1.6504453811021635,2.0679026023845095,2.0633089410951246,0.8016830771061488
7.216309355492493,2.3217143377618203,4.14348665626636,0.9758701565908575
5.80624957346246,2.6718315058558915,4.827475039391555,0.6656787481249818
4.412447775819491,3.9538555171428014,4.605958119370783,0.8223570197383928
4.062474840106278,9.027729214980448,1.4598088898946644,17.209854561727607
6.587493694967736,4.314342144070724,2.478209682691284,4.6276307360952496
9.018958371798384,7.519264359068966,2.457291028790399,11.23100307104689
5.465583334910037,1.7447275350088427,1.4891850654381225,4.299983521040378
8.42250847669228,6.319889193447933,1.3925042133873098,27.450981984392943
4.619407436595708,5.337021081433956,2.5395605398767267,3.8226809019399384
1.921550165138589,9.80162152259054,4.968286201986045,0.7630209179342405
1.5535516281277468,8.615869928910666,3.2757706042651007,1.247377372437185
1.4620093419130982,5.093467951947848,3.487126514417025,0.6123903203937335
4.42135127761903,7.976284876408049,2.8840756400747294,4.239770853828957
4.035139757522579,2.7373486716439976,3.6493222092160913,0.8294004760455568
7.461433212603126,6.0610269465260025,4.826648322979079,1.9412307296802018
7.685393514263792,1.6715715001183735,3.3547918144575672,1.141457952279248
1.4576857195036586,4.132801290265148,1.260153838884773,3.7936851974722994
2.9901093660011346,3.032759634599533,2.9715622766727945,1.0269644062016492
3.4683566514300974,7.470188337926898,4.971005093007805,1.0484962579371877
5.928507857285285,5.410816220929253,2.549610882377053,4.934695676415847
2.300637015162552,7.759634309632094,3.3755249488578887,1.566775288102691
2.2054709746000034,5.6376589386830105,1.426547053715268,6.109813350063107
9.494100002871622,1.7783599793647467,1.5647219949462676,6.8960293857501345
8.23782616568003,7.618308847592741,4.4987258126158505,3.100931330203645
2.6258941188205327,8.49906337589025,2.201378513006446,4.60530960213986
4.659110271149419,9.131781033215134,2.221805093418372,8.618795227454804
4.20059799331809,6.1479275077603734,2.5488519840093127,3.975123504877176
8.119036666588666,7.782268230995456,4.86591469161809,2.6685891559422674
5.591916248303098,7.768399031943644,1.3375619841475057,24.28087593919807
2.150647632941203,2.401747838190499,4.275056410205339,0.2826265580185153
7.650928568406195,2.477986187136137,2.366231505863946,3.386090515162491
4.57199180402427,1.6379695522821351,4.3978721039419,0.38719173389562833
3.3663182286893236,3.879222716262713,4.96702259801817,0.5293069681354879
4.379487598186481,5.261577289669581,2.3946696408469914,4.018352564938208
5.479809072462067,9.981080674787952,1.517425464849421,23.753535361165465
4.088039647753085,4.8789400786135255,1.577501991931713,8.014948770994323
3.1771519533258203,7.536183296566338,4.034963563796744,1.4706529705467433
4.586518259235823,7.2405732364528115,1.5796862093525461,13.308050000597616
1.1725561967490843,2.840337552255216,2.0416862741385464,0.7989610426592213
7.9524806148668254,1.5265643630449277,1.817593374648319,3.6747202020638565
2.538504042108272,5.914060763802287,2.42271425612393,2.5577568233467556
1.3951415226757353,7.302750330830285,1.29746630059875,6.052189870445064
6.883288236145713,9.984266111676304,4.426969929629032,3.5067027962015467
7.9654251594130505,4.227499470530537,4.440585247203974,1.707702050348352
8.324462184335589,9.06728105872987,2.651731593930759,10.734310079233872
5.4415826439454,4.4373921028226775,3.448350276093901,2.0306276119710938
2.8483136622098675,7.204705375874616,3.5678062836172186,1.6121353710099608
7.635049095248441,6.384276374653468,3.997032461383715,3.0510418353436832
7.2974176943890345,1.4768091397233722,3.0827603501762044,1.1340025934231839
3.2164366069285593,1.7054958427323266,3.041344181766744,0.5930543822313006
9.130669802765137,1.1868768075201488,3.5252151093128434,0.8720412628811633
1.939343122745461,4.337506761345905,3.81219358267951,0.578821863789477
9.844194156321931,7.712209438894097,2.386761508117007,13.32726199033248
8.742230298797182,2.5547985459165043,2.3214818930752603,4.144272481393217
7.191087809311677,6.452676715455063,2.0788736163836368,10.736885555626127
9.448748994518496,3.599450020279701,3.195386221250994,3.330916481406323
7.5008005149133705,8.17293361581165,2.4406227582230895,10.291632590732675
2.7141129732704132,8.18556534102692,3.1612530708305275,2.223095256907725
4.9794052430153055,7.978730634697812,2.6239390633076862,5.770371650580721
1.643527218984718,5.723501624212391,4.346936730210643,0.4978196936657159
4.5069168005930385,3.561100390718665,1.292520958981843,9.607017229757181
7.674427177634878,8.284996394907711,3.2888423744186985,5.878305791141067
4.477990158377357,2.6749050574531736,3.302495002348791,1.098265063113789
3.972647579213207,3.607836418257904,2.5348692421547994,2.2305694733461205
6.358201502592807,2.6555293554455943,2.6840835782525727,2.3436530722155737
8.849840760990055,7.067891443488829,4.200525443531714,3.545015084355344
1.4282487329150118,7.176124253042363,2.1226948410413393,2.274671406742881
4.469233912297619,6.872589935080777,4.485615165704651,1.5265445898279337
2.4241666763373644,4.74041320178201,4.585373216538773,0.5465492416691159
7.258188256586827,1.9015390648128991,3.602477217608784,1.0634840830788446
1.9515210438802137,9.20052626063519,4.091430854832394,1.0725942786072429
6.983269827222201,5.569578676110144,3.4517901134179536,3.264317590215131
3.575627837181166,4.662749754199823,3.1010364549863665,1.7337268461513589
2.7902513236350224,6.299424039234639,4.8667110170009185,0.7421181420723332
9.427173020424869,2.7351139223719523,2.1306198569098567,5.679955819478547
1.1667211907136028,2.1929390119438694,1.6166037865724485,0.9790084855777307
4.939995447006121,4.649726993121492,2.149941452570061,4.969363161840204
1.194642932156144,3.0449862468991946,3.4585024335177805,0.3041216109163623
5.3523374329389615,3.198612650834481,1.7407337524045747,5.6498957620095505
5.5094264001497635,9.032603390006765,4.635256172905256,2.316177536068731
3.8949622425527233,5.776832594672424,2.644097602661571,3.2183855497814386
2.1894559977252133,5.3512215789101605,4.399851513167374,0.6052197829979958
4.387487839610278,7.205316343557376,1.9969461781152669,7.927500150300084
7.050366459393095,9.563933023090657,2.25267342033099,13.287759148907574
8.041562277800132,2.0097870802350766,1.2368935886899863,10.563937009550948
5.776755421493281,8.501811103983314,2.0310707687422958,11.905436429517934
6.3085095499578,6.256172618810613,2.9612552758532056,4.5007386302040935
2.8055473401218745,2.3154881843065356,4.7845476708929695,0.2837777875097639
3.585972999048845,3.674343868200925,2.5556118955659928,2.017423201338977
2.4570604904712257,5.341252748182655,3.5589755179333835,1.036117423130605
3.243658150041502,7.220594301196806,2.710840469875152,3.1871323659649184
3.023981022029786,3.18346315258107,1.187167403071765,6.830538790051888
5.675039077521138,5.813909339208308,3.0141305035868107,3.6317254318884307
6.0641988021165645,7.162044646742755,1.2636545868156834,27.199047662375243
9.50452678739354,5.0386667576275554,4.5347996983901435,2.328787799846198
2.7601358239137075,8.767233650081582,4.012147847803655,1.5032775711315396
6.7750813914534636,8.825131925563639,2.514605885009465,9.455747530890582
8.355333420887707,5.236220958764012,3.560874664765159,3.450391493566911
6.0421731740474725,9.756331393680096,1.4481126212533284,28.110918402936413
3.2950328725096814,1.6802658316490258,3.8102199478506034,0.381362209362467
3.362952070180002,1.0302614049064296,4.2909296359658775,0.18817647232082818
1.3532774776389993,4.4260143742352716,4.2869825941529385,0.32590890988025667
3.7489980389363353,6.409873552352583,2.1371101907626233,5.261515389776268
7.701433111030421,6.662801417046948,2.0549847811073065,12.150976961300252
1.4276598148639934,5.288011626644457,3.085590751610714,0.7929402956636835
2.973657542543476,2.1239498191658157,4.871088647719393,0.2661847296000721
7.3560924867860376,2.5344776960910482,4.682091910424341,0.850463707063434
8.04386406540589,8.669331854668084,2.438553927023927,11.726964815102285
5.097865690557356,8.811200185653352,4.119318024732177,2.6471150254400553
7.28266904630784,7.065086840746481,4.6852710563658295,2.3438976112167875
4.491569517894028,6.977961750509941,2.04370586287042,7.503949950489042
2.4392192052171477,6.379139152250268,4.32118259841176,0.8333120646997628
4.583345441706159,2.826332971317894,2.0715825076367063,3.018571347006959
6.2197103818282855,4.854256302339129,2.3731285035488425,5.361056129568087
9.532479536676012,7.263051863170408,1.7952827634030166,21.481237884405488
1.6187585687980959,5.835270448030048,3.028319196290854,1.03000603766746
5.5665468446046455,1.1672230064958926,4.373243577044965,0.33972880645682907
3.9602780038965193,9.582011260480884,3.112208549742049,3.917824408483266
5.574805248490251,8.603344473149292,1.4937600387723902,21.494895519170154
1.215779026388785,3.3449051269876406,2.00710372890868,1.0094825489268684
3.817228192314232,6.548130416496665,3.2514474691253556,2.3643510500014155
8.378813327743046,9.30915445355369,3.3327498222822407,7.022428450061615
5.985475604691738,1.8640991090228622,3.3076236141794793,1.0198481120700793
5.055242435345057,5.527265327170306,1.3080139700248639,16.33155492424064
3.5697256454380564,5.106187232616651,4.0147835705390165,1.1308559780414678
3.682382705122203,4.691845047551791,4.637712795956027,0.8032761684548709
4.44791290231526,8.520297480036325,3.0420757909195997,4.095160924985181
8.520136389681044,4.425815320277116,3.8753171470874515,2.5108764006783737
9.704918861274415,1.5729699991690684,4.656061968146204,0.7041656644449417
4.947898432153371,1.5925396794787225,3.5704910197920636,0.6180948824166913
4.540175548729857,1.384701458721481,3.6973028977242044,0.45989504756633126
8.618956982378766,4.6823087968663355,3.8856176535358182,2.672973405638252
4.842147885726733,7.46565649928524,2.0420098058162606,8.66942725022125
5.968163550660861,2.8335021573746393,3.3307114988673097,1.524369430190635
3.0784749813887,6.818216683883945,4.368700458177825,1.0997700571878786
7.691522822011677,7.183796248933337,2.1846509210430027,11.577165312348333
5.787894864437037,3.2968191161403815,4.588681998387441,0.9062329113659854
8.281310952163075,6.405018904545663,3.481527799062528,4.376024789445956
8.026594570258027,7.163815060241626,2.692699405732225,7.930488571896932
2.935042914430257,5.199522605219132,3.492731845601172,1.2509715655811617
7.440719955019862,4.030449375520856,2.6074396227563055,4.4110289525764665
8.200489671562343,6.572363964168946,4.352142407392698,2.8454777668796454
4.1149651670415555,9.800623785952512,2.9292743202703884,4.700020941368711
2.553482016120471,4.841572684320803,4.604853439017347,0.5830256141894402
1.0236894002162935,4.525615866566089,3.039232323391306,0.5015544590505865
5.058132877838333,5.1784021218350205,3.641473558549549,1.9752937267719246
4.171894583849574,1.685965541005434,4.990977684027403,0.28236493522426004
5.9941885044286805,5.97846951704251,1.5878633640341646,14.213274987980208
2.6923698332990718,3.9582764849553724,3.9469165949336227,0.6841084329300448
8.736989928998277,2.0927991009813622,1.5554889116637343,7.55710638500162
3.319796940652987,5.19631067005636,4.355465463057585,0.9093634191767248
3.0378664457888496,1.030455879165797,3.3858135246480465,0.2730687532674545
5.326426508359203,4.61606720646483,4.752638242425837,1.0885253458516586
5.489659213698468,1.9516174113380544,4.463826407779473,0.5376819717003735
2.9357670590658356,1.2186343305980225,1.2994881498752937,2.118606765395179
3.446746540533242,8.420275416200518,1.5492101667154436,12.09246860495781
2.5273471523972044,9.246239229543713,3.404683714427301,2.0159347868420734
7.4661416049085005,2.86907183523196,3.0732585597682993,2.267981172432719
7.930801281286737,5.853684374508352,1.6742605224537783,16.561523907422906
5.160956477133544,3.5016234141788645,1.5174369130865992,7.848349691864147
7.426783204165157,5.44219694804964,3.2559631337664525,3.8125543481038995
7.62341852743701,4.929681888047442,1.195686191899998,26.286588745020502
2.2444797491002775,3.421459495724371,4.494941211813757,0.3800835398896943
9.69560222351083,7.30354221671768,4.228331679210482,3.960684417159022
8.389287523867878,2.138418633882288,4.141479886844357,1.0459398171739416
2.8403511507624115,1.477655039542304,1.0639885881629643,3.70741458658085
2.675485321714632,7.909078897335513,1.1905637736509518,14.92873995424024
2.1309503102162446,6.9933702809861185,3.1993564846029146,1.4559101690158096
2.2454070628772653,5.486735117317582,4.977702755576711,0.49722294387167554
7.7334561912582656,5.210107934252874,2.369264803885407,7.17782960253895
5.226888312564612,5.476702415422836,2.377499265621376,5.064325144450493
8.046407554658805,4.933216684888055,1.5371118674479334,16.800463619099702
7.716294049151848,4.536030662480612,3.6973432149580057,2.5603846627876896
6.441514421546994,5.497215425975083,3.5867067559760226,2.7525739680669528
7.177299459208116,5.756636540437844,1.4052896655166363,20.921757878905794
1.165201519412276,7.227120826752588,2.8696491482734046,1.0226069831237128
3.805998821245198,7.400864446606203,3.668299635287897,2.093251899464251
6.7403996133346915,4.398661721261302,2.974064545287708,3.352010956951266
1.0841045813761978,4.721864704691399,3.697454327459022,0.3744372807364286
1.2967924931433408,4.363274527626007,4.265081589725959,0.31104866340783743
8.666991842233449,5.828821962631393,3.7432617324870705,3.60536127051716
7.156223755228646,5.080181841227757,3.4644569433220953,3.028955079318014
3.3883275980830954,9.006368168225743,4.414361027777973,1.566027526674419
7.1916655610683815,7.267251402248253,4.602354271479152,2.467400085284102
8.13211002225337,9.08790745379001,2.5555457487032167,11.316179338762938
3.7611485479909113,7.38223292403483,1.6929995508955438,9.687116986014873
1.324336397492687,9.738929336714326,4.271441616032202,0.7069042304132885
9.39501212218961,6.721631004297421,1.8550124291979326,18.351787191276358
4.106618544660675,9.671951243467491,4.715802678996343,1.7860236809219443
1.9583358695623574,2.423529013684835,1.0915117808876138,3.9836258971656116
5.426711842538326,1.4722991274646346,4.6850847304772145,0.3639970942901555
7.916210160977204,6.212126666834733,3.356731970448251,4.364397396968033
2.9948258315580323,9.851438852197974,4.0989684660515255,1.7559901763611445
3.4254104512002703,4.7584472257215715,2.593970348257618,2.422411172407792
3.1844348811872485,2.9083902597366365,4.96686516763552,0.3754225131519662
9.925057475485104,5.693873042741625,1.9102057102651617,15.487471914662903
2.776633603574883,6.839187621209997,2.057374650552699,4.486382773313649
6.179681952695116,3.8366082596430005,1.2057297761498917,16.308484645415163
9.327381774912679,7.432924226493335,4.761893452245753,3.0574552617033484
2.3220691199000134,9.776030563411531,2.8241172143947044,2.8462448484778045
9.737687780809303,9.072668095395551,3.699409658877397,6.455442495221871
9.52729510956062,3.6242683616097575,3.7497629098513627,2.4557397928606077
8.961147883524363,3.9405131483013847,4.4980083691307104,1.7453233824810588
2.9310086919700202,4.343871020046297,3.659701002585637,0.9506109615676457
6.70649550409885,4.550975005542808,3.2480847292167487,2.8929797167965723
7.848023256651161,1.9028754927395148,3.8412740967641743,1.0120921558242466
9.874251353767868,7.8576655500036034,4.003883196012506,4.839883623665203
2.6238143987323337,4.288053372496304,1.7437117849939279,3.7003592338297064
7.894233095673668,8.91837979034907,1.438668155907012,34.01532673929708
4.049210529344016,9.342465608080978,1.2993954019422524,22.40522006916871
2.580638190112021,1.219881783769193,2.4962139780901467,0.5052208259812927
4.792392470924694,9.896527629353857,2.992000959350981,5.297997655590432
8.144523209337548,7.390204583501661,3.4625995931594433,5.020160232296446
5.183648233336469,5.683530033936661,4.83213807875844,1.2617549291276162
5.837707901827437,4.50574847535298,2.323151280828025,4.873649830903637
9.95643469180109,5.666663193487416,4.043496208309097,3.450779182901232
4.591983696016834,3.921622515806,3.1254304783795397,1.843513994972824
6.538606792383159,6.604190323268934,1.8803597283476674,12.213015805181865
4.287197814538347,1.8368224880031212,3.4612217165150363,0.6573276040505874
4.535070816958345,6.590103426206292,4.868704713158815,1.2608093849991597
7.260766781008673,3.478103651245997,1.4972331970050896,11.265386903005174
9.44098278485395,1.1587134614711174,3.029119058196916,1.192231442819185
5.881230554430893,5.974351895465898,1.206433416602113,24.1408350222129
7.9155993605390185,6.2060298026742675,2.284865195585449,9.409715589718566
1.8028590293526743,4.839121042403824,3.482410710375965,0.7193964245540669
2.9004223368873427,1.6505760929528517,4.364227744123019,0.25135178851678325
5.519184768275792,9.040086575237723,3.921313686904284,3.244773246811832
1.1801055126589732,6.502877265051,2.8514271128618955,0.943847536802025
3.275694808863029,2.0414196961207263,4.636891028416587,0.3110154429885914
5.656611608424695,5.598375189347329,2.2108586600950826,6.4788272884143785
1.1346507843067064,5.4752888435362435,4.015933640900665,0.3852087971437232
3.3809165760343753,1.5436168191363429,2.89603608699065,0.6222515945988698
5.626277375282825,6.4617373324265275,4.594543018691103,1.7222087634643204
6.158343231831211,8.27493759029408,4.189731286615041,2.9030617768546647
9.331765237497748,7.741072488236304,4.605878645228381,3.405179080489849
6.80811060925547,2.82672472747765,1.8569913957682935,5.580721345843889
4.732622222769944,8.760632765987904,3.672601728464832,3.073899369119346
9.37316059419761,4.082879490934158,3.95385363232656,2.448000168554892
8.063946850490147,9.518575404627471,3.9696570611303748,4.8709495561575045
2.800080290014728,1.6457316780314235,3.01600180186935,0.5066013234588035
2.177581252139378,5.375878196678584,1.0450020893918102,10.719868833582094
7.082304721684596,6.374119394597942,2.0457231354762997,10.787010197891831
6.038948490192855,3.2288508862714425,2.2932035000175244,3.7078667836360406
8.1070625241348,7.9424216984820495,4.408146469127046,3.313633191177312
7.649245450708178,6.6420611182964535,4.363543268416882,2.668350594518826
6.626903804717635,1.1629849355916,1.418720416151133,3.829050716519885
9.87743954466003,6.475317316266122,4.79934352708503,2.776781848747881
5.802307570993678,5.4233041097660175,1.729829946605964,10.516176868527518
2.0179518085154786,2.764262815331569,2.6574378052036844,0.7898850680658313
8.454462083343895,9.961734043535767,1.8606278644430216,24.327746538485336
3.266680261111381,9.074459753448535,4.44132987531743,1.5028005482160731
7.9957193332952645,3.632569255261571,3.9976081274372475,1.8174857112213314
9.613963864000462,5.869638287187547,2.414115227551216,9.682730258267085
7.271159625679071,3.8485192591926167,3.7275145041042217,2.0139962573443526
6.36427144854821,7.979461764724703,1.7374675366861694,16.822436405769025
5.143475581075365,9.372982898768095,2.5291883695040065,7.536542540746735
4.279688793958629,4.229457462229452,2.508430353352433,2.8766879642926235
4.177042758746526,8.250258242292647,1.9517467268855913,9.04668657284359
6.727354351386316,5.485667884418843,4.505248198331531,1.8181778869132867
7.761458052439713,4.569207051804196,3.7153829419165048,2.5690762090309573
7.106653625359729,9.445796668888928,2.119757242255197,14.939342563919562
2.7856909107420647,5.593642198471283,1.9684830425161493,4.021279448023243
5.4458846212914205,5.206694502317184,1.0718138839969562,24.682649469071908
8.124760649647566,7.051909617661088,2.3863290151694185,10.061359560974779
5.281336703701506,3.35110780916456,3.107085133261273,1.8332679672730714
5.829609517619445,3.9231358370948417,2.1108437676335057,5.132874315033649
7.9402244335373995,9.388412526147604,3.80183310571908,5.1574953615917325
6.951387756385824,7.106768608932482,2.646998116045065,7.05076801310307
4.684104287941533,8.43973432993905,2.2652713480426714,7.703975053623249
9.05871440074797,3.4400058574188668,4.756230635161325,1.3775264225684603
2.4631036179713073,5.894111709368849,2.0512035091525562,3.450512008286346
9.959648037312922,9.742566402905483,2.5930304803866253,14.43118925200458
2.0696732062861347,3.8683350912539582,2.5291631540830877,1.251619072485486
1.1345497399381501,2.444288286853377,1.9647933826849933,0.7183600857889259
9.010170110338882,5.597974074021976,1.8699069592416668,14.425267565794984
3.204581575293605,4.490389798523886,2.2095200752536144,2.9475383903630115
7.567296647020488,2.436195095080422,4.456944679724724,0.9280648759816995
8.299138374388624,8.996962444330311,4.068331548917162,4.511243157232208
8.730877519289052,9.916515194984001,3.723998056640209,6.243068298860525
9.9243481209775,6.1172396262099795,2.8284119705699737,7.588783267048985
3.6463573903599915,7.972090915361086,3.031015938530414,3.16413522472649
7.392190077345332,8.731345325916696,2.0685553819738414,15.084120208048219
2.038598724527454,7.308838054196443,1.2972636553436705,8.853675195353873
4.661283622211645,1.397404442005581,2.324162226881929,1.205854119061079
8.631745239813313,2.4187080854513603,2.9823350239694646,2.3473033183317407
4.308922414531975,1.6389027203624782,1.2292521860773298,4.673474440508265
6.319858424820526,1.088916459778509,1.3529332082284258,3.7596654238568377
5.533960993521706,3.753967678815129,2.052100931538269,4.933205280635894
6.813563780008406,4.531203644334038,2.4683214943710463,5.067391473546336
9.756049504489255,3.1692675910233317,2.573267244474821,4.669421957932975
1.501619738512619,1.5814418327768884,1.4715442651520205,1.0966461795946425
6.165653657514667,5.768767817530098,1.9032854181391552,9.81870799929686
8.767259013252563,3.4598738796142747,2.046589008254435,7.242071873767069
5.332444405735847,8.16433439377206,1.2705395048049848,26.96936831244596
1.7067446734741554,1.0724735946275308,2.304398802358789,0.3446988882483362
6.044854171750938,8.582743461588493,1.288886291022029,31.230774247639935
3.988665017414384,9.592783110513613,3.8138313724386803,2.630566079605206
2.394476068041423,7.445215568382126,2.5441910662292417,2.754154701422381
8.641310619551257,7.602796587363099,2.307009557513499,12.343951314461695
5.694395616920095,9.402060804424599,1.5060886860144276,23.603130076980285
9.3994877114116,2.8816415677031424,1.9060146217795833,7.45575603526453
8.254148541427622,9.95109011387719,1.9308208357564944,22.03225684676016
7.236746143963006,7.961330830406877,4.9408168594932125,2.3601059355409078
1.0452295302878074,7.539136374950143,4.341397518033974,0.41809421954413417
4.8504111097442495,4.249815210957634,1.0610491665337265,18.309546156665046
2.777376534868291,5.9119973686504945,3.467346363073919,1.3657604765074445
9.19718119943981,6.885260094460123,2.023640385687695,15.463522032300004
2.5712558620872423,6.583085751854943,1.417507715278337,8.424108356116776
3.5745404649335697,7.344861746298227,3.822399052479019,1.7969326245733528
5.651530909610493,1.7414356517056957,1.526422197873397,4.2240027508613185
3.3702725709827135,4.200835895485271,2.7749631181189427,1.838596002484408
2.8887820955120906,4.906000149359294,3.528660659359697,1.1382104003322746
6.391893925924772,3.345663680874698,3.2179790246199547,2.0651206201904775
1.8003657047952148,2.553645432423014,4.910516393210972,0.1906632525211245
1.5235098284883226,2.2503473192157655,4.14297045249009,0.19974280335634298
4.350207656674643,4.297450530309266,4.096773504509959,1.11387630718646
7.485980090570761,5.440975305063093,2.422381576324125,6.941291979392196
5.993260824465532,1.5667879613199465,1.0335819683365668,8.789892347093817
4.8058882162010095,9.518122851314946,3.9376437186827533,2.9502045908172296
6.091764078021241,7.887189905746825,4.99892833718269,1.9227001119360712
4.289063361879462,7.577665958669199,2.6235164309744623,4.722047394226225
9.425317018889016,2.5557447248985428,4.942073995828469,0.9862680224794242
1.494144018196969,6.4342069121097,1.5668324381373857,3.9159972217370904
7.060523311268517,5.767524521278007,2.1860494065468696,8.521310581748194
9.021543983449755,9.842219612080244,1.6829077269698827,31.35113825339093
8.234962378617281,7.729045930721422,2.900703891707263,7.564508450000765
2.6563693133930206,6.18185695344608,4.187925606028882,0.9362880692238406
3.663337140822595,8.6573139982311,2.3626467661518156,5.681492875000044
7.453431448363943,2.3958484377463853,4.624915748607486,0.8348490380496584
1.7584350326268898,1.1369487672187948,3.1793216533191404,0.1977872475476078
8.306755298493258,7.212100000730709,2.861697654967509,7.3155277454164205
7.470162501443113,1.8848031421351372,4.148143368781105,0.8182547407143483
7.566459843118083,2.0389027598515828,1.4057739881671383,7.806533705008387
1.9021723324083224,7.702126537820774,4.095009884842699,0.8736763926803327
7.459844903346077,3.4348135972059017,1.9718080006913068,6.590277814567238
7.11836312697973,6.657680940120036,2.1232501887329502,10.51237329769758
8.478302417396655,9.256662334834736,3.3978150932803195,6.797728939799613
1.3743636063082256,3.848270784740725,4.6077377001848205,0.24911035065844322
1.2079960162101298,2.954297420559269,3.3136277990834593,0.32502163250561594
4.357063898907047,1.9590659536694655,3.595797395177948,0.6601650969360867
2.339094554642376,2.174161252777535,4.106378358421097,0.3015932412345737
6.025460298131997,1.5600042584095846,2.037299035969947,2.264677961028581
9.25614011356074,1.7887814094676613,4.30893469121657,0.8917587293776924
4.523317573006142,4.888041299282385,2.671840596268599,3.0972114619668205
8.604553395453436,3.8877854052157277,1.70262277396465,11.539679386924421
1.0021678706607982,7.359047328906982,2.4004723178444998,1.2798782745334225
2.516631791132658,8.832174924223017,1.9845244468729013,5.64383662889616
1.2738118568867707,8.06295882828146,1.9148544205425835,2.80109737025991
3.9533246246356177,5.7757353099908695,2.1302527948766645,5.0316158008097185
9.173706361268525,1.9219790460938808,1.723723258968358,5.934148357812238
1.8725691123908899,7.387905555473981,3.6708070283305716,1.0266823153175886
6.457687990694203,4.265458522541862,3.3199670281404687,2.4990516945818264
5.0634634520749975,1.7708535452386918,3.593767571933714,0.69427312423835
9.446213911292313,8.58219766491363,2.3748988953126418,14.373615993725274
2.1026722828338444,4.04394865464255,4.078933610296177,0.5110741903865127
2.9082506545200606,2.964239492604142,1.518434963816659,3.7389764769157687
1.2658777175034395,8.84306858156959,3.2845468378454408,1.037633130458023
4.905417246682363,9.119204816023045,2.1018118889858957,10.126170487633207
3.5004960960818887,4.050737534724039,3.1104396027904455,1.4656158607592125
8.829153405012889,4.193212773532361,2.2945487009609566,7.031879225926684
6.444467318779796,6.216656748248297,4.162047060365181,2.3127566650001037
6.526816641781315,7.600973444295923,4.565087355352379,2.380523333042485
5.787196271931722,1.568342817161771,3.970324893486525,0.5757807186528414
1.826653035062809,6.340092914696245,1.7023348513969871,3.9963333245535204
5.0051681535281975,9.575380556052234,2.0994675935534493,10.873174675241946
9.995546707376649,3.358845074619583,4.677432262073664,1.5345516548125497
8.517063617614134,9.179444926872405,2.748880510632805,10.3465268094988
9.041131487504042,9.551515066867843,4.764721637397067,3.803820225840847
8.409037233218495,3.4223827687398076,2.569806755449067,4.35786651341606
1.927375240878844,7.7878167929681545,4.807098642362655,0.6495550057459339
3.0470342865831967,3.14897507487604,4.702955950933324,0.43381517737719605
1.0280948622076866,7.638500455589194,3.642107559946465,0.5920191607435294
3.7315911239030033,8.176779741599432,1.0353081938460114,28.46669500184435
1.9774666211184333,3.224851333395845,2.6013387279037476,0.9423777997284182
5.255140107714247,7.442825892249115,4.644940518782383,1.8128498924245604
7.094147397165117,8.308940849776809,4.540441156432459,2.8592344752217866
8.870547655342694,4.227209848962206,1.7495512003844547,12.250418575632676
7.742954485818084,2.5093249839075424,2.5967299838764104,2.881442992228461
9.447270362006547,1.8276811058576221,4.342039711517886,0.9158391067628547
1.4850846135440992,6.178435332489477,3.3115114130002175,0.8367143003921438
1.109618518748873,9.80288307384142,4.3891969337848025,0.5646214648784316
6.9520430245259135,8.406552880199946,4.306269537794252,3.151577425700134
3.6041716920002163,4.922556750410975,4.629928027809932,0.827651912671837
3.2815091449519582,5.829588125694627,1.4688823527783268,8.866198788036694
3.9779837892441483,3.5157509687063704,1.5808605658140626,5.596209722287529
3.4281645210312774,2.467592806240572,1.33123611587621,4.773368565520209
5.602927656714286,5.33873042409046,4.741075364381727,1.330758623437982
4.961336025017193,5.171514095504667,2.9006495375115726,3.0494803256287204
5.611856962389907,5.697369575233842,1.2573011339297926,20.22564455003317
7.054422503503925,9.575241270075466,2.286119610056165,12.924486424467654
4.484174580740335,6.43505770130295,2.4056505645198674,4.986202023605606
3.261769184279411,6.451946529601364,4.238239293907029,1.1715829361494297
2.495804831278709,2.152222865749691,3.9419075686836917,0.34568854532704907
4.14526707579363,9.968399795591385,3.757548198250276,2.9266369037040803
7.676258277215548,7.955604498112017,1.087454210365515,51.64173266538416
7.810344191003226,8.894830096846043,4.642783185705515,3.2229311210972873
7.002148480157892,4.728703706478947,1.8622210676629662,9.547967831742563
3.1062535777618714,5.519152862070624,3.516245618770711,1.3865991222454999
6.29277621269228,5.698754282460488,1.2472761720456766,23.05138199269337
6.136206954191632,2.7468508536064467,1.326104367488218,9.584725219852732
5.35839578298753,7.205402406942614,1.0383091845204886,35.81291215112514
5.949810877454778,9.12679051255711,3.2637105781813225,5.097978099195499
5.426115693613013,2.473352363245771,3.517518678467619,1.0846814596522978
6.089107294666974,1.7768644613754805,1.201849212932915,7.490450893291561
7.439553591590159,7.64397014986308,2.1619395390561555,12.166867275228322
1.9866537496309578,3.458816485056839,4.405817656712067,0.3539946213585667
7.746631769341214,6.614762874555964,1.4052334672916564,25.94957347445268
2.2229753511483477,7.261825041929626,1.866188658213325,4.635209171080324
1.5996519856933724,3.897196872236396,2.6975648338897082,0.8567104649324654
9.784717175993208,8.33630137683206,4.369096410532464,4.273054457933376
9.612925919833973,5.9499008390279515,2.019396217900817,14.025625749130278
1.5439289044650764,8.820994671566226,4.988548061453368,0.5472635661973714
4.98928097327466,7.869641973030527,2.4210472525541133,6.6986364014969135
2.6762044446979725,8.817180688337084,2.5457946339344923,3.6408458772125827
5.3681040742097625,1.1814524390610468,1.4884248169231773,2.8627496174524296
8.471595186996286,3.1915563466473524,3.720791603426123,1.9529765036974873
9.555505972686012,1.8100714640134477,1.9738607311379264,4.439319431654335
6.708273881063836,4.978747154704143,3.5154703811801853,2.7024892192488066
4.185151004906354,9.009641094537864,1.8926309136117063,10.526567131760777
6.429930090801386,5.207862360401823,2.551489068905872,5.1437319033075815
3.808011754976053,8.647417401223546,4.42668836781767,1.680454677888378
9.188412767488543,3.944604142173861,3.95562364589628,2.31640233656146
8.833604167952533,4.056130655247272,1.6183635997748937,13.680364447236746
6.024085752516949,9.060055572941899,3.4308326694964055,4.636848785456714
3.9231902384232447,4.832354318605314,3.5145626066952373,1.5348133568463693
3.640507080246805,8.107889390151996,1.3622738940074441,15.905261990513173
1.3007619523455352,3.1297919309371123,2.863222617343743,0.4965958201075353
8.342387659227658,9.53920746709872,2.0426735826704316,19.072372342446396
5.053448917351072,6.17120421877514,2.868520571053932,3.7900231354362073
3.9261963556023796,7.833912117205617,4.1082839652915,1.822341652893868
5.239993194979785,1.8056412981539696,1.6330382392412788,3.547884667713689
8.368641914091867,5.433978032474759,1.4932168223521751,20.39515995122483
2.1215278693676907,9.10934647960621,2.0772659804230917,4.478697650311643
8.718903894176446,8.89334766138974,4.809101801386333,3.3527349350450892
9.077579515975186,1.421325615108048,3.9912968447398653,0.8099078106387061
9.520371235304994,3.7332862221605203,1.0778234512581863,30.594961678570513
4.57739193180365,4.989880058311721,2.6040193699335066,3.368369960463189
2.954263636339047,2.550383329202094,2.029591916321541,1.829099204358564
